編號,韓文,羅馬拼音,中文,英文,漢語拼音,IPA音標,類別,詞性
1,애칭,aeching,愛稱,Hanja word: 愛稱 (àichēng),àichēng,ɛ.ʨʰiŋ.,Hanja,名詞
2,애도,aedo,哀悼,Hanja word: 哀悼 (āidào),āidào,ɛ.do.,Hanja,名詞
3,애무,aemu,愛撫,Hanja word: 愛撫 (àifǔ),àifǔ,ɛ.mu.,Hanja,名詞
4,애가,aega,哀歌,Hanja word: 哀歌 (āigē),āigē,ɛ.ɡa.,Hanja,名詞
5,애고,aego,愛顧,Hanja word: 愛顧 (àigù),àigù,ɛ.ɡo.,Hanja,名詞
6,애국자,aegukja,愛國者,Hanja word: 愛國者 (àiguózhě),àiguózhě,ɛ.ɡuk̚.ʨ͈a.,Hanja,名詞
7,애호,aeho,愛好,Hanja word: 愛好 (àihào),àihào,ɛ.ɦo.,Hanja,名詞
8,애로,aero,隘路,Hanja word: 隘路 (àilù),àilù,ɛ.ɾo.,Hanja,名詞
9,애모,aemo,愛慕,Hanja word: 愛慕 (àimù),àimù,ɛ.mo.,Hanja,名詞
10,애정,aejeong,愛情,"Love for a person, affection",àiqíng,ɛ.ʥʌŋ.,Hanja,名詞
11,애인,aein,愛人,A lover,àirén,ɛ.in.,Hanja,名詞
12,애원,aewon,哀願,Hanja word: 哀願 (āiyuàn),āiyuàn,ɛ.u̯ʌn.,Hanja,名詞
13,애착,aechak,愛着,Hanja word: 愛着 (àizhe·),àizhe·,ɛ.ʨʰak̚.,Hanja,名詞
14,안정,anjeong,安定,Stability,āndìng,an.ʥʌŋ.,Hanja,名詞
15,안동,andong,安東,"간고등어 fish common in this city, ANDONG",āndōng,an.doŋ.,Hanja,專有名詞
16,안부,anbu,安否,"safety,welfare",ānfǒu,am.bu.,Hanja,名詞
17,암호,amho,暗號,Hanja word: 暗號 (ànhào),ànhào,am.ho.,Hanja,名詞
18,암초,amcho,暗礁,Hanja word: 暗礁 (ànjīao),ànjīao,am.ʨʰo.,Hanja,名詞
19,안정,anjeong,安靜,Stability,ānjìng,an.ʥʌŋ.,Hanja,名詞
20,안주,anju,按酒,Appetizers for alcohol,ànjiǔ,an.ʥu.,Hanja,名詞
21,안락,anrak,安樂,Hanja word: 安樂 (ānlè),ānlè,al.lak̚.,Hanja,名詞
22,암류,amryu,暗流,Hanja word: 暗流 (ànliú),ànliú,am.nju.,Hanja,名詞
23,안마,anma,按摩,Hanja word: 按摩 (ànmó),ànmó,am.ma.,Hanja,名詞
24,안내,annae,案內,"Guidance, conducting",ànnèi,an.nɛ.,Hanja,名詞
25,안녕,annyeong,安寧,hello/goodbye,ānníng,an.njʌŋ.,Hanja,名詞
26,암거,amgeo,暗渠,Hanja word: 暗渠 (ànqú),ànqú,am.ɡʌ.,Hanja,名詞
27,안전,anjeon,安全,Safety,ānquán,an.ʥʌn.,Hanja,名詞
28,안전벨트,anjeonbelteu,安全belt,Hanja word: 安全belt (ānquánbelt),ānquánbelt,an.ʥʌm.bel.tʰɯ.,Hanja,名詞
29,암살,amsal,暗殺,Hanja word: 暗殺 (ànshā),ànshā,am.sal.,Hanja,名詞
30,암살자,amsalja,暗殺者,Hanja word: 暗殺者 (ànshāzhě),ànshāzhě,am.sal.ʨ͈a.,Hanja,名詞
31,암시,amsi,暗示,"A hint, suggestion",ànshì,am.ɕʰi.,Hanja,名詞
32,암송,amsong,暗誦,Hanja word: 暗誦 (ànsòng),ànsòng,am.soŋ.,Hanja,名詞
33,암산,amsan,暗算,Hanja word: 暗算 (ànsuàn),ànsuàn,am.san.,Hanja,名詞
34,안심,ansim,安心,Hanja word: 安心 (ānxīn),ānxīn,an.ɕʰim.,Hanja,名詞
35,안식향,ansikhyang,安息香,Hanja word: 安息香 (ānxíxiāng),ānxíxiāng,an.ɕʰi.kʰjaŋ.,Hanja,名詞
36,암영,amyeong,暗影,Hanja word: 暗影 (ànyǐng),ànyǐng,am.jʌŋ.,Hanja,名詞
37,오지,oji,奧地,Hanja word: 奧地 (àodì),àodì,o.ʥi.,Hanja,名詞
38,오만,oman,傲慢,Hanja word: 傲慢 (àomàn),àomàn,o.man.,Hanja,名詞
39,요면,yomyeon,凹面,Hanja word: 凹面 (āomiàn),āomiàn,jo.mjʌn.,Hanja,名詞
40,아편,apyeon,阿片,Hanja word: 阿片 (āpiàn),āpiàn,a.pʰjʌn.,Hanja,名詞
41,팔변형,palbyeonhyeong,八邊形,Hanja word: 八邊形 (bābiānxíng),bābiānxíng,pʰal.p͈jʌn.hjʌŋ.,Hanja,名詞
42,발췌,balchwe,拔萃,Hanja word: 拔萃 (bácuì),bácuì,pal.ʨʰu̯e.,Hanja,名詞
43,팔방미인,palbangmiin,八方美人,Hanja word: 八方美人 (bāfāngměirén),bāfāngměirén,pʰal.p͈aŋ.mi.in.,Hanja,名詞
44,백합,baekhap,百合,Hanja word: 百合 (bǎihé),bǎihé,pɛ.kʰap̚.,Hanja,名詞
45,백화점,baekhwajeom,百貨店,Department store,bǎihuòdiàn,pɛ.kʰu̯a.ʥʌm.,Hanja,名詞
46,백제,baekje,百濟,Historical Korean government,bǎijì,pɛk̚.ʨ͈e.,Hanja,專有名詞
47,백조,baekjo,白鳥,Hanja word: 白鳥 (báiniǎo),báiniǎo,pɛk̚.ʨ͈o.,Hanja,名詞
48,백포도주,baekpodoju,白葡萄酒,Hanja word: 白葡萄酒 (báipútáojiǔ),báipútáojiǔ,pɛk̚.pʰo.do.ʥu.,Hanja,名詞
49,백열,baekyeol,白熱,Hanja word: 白熱 (báirè),báirè,pɛɡ.jʌl.,Hanja,名詞
50,백인,baekin,白人,Caucasian,báirén,pɛɡ.in.,Hanja,名詞
51,백일홍,baekilhong,百日紅,Hanja word: 百日紅 (bǎirìhóng),bǎirìhóng,pɛɡ.iɾ.ɦoŋ.,Hanja,名詞
52,백일해,baekilhae,百日咳,Hanja word: 百日咳 (bǎirìké),bǎirìké,pɛɡ.iɾ.ɦɛ.,Hanja,名詞
53,백색,baeksaek,白色,White,báisè,pɛk̚.s͈ɛk̚.,Hanja,名詞
54,백사,baeksa,百四,Hanja word: 百四 (bǎisì),bǎisì,pɛk̚.s͈a.,Hanja,名詞
55,백철광,baekcheolgwang,白鐵鑛,Hanja word: 白鐵鑛 (báitiěkuàng),báitiěkuàng,pɛk̚.ʨʰʌl.k͈u̯aŋ.,Hanja,名詞
56,백두산,baekdusan,白頭山,Korean mountain,báitóushān,pɛk̚.t͈u.sʰan.,Hanja,專有名詞
57,백만,baekman,百萬,Hanja word: 百萬 (bǎiwàn),bǎiwàn,pɛŋ.man.,Hanja,名詞
58,백혈구,baekhyeolgu,白血球,Hanja word: 白血球 (báixiěqiú),báixiěqiú,pɛ.kʰjʌl.k͈u.,Hanja,名詞
59,패혈증,paehyeoljeung,敗血症,Hanja word: 敗血症 (bàixiězhèng),bàixiězhèng,pʰɛ.hjʌl.ʨ͈ɯŋ.,Hanja,名詞
60,백성,baekseong,百姓,The common people,bǎixìng,pɛk̚.s͈ʌŋ.,Hanja,名詞
61,백선,baekseon,白癬,Hanja word: 白癬 (báixuǎn),báixuǎn,pɛk̚.s͈ʌn.,Hanja,名詞
62,백야,baekya,白夜,Hanja word: 白夜 (báiyè),báiyè,pɛɡ.ja.,Hanja,名詞
63,백운석,baekunseok,白雲石,Hanja word: 白雲石 (báiyúnshí),báiyúnshí,pɛɡ.un.sʌk̚.,Hanja,名詞
64,백지,baekji,白紙,Hanja word: 白紙 (báizhǐ),báizhǐ,pɛk̚.ʨ͈i.,Hanja,名詞
65,반도,bando,半島,Hanja word: 半島 (bàndǎo),bàndǎo,pan.do.,Hanja,名詞
66,반점,banjeom,斑點,Hanja word: 斑點 (bāndiǎn),bāndiǎn,pan.ʥʌm.,Hanja,名詞
67,방관자,banggwanja,傍觀者,Hanja word: 傍觀者 (bàngguānzhě),bàngguānzhě,paŋ.ɡu̯an.ʥa.,Hanja,名詞
68,반감,bangam,半減,Hanja word: 半減 (bànjiǎn),bànjiǎn,paŋ.ɡam.,Hanja,名詞
69,판금,pangeum,板金,Hanja word: 板金 (bǎnjīn),bǎnjīn,pʰaŋ.ɡɯm.,Hanja,名詞
70,반경,bangyeong,半徑,Hanja word: 半徑 (bànjìng),bànjìng,paŋ.ɡjʌŋ.,Hanja,名詞
71,반려,banryeo,伴侶,Hanja word: 伴侶 (bànlǚ),bànlǚ,pal.ljʌ.,Hanja,名詞
72,반구,bangu,半球,Hanja word: 半球 (bànqiú),bànqiú,paŋ.ɡu.,Hanja,名詞
73,판권,pangwon,版權,Hanja word: 版權 (bǎnquán),bǎnquán,pʰaŋ.ɡu̯ʌn.,Hanja,名詞
74,반입,banip,搬入,Hanja word: 搬入 (bānrù),bānrù,pan.ip̚.,Hanja,名詞
75,반신,bansin,半神,Hanja word: 半神 (bànshén),bànshén,pan.ɕʰin.,Hanja,名詞
76,판도,pando,版圖,Hanja word: 版圖 (bǎntú),bǎntú,pʰan.do.,Hanja,名詞
77,반장,banjang,班長,Squad leader,bānzhǎng,pan.ʥaŋ.,Hanja,名詞
78,반지,banji,半指,Ring,bànzhǐ,pan.ʥi.,Hanja,名詞
79,판지,panji,板紙,Hanja word: 板紙 (bǎnzhǐ),bǎnzhǐ,pʰan.ʥi.,Hanja,名詞
80,반지,banji,班指,Ring,bānzhǐ,pan.ʥi.,Hanja,名詞
81,반주,banju,伴奏,Hanja word: 伴奏 (bànzòu),bànzòu,pan.ʥu.,Hanja,名詞
82,보안,boan,保安,Preservation of the public peace,bǎoān,po.an.,Hanja,名詞
83,보수,bosu,報酬,Conservation,bàochóu,po.sʰu.,Hanja,名詞
84,보존,bojon,保存,Preservation,bǎocún,po.ʥon.,Hanja,名詞
85,보도,bodo,報道,"news, report",bàodào,po.do.,Hanja,名詞
86,폭동,pokdong,暴動,Hanja word: 暴動 (bàodòng),bàodòng,pʰok̚.t͈oŋ.,Hanja,名詞
87,폭발,pokbal,爆發,Hanja word: 爆發 (bàofā),bàofā,pʰok̚.p͈al.,Hanja,名詞
88,폭풍,pokpung,暴風,Hanja word: 暴風 (bàofēng),bàofēng,pʰok̚.pʰuŋ.,Hanja,名詞
89,폭풍우,pokpungu,暴風雨,Hanja word: 暴風雨 (bàofēngyǔ),bàofēngyǔ,pʰok̚.pʰuŋ.u.,Hanja,名詞
90,보복,bobok,報復,Hanja word: 報復 (bàofù),bàofù,po.bok̚.,Hanja,名詞
91,포부,pobu,抱負,Hanja word: 抱負 (bàofù),bàofù,pʰo.bu.,Hanja,名詞
92,보고,bogo,報告,"report,information",bàogào,po.ɡo.,Hanja,名詞
93,보고서,bogoseo,報告書,Report,bàogàoshū,po.ɡo.sʰʌ.,Hanja,名詞
94,포괄,pogwal,包括,Hanja word: 包括 (bāoguā),bāoguā,pʰo.ɡu̯al.,Hanja,名詞
95,포괄적,pogwaljeok,包括的,Hanja word: 包括的 (bāoguāde·),bāoguāde·,pʰo.ɡu̯al.ʨ͈ʌk̚.,Hanja,名詞
96,보관,bogwan,保管,"custody,deposit",bǎoguǎn,po.ɡu̯an.,Hanja,名詞
97,포함,poham,包含,"inclusion,comprehension",bāohán,pʰo.ɦam.,Hanja,名詞
98,보호,boho,保護,"protection,shelter",bǎohù,po.ɦo.,Hanja,名詞
99,보호자,bohoja,保護者,Hanja word: 保護者 (bǎohùzhě),bǎohùzhě,po.ɦo.ʥa.,Hanja,名詞
100,포경,pogyeong,包莖,Hanja word: 包莖 (bāojīng),bāojīng,pʰo.ɡjʌŋ.,Hanja,名詞
101,폭군,pokgun,暴君,Hanja word: 暴君 (bàojūn),bàojūn,pʰok̚.k͈un.,Hanja,名詞
102,보균자,bogyunja,保菌者,Hanja word: 保菌者 (bǎojùnzhě),bǎojùnzhě,po.ɡjun.ʥa.,Hanja,名詞
103,보루,boru,堡壘,Hanja word: 堡壘 (bǎolěi),bǎolěi,po.ɾu.,Hanja,名詞
104,폭력,pokryeok,暴力,"voilent,brute force",bàolì,pʰoŋ.njʌk̚.,Hanja,名詞
105,보류,boryu,保留,Hanja word: 保留 (bǎoliú),bǎoliú,po.ɾju.,Hanja,名詞
106,폭로,pokro,暴露,Hanja word: 暴露 (bàolù),bàolù,pʰoŋ.no.,Hanja,名詞
107,포만,poman,飽滿,Hanja word: 飽滿 (bǎomǎn),bǎomǎn,pʰo.man.,Hanja,名詞
108,보전,bojeon,保全,"ingegrity,preservation",bǎoquán,po.ʥʌn.,Hanja,名詞
109,포상,posang,褒賞,Hanja word: 褒賞 (bāoshǎng),bāoshǎng,pʰo.sʰaŋ.,Hanja,名詞
110,보석,boseok,保釋,Hanja word: 保釋 (bǎoshì),bǎoshì,po.sʰʌk̚.,Hanja,名詞
111,보수,bosu,保守,Conservation,bǎoshǒu,po.sʰu.,Hanja,名詞
112,보수적,bosujeok,保守的,Conservative,bǎoshǒude·,po.sʰu.ʥʌk̚.,Hanja,名詞
113,폭탄,poktan,爆彈,Hanja word: 爆彈 (bàotán),bàotán,pʰok̚.tʰan.,Hanja,名詞
114,폭도,pokdo,暴徒,Hanja word: 暴徒 (bàotú),bàotú,pʰok̚.t͈o.,Hanja,名詞
115,포위,powi,包圍,Hanja word: 包圍 (bāowéi),bāowéi,pʰo.ɥi.,Hanja,名詞
116,보물,bomul,寶物,Hanja word: 寶物 (bǎowù),bǎowù,po.mul.,Hanja,名詞
117,보험,boheom,保險,"guarantee,insurance",bǎoxiǎn,po.ɦʌm.,Hanja,名詞
118,보험비,boheombi,保險費,Hanja word: 保險費 (bǎoxiǎnfèi),bǎoxiǎnfèi,po.ɦʌm.bi.,Hanja,名詞
119,폭행,pokhaeng,暴行,Hanja word: 暴行 (bàoxíng),bàoxíng,pʰo.kʰɛŋ.,Hanja,名詞
120,보안경,boangyeong,保眼鏡,Hanja word: 保眼鏡 (bǎoyǎnjìng),bǎoyǎnjìng,po.aŋ.ɡjʌŋ.,Hanja,名詞
121,폭약,pokyak,爆藥,Hanja word: 爆藥 (bàoyào),bàoyào,pʰoɡ.jak̚.,Hanja,名詞
122,포옹,poong,抱擁,Hanja word: 抱擁 (bàoyǒng),bàoyǒng,pʰo.oŋ.,Hanja,名詞
123,보유,boyu,保有,Hanja word: 保有 (bǎoyǒu),bǎoyǒu,po.ju.,Hanja,名詞
124,보육,boyuk,保育,Hanja word: 保育 (bǎoyù),bǎoyù,po.juk̚.,Hanja,名詞
125,보장,bojang,保障,"guarantee,security",bǎozhàng,po.ʥaŋ.,Hanja,名詞
126,폭정,pokjeong,暴政,Hanja word: 暴政 (bàozhèng),bàozhèng,pʰok̚.ʨ͈ʌŋ.,Hanja,名詞
127,보증,bojeung,保證,Hanja word: 保證 (bǎozhèng),bǎozhèng,po.ʥɯŋ.,Hanja,名詞
128,폭죽,pokjuk,爆竹,Hanja word: 爆竹 (bàozhú),bàozhú,pʰok̚.ʨ͈uk̚.,Hanja,名詞
129,포장,pojang,包裝,"packing,wrapping",bāozhuāng,pʰo.ʥaŋ.,Hanja,名詞
130,패기,paegi,霸氣,Hanja word: 霸氣 (bàqì),bàqì,pʰɛ.ɡi.,Hanja,名詞
131,팔천,palcheon,八千,Hanja word: 八千 (bāqiān),bāqiān,pʰal.ʨʰʌn.,Hanja,名詞
132,패권,paegwon,霸權,Hanja word: 霸權 (bàquán),bàquán,pʰɛ.ɡu̯ʌn.,Hanja,名詞
133,팔십,palsip,八十,80,bāshí,pʰal.ɕʰip̚.,Hanja,數詞
134,파악,paak,把握,Hanja word: 把握 (bǎwò),bǎwò,pʰa.ak̚.,Hanja,名詞
135,파업,paeop,罷業,Hanja word: 罷業 (bàyè),bàyè,pʰa.ʌp̚.,Hanja,名詞
136,팔월,palwol,八月,August,bāyuè,pʰaɾ.u̯ʌl.,Hanja,名詞
137,북빙양,bukbingyang,北氷洋,Hanja word: 北氷洋 (běibīngyáng),běibīngyáng,puk̚.p͈iŋ.jaŋ.,Hanja,名詞
138,북부,bukbu,北部,The north part,běibù,puk̚.p͈u.,Hanja,名詞
139,비참,bicham,悲慘,Hanja word: 悲慘 (bēicǎn),bēicǎn,pi.ʨʰam.,Hanja,名詞
140,북두칠성,bukduchilseong,北斗七星,Hanja word: 北斗七星 (běidǒuqīxīng),běidǒuqīxīng,puk̚.t͈u.ʨʰil.s͈ʌŋ.,Hanja,名詞
141,북유럽,bukyureop,北Europe,Hanja word: 北Europe (běiEurope),běiEurope,puɡ.ju.ɾʌp̚.,Hanja,名詞
142,북방,bukbang,北方,Hanja word: 北方 (běifāng),běifāng,puk̚.p͈aŋ.,Hanja,名詞
143,피고,pigo,被告,Hanja word: 被告 (bèigào),bèigào,pʰi.ɡo.,Hanja,名詞
144,비관,bigwan,悲觀,Hanja word: 悲觀 (bēiguān),bēiguān,pi.ɡu̯an.,Hanja,名詞
145,피해,pihae,被害,Damage,bèihài,pʰi.ɦɛ.,Hanja,名詞
146,피해자,pihaeja,被害者,"A sufferer, the injured party",bèihàizhě,pʰi.ɦɛ.ʥa.,Hanja,名詞
147,북한,bukhan,北韓,North korea,běihán,pu.kʰan.,Hanja,專有名詞
148,배후,baehu,背後,Hanja word: 背後 (bèihòu),bèihòu,pɛ.ɦu.,Hanja,名詞
149,배가,baega,倍加,Hanja word: 倍加 (bèijiā),bèijiā,pɛ.ɡa.,Hanja,名詞
150,피감수,pigamsu,被減數,Hanja word: 被減數 (bèijiǎnshǔ),bèijiǎnshǔ,pʰi.ɡam.su.,Hanja,名詞
151,배경,baegyeong,背景,Background,bèijǐng,pɛ.ɡjʌŋ.,Hanja,名詞
152,북경,bukgyeong,北京,Hanja word: 北京 (běijīng),běijīng,puk̚.k͈jʌŋ.,Hanja,名詞
153,비극,bigeuk,悲劇,A tragedy,bēijù,pi.ɡɯk̚.,Hanja,名詞
154,비극적,bigeukjeok,悲劇的,Hanja word: 悲劇的 (bēijùde·),bēijùde·,pi.ɡɯk̚.ʨ͈ʌk̚.,Hanja,名詞
155,배율,baeyul,倍率,Hanja word: 倍率 (bèilǜ),bèilǜ,pɛ.jul.,Hanja,名詞
156,배면,baemyeon,背面,Hanja word: 背面 (bèimiàn),bèimiàn,pɛ.mjʌn.,Hanja,名詞
157,비명,bimyeong,悲鳴,A scream,bēimíng,pi.mjʌŋ.,Hanja,名詞
158,비명,bimyeong,碑銘,A scream,bēimíng,pi.mjʌŋ.,Hanja,名詞
159,피막,pimak,被膜,Hanja word: 被膜 (bèimó),bèimó,pʰi.mak̚.,Hanja,名詞
160,배낭,baenang,背囊,Hanja word: 背囊 (bèináng),bèináng,pɛ.naŋ.,Hanja,名詞
161,비품,bipum,備品,Hanja word: 備品 (bèipǐn),bèipǐn,pi.pʰum.,Hanja,名詞
162,비겁,bigeop,卑怯,Hanja word: 卑怯 (bēiquè),bēiquè,pi.ɡʌp̚.,Hanja,名詞
163,배수,baesu,倍數,Hanja word: 倍數 (bèishù),bèishù,pɛ.sʰu.,Hanja,名詞
164,비문,bimun,碑文,Hanja word: 碑文 (bēiwén),bēiwén,pi.mun.,Hanja,名詞
165,배신,baesin,背信,Hanja word: 背信 (bèixìn),bèixìn,pɛ.ɕʰin.,Hanja,名詞
166,배음,baeeum,倍音,Hanja word: 倍音 (bèiyīn),bèiyīn,pɛ.ɯm.,Hanja,名詞
167,피의자,piuija,被疑者,Hanja word: 被疑者 (bèiyízhě),bèiyízhě,pʰi.i.ʥa.,Hanja,名詞
168,배영,baeyeong,背泳,Hanja word: 背泳 (bèiyǒng),bèiyǒng,pɛ.jʌŋ.,Hanja,名詞
169,패총,paechong,貝塚,Hanja word: 貝塚 (bèizhǒng),bèizhǒng,pʰɛ.ʨʰoŋ.,Hanja,名詞
170,피자식물,pijasikmul,被子植物,Hanja word: 被子植物 (bèizi·zhíwù),bèizi·zhíwù,pʰi.ʥa.ɕʰiŋ.mul.,Hanja,名詞
171,본부,bonbu,本部,The headquarters,běnbù,pom.bu.,Hanja,名詞
172,본점,bonjeom,本店,Hanja word: 本店 (běndiàn),běndiàn,pon.ʥʌm.,Hanja,名詞
173,붕대,bungdae,繃帶,Hanja word: 繃帶 (bēngdài),bēngdài,puŋ.dɛ.,Hanja,名詞
174,본격적,bongyeokjeok,本格的,Exemplary,běngéde·,poŋ.ɡjʌk̚.ʨ͈ʌk̚.,Hanja,名詞
175,본래,bonrae,本來,"originally,primarily",běnlái,pol.lɛ.,Hanja,名詞
176,본루,bonru,本壘,Hanja word: 本壘 (běnlěi),běnlěi,pol.lu.,Hanja,名詞
177,본능,bonneung,本能,Hanja word: 本能 (běnnéng),běnnéng,pon.nɯŋ.,Hanja,名詞
178,본인,bonin,本人,Person in question,běnrén,pon.in.,Hanja,名詞
179,본사,bonsa,本社,Main office,běnshè,pon.sa.,Hanja,名詞
180,본위,bonwi,本位,Hanja word: 本位 (běnwèi),běnwèi,pon.ɥi.,Hanja,名詞
181,본선,bonseon,本線,Hanja word: 本線 (běnxiàn),běnxiàn,pon.sʌn.,Hanja,名詞
182,본성,bonseong,本性,Original nature or character,běnxìng,pon.sʌŋ.,Hanja,名詞
183,본원,bonwon,本源,Hanja word: 本源 (běnyuán),běnyuán,pon.u̯ʌn.,Hanja,名詞
184,본질,bonjil,本質,"True nature,essence",běnzhí,pon.ʥil.,Hanja,名詞
185,분주,bunju,奔走,Hanja word: 奔走 (bēnzǒu),bēnzǒu,pun.ʥu.,Hanja,名詞
186,편안,pyeonan,便安,Hanja word: 便安 (biànān),biànān,pʰjʌn.an.,Hanja,名詞
187,변재,byeonjae,辯才,Hanja word: 辯才 (biàncái),biàncái,pjʌn.ʥɛ.,Hanja,名詞
188,변재,byeonjae,邊材,Hanja word: 邊材 (biāncái),biāncái,pjʌn.ʥɛ.,Hanja,名詞
189,변상,byeonsang,辯償,Hanja word: 辯償 (biàncháng),biàncháng,pjʌn.saŋ.,Hanja,名詞
190,편성,pyeonseong,編成,Hanja word: 編成 (biānchéng),biānchéng,pʰjʌn.sʌŋ.,Hanja,名詞
191,변덕,byeondeok,變德,Hanja word: 變德 (biàndé),biàndé,pjʌn.dʌk̚.,Hanja,名詞
192,변전소,byeonjeonso,變電所,Hanja word: 變電所 (biàndiànsuǒ),biàndiànsuǒ,pjʌn.ʥʌn.so.,Hanja,名詞
193,변조,byeonjo,變調,Hanja word: 變調 (biàndiào),biàndiào,pjʌn.ʥo.,Hanja,名詞
194,변조기,byeonjogi,變調器,Hanja word: 變調器 (biàndiàoqì),biàndiàoqì,pjʌn.ʥo.ɡi.,Hanja,名詞
195,변동,byeondong,變動,"Change, flucutation",biàndòng,pjʌn.doŋ.,Hanja,名詞
196,편법,pyeonbeop,便法,Hanja word: 便法 (biànfǎ),biànfǎ,pʰjʌm.bʌp̚.,Hanja,名詞
197,변발,byeonbal,辯髮,Hanja word: 辯髮 (biànfǎ),biànfǎ,pjʌm.bal.,Hanja,名詞
198,변방,byeonbang,邊方,Hanja word: 邊方 (biānfāng),biānfāng,pjʌm.baŋ.,Hanja,名詞
199,변복,byeonbok,變服,Hanja word: 變服 (biànfú),biànfú,pjʌm.bok̚.,Hanja,名詞
200,변격,byeongyeok,變格,Hanja word: 變格 (biàngé),biàngé,pjʌŋ.ɡjʌk̚.,Hanja,名詞
201,변혁,byeonhyeok,變革,Hanja word: 變革 (biàngé),biàngé,pjʌn.hjʌk̚.,Hanja,名詞
202,변경,byeongyeong,變更,"Change, alteration",biàngēng,pjʌŋ.ɡjʌŋ.,Hanja,名詞
203,변고,byeongo,變故,Hanja word: 變故 (biàngù),biàngù,pjʌŋ.ɡo.,Hanja,名詞
204,변광성,byeongwangseong,變光星,Hanja word: 變光星 (biànguāngxīng),biànguāngxīng,pjʌŋ.ɡu̯aŋ.sʌŋ.,Hanja,名詞
205,변호,byeonho,辯護,Hanja word: 辯護 (biànhù),biànhù,pjʌn.ho.,Hanja,名詞
206,변화,byeonhwa,變化,"Change, transformation",biànhuà,pjʌn.hu̯a.,Hanja,名詞
207,변화 불측,byeonhwa bulcheuk,變化 不測,Hanja word: 變化 不測 (biànhuà búcè),biànhuà búcè,pjʌn.hu̯a. pul.ʨʰɯk̚.,Hanja,名詞
208,변화 무상,byeonhwa musang,變化 無常,Hanja word: 變化 無常 (biànhuà wúcháng),biànhuà wúcháng,pjʌn.hu̯a. mᵇu.sʰaŋ.,Hanja,名詞
209,변화 무궁,byeonhwa mugung,變化 無窮,Hanja word: 變化 無窮 (biànhuà wúqióng),biànhuà wúqióng,pjʌn.hu̯a. mᵇu.ɡuŋ.,Hanja,名詞
210,변환,byeonhwan,變換,Hanja word: 變換 (biànhuàn),biànhuàn,pjʌn.hu̯an.,Hanja,名詞
211,변화구,byeonhwagu,變化球,Hanja word: 變化球 (biànhuàqiú),biànhuàqiú,pjʌn.hu̯a.ɡu.,Hanja,名詞
212,변호인,byeonhoin,辯護人,Hanja word: 辯護人 (biànhùrén),biànhùrén,pjʌn.ho.in.,Hanja,名詞
213,변호사,byeonhosa,辯護士,Lawyer,biànhùshì,pjʌn.ho.sʰa.,Hanja,名詞
214,변제,byeonje,辨濟,Hanja word: 辨濟 (biànjì),biànjì,pjʌn.ʥe.,Hanja,名詞
215,편집,pyeonjip,編輯,Hanja word: 編輯 (biānjí),biānjí,pʰjʌn.ʥip̚.,Hanja,名詞
216,변절,byeonjeol,變節,Hanja word: 變節 (biànjié),biànjié,pjʌn.ʥʌl.,Hanja,名詞
217,변절기,byeonjeolgi,變節期,Hanja word: 變節期 (biànjiéqí),biànjiéqí,pjʌn.ʥʌl.k͈i.,Hanja,名詞
218,변경,byeongyeong,邊境,"Change, alteration",biānjìng,pjʌŋ.ɡjʌŋ.,Hanja,名詞
219,편람,pyeonram,便覽,Hanja word: 便覽 (biànlǎn),biànlǎn,pʰjʌl.lam.,Hanja,名詞
220,편리,pyeonri,便利,Hanja word: 便利 (biànlì),biànlì,pʰjʌl.li.,Hanja,名詞
221,변리,byeonri,邊利,Hanja word: 邊利 (biānlì),biānlì,pjʌl.li.,Hanja,名詞
222,변리사,byeonrisa,辨理士,Hanja word: 辨理士 (biànlǐshì),biànlǐshì,pjʌl.li.sʰa.,Hanja,名詞
223,변란,byeonran,變亂,Hanja word: 變亂 (biànluàn),biànluàn,pjʌl.lan.,Hanja,名詞
224,변론,byeonron,辯論,Hanja word: 辯論 (biànlùn),biànlùn,pjʌl.lon.,Hanja,名詞
225,변론가,byeonronga,辯論家,Hanja word: 辯論家 (biànlùnjiā),biànlùnjiā,pjʌl.loŋ.ɡa.,Hanja,名詞
226,변모,byeonmo,變貌,Hanja word: 變貌 (biànmào),biànmào,pjʌm.mo.,Hanja,名詞
227,변비,byeonbi,便祕,Hanja word: 便祕 (biànmì),biànmì,pjʌm.bi.,Hanja,名詞
228,변명,byeonmyeong,辨明,"Explanation, vindication",biànmíng,pjʌm.mjʌŋ.,Hanja,名詞
229,변비증,byeonbijeung,便祕症,Hanja word: 便祕症 (biànmìzhèng),biànmìzhèng,pjʌm.bi.ʥɯŋ.,Hanja,名詞
230,변기,byeongi,便器,Hanja word: 便器 (biànqì),biànqì,pjʌŋ.ɡi.,Hanja,名詞
231,변천,byeoncheon,變遷,Hanja word: 變遷 (biànqiān),biànqiān,pjʌn.ʨʰʌn.,Hanja,名詞
232,편곡,pyeongok,編曲,Hanja word: 編曲 (biānqū),biānqū,pʰjʌŋ.ɡok̚.,Hanja,名詞
233,변용,byeonyong,變容,Hanja word: 變容 (biànróng),biànróng,pjʌn.joŋ.,Hanja,名詞
234,편입,pyeonip,編入,Hanja word: 編入 (biānrù),biānrù,pʰjʌn.ip̚.,Hanja,名詞
235,변색,byeonsaek,變色,Hanja word: 變色 (biànsè),biànsè,pjʌn.sɛk̚.,Hanja,名詞
236,변설,byeonseol,辯舌,Hanja word: 辯舌 (biànshé),biànshé,pjʌn.sʌl.,Hanja,名詞
237,변신,byeonsin,變身,"Disguise, transformation",biànshēn,pjʌn.ɕʰin.,Hanja,名詞
238,변사,byeonsa,變事,Hanja word: 變事 (biànshì),biànshì,pjʌn.sa.,Hanja,名詞
239,변사,byeonsa,辯士,Hanja word: 辯士 (biànshì),biànshì,pjʌn.sa.,Hanja,名詞
240,변시체,byeonsiche,變屍體,Hanja word: 變屍體 (biànshītǐ),biànshītǐ,pjʌn.ɕʰi.ʨʰe.,Hanja,名詞
241,변수,byeonsu,變數,Hanja word: 變數 (biànshù),biànshù,pjʌn.su.,Hanja,名詞
242,변사,byeonsa,變死,Hanja word: 變死 (biànsǐ),biànsǐ,pjʌn.sa.,Hanja,名詞
243,변사자,byeonsaja,變死者,Hanja word: 變死者 (biànsǐzhě),biànsǐzhě,pjʌn.sa.ʥa.,Hanja,名詞
244,변속,byeonsok,變速,Hanja word: 變速 (biànsù),biànsù,pjʌn.sok̚.,Hanja,名詞
245,변소,byeonso,便所,Hanja word: 便所 (biànsuǒ),biànsuǒ,pjʌn.so.,Hanja,名詞
246,변태,byeontae,變態,Hanja word: 變態 (biàntài),biàntài,pjʌn.tʰɛ.,Hanja,名詞
247,변태 심리,byeontae simri,變態 心理,Hanja word: 變態 心理 (biàntài xīnlǐ),biàntài xīnlǐ,pjʌn.tʰɛ. ɕʰim.ni.,Hanja,名詞
248,변태적,byeontaejeok,變態的,Hanja word: 變態的 (biàntàide·),biàntàide·,pjʌn.tʰɛ.ʥʌk̚.,Hanja,名詞
249,편도,pyeondo,扁桃,Hanja word: 扁桃 (biǎntáo),biǎntáo,pʰjʌn.do.,Hanja,名詞
250,편도선,pyeondoseon,扁桃腺,Hanja word: 扁桃腺 (biǎntáoxiàn),biǎntáoxiàn,pʰjʌn.do.sʰʌn.,Hanja,名詞
251,변통,byeontong,便通,Hanja word: 便通 (biàntōng),biàntōng,pjʌn.tʰoŋ.,Hanja,名詞
252,변통,byeontong,變通,Hanja word: 變通 (biàntōng),biàntōng,pjʌn.tʰoŋ.,Hanja,名詞
253,변통성,byeontongseong,變通姓,Hanja word: 變通姓 (biàntōngxìng),biàntōngxìng,pjʌn.tʰoŋ.sʌŋ.,Hanja,名詞
254,변위,byeonwi,變位,Hanja word: 變位 (biànwèi),biànwèi,pjʌn.ɥi.,Hanja,名詞
255,변위기호,byeonwigiho,變位記號,Hanja word: 變位記號 (biànwèijìhào),biànwèijìhào,pjʌn.ɥi.ɡi.ɦo.,Hanja,名詞
256,변온 동물,byeonon dongmul,變溫動物,Hanja word: 變溫動物 (biànwēndòngwù),biànwēndòngwù,pjʌn.on. toŋ.mul.,Hanja,名詞
257,편물,pyeonmul,編物,Hanja word: 編物 (biānwù),biānwù,pʰjʌm.mul.,Hanja,名詞
258,변심,byeonsim,變心,Hanja word: 變心 (biànxīn),biànxīn,pjʌn.ɕʰim.,Hanja,名詞
259,변형,byeonhyeong,變形,Hanja word: 變形 (biànxíng),biànxíng,pjʌn.hjʌŋ.,Hanja,名詞
260,변성,byeonseong,變性,Hanja word: 變性 (biànxìng),biànxìng,pjʌn.sʌŋ.,Hanja,名詞
261,변성명,byeonseongmyeong,變姓名,Hanja word: 變姓名 (biànxìngmíng),biànxìngmíng,pjʌn.sʌŋ.mjʌŋ.,Hanja,名詞
262,변압,byeonap,變壓,Hanja word: 變壓 (biànyā),biànyā,pjʌn.ap̚.,Hanja,名詞
263,변압기,byeonapgi,變壓器,Hanja word: 變壓器 (biànyāqì),biànyāqì,pjʌn.ap̚.k͈i.,Hanja,名詞
264,변이,byeoni,變移,Hanja word: 變移 (biànyí),biànyí,pjʌn.i.,Hanja,名詞
265,편익,pyeonik,便益,Hanja word: 便益 (biànyì),biànyì,pʰjʌn.ik̚.,Hanja,名詞
266,변이,byeoni,變異,Hanja word: 變異 (biànyì),biànyì,pjʌn.i.,Hanja,名詞
267,변음,byeoneum,變音,Hanja word: 變音 (biànyīn),biànyīn,pjʌn.ɯm.,Hanja,名詞
268,변조,byeonjo,變造,Hanja word: 變造 (biànzào),biànzào,pjʌn.ʥo.,Hanja,名詞
269,변조화폐,byeonjohwapye,變造貨幣,Hanja word: 變造貨幣 (biànzàohuòbì),biànzàohuòbì,pjʌn.ʥo.ɦu̯a.pʰje.,Hanja,名詞
270,변칙,byeonchik,變則,Hanja word: 變則 (biànzé),biànzé,pjʌn.ʨʰik̚.,Hanja,名詞
271,변증,byeonjeung,辨證,Hanja word: 辨證 (biànzhèng),biànzhèng,pjʌn.ʥɯŋ.,Hanja,名詞
272,변증법,byeonjeungbeop,辨證法,Hanja word: 辨證法 (biànzhèngfǎ),biànzhèngfǎ,pjʌn.ʥɯŋ.bʌp̚.,Hanja,名詞
273,변질,byeonjil,變質,Hanja word: 變質 (biànzhí),biànzhí,pjʌn.ʥil.,Hanja,名詞
274,편지,pyeonji,便紙,Letter,biànzhǐ,pʰjʌn.ʥi.,Hanja,名詞
275,변질자,byeonjilja,變質者,Hanja word: 變質者 (biànzhízhě),biànzhízhě,pjʌn.ʥil.ʨ͈a.,Hanja,名詞
276,변종,byeonjong,變種,Hanja word: 變種 (biànzhǒng),biànzhǒng,pjʌn.ʥoŋ.,Hanja,名詞
277,변전,byeonjeon,變轉,Hanja word: 變轉 (biànzhuǎn),biànzhuǎn,pjʌn.ʥʌn.,Hanja,名詞
278,변장,byeonjang,變裝,Hanja word: 變裝 (biànzhuāng),biànzhuāng,pjʌn.ʥaŋ.,Hanja,名詞
279,변장술,byeonjangsul,變裝術,Hanja word: 變裝術 (biànzhuāngshù),biànzhuāngshù,pjʌn.ʥaŋ.sul.,Hanja,名詞
280,변주,byeonju,變奏,Hanja word: 變奏 (biànzòu),biànzòu,pjʌn.ʥu.,Hanja,名詞
281,변주곡,byeonjugok,變奏曲,Hanja word: 變奏曲 (biànzòuqū),biànzòuqū,pjʌn.ʥu.ɡok̚.,Hanja,名詞
282,표본,pyobon,標本,Hanja word: 標本 (biāoběn),biāoběn,pʰjo.bon.,Hanja,名詞
283,표면,pyomyeon,表面,"Front, surface, exterior",biǎomiàn,pʰjo.mjʌn.,Hanja,名詞
284,표명,pyomyeong,表明,Hanja word: 表明 (biǎomíng),biǎomíng,pʰjo.mjʌŋ.,Hanja,名詞
285,표정,pyojeong,表情,"Facial expression, look",biǎoqíng,pʰjo.ʥʌŋ.,Hanja,名詞
286,표시,pyosi,表示,"A sign,signal",biǎoshì,pʰjo.ɕʰi.,Hanja,名詞
287,표시,pyosi,標示,"A sign,signal",biāoshì,pʰjo.ɕʰi.,Hanja,名詞
288,표지판,pyojipan,標識板,Hanja word: 標識板 (biāoshìbǎn),biāoshìbǎn,pʰjo.ʥi.pʰan.,Hanja,名詞
289,표제,pyoje,表題,Hanja word: 表題 (biǎotí),biǎotí,pʰjo.ʥe.,Hanja,名詞
290,표현,pyohyeon,表現,"Verbal expression, representation, manifestation",biǎoxiàn,pʰjo.hjʌn.,Hanja,名詞
291,표어,pyoeo,標語,Hanja word: 標語 (biāoyǔ),biāoyǔ,pʰjo.ʌ.,Hanja,名詞
292,표준,pyojun,標準,"A standard, norm, criteria",biāozhǔn,pʰjo.ʥun.,Hanja,名詞
293,별반,byeolban,別般,Hanja word: 別般 (biébān),biébān,pjʌl.p͈an.,Hanja,名詞
294,별표,byeolpyo,別表,Hanja word: 別表 (biébiǎo),biébiǎo,pjʌl.pʰjo.,Hanja,名詞
295,별표 참조,byeolpyo chamjo,別表 參照,Hanja word: 別表 參照 (biébiǎo cēnzhào),biébiǎo cēnzhào,pjʌl.pʰjo. ʨʰam.ʥo.,Hanja,名詞
296,별별,byeolbyeol,別別,Hanja word: 別別 (biébié),biébié,pjʌl.p͈jʌl.,Hanja,名詞
297,별책,byeolchaek,別冊,Hanja word: 別冊 (biécè),biécè,pjʌl.ʨʰɛk̚.,Hanja,名詞
298,별차,byeolcha,別差,Hanja word: 別差 (biéchā),biéchā,pjʌl.ʨʰa.,Hanja,名詞
299,별칭,byeolching,別稱,Hanja word: 別稱 (biéchēng),biéchēng,pjʌl.ʨʰiŋ.,Hanja,名詞
300,별도리,byeoldori,別道理,Hanja word: 別道理 (biédàolǐ),biédàolǐ,pjʌl.t͈o.ɾi.,Hanja,名詞
301,별전,byeoljeon,別殿,Hanja word: 別殿 (biédiàn),biédiàn,pjʌl.ʨ͈ʌn.,Hanja,名詞
302,별졍,byeoljyeong,別定,Hanja word: 別定 (biédìng),biédìng,pjʌl.ʨ͈ʌŋ.,Hanja,名詞
303,별동대,byeoldongdae,別動隊,Hanja word: 別動隊 (biédòngduì),biédòngduì,pjʌl.t͈oŋ.dɛ.,Hanja,名詞
304,별개,byeolgae,別個,Hanja word: 別個 (biége·),biége·,pjʌl.k͈ɛ.,Hanja,名詞
305,별고,byeolgo,別故,Hanja word: 別故 (biégù),biégù,pjʌl.k͈o.,Hanja,名詞
306,별관,byeolgwan,別館,Hanja word: 別館 (biéguǎn),biéguǎn,pjʌl.k͈u̯an.,Hanja,名詞
307,별호,byeolho,別號,Hanja word: 別號 (biéhào),biéhào,pjʌɾ.ɦo.,Hanja,名詞
308,별후,byeolhu,別後,Hanja word: 別後 (biéhòu),biéhòu,pjʌɾ.ɦu.,Hanja,名詞
309,별기,byeolgi,別記,Hanja word: 別記 (biéjì),biéjì,pjʌl.k͈i.,Hanja,名詞
310,별갑,byeolgap,鼈甲,Hanja word: 鼈甲 (biējiǎ),biējiǎ,pjʌl.k͈ap̚.,Hanja,名詞
311,별건,byeolgeon,別件,Hanja word: 別件 (biéjiàn),biéjiàn,pjʌl.k͈ʌn.,Hanja,名詞
312,별주,byeolju,別酒,Hanja word: 別酒 (biéjiǔ),biéjiǔ,pjʌl.ʨ͈u.,Hanja,名詞
313,별거,byeolgeo,別居,Hanja word: 別居 (biéjū),biéjū,pjʌl.k͈ʌ.,Hanja,名詞
314,별명,byeolmyeong,別名,"nickname,alias",biémíng,pjʌl.mjʌŋ.,Hanja,名詞
315,별멸,byeolmyeol,別命,Hanja word: 別命 (biémìng),biémìng,pjʌl.mjʌl.,Hanja,名詞
316,별납,byeolnap,別納,Hanja word: 別納 (biénà),biénà,pjʌl.lap̚.,Hanja,名詞
317,별식,byeolsik,別食,Hanja word: 別食 (biéshí),biéshí,pjʌl.ɕʰik̚.,Hanja,名詞
318,별세,byeolse,別世,Hanja word: 別世 (biéshì),biéshì,pjʌl.s͈e.,Hanja,名詞
319,별실,byeolsil,別室,Hanja word: 別室 (biéshì),biéshì,pjʌl.ɕʰil.,Hanja,名詞
320,별세계,byeolsegye,別世界,Hanja word: 別世界 (biéshìjiè),biéshìjiè,pjʌl.s͈e.ɡje.,Hanja,名詞
321,별수단,byeolsudan,別手段,Hanja word: 別手段 (biéshǒuduàn),biéshǒuduàn,pjʌl.s͈u.dan.,Hanja,名詞
322,별수,byeolsu,別數,Hanja word: 別數 (biéshǔ),biéshǔ,pjʌl.s͈u.,Hanja,名詞
323,별당,byeoldang,別堂,Hanja word: 別堂 (biétáng),biétáng,pjʌl.t͈aŋ.,Hanja,名詞
324,별천지,byeolcheonji,別天地,Hanja word: 別天地 (biétiāndì),biétiāndì,pjʌl.ʨʰʌn.ʥi.,Hanja,名詞
325,별도,byeoldo,別途,A separate way,biétú,pjʌl.t͈o.,Hanja,名詞
326,별미,byeolmi,別味,Hanja word: 別味 (biéwèi),biéwèi,pjʌl.mi.,Hanja,名詞
327,별문제,byeolmunje,別問題,Hanja word: 別問題 (biéwèntí),biéwèntí,pjʌl.mun.ʥe.,Hanja,名詞
328,별무신통,byeolmusintong,別無神通,Hanja word: 別無神通 (biéwúshéntōng),biéwúshéntōng,pjʌl.mu.ɕʰin.tʰoŋ.,Hanja,名詞
329,별석,byeolseok,別席,Hanja word: 別席 (biéxí),biéxí,pjʌl.s͈ʌk̚.,Hanja,名詞
330,별항,byeolhang,別項,Hanja word: 別項 (biéxiàng),biéxiàng,pjʌɾ.ɦaŋ.,Hanja,名詞
331,별행,byeolhaeng,別行,Hanja word: 別行 (biéxíng),biéxíng,pjʌɾ.ɦɛŋ.,Hanja,名詞
332,별지,byeolji,別紙,Hanja word: 別紙 (biézhǐ),biézhǐ,pjʌl.ʨ͈i.,Hanja,名詞
333,별지장,byeoljijang,別支障,Hanja word: 別支障 (biézhīzhàng),biézhīzhàng,pjʌl.ʨ͈i.ʥaŋ.,Hanja,名詞
334,별종,byeoljong,別種,Hanja word: 別種 (biézhǒng),biézhǒng,pjʌl.ʨ͈oŋ.,Hanja,名詞
335,별장,byeoljang,別莊,Hanja word: 別莊 (biézhuāng),biézhuāng,pjʌl.ʨ͈aŋ.,Hanja,名詞
336,폐회로,pyehoero,閉回路,Hanja word: 閉回路 (bìhuílù),bìhuílù,pʰje.ɦu̯e.ɾo.,Hanja,名詞
337,필적,piljeok,筆跡,Hanja word: 筆跡 (bǐjī),bǐjī,pʰil.ʨ͈ʌk̚.,Hanja,名詞
338,비교,bigyo,比較,A comparison,bǐjiào,pi.ɡjo.,Hanja,名詞
339,비교적,bigyojeok,比較的,Comparatively,bǐjiàode·,pi.ɡjo.ʥʌk̚.,Hanja,副詞
340,폐경기,pyegyeonggi,閉經期,Hanja word: 閉經期 (bìjīngqí),bìjīngqí,pʰje.ɡjʌŋ.ɡi.,Hanja,名詞
341,필기자,pilgija,筆記者,Hanja word: 筆記者 (bǐjìzhě),bǐjìzhě,pʰil.k͈i.ʥa.,Hanja,名詞
342,비례,birye,比例,Hanja word: 比例 (bǐlì),bǐlì,pi.ɾje.,Hanja,名詞
343,비율,biyul,比率,"ratio,percentage",bǐlǜ,pi.jul.,Hanja,名詞
344,필명,pilmyeong,筆名,Hanja word: 筆名 (bǐmíng),bǐmíng,pʰil.mjʌŋ.,Hanja,名詞
345,피난자,pinanja,避難者,Hanja word: 避難者 (bìnànzhě),bìnànzhě,pʰi.nan.ʥa.,Hanja,名詞
346,병반,byeongban,病斑,Hanja word: 病斑 (bìngbān),bìngbān,pjʌŋ.ban.,Hanja,名詞
347,병비,byeongbi,兵備,Hanja word: 兵備 (bīngbèi),bīngbèi,pjʌŋ.bi.,Hanja,名詞
348,병폐,byeongpye,病弊,Hanja word: 病弊 (bìngbì),bìngbì,pjʌŋ.pʰje.,Hanja,名詞
349,병창,byeongchang,並唱,Hanja word: 並唱 (bìngchàng),bìngchàng,pjʌŋ.ʨʰaŋ.,Hanja,名詞
350,병소,byeongso,病巢,Hanja word: 病巢 (bìngcháo),bìngcháo,pjʌŋ.so.,Hanja,名詞
351,병칭,byeongching,並稱,Hanja word: 並稱 (bìngchēng),bìngchēng,pjʌŋ.ʨʰiŋ.,Hanja,名詞
352,병충해,byeongchunghae,病蟲害,Hanja word: 病蟲害 (bìngchónghài),bìngchónghài,pjʌŋ.ʨʰuŋ.hɛ.,Hanja,名詞
353,병선,byeongseon,兵船,Hanja word: 兵船 (bīngchuán),bīngchuán,pjʌŋ.sʌn.,Hanja,名詞
354,병상,byeongsang,病床,Hanja word: 病床 (bìngchuáng),bìngchuáng,pjʌŋ.saŋ.,Hanja,名詞
355,병상 일지,byeongsang ilji,病床 日誌,Hanja word: 病床 日誌 (bìngchuáng rìzhì),bìngchuáng rìzhì,pjʌŋ.saŋ. il.ʨ͈i.,Hanja,名詞
356,빙초산,bingchosan,氷醋酸,Hanja word: 氷醋酸 (bīngcòsuān),bīngcòsuān,piŋ.ʨʰo.sʰan.,Hanja,名詞
357,병졸,byeongjol,兵卒,Hanja word: 兵卒 (bīngcú),bīngcú,pjʌŋ.ʥol.,Hanja,名詞
358,병존,byeongjon,並存,Hanja word: 並存 (bìngcún),bìngcún,pjʌŋ.ʥon.,Hanja,名詞
359,병적,byeongjeok,病的,Hanja word: 病的 (bìngde·),bìngde·,pjʌŋ.ʥʌk̚.,Hanja,名詞
360,빙점,bingjeom,氷點,Hanja word: 氷點 (bīngdiǎn),bīngdiǎn,piŋ.ʥʌm.,Hanja,名詞
361,병정,byeongjeong,兵丁,Hanja word: 兵丁 (bīngdīng),bīngdīng,pjʌŋ.ʥʌŋ.,Hanja,名詞
362,병동,byeongdong,病棟,Hanja word: 病棟 (bìngdòng),bìngdòng,pjʌŋ.doŋ.,Hanja,名詞
363,병독,byeongdok,病毒,Hanja word: 病毒 (bìngdú),bìngdú,pjʌŋ.dok̚.,Hanja,名詞
364,병발,byeongbal,並發,Hanja word: 並發 (bìngfā),bìngfā,pjʌŋ.bal.,Hanja,名詞
365,병법,byeongbeop,兵法,Hanja word: 兵法 (bīngfǎ),bīngfǎ,pjʌŋ.bʌp̚.,Hanja,名詞
366,병부,byeongbu,病婦,Hanja word: 病婦 (bìngfù),bìngfù,pjʌŋ.bu.,Hanja,名詞
367,병부,byeongbu,病父,Hanja word: 病父 (bìngfù),bìngfù,pjʌŋ.bu.,Hanja,名詞
368,병부,byeongbu,病夫,Hanja word: 病夫 (bìngfū),bìngfū,pjʌŋ.bu.,Hanja,名詞
369,병근,byeonggeun,病根,Hanja word: 病根 (bìnggēn),bìnggēn,pjʌŋ.ɡɯn.,Hanja,名詞
370,병골,byeonggol,病骨,Hanja word: 病骨 (bìnggǔ),bìnggǔ,pjʌŋ.ɡol.,Hanja,名詞
371,병해,byeonghae,病害,Hanja word: 病害 (bìnghài),bìnghài,pjʌŋ.hɛ.,Hanja,名詞
372,병합,byeonghap,併合,Hanja word: 併合 (bìnghé),bìnghé,pjʌŋ.hap̚.,Hanja,名詞
373,빙하,bingha,氷河,Hanja word: 氷河 (bīnghé),bīnghé,piŋ.ha.,Hanja,名詞
374,병후,byeonghu,病後,Hanja word: 病後 (bìnghòu),bìnghòu,pjʌŋ.hu.,Hanja,名詞
375,병환,byeonghwan,病患,Hanja word: 病患 (bìnghuàn),bìnghuàn,pjʌŋ.hu̯an.,Hanja,名詞
376,병화,byeonghwa,兵禍,Hanja word: 兵禍 (bīnghuò),bīnghuò,pjʌŋ.hu̯a.,Hanja,名詞
377,병화,byeonghwa,兵火,Hanja word: 兵火 (bīnghuǒ),bīnghuǒ,pjʌŋ.hu̯a.,Hanja,名詞
378,병기,byeonggi,併計,Hanja word: 併計 (bìngjì),bìngjì,pjʌŋ.ɡi.,Hanja,名詞
379,병적,byeongjeok,兵籍,Hanja word: 兵籍 (bīngjí),bīngjí,pjʌŋ.ʥʌk̚.,Hanja,名詞
380,병가,byeongga,兵家,Hanja word: 兵家 (bīngjiā),bīngjiā,pjʌŋ.ɡa.,Hanja,名詞
381,병가 상사,byeongga sangsa,兵家 常事,Hanja word: 兵家 常事 (bīngjiā chángshì),bīngjiā chángshì,pjʌŋ.ɡa. sʰaŋ.sa.,Hanja,名詞
382,병적부,byeongjeokbu,兵籍簿,Hanja word: 兵籍簿 (bīngjíbù),bīngjíbù,pjʌŋ.ʥʌk̚.p͈u.,Hanja,名詞
383,병진,byeongjin,並進,Hanja word: 並進 (bìngjìn),bìngjìn,pjʌŋ.ʥin.,Hanja,名詞
384,병진 운동,byeongjin undong,並進 運動,Hanja word: 並進 運動 (bìngjìn yùndòng),bìngjìn yùndòng,pjʌŋ.ʥin. un.doŋ.,Hanja,名詞
385,병균,byeonggyun,病菌,Hanja word: 病菌 (bìngjùn),bìngjùn,pjʌŋ.ɡjun.,Hanja,名詞
386,병간호,byeongganho,病看護,Hanja word: 病看護 (bìngkànhù),bìngkànhù,pjʌŋ.ɡan.ho.,Hanja,名詞
387,병과,byeonggwa,併科,Hanja word: 併科 (bìngkē),bìngkē,pjʌŋ.ɡu̯a.,Hanja,名詞
388,병과,byeonggwa,兵科,Hanja word: 兵科 (bīngkē),bīngkē,pjʌŋ.ɡu̯a.,Hanja,名詞
389,병고,byeonggo,病苦,Hanja word: 病苦 (bìngkǔ),bìngkǔ,pjʌŋ.ɡo.,Hanja,名詞
390,병립,byeongrip,並立,Hanja word: 並立 (bìnglì),bìnglì,pjʌŋ.nip̚.,Hanja,名詞
391,병력,byeongryeok,病歷,Hanja word: 病歷 (bìnglì),bìnglì,pjʌŋ.njʌk̚.,Hanja,名詞
392,병리,byeongri,病理,Hanja word: 病理 (bìnglǐ),bìnglǐ,pjʌŋ.ni.,Hanja,名詞
393,병력,byeongryeok,兵力,Hanja word: 兵力 (bīnglì),bīnglì,pjʌŋ.njʌk̚.,Hanja,名詞
394,병량,byeongryang,兵糧,Hanja word: 兵糧 (bīngliáng),bīngliáng,pjʌŋ.njaŋ.,Hanja,名詞
395,병렬,byeongryeol,並列,Hanja word: 並列 (bìngliè),bìngliè,pjʌŋ.njʌl.,Hanja,名詞
396,병렬 회로,byeongryeol hoero,並列 回路,Hanja word: 並列 回路 (bìngliè huílù),bìngliè huílù,pjʌŋ.njʌl. hu̯e.ɾo.,Hanja,名詞
397,병리학,byeongrihak,病理學,Hanja word: 病理學 (bìnglǐxué),bìnglǐxué,pjʌŋ.ni.ɦak̚.,Hanja,名詞
398,병란,byeongran,兵亂,Hanja word: 兵亂 (bīngluàn),bīngluàn,pjʌŋ.nan.,Hanja,名詞
399,병략,byeongryak,兵略,Hanja word: 兵略 (bīngluè),bīngluè,pjʌŋ.njak̚.,Hanja,名詞
400,병마,byeongma,兵馬,Hanja word: 兵馬 (bīngmǎ),bīngmǎ,pjʌŋ.ma.,Hanja,名詞
401,병몰,byeongmol,病沒,Hanja word: 病沒 (bìngméi),bìngméi,pjʌŋ.mol.,Hanja,名詞
402,병명,byeongmyeong,病名,Hanja word: 病名 (bìngmíng),bìngmíng,pjʌŋ.mjʌŋ.,Hanja,名詞
403,병마,byeongma,病魔,Hanja word: 病魔 (bìngmó),bìngmó,pjʌŋ.ma.,Hanja,名詞
404,병벽,byeongbyeok,病癖,Hanja word: 病癖 (bìngpì),bìngpì,pjʌŋ.bjʌk̚.,Hanja,名詞
405,병처,byeongcheo,病妻,Hanja word: 病妻 (bìngqī),bìngqī,pjʌŋ.ʨʰʌ.,Hanja,名詞
406,병기,byeonggi,兵器,Hanja word: 兵器 (bīngqì),bīngqì,pjʌŋ.ɡi.,Hanja,名詞
407,병구,byeonggu,病軀,Hanja word: 病軀 (bìngqū),bìngqū,pjʌŋ.ɡu.,Hanja,名詞
408,병권,byeonggwon,兵權,Hanja word: 兵權 (bīngquán),bīngquán,pjʌŋ.ɡu̯ʌn.,Hanja,名詞
409,병결,byeonggyeol,病缺,Hanja word: 病缺 (bìngquē),bìngquē,pjʌŋ.ɡjʌl.,Hanja,名詞
410,병약,byeongyak,病弱,Hanja word: 病弱 (bìngruò),bìngruò,pjʌŋ.jak̚.,Hanja,名詞
411,병색,byeongsaek,病色,Hanja word: 病色 (bìngsè),bìngsè,pjʌŋ.sɛk̚.,Hanja,名詞
412,병살,byeongsal,併殺,Hanja word: 併殺 (bìngshā),bìngshā,pjʌŋ.sal.,Hanja,名詞
413,빙산,bingsan,氷山,Hanja word: 氷山 (bīngshān),bīngshān,piŋ.san.,Hanja,名詞
414,병설,byeongseol,並設,Hanja word: 並設 (bìngshè),bìngshè,pjʌŋ.sʌl.,Hanja,名詞
415,병사,byeongsa,兵舍,Hanja word: 兵舍 (bīngshè),bīngshè,pjʌŋ.sa.,Hanja,名詞
416,병신,byeongsin,病身,Hanja word: 病身 (bìngshēn),bìngshēn,pjʌŋ.ɕʰin.,Hanja,名詞
417,병세,byeongse,病勢,Hanja word: 病勢 (bìngshì),bìngshì,pjʌŋ.se.,Hanja,名詞
418,병실,byeongsil,病室,An infirmary,bìngshì,pjʌŋ.ɕʰil.,Hanja,名詞
419,병사,byeongsa,兵事,Hanja word: 兵事 (bīngshì),bīngshì,pjʌŋ.sa.,Hanja,名詞
420,병세,byeongse,兵勢,Hanja word: 兵勢 (bīngshì),bīngshì,pjʌŋ.se.,Hanja,名詞
421,병사,byeongsa,兵士,Hanja word: 兵士 (bīngshì),bīngshì,pjʌŋ.sa.,Hanja,名詞
422,병서,byeongseo,兵書,Hanja word: 兵書 (bīngshū),bīngshū,pjʌŋ.sʌ.,Hanja,名詞
423,빙수,bingsu,氷水,Hanja word: 氷水 (bīngshuǐ),bīngshuǐ,piŋ.su.,Hanja,名詞
424,병사,byeongsa,病死,Hanja word: 病死 (bìngsǐ),bìngsǐ,pjʌŋ.sa.,Hanja,名詞
425,병태,byeongtae,病態,Hanja word: 病態 (bìngtài),bìngtài,pjʌŋ.tʰɛ.,Hanja,名詞
426,병탄,byeongtan,併吞,Hanja word: 併吞 (bìngtūn),bìngtūn,pjʌŋ.tʰan.,Hanja,名詞
427,병무,byeongmu,兵務,Hanja word: 兵務 (bīngwù),bīngwù,pjʌŋ.mu.,Hanja,名詞
428,병무 소집,byeongmu sojip,兵務 召集,Hanja word: 兵務 召集 (bīngwù zhāojí),bīngwù zhāojí,pjʌŋ.mu. sʰo.ʥip̚.,Hanja,名詞
429,병무청,byeongmucheong,兵務廳,Hanja word: 兵務廳 (bīngwùtīng),bīngwùtīng,pjʌŋ.mu.ʨʰʌŋ.,Hanja,名詞
430,병석,byeongseok,病席,Hanja word: 病席 (bìngxí),bìngxí,pjʌŋ.sʌk̚.,Hanja,名詞
431,병가,byeongga,病暇,Hanja word: 病暇 (bìngxiá),bìngxiá,pjʌŋ.ɡa.,Hanja,名詞
432,병행,byeonghaeng,並行,Hanja word: 並行 (bìngxíng),bìngxíng,pjʌŋ.hɛŋ.,Hanja,名詞
433,병학,byeonghak,兵學,Hanja word: 兵學 (bīngxué),bīngxué,pjʌŋ.hak̚.,Hanja,名詞
434,병역,byeongyeok,兵役,Hanja word: 兵役 (bīngyì),bīngyì,pjʌŋ.jʌk̚.,Hanja,名詞
435,병역 기피,byeongyeok gipi,兵役 忌避,Hanja word: 兵役 忌避 (bīngyì jìbì),bīngyì jìbì,pjʌŋ.jʌk̚. ki.pʰi.,Hanja,名詞
436,병역 면제,byeongyeok myeonje,兵役 免除,Hanja word: 兵役 免除 (bīngyì miǎnchú),bīngyì miǎnchú,pjʌŋ.jʌk̚. mᵇjʌn.ʥe.,Hanja,名詞
437,병제 의무,byeongje uimu,兵役 義務,Hanja word: 兵役 義務 (bīngyì yìwù),bīngyì yìwù,pjʌŋ.ʥe. ɰi.mu.,Hanja,名詞
438,병인,byeongin,病因,Hanja word: 病因 (bìngyīn),bìngyīn,pjʌŋ.in.,Hanja,名詞
439,병영,byeongyeong,兵營,Hanja word: 兵營 (bīngyíng),bīngyíng,pjʌŋ.jʌŋ.,Hanja,名詞
440,병영 생활,byeongyeong saenghwal,兵營 生活,Hanja word: 兵營 生活 (bīngyíng shēnghuó),bīngyíng shēnghuó,pjʌŋ.jʌŋ. sʰɛŋ.hu̯al.,Hanja,名詞
441,병용,byeongyong,並用,Hanja word: 並用 (bìngyòng),bìngyòng,pjʌŋ.joŋ.,Hanja,名詞
442,변원,byeonwon,病源,Hanja word: 病源 (bìngyuán),bìngyuán,pjʌn.u̯ʌn.,Hanja,名詞
443,병원,byeongwon,病院,Hospital,bìngyuàn,pjʌŋ.u̯ʌn.,Hanja,名詞
444,병원,byeongwon,兵員,Hospital,bīngyuán,pjʌŋ.u̯ʌn.,Hanja,名詞
445,병원선,byeongwonseon,病院船,Hanja word: 病院船 (bìngyuànchuán),bìngyuànchuán,pjʌŋ.u̯ʌn.sʌn.,Hanja,名詞
446,변원균,byeonwongyun,病源菌,Hanja word: 病源菌 (bìngyuánjùn),bìngyuánjùn,pjʌn.u̯ʌŋ.ɡjun.,Hanja,名詞
447,병참,byeongcham,兵站,Hanja word: 兵站 (bīngzhàn),bīngzhàn,pjʌŋ.ʨʰam.,Hanja,名詞
448,병장,byeongjang,兵長,Hanja word: 兵長 (bīngzhǎng),bīngzhǎng,pjʌŋ.ʥaŋ.,Hanja,名詞
449,병참로,byeongchamro,兵站路,Hanja word: 兵站路 (bīngzhànlù),bīngzhànlù,pjʌŋ.ʨʰam.no.,Hanja,名詞
450,병자,byeongja,病者,Hanja word: 病者 (bìngzhě),bìngzhě,pjʌŋ.ʥa.,Hanja,名詞
451,병증,byeongjeung,病症,Hanja word: 病症 (bìngzhèng),bìngzhèng,pjʌŋ.ʥɯŋ.,Hanja,名詞
452,병치,byeongchi,併置,Hanja word: 併置 (bìngzhì),bìngzhì,pjʌŋ.ʨʰi.,Hanja,名詞
453,병제,byeongje,兵制,Hanja word: 兵制 (bīngzhì),bīngzhì,pjʌŋ.ʥe.,Hanja,名詞
454,병중,byeongjung,病中,Hanja word: 病中 (bìngzhōng),bìngzhōng,pjʌŋ.ʥuŋ.,Hanja,名詞
455,병종,byeongjong,丙種,Hanja word: 丙種 (bǐngzhǒng),bǐngzhǒng,pjʌŋ.ʥoŋ.,Hanja,名詞
456,병종,byeongjong,兵種,Hanja word: 兵種 (bīngzhǒng),bīngzhǒng,pjʌŋ.ʥoŋ.,Hanja,名詞
457,병상,byeongsang,病狀,Hanja word: 病狀 (bìngzhuàng),bìngzhuàng,pjʌŋ.saŋ.,Hanja,名詞
458,필연적,pilyeonjeok,必然的,"Necessity, necessary",bìránde·,pʰiɾ.jʌn.ʥʌk̚.,Hanja,名詞
459,비열,biyeol,比熱,Hanja word: 比熱 (bǐrè),bǐrè,pi.jʌl.,Hanja,名詞
460,필생,pilsaeng,筆生,Hanja word: 筆生 (bǐshēng),bǐshēng,pʰil.s͈ɛŋ.,Hanja,名詞
461,필사,pilsa,必死,Hanja word: 必死 (bìsǐ),bìsǐ,pʰil.s͈a.,Hanja,名詞
462,폐쇄,pyeswae,閉鎖,Hanja word: 閉鎖 (bìsuǒ),bìsuǒ,pʰje.sʰu̯ɛ.,Hanja,名詞
463,필체,pilche,筆體,Hanja word: 筆體 (bǐtǐ),bǐtǐ,pʰil.ʨʰe.,Hanja,名詞
464,필통,piltong,筆筒,Pencil case,bǐtǒng,pʰil.tʰoŋ.,Hanja,名詞
465,벽신문,byeoksinmun,壁新聞,Hanja word: 壁新聞 (bìxīnwén),bìxīnwén,pjʌk̚.ɕʰim.mun.,Hanja,名詞
466,필수,pilsu,必須,"necessary,indispensable",bìxū,pʰil.s͈u.,Hanja,名詞
467,필수적,pilsujeok,必須的,"necessary,indispensable",bìxūde·,pʰil.s͈u.ʥʌk̚.,Hanja,名詞
468,필수품,pilsupum,必需品,Hanja word: 必需品 (bìxūpǐn),bìxūpǐn,pʰil.s͈u.pʰum.,Hanja,名詞
469,필요,pilyo,必要,"Need, requirement,necessity",bìyào,pʰiɾ.jo.,Hanja,名詞
470,필요성,pilyoseong,必要性,Necessity,bìyàoxìng,pʰiɾ.jo.sʰʌŋ.,Hanja,名詞
471,비음,bieum,鼻音,Hanja word: 鼻音 (bíyīn),bíyīn,pi.ɯm.,Hanja,名詞
472,벽옥,byeokok,碧玉,Hanja word: 碧玉 (bìyù),bìyù,pjʌɡ.ok̚.,Hanja,名詞
473,필자,pilja,筆者,"The writer, author",bǐzhě,pʰil.ʨ͈a.,Hanja,名詞
474,비중,bijung,比重,Specific gravity,bǐzhòng,pi.ʥuŋ.,Hanja,名詞
475,박애,bakae,博愛,Hanja word: 博愛 (bóài),bóài,paɡ.ɛ.,Hanja,名詞
476,백작,baekjak,伯爵,Hanja word: 伯爵 (bójué),bójué,pɛk̚.ʨ͈ak̚.,Hanja,名詞
477,박람회,bakramhoe,博覽會,Hanja word: 博覽會 (bólǎnhuì),bólǎnhuì,paŋ.nam.hu̯e.,Hanja,名詞
478,백모,baekmo,伯母,Hanja word: 伯母 (bómǔ),bómǔ,pɛŋ.mo.,Hanja,名詞
479,발기,balgi,勃起,Hanja word: 勃起 (bóqǐ),bóqǐ,pal.k͈i.,Hanja,名詞
480,박약,bakyak,薄弱,Hanja word: 薄弱 (bóruò),bóruò,paɡ.jak̚.,Hanja,名詞
481,박사,baksa,博士,Doctor,bóshì,pak̚.s͈a.,Hanja,名詞
482,파도,pado,波濤,"Waves, billows",bōtāo,pʰa.do.,Hanja,名詞
483,파문,pamun,波紋,Hanja word: 波紋 (bōwén),bōwén,pʰa.mun.,Hanja,名詞
484,박물관,bakmulgwan,博物館,Museum,bówùguǎn,paŋ.mul.k͈u̯an.,Hanja,名詞
485,박물학,bakmulhak,博物學,Hanja word: 博物學 (bówùxué),bówùxué,paŋ.muɾ.ɦak̚.,Hanja,名詞
486,박학다식,bakhakdasik,博學多識,Hanja word: 博學多識 (bóxuéduōshì),bóxuéduōshì,pa.kʰak̚.t͈a.ɕʰik̚.,Hanja,名詞
487,파장,pajang,波長,Hanja word: 波長 (bōzhǎng),bōzhǎng,pʰa.ʥaŋ.,Hanja,名詞
488,파종,pajong,播種,Hanja word: 播種 (bōzhǒng),bōzhǒng,pʰa.ʥoŋ.,Hanja,名詞
489,불안,bulan,不安,"uneasiness, anxiety",bùān,puɾ.an.,Hanja,名詞
490,불안정,bulanjeong,不安定,Hanja word: 不安定 (bùāndìng),bùāndìng,puɾ.an.ʥʌŋ.,Hanja,名詞
491,불편,bulpyeon,不便,Inconvenience,búbiàn,pul.pʰjʌn.,Hanja,名詞
492,불필요,bulpilyo,不必要,Hanja word: 不必要 (búbìyào),búbìyào,pul.pʰiɾ.jo.,Hanja,名詞
493,보상,bosang,補償,Compensation,bǔcháng,po.sʰaŋ.,Hanja,名詞
494,보충,bochung,補充,Hanja word: 補充 (bǔchōng),bǔchōng,po.ʨʰuŋ.,Hanja,名詞
495,부처,bucheo,部處,Buddha,bùchù,pu.ʨʰʌ.,Hanja,名詞
496,불순,bulsun,不純,Hanja word: 不純 (bùchún),bùchún,pul.s͈un.,Hanja,名詞
497,부정,bujeong,不定,"injustice,wrongfulness",búdìng,pu.ʥʌŋ.,Hanja,名詞
498,부동산,budongsan,不動産,Real estate,búdòngchǎn,pu.doŋ.san.,Hanja,名詞
499,부대,budae,部隊,"A detachment, squad",bùduì,pu.dɛ.,Hanja,名詞
500,불법,bulbeop,不法,Illegal,bùfǎ,pul.p͈ʌp̚.,Hanja,名詞
501,부분,bubun,部分,"part,portion",bùfèn,pu.bun.,Hanja,名詞
502,부분적,bubunjeok,部分的,Departmental,bùfènde·,pu.bun.ʥʌk̚.,Hanja,名詞
503,포박,pobak,捕縛,Hanja word: 捕縛 (bǔfú),bǔfú,pʰo.bak̚.,Hanja,名詞
504,보급,bogeup,補給,Hanja word: 補給 (bǔjǐ),bǔjǐ,po.ɡɯp̚.,Hanja,名詞
505,불공평,bulgongpyeong,不公平,Hanja word: 不公平 (bùgōngpíng),bùgōngpíng,pul.k͈oŋ.pʰjʌŋ.,Hanja,名詞
506,불규칙,bulgyuchik,不規則,Hanja word: 不規則 (bùguīzé),bùguīzé,pul.k͈ju.ʨʰik̚.,Hanja,名詞
507,불과,bulgwa,不過,"Only, not more than",búguò,pul.k͈u̯a.,Hanja,副詞
508,불화,bulhwa,不和,Hanja word: 不和 (bùhé),bùhé,puɾ.ɦu̯a.,Hanja,名詞
509,불합격,bulhapgyeok,不合格,Hanja word: 不合格 (bùhégé),bùhégé,puɾ.ɦap̚.k͈jʌk̚.,Hanja,名詞
510,포획,pohoek,捕獲,Hanja word: 捕獲 (bǔhuò),bǔhuò,pʰo.ɦu̯ek̚.,Hanja,名詞
511,부기,bugi,簿記,Hanja word: 簿記 (bùjì),bùjì,pu.ɡi.,Hanja,名詞
512,불구,bulgu,不拘,Hanja word: 不拘 (bùjū),bùjū,pul.k͈u.,Hanja,名詞
513,불균형,bulgyunhyeong,不均衡,Hanja word: 不均衡 (bùjūnhéng),bùjūnhéng,pul.k͈jun.hjʌŋ.,Hanja,名詞
514,불가피,bulgapi,不可避,Hanja word: 不可避 (bùkěbì),bùkěbì,pul.k͈a.pʰi.,Hanja,名詞
515,불가능,bulganeung,不可能,Hanja word: 不可能 (bùkěnéng),bùkěnéng,pul.k͈a.nɯŋ.,Hanja,名詞
516,불가침,bulgachim,不可侵,Hanja word: 不可侵 (bùkěqīn),bùkěqīn,pul.k͈a.ʨʰim.,Hanja,名詞
517,불가정책,bulgajeongchaek,不可政策,Hanja word: 不可政策 (bùkězhèngcè),bùkězhèngcè,pul.k͈a.ʥʌŋ.ʨʰɛk̚.,Hanja,名詞
518,불쾌,bulkwae,不快,Hanja word: 不快 (búkuài),búkuài,pul.kʰu̯ɛ.,Hanja,名詞
519,부류,buryu,部類,Hanja word: 部類 (bùlèi),bùlèi,pu.ɾju.,Hanja,名詞
520,불리,bulri,不利,Hanja word: 不利 (búlì),búlì,pul.li.,Hanja,名詞
521,불량,bulryang,不良,Hanja word: 不良 (bùliáng),bùliáng,pul.ljaŋ.,Hanja,名詞
522,불이익,buliik,不利益,"disadvantage,drawback",búlìyì,puɾ.i.ik̚.,Hanja,名詞
523,불만,bulman,不滿,Dissatisfaction,bùmǎn,pul.man.,Hanja,名詞
524,불만사항,bulmansahang,不滿事項,Hanja word: 不滿事項 (bùmǎnshìxiàng),bùmǎnshìxiàng,pul.man.sa.ɦaŋ.,Hanja,名詞
525,부문,bumun,部門,"A section, department",bùmén,pu.mun.,Hanja,名詞
526,불명료,bulmyeongryo,不明瞭,Hanja word: 不明瞭 (bùmíngliǎo),bùmíngliǎo,pul.mjʌŋ.njo.,Hanja,名詞
527,부품,bupum,部品,"Parts, accessories",bùpǐn,pu.pʰum.,Hanja,名詞
528,불평,bulpyeong,不平,Dissatisfaction,bùpíng,pul.pʰjʌŋ.,Hanja,名詞
529,불평등,bulpyeongdeung,不平等,Hanja word: 不平等 (bùpíngděng),bùpíngděng,pul.pʰjʌŋ.dɯŋ.,Hanja,名詞
530,불친절,bulchinjeol,不親切,Hanja word: 不親切 (bùqīnqiè),bùqīnqiè,pul.ʨʰin.ʥʌl.,Hanja,名詞
531,포구,pogu,捕球,Hanja word: 捕球 (bǔqiú),bǔqiú,pʰo.ɡu.,Hanja,名詞
532,불확실,bulhwaksil,不確實,Hanja word: 不確實 (búquèshí),búquèshí,puɾ.ɦu̯ak̚.ɕʰil.,Hanja,名詞
533,불임,bulim,不妊,Hanja word: 不妊 (bùrèn),bùrèn,puɾ.im.,Hanja,名詞
534,불살생,bulsalsaeng,不殺生,Hanja word: 不殺生 (bùshāshēng),bùshāshēng,pul.s͈al.s͈ɛŋ.,Hanja,名詞
535,보시,bosi,布施,Hanja word: 布施 (bùshī),bùshī,po.ɕʰi.,Hanja,名詞
536,포식,posik,捕食,Hanja word: 捕食 (bǔshí),bǔshí,pʰo.ɕʰik̚.,Hanja,名詞
537,부서,buseo,部署,"one’s post,duty",bùshǔ,pu.sʰʌ.,Hanja,名詞
538,부조리,bujori,不條理,Hanja word: 不條理 (bùtiáolǐ),bùtiáolǐ,pu.ʥo.ɾi.,Hanja,名詞
539,보청기,bocheonggi,補聽器,Hanja word: 補聽器 (bǔtīngqì),bǔtīngqì,po.ʨʰʌŋ.ɡi.,Hanja,名詞
540,불통,bultong,不通,Hanja word: 不通 (bùtōng),bùtōng,pul.tʰoŋ.,Hanja,名詞
541,부두,budu,埠頭,Hanja word: 埠頭 (bùtóu),bùtóu,pu.du.,Hanja,名詞
542,보완,bowan,補完,Hanja word: 補完 (bǔwán),bǔwán,po.u̯an.,Hanja,名詞
543,불완전,bulwanjeon,不完全,Hanja word: 不完全 (bùwánquán),bùwánquán,puɾ.u̯an.ʥʌn.,Hanja,名詞
544,부위,buwi,部位,"A region, part",bùwèi,pu.ɥi.,Hanja,名詞
545,불신,bulsin,不信,Hanja word: 不信 (búxìn),búxìn,pul.ɕʰin.,Hanja,名詞
546,불행,bulhaeng,不幸,Unhappiness,búxìng,puɾ.ɦɛŋ.,Hanja,名詞
547,불신임,bulsinim,不信任,Hanja word: 不信任 (búxìnrèn),búxìnrèn,pul.ɕʰin.im.,Hanja,名詞
548,보수,bosu,補修,Conservation,bǔxiū,po.sʰu.,Hanja,名詞
549,보유,boyu,補遺,Hanja word: 補遺 (bǔyí),bǔyí,po.ju.,Hanja,名詞
550,불일치,bulilchi,不一致,Hanja word: 不一致 (bùyízhì),bùyízhì,puɾ.il.ʨʰi.,Hanja,名詞
551,부원,buwon,部員,Hanja word: 部員 (bùyuán),bùyuán,pu.u̯ʌn.,Hanja,名詞
552,불운,bulun,不運,Hanja word: 不運 (búyùn),búyùn,puɾ.un.,Hanja,名詞
553,부재,bujae,不在,Absence,búzài,pu.ʥɛ.,Hanja,名詞
554,부장,bujang,部長,Head of a department,bùzhǎng,pu.ʥaŋ.,Hanja,名詞
555,찰과상,chalgwasang,擦過傷,Hanja word: 擦過傷 (cāguòshāng),cāguòshāng,ʨʰal.k͈u̯a.sʰaŋ.,Hanja,名詞
556,재보,jaebo,財寶,Hanja word: 財寶 (cáibǎo),cáibǎo,ʨɛ.bo.,Hanja,名詞
557,재산,jaesan,財産,"property,fortune, assets, possessions",cáichǎn,ʨɛ.sʰan.,Hanja,名詞
558,채점,chaejeom,採點,"marking,grading,scoring",cǎidiǎn,ʨʰɛ.ʥʌm.,Hanja,名詞
559,재정,jaejeong,裁定,"finances, economy",cáidìng,ʨɛ.ʥʌŋ.,Hanja,名詞
560,채도,chaedo,彩度,Hanja word: 彩度 (cǎidù),cǎidù,ʨʰɛ.do.,Hanja,名詞
561,재봉,jaebong,裁縫,Hanja word: 裁縫 (cáiféng),cáiféng,ʨɛ.boŋ.,Hanja,名詞
562,채집,chaejip,採集,Hanja word: 採集 (cǎijí),cǎijí,ʨʰɛ.ʥip̚.,Hanja,名詞
563,재가,jaega,裁可,Hanja word: 裁可 (cáikě),cáikě,ʨɛ.ɡa.,Hanja,名詞
564,채광,chaegwang,採鑛,Hanja word: 採鑛 (cǎikuàng),cǎikuàng,ʨʰɛ.ɡu̯aŋ.,Hanja,名詞
565,재료,jaeryo,材料,"stuff,material",cáiliào,ʨɛ.ɾjo.,Hanja,名詞
566,채면기,chaemyeongi,採綿器,Hanja word: 採綿器 (cǎimiánqì),cǎimiánqì,ʨʰɛ.mjʌŋ.ɡi.,Hanja,名詞
567,재목,jaemok,材木,Hanja word: 材木 (cáimù),cáimù,ʨɛ.mok̚.,Hanja,名詞
568,재능,jaeneung,才能,"talent,ability",cáinéng,ʨɛ.nɯŋ.,Hanja,名詞
569,재판,jaepan,裁判,A trial,cáipàn,ʨɛ.pʰan.,Hanja,名詞
570,재판관,jaepangwan,裁判官,Hanja word: 裁判官 (cáipànguān),cáipànguān,ʨɛ.pʰaŋ.ɡu̯an.,Hanja,名詞
571,채식,chaesik,菜食,Hanja word: 菜食 (càishí),càishí,ʨʰɛ.ɕʰik̚.,Hanja,名詞
572,채식주의자,chaesikjuuija,菜食主義者,Hanja word: 菜食主義者 (càishízhǔyìzhě),càishízhǔyìzhě,ʨʰɛ.ɕʰik̚.ʨ͈u.i.ʥa.,Hanja,名詞
573,재수,jaesu,財數,"luck,fortune",cáishǔ,ʨɛ.sʰu.,Hanja,名詞
574,채소,chaeso,菜蔬,"vegetables,greens",càishū,ʨʰɛ.sʰo.,Hanja,名詞
575,채탄,chaetan,採炭,Hanja word: 採炭 (cǎitàn),cǎitàn,ʨʰɛ.tʰan.,Hanja,名詞
576,재무부서,jaemubuseo,財務部署,Hanja word: 財務部署 (cáiwùbùshǔ),cáiwùbùshǔ,ʨɛ.mu.bu.sʰʌ.,Hanja,名詞
577,채용,chaeyong,採用,Hanja word: 採用 (cǎiyòng),cǎiyòng,ʨʰɛ.joŋ.,Hanja,名詞
578,재원,jaewon,財源,Hanja word: 財源 (cáiyuán),cáiyuán,ʨɛ.u̯ʌn.,Hanja,名詞
579,채택,chaetaek,採擇,Hanja word: 採擇 (cǎizé),cǎizé,ʨʰɛ.tʰɛk̚.,Hanja,名詞
580,재정,jaejeong,財政,"finances, economy",cáizhèng,ʨɛ.ʥʌŋ.,Hanja,名詞
581,잔존,janjon,殘存,Hanja word: 殘存 (cáncún),cáncún,ʨan.ʥon.,Hanja,名詞
582,잠두,jamdu,蠶豆,Hanja word: 蠶豆 (cándòu),cándòu,ʨam.du.,Hanja,名詞
583,창창,changchang,蒼蒼,Hanja word: 蒼蒼 (cāngcāng),cāngcāng,ʨʰaŋ.ʨʰaŋ.,Hanja,名詞
584,창구,changgu,艙口,A window,cāngkǒu,ʨʰaŋ.ɡu.,Hanja,名詞
585,창고,changgo,倉庫,"A warehouse,storehouse",cāngkù,ʨʰaŋ.ɡo.,Hanja,名詞
586,잔해,janhae,殘骸,Hanja word: 殘骸 (cánhái),cánhái,ʨan.hɛ.,Hanja,名詞
587,잔혹,janhok,殘酷,Hanja word: 殘酷 (cánkù),cánkù,ʨan.hok̚.,Hanja,名詞
588,잔학,janhak,殘虐,Hanja word: 殘虐 (cánnuè),cánnuè,ʨan.hak̚.,Hanja,名詞
589,잠식,jamsik,蠶食,Hanja word: 蠶食 (cánshí),cánshí,ʨam.ɕʰik̚.,Hanja,名詞
590,참사,chamsa,慘事,Hanja word: 慘事 (cǎnshì),cǎnshì,ʨʰam.sa.,Hanja,名詞
591,잔상,jansang,殘像,Hanja word: 殘像 (cánxiàng),cánxiàng,ʨan.saŋ.,Hanja,名詞
592,잔여,janyeo,殘餘,Hanja word: 殘餘 (cányú),cányú,ʨan.jʌ.,Hanja,名詞
593,잔재,janjae,殘滓,Hanja word: 殘滓 (cánzǐ),cánzǐ,ʨan.ʥɛ.,Hanja,名詞
594,초안,choan,草案,Hanja word: 草案 (cǎoàn),cǎoàn,ʨʰo.an.,Hanja,名詞
595,초본,chobon,草本,Hanja word: 草本 (cǎoběn),cǎoběn,ʨʰo.bon.,Hanja,名詞
596,초고,chogo,草稿,Hanja word: 草稿 (cǎogǎo),cǎogǎo,ʨʰo.ɡo.,Hanja,名詞
597,초록색,choroksaek,草綠色,Green,cǎolǜsè,ʨʰo.ɾok̚.s͈ɛk̚.,Hanja,名詞
598,조심,josim,操心,Hanja word: 操心 (cāoxīn),cāoxīn,ʨo.ɕʰim.,Hanja,名詞
599,초원,chowon,草原,"A plain, a prarie",cǎoyuán,ʨʰo.u̯ʌn.,Hanja,名詞
600,조종,jojong,操縱,Hanja word: 操縱 (cāozòng),cāozòng,ʨo.ʥoŋ.,Hanja,名詞
601,조종사,jojongsa,操縱士,Hanja word: 操縱士 (cāozòngshì),cāozòngshì,ʨo.ʥoŋ.sa.,Hanja,名詞
602,책상,chaeksang,冊床,On the desk,cèchuáng,ʨʰɛk̚.s͈aŋ.,Hanja,名詞
603,측정,cheukjeong,測定,Hanja word: 測定 (cèdìng),cèdìng,ʨʰɯk̚.ʨ͈ʌŋ.,Hanja,名詞
604,책동,chaekdong,策動,Hanja word: 策動 (cèdòng),cèdòng,ʨʰɛk̚.t͈oŋ.,Hanja,名詞
605,책방,chaekbang,冊房,Reading room,cèfáng,ʨʰɛk̚.p͈aŋ.,Hanja,名詞
606,측량,cheukryang,測量,Hanja word: 測量 (cèliàng),cèliàng,ʨʰɯŋ.njaŋ.,Hanja,名詞
607,책략,chaekryak,策略,Hanja word: 策略 (cèluè),cèluè,ʨʰɛŋ.njak̚.,Hanja,名詞
608,측면,cheukmyeon,側面,Hanja word: 側面 (cèmiàn),cèmiàn,ʨʰɯŋ.mjʌn.,Hanja,名詞
609,층적운,cheungjeokun,層積雲,Hanja word: 層積雲 (céngjīyún),céngjīyún,ʨʰɯŋ.ʥʌɡ.un.,Hanja,名詞
610,참가,chamga,參加,"participation,joining",cēnjiā,ʨʰam.ɡa.,Hanja,名詞
611,참가자,chamgaja,參加者,Hanja word: 參加者 (cēnjiāzhě),cēnjiāzhě,ʨʰam.ɡa.ʥa.,Hanja,名詞
612,참고,chamgo,參考,Hanja word: 參考 (cēnkǎo),cēnkǎo,ʨʰam.ɡo.,Hanja,名詞
613,참모,chammo,參謀,Hanja word: 參謀 (cēnmóu),cēnmóu,ʨʰam.mo.,Hanja,名詞
614,참석,chamseok,參席,"Attendance, participation",cēnxí,ʨʰam.sʌk̚.,Hanja,名詞
615,참석자,chamseokja,參席者,Persons present,cēnxízhě,ʨʰam.sʌk̚.ʨ͈a.,Hanja,名詞
616,참여,chamyeo,參與,Participation,cēnyǔ,ʨʰam.jʌ.,Hanja,名詞
617,참조,chamjo,參照,"reference,comparison",cēnzhào,ʨʰam.ʥo.,Hanja,名詞
618,측연,cheukyeon,測鉛,Hanja word: 測鉛 (cèqiān),cèqiān,ʨʰɯɡ.jʌn.,Hanja,名詞
619,측심,cheuksim,測深,Hanja word: 測深 (cèshēn),cèshēn,ʨʰɯk̚.ɕʰim.,Hanja,名詞
620,책사,chaeksa,策士,Hanja word: 策士 (cèshì),cèshì,ʨʰɛk̚.s͈a.,Hanja,名詞
621,측미계,cheukmigye,測微計,Hanja word: 測微計 (cèwēijì),cèwēijì,ʨʰɯŋ.mi.ɡje.,Hanja,名詞
622,측선,cheukseon,側線,Hanja word: 側線 (cèxiàn),cèxiàn,ʨʰɯk̚.s͈ʌn.,Hanja,名詞
623,책장,chaekjang,冊欌,Hanja word: 冊欌 (cè장),cè장,ʨʰɛk̚.ʨ͈aŋ.,Hanja,名詞
624,차별,chabyeol,差別,"distinction,differentiation",chābié,ʨʰa.bjʌl.,Hanja,名詞
625,다방,dabang,茶房,Tea room,cháfáng,ta.baŋ.,Hanja,名詞
626,다과,dagwa,茶菓,Hanja word: 茶菓 (cháguǒ),cháguǒ,ta.ɡu̯a.,Hanja,名詞
627,삽화,saphwa,插話,Hanja word: 插話 (chāhuà),chāhuà,sʰa.pʰu̯a.,Hanja,名詞
628,삽화적,saphwajeok,插話的,Hanja word: 插話的 (chāhuàde·),chāhuàde·,sʰa.pʰu̯a.ʥʌk̚.,Hanja,名詞
629,산출,sanchul,産出,Hanja word: 産出 (chǎnchū),chǎnchū,sʰan.ʨʰul.,Hanja,名詞
630,산부인과,sanbuingwa,産婦人科,Obstetrics and gynecology,chǎnfùrénkē,sʰam.bu.iŋ.ɡu̯a.,Hanja,名詞
631,장점,jangjeom,長點,"A merit,strong point",chángdiǎn,ʨaŋ.ʥʌm.,Hanja,名詞
632,창가,changga,唱歌,"Next to a window, or, the window’s edge",chànggē,ʨʰaŋ.ɡa.,Hanja,名詞
633,장관,janggwan,長官,A government cabinet minister,chángguān,ʨaŋ.ɡu̯an.,Hanja,名詞
634,상환,sanghwan,償還,Hanja word: 償還 (chánghuán),chánghuán,sʰaŋ.hu̯an.,Hanja,名詞
635,장면,jangmyeon,場面,"A scene, situation",chǎngmiàn,ʨaŋ.mjʌn.,Hanja,名詞
636,장남,jangnam,長男,The eldest son,chángnán,ʨaŋ.nam.,Hanja,名詞
637,창피,changpi,猖披,Hanja word: 猖披 (chāngpī),chāngpī,ʨʰaŋ.pʰi.,Hanja,名詞
638,장기적,janggijeok,長期的,Long-term,chángqíde·,ʨaŋ.ɡi.ʥʌk̚.,Hanja,名詞
639,장기간,janggigan,長期間,For a long period,chángqíjiān,ʨaŋ.ɡi.ɡan.,Hanja,名詞
640,장석,jangseok,長石,Hanja word: 長石 (chángshí),chángshí,ʨaŋ.sʌk̚.,Hanja,名詞
641,상식,sangsik,常識,Common sense,chángshì,sʰaŋ.ɕʰik̚.,Hanja,名詞
642,장수,jangsu,長壽,"A tradesman,merchant",chángshòu,ʨaŋ.su.,Hanja,名詞
643,상수,sangsu,常數,Hanja word: 常數 (chángshù),chángshù,sʰaŋ.su.,Hanja,名詞
644,장소,jangso,場所,Place,chǎngsuǒ,ʨaŋ.so.,Hanja,名詞
645,장선,jangseon,腸線,Hanja word: 腸線 (chángxiàn),chángxiàn,ʨaŋ.sʌn.,Hanja,名詞
646,장염,jangyeom,腸炎,Hanja word: 腸炎 (chángyán),chángyán,ʨaŋ.jʌm.,Hanja,名詞
647,장음계,jangeumgye,長音階,Hanja word: 長音階 (chángyīnjiē),chángyīnjiē,ʨaŋ.ɯm.ɡje.,Hanja,名詞
648,참회,chamhoe,懺悔,Hanja word: 懺悔 (chànhuǐ),chànhuǐ,ʨʰam.hu̯e.,Hanja,名詞
649,산파,sanpa,産婆,Hanja word: 産婆 (chǎnpó),chǎnpó,sʰam.pʰa.,Hanja,名詞
650,산업,saneop,産業,Industry,chǎnyè,sʰan.ʌp̚.,Hanja,名詞
651,초단파,chodanpa,超短波,Hanja word: 超短波 (chāoduǎnbō),chāoduǎnbō,ʨʰo.dam.pʰa.,Hanja,名詞
652,조반,joban,朝飯,Hanja word: 朝飯 (cháofàn),cháofàn,ʨo.ban.,Hanja,名詞
653,초과,chogwa,超過,Hanja word: 超過 (chāoguò),chāoguò,ʨʰo.ɡu̯a.,Hanja,名詞
654,초과근무,chogwageunmu,超過勤務,Hanja word: 超過勤務 (chāoguòqínwù),chāoguòqínwù,ʨʰo.ɡu̯a.ɡɯm.mu.,Hanja,名詞
655,조류,joryu,潮流,Hanja word: 潮流 (cháoliú),cháoliú,ʨo.ɾju.,Hanja,名詞
656,조롱,jorong,嘲弄,Hanja word: 嘲弄 (cháonòng),cháonòng,ʨo.ɾoŋ.,Hanja,名詞
657,초인,choin,超人,Hanja word: 超人 (chāorén),chāorén,ʨʰo.in.,Hanja,名詞
658,초인적,choinjeok,超人的,Hanja word: 超人的 (chāorénde·),chāorénde·,ʨʰo.in.ʥʌk̚.,Hanja,名詞
659,조선,joseon,朝鮮,Name for ancient korea culture,cháoxiān,ʨo.sʰʌn.,Hanja,專有名詞
660,초현실주의,chohyeonsiljuui,超現實主義,Hanja word: 超現實主義 (chāoxiànshízhǔyì),chāoxiànshízhǔyì,ʨʰo.hjʌn.ɕʰil.ʨ͈u.e.,Hanja,名詞
661,조소,joso,嘲笑,Hanja word: 嘲笑 (cháoxiào),cháoxiào,ʨo.sʰo.,Hanja,名詞
662,삽입,sapip,插入,Hanja word: 插入 (chārù),chārù,sʰab.ip̚.,Hanja,名詞
663,차이,chai,差異,"difference,disparity",chāyì,ʨʰa.i.,Hanja,名詞
664,차이점,chaijeom,差異點,A point of difference,chāyìdiǎn,ʨʰa.i.ʥʌm.,Hanja,名詞
665,찻잔,chasjan,茶盞,A teacup,cházhǎn,ʨʰat̚.ʨ͈an.,Hanja,名詞
666,사증,sajeung,查證,Hanja word: 查證 (cházhèng),cházhèng,sʰa.ʥɯŋ.,Hanja,名詞
667,차창,chachang,車窗,car/train window,chēchuāng,ʨʰa.ʨʰaŋ.,Hanja,名詞
668,차도,chado,車道,Hanja word: 車道 (chēdào),chēdào,ʨʰa.do.,Hanja,名詞
669,철저,cheoljeo,徹底,Hanja word: 徹底 (chèdǐ),chèdǐ,ʨʰʌl.ʨ͈ʌ.,Hanja,名詞
670,철회,cheolhoe,撤回,Hanja word: 撤回 (chèhuí),chèhuí,ʨʰʌɾ.ɦu̯e.,Hanja,名詞
671,차고,chago,車庫,Hanja word: 車庫 (chēkù),chēkù,ʨʰa.ɡo.,Hanja,名詞
672,차량,charyang,車輛,"vehicles, cars",chēliàng,ʨʰa.ɾjaŋ.,Hanja,名詞
673,성벽,seongbyeok,城壁,Hanja word: 城壁 (chéngbì),chéngbì,sʰʌŋ.bjʌk̚.,Hanja,名詞
674,성층권,seongcheunggwon,成層圈,Hanja word: 成層圈 (chéngcéngquān),chéngcéngquān,sʰʌŋ.ʨʰɯŋ.ɡu̯ʌn.,Hanja,名詞
675,승제,seungje,乘除,Hanja word: 乘除 (chéngchú),chéngchú,sʰɯŋ.ʥe.,Hanja,名詞
676,정도,jeongdo,程度,"grade,degree",chéngdù,ʨʌŋ.do.,Hanja,名詞
677,성공,seonggong,成功,"success,achievement",chénggōng,sʰʌŋ.ɡoŋ.,Hanja,名詞
678,성공적,seonggongjeok,成功的,Successfully,chénggōngde·,sʰʌŋ.ɡoŋ.ʥʌk̚.,Hanja,名詞
679,성과,seonggwa,成果,Hanja word: 成果 (chéngguǒ),chéngguǒ,sʰʌŋ.ɡu̯a.,Hanja,名詞
680,성적,seongjeok,成績,"A result,grade",chéngjī,sʰʌŋ.ʥʌk̚.,Hanja,名詞
681,징계,jinggye,懲戒,Hanja word: 懲戒 (chéngjiè),chéngjiè,ʨiŋ.ɡje.,Hanja,名詞
682,승객,seunggaek,乘客,Passenger,chéngkè,sʰɯŋ.ɡɛk̚.,Hanja,名詞
683,성립,seongrip,成立,Hanja word: 成立 (chénglì),chénglì,sʰʌŋ.nip̚.,Hanja,名詞
684,성년,seongnyeon,成年,Hanja word: 成年 (chéngnián),chéngnián,sʰʌŋ.njʌn.,Hanja,名詞
685,승낙,seungnak,承諾,Hanja word: 承諾 (chéngnuò),chéngnuò,sʰɯŋ.nak̚.,Hanja,名詞
686,성인,seongin,成人,An adult,chéngrén,sʰʌŋ.in.,Hanja,名詞
687,승인,seungin,承認,Hanja word: 承認 (chéngrèn),chéngrèn,sʰɯŋ.in.,Hanja,名詞
688,변성,byeonseong,成聲,Hanja word: 成聲 (chéngshēng),chéngshēng,pjʌn.sʌŋ.,Hanja,名詞
689,성실,seongsil,誠實,Hanja word: 誠實 (chéngshí),chéngshí,sʰʌŋ.ɕʰil.,Hanja,名詞
690,성숙,seongsuk,成熟,Hanja word: 成熟 (chéngshóu),chéngshóu,sʰʌŋ.suk̚.,Hanja,名詞
691,승수,seungsu,乘數,Hanja word: 乘數 (chéngshǔ),chéngshǔ,sʰɯŋ.su.,Hanja,名詞
692,성문화,seongmunhwa,成文化,Hanja word: 成文化 (chéngwénhuà),chéngwénhuà,sʰʌŋ.mun.hu̯a.,Hanja,名詞
693,승무원,seungmuwon,乘務員,Hanja word: 乘務員 (chéngwùyuán),chéngwùyuán,sʰɯŋ.mu.u̯ʌn.,Hanja,名詞
694,징역,jingyeok,懲役,Hanja word: 懲役 (chéngyì),chéngyì,ʨiŋ.jʌk̚.,Hanja,名詞
695,성의,seongui,誠意,Hanja word: 誠意 (chéngyì),chéngyì,sʰʌŋ.e.,Hanja,名詞
696,승용차,seungyongcha,乘用車,A passenger car,chéngyòngchē,sʰɯŋ.joŋ.ʨʰa.,Hanja,名詞
697,칭찬,chingchan,稱讚,"Praide, admiration",chēngzàn,ʨʰiŋ.ʨʰan.,Hanja,名詞
698,성장,seongjang,成長,Growth,chéngzhǎng,sʰʌŋ.ʥaŋ.,Hanja,名詞
699,진열,jinyeol,陳列,Hanja word: 陳列 (chénliè),chénliè,ʨin.jʌl.,Hanja,名詞
700,진정,jinjeong,陳情,Hanja word: 陳情 (chénqíng),chénqíng,ʨin.ʥʌŋ.,Hanja,名詞
701,진술,jinsul,陳述,Hanja word: 陳述 (chénshù),chénshù,ʨin.sul.,Hanja,名詞
702,신하,sinha,臣下,Hanja word: 臣下 (chénxià),chénxià,ɕʰin.ha.,Hanja,名詞
703,철거,cheolgeo,撤去,Hanja word: 撤去 (chèqù),chèqù,ʨʰʌl.k͈ʌ.,Hanja,名詞
704,차선,chaseon,車線,A traffic lane,chēxiàn,ʨʰa.sʰʌn.,Hanja,名詞
705,차종,chajong,車種,Hanja word: 車種 (chēzhǒng),chēzhǒng,ʨʰa.ʥoŋ.,Hanja,名詞
706,차축,chachuk,車軸,Hanja word: 車軸 (chēzhóu),chēzhóu,ʨʰa.ʨʰuk̚.,Hanja,名詞
707,적조,jeokjo,赤潮,Hanja word: 赤潮 (chìcháo),chìcháo,ʨʌk̚.ʨ͈o.,Hanja,名詞
708,적도,jeokdo,赤道,Hanja word: 赤道 (chìdào),chìdào,ʨʌk̚.t͈o.,Hanja,名詞
709,척도,cheokdo,尺度,Hanja word: 尺度 (chǐdù),chǐdù,ʨʰʌk̚.t͈o.,Hanja,名詞
710,치한,chihan,癡漢,Hanja word: 癡漢 (chīhàn),chīhàn,ʨʰi.ɦan.,Hanja,名詞
711,지각,jigak,遲刻,"perception,consciousness",chíkè,ʨi.ɡak̚.,Hanja,名詞
712,치과,chigwa,齒科,A dentist,chǐkē,ʨʰi.ɡu̯a.,Hanja,名詞
713,칙령,chikryeong,勅令,Hanja word: 勅令 (chìlìng),chìlìng,ʨʰiŋ.njʌŋ.,Hanja,名詞
714,적포도주,jeokpodoju,赤葡萄酒,Hanja word: 赤葡萄酒 (chìpútáojiǔ),chìpútáojiǔ,ʨʌk̚.pʰo.do.ʥu.,Hanja,名詞
715,치욕,chiyok,恥辱,Hanja word: 恥辱 (chǐrù),chǐrù,ʨʰi.jok̚.,Hanja,名詞
716,적색,jeoksaek,赤色,Hanja word: 赤色 (chìsè),chìsè,ʨʌk̚.s͈ɛk̚.,Hanja,名詞
717,치수,chisu,齒髓,Hanja word: 齒髓 (chǐsuí),chǐsuí,ʨʰi.sʰu.,Hanja,名詞
718,적철광,jeokcheolgwang,赤鐵鑛,Hanja word: 赤鐵鑛 (chìtiěkuàng),chìtiěkuàng,ʨʌk̚.ʨʰʌl.k͈u̯aŋ.,Hanja,名詞
719,치통,chitong,齒痛,Hanja word: 齒痛 (chǐtòng),chǐtòng,ʨʰi.tʰoŋ.,Hanja,名詞
720,지속,jisok,持續,Hanja word: 持續 (chíxù),chíxù,ʨi.sʰok̚.,Hanja,名詞
721,지속적,jisokjeok,持續的,Continuous,chíxùde·,ʨi.sʰok̚.ʨ͈ʌk̚.,Hanja,名詞
722,치아,chia,齒牙,A tooth,chǐyá,ʨʰi.a.,Hanja,名詞
723,지연,jiyeon,遲延,Hanja word: 遲延 (chíyán),chíyán,ʨi.jʌn.,Hanja,名詞
724,끽연,kkikyeon,喫煙,Hanja word: 喫煙 (chīyān),chīyān,k͈iɡ.jʌn.,Hanja,名詞
725,치약,chiyak,齒藥,Toothpaste,chǐyào,ʨʰi.jak̚.,Hanja,名詞
726,질책,jilchaek,叱責,Hanja word: 叱責 (chìzé),chìzé,ʨil.ʨʰɛk̚.,Hanja,名詞
727,지체,jiche,遲滯,Hanja word: 遲滯 (chízhì),chízhì,ʨi.ʨʰe.,Hanja,名詞
728,숭배,sungbae,崇拜,Hanja word: 崇拜 (chóngbài),chóngbài,sʰuŋ.bɛ.,Hanja,名詞
729,숭배자,sungbaeja,崇拜者,Hanja word: 崇拜者 (chóngbàizhě),chóngbàizhě,sʰuŋ.bɛ.ʥa.,Hanja,名詞
730,충치,chungchi,蟲齒,Hanja word: 蟲齒 (chóngchǐ),chóngchǐ,ʨʰuŋ.ʨʰi.,Hanja,名詞
731,총상,chongsang,銃床,Hanja word: 銃床 (chòngchuáng),chòngchuáng,ʨʰoŋ.saŋ.,Hanja,名詞
732,충당,chungdang,充當,Hanja word: 充當 (chōngdāng),chōngdāng,ʨʰuŋ.daŋ.,Hanja,名詞
733,충전,chungjeon,充電,Hanja word: 充電 (chōngdiàn),chōngdiàn,ʨʰuŋ.ʥʌn.,Hanja,名詞
734,충동,chungdong,衝動,Hanja word: 衝動 (chōngdòng),chōngdòng,ʨʰuŋ.doŋ.,Hanja,名詞
735,충동적,chungdongjeok,衝動的,Hanja word: 衝動的 (chōngdòngde·),chōngdòngde·,ʨʰuŋ.doŋ.ʥʌk̚.,Hanja,名詞
736,충분,chungbun,充分,Hanja word: 充分 (chōngfèn),chōngfèn,ʨʰuŋ.bun.,Hanja,名詞
737,중복,jungbok,重複,Hanja word: 重複 (chóngfù),chóngfù,ʨuŋ.bok̚.,Hanja,名詞
738,중혼,junghon,重婚,Hanja word: 重婚 (chónghūn),chónghūn,ʨuŋ.hon.,Hanja,名詞
739,중혼자,junghonja,重婚者,Hanja word: 重婚者 (chónghūnzhě),chónghūnzhě,ʨuŋ.hon.ʥa.,Hanja,名詞
740,충격,chunggyeok,衝擊,"An impact, a shock",chōngjí,ʨʰuŋ.ɡjʌk̚.,Hanja,名詞
741,총검,chonggeom,銃劍,Hanja word: 銃劍 (chòngjiàn),chòngjiàn,ʨʰoŋ.ɡʌm.,Hanja,名詞
742,충격적,chunggyeokjeok,衝擊的,Shocking,chōngjíde·,ʨʰuŋ.ɡjʌk̚.ʨ͈ʌk̚.,Hanja,名詞
743,동경,donggyeong,憧憬,Hanja word: 憧憬 (chōngjǐng),chōngjǐng,toŋ.ɡjʌŋ.,Hanja,名詞
744,총구,chonggu,銃口,Hanja word: 銃口 (chòngkǒu),chòngkǒu,ʨʰoŋ.ɡu.,Hanja,名詞
745,총성,chongseong,銃聲,Hanja word: 銃聲 (chòngshēng),chòngshēng,ʨʰoŋ.sʌŋ.,Hanja,名詞
746,충돌,chungdol,衝突,"A collision, clash; discord",chōngtū,ʨʰuŋ.dol.,Hanja,名詞
747,충일,chungil,充溢,Hanja word: 充溢 (chōngyì),chōngyì,ʨʰuŋ.il.,Hanja,名詞
748,주저,jujeo,躊躇,Hanja word: 躊躇 (chóuchú),chóuchú,ʨu.ʥʌ.,Hanja,名詞
749,추출,chuchul,抽出,Hanja word: 抽出 (chōuchū),chōuchū,ʨʰu.ʨʰul.,Hanja,名詞
750,추악,chuak,醜惡,Hanja word: 醜惡 (chǒuè),chǒuè,ʨʰu.ak̚.,Hanja,名詞
751,추문,chumun,醜聞,Hanja word: 醜聞 (chǒuwén),chǒuwén,ʨʰu.mun.,Hanja,名詞
752,추상적,chusangjeok,抽象的,Hanja word: 抽象的 (chōuxiàngde·),chōuxiàngde·,ʨʰu.sʰaŋ.ʥʌk̚.,Hanja,名詞
753,전승,jeonseung,傳承,Hanja word: 傳承 (chuánchéng),chuánchéng,ʨʌn.sɯŋ.,Hanja,名詞
754,전달,jeondal,傳達,Delivery,chuándá,ʨʌn.dal.,Hanja,名詞
755,전도,jeondo,傳導,Hanja word: 傳導 (chuándǎo),chuándǎo,ʨʌn.do.,Hanja,名詞
756,선대,seondae,船隊,Hanja word: 船隊 (chuánduì),chuánduì,sʰʌn.dɛ.,Hanja,名詞
757,창구,changgu,窗口,A window,chuāngkǒu,ʨʰaŋ.ɡu.,Hanja,名詞
758,창문,changmun,窗門,A window,chuāngmén,ʨʰaŋ.mun.,Hanja,名詞
759,창시자,changsija,創始者,Hanja word: 創始者 (chuàngshǐzhě),chuàngshǐzhě,ʨʰaŋ.ɕʰi.ʥa.,Hanja,名詞
760,창의,changui,創意,Hanja word: 創意 (chuàngyì),chuàngyì,ʨʰaŋ.e.,Hanja,名詞
761,창의적,changuijeok,創意的,Hanja word: 創意的 (chuàngyìde·),chuàngyìde·,ʨʰaŋ.i.ʥʌk̚.,Hanja,名詞
762,창조,changjo,創造,Creation,chuàngzào,ʨʰaŋ.ʥo.,Hanja,名詞
763,창조적,changjojeok,創造的,Creatively,chuàngzàode·,ʨʰaŋ.ʥo.ʥʌk̚.,Hanja,名詞
764,창조자,changjoja,創造者,Hanja word: 創造者 (chuàngzàozhě),chuàngzàozhě,ʨʰaŋ.ʥo.ʥa.,Hanja,名詞
765,창작,changjak,創作,"Creation, origination",chuàngzuò,ʨʰaŋ.ʥak̚.,Hanja,名詞
766,선하,seonha,船荷,Hanja word: 船荷 (chuánhé),chuánhé,sʰʌn.ha.,Hanja,名詞
767,전기,jeongi,傳記,Electricity,chuánjì,ʨʌŋ.ɡi.,Hanja,名詞
768,선객,seongaek,船客,Hanja word: 船客 (chuánkè),chuánkè,sʰʌŋ.ɡɛk̚.,Hanja,名詞
769,천공,cheongong,穿孔,Hanja word: 穿孔 (chuānkǒng),chuānkǒng,ʨʰʌŋ.ɡoŋ.,Hanja,名詞
770,전령,jeonryeong,傳令,Hanja word: 傳令 (chuánlìng),chuánlìng,ʨʌl.ljʌŋ.,Hanja,名詞
771,천산갑,cheonsangap,穿山甲,Hanja word: 穿山甲 (chuānshānjiǎ),chuānshānjiǎ,ʨʰʌn.saŋ.ɡap̚.,Hanja,名詞
772,전세,jeonse,傳貰,renting with a big downpayment and not paying month to month,chuánshì,ʨʌn.se.,Hanja,名詞
773,선실,seonsil,船室,Hanja word: 船室 (chuánshì),chuánshì,sʰʌn.ɕʰil.,Hanja,名詞
774,전수,jeonsu,傳授,Hanja word: 傳授 (chuánshòu),chuánshòu,ʨʌn.su.,Hanja,名詞
775,전서구,jeonseogu,傳書鳩,Hanja word: 傳書鳩 (chuánshūjiū),chuánshūjiū,ʨʌn.sʌ.ɡu.,Hanja,名詞
776,전설,jeonseol,傳說,"A tradition, a legend",chuánshuō,ʨʌn.sʌl.,Hanja,名詞
777,전송,jeonsong,傳送,Hanja word: 傳送 (chuánsòng),chuánsòng,ʨʌn.soŋ.,Hanja,名詞
778,전통,jeontong,傳統,"tradition,convention",chuántǒng,ʨʌn.tʰoŋ.,Hanja,名詞
779,전통적,jeontongjeok,傳統的,Traditional,chuántǒngde·,ʨʌn.tʰoŋ.ʥʌk̚.,Hanja,名詞
780,전통문화,jeontongmunhwa,傳統文化,Traditional culture,chuántǒngwénhuà,ʨʌn.tʰoŋ.mun.hu̯a.,Hanja,名詞
781,천식,cheonsik,喘息,Hanja word: 喘息 (chuǎnxí),chuǎnxí,ʨʰʌn.ɕʰik̚.,Hanja,名詞
782,선원,seonwon,船員,"A crew, a ship’s company",chuányuán,sʰʌn.u̯ʌn.,Hanja,名詞
783,선장,seonjang,船長,A captain,chuánzhǎng,sʰʌn.ʥaŋ.,Hanja,名詞
784,선주,seonju,船主,Hanja word: 船主 (chuánzhǔ),chuánzhǔ,sʰʌn.ʥu.,Hanja,名詞
785,출판,chulpan,出版,"Publication, publishing",chūbǎn,ʨʰul.pʰan.,Hanja,名詞
786,초판,chopan,初版,Hanja word: 初版 (chūbǎn),chūbǎn,ʨʰo.pʰan.,Hanja,名詞
787,출판사,chulpansa,出版社,A publishing company,chūbǎnshè,ʨʰul.pʰan.sa.,Hanja,名詞
788,초보,chobo,初步,"Initial, first steps",chūbù,ʨʰo.bo.,Hanja,名詞
789,초보자,choboja,初步者,"A beginner, neophyte",chūbùzhě,ʨʰo.bo.ʥa.,Hanja,名詞
790,축산,chuksan,畜産,Hanja word: 畜産 (chùchǎn),chùchǎn,ʨʰuk̚.s͈an.,Hanja,名詞
791,출산,chulsan,出産,Child birth,chūchǎn,ʨʰul.s͈an.,Hanja,名詞
792,제충국,jechungguk,除蟲菊,Hanja word: 除蟲菊 (chúchóngjú),chúchóngjú,ʨe.ʨʰuŋ.ɡuk̚.,Hanja,名詞
793,출처,chulcheo,出處,Hanja word: 出處 (chūchù),chūchù,ʨʰul.ʨʰʌ.,Hanja,名詞
794,초대,chodae,初代,An invitation,chūdài,ʨʰo.dɛ.,Hanja,名詞
795,처지,cheoji,處地,"A situation,circumstances",chǔde·,ʨʰʌ.ʥi.,Hanja,名詞
796,초등학생,chodeunghaksaeng,初等學生,An elementary school student,chūděngxuéshēng,ʨʰo.dɯŋ.hak̚.s͈ɛŋ.,Hanja,名詞
797,초등학교,chodeunghakgyo,初等學校,Elementary school,chūděngxuéxiào,ʨʰo.dɯŋ.hak̚.k͈jo.,Hanja,名詞
798,제대,jedae,除隊,Hanja word: 除隊 (chúduì),chúduì,ʨe.dɛ.,Hanja,名詞
799,처벌,cheobeol,處罰,"punishment,penalty",chǔfá,ʨʰʌ.bʌl.,Hanja,名詞
800,출발,chulbal,出發,"To start (a journey,trip)",chūfā,ʨʰul.p͈al.,Hanja,名詞
801,출발점,chulbaljeom,出發點,The starting point of a trip,chūfādiǎn,ʨʰul.p͈al.ʨ͈ʌm.,Hanja,名詞
802,출범,chulbeom,出帆,Hanja word: 出帆 (chūfān),chūfān,ʨʰul.p͈ʌm.,Hanja,名詞
803,주방,jubang,廚房,"A kitchen, a cookroom",chúfáng,ʨu.baŋ.,Hanja,名詞
804,처방,cheobang,處方,Hanja word: 處方 (chǔfāng),chǔfāng,ʨʰʌ.baŋ.,Hanja,名詞
805,초범자,chobeomja,初犯者,Hanja word: 初犯者 (chūfànzhě),chūfànzhě,ʨʰo.bʌm.ʥa.,Hanja,名詞
806,출비,chulbi,出費,Hanja word: 出費 (chūfèi),chūfèi,ʨʰul.p͈i.,Hanja,名詞
807,처분,cheobun,處分,Hanja word: 處分 (chǔfèn),chǔfèn,ʨʰʌ.bun.,Hanja,名詞
808,출국,chulguk,出國,Leaving a country,chūguó,ʨʰul.k͈uk̚.,Hanja,名詞
809,출하,chulha,出荷,Hanja word: 出荷 (chūhé),chūhé,ʨʰuɾ.ɦa.,Hanja,名詞
810,취관,chwigwan,吹管,Hanja word: 吹管 (chuīguǎn),chuīguǎn,ʨʰɥi.ɡu̯an.,Hanja,名詞
811,촉각,chokgak,觸角,Hanja word: 觸角 (chùjiǎo),chùjiǎo,ʨʰok̚.k͈ak̚.,Hanja,名詞
812,출구,chulgu,出口,An exit,chūkǒu,ʨʰul.k͈u.,Hanja,名詞
813,처리,cheori,處理,"handling,treatment",chǔlǐ,ʨʰʌ.ɾi.,Hanja,名詞
814,촉매,chokmae,觸媒,Hanja word: 觸媒 (chùméi),chùméi,ʨʰoŋ.mɛ.,Hanja,名詞
815,제명,jemyeong,除名,Hanja word: 除名 (chúmíng),chúmíng,ʨe.mjʌŋ.,Hanja,名詞
816,순결,sungyeol,純潔,Hanja word: 純潔 (chúnjié),chúnjié,sʰuŋ.ɡjʌl.,Hanja,名詞
817,순수,sunsu,純粹,"purity,genuineness",chúnsuì,sʰun.su.,Hanja,名詞
818,처녀,cheonyeo,處女,"A virgin, a young maiden",chǔnǚ,ʨʰʌ.njʌ.,Hanja,名詞
819,순진,sunjin,純真,Hanja word: 純真 (chúnzhēn),chúnzhēn,sʰun.ʥin.,Hanja,名詞
820,초반,choban,初盤,The opening part (of a game of baduk),chūpán,ʨʰo.ban.,Hanja,名詞
821,출품,chulpum,出品,Hanja word: 出品 (chūpǐn),chūpǐn,ʨʰul.pʰum.,Hanja,名詞
822,출품자,chulpumja,出品者,Hanja word: 出品者 (chūpǐnzhě),chūpǐnzhě,ʨʰul.pʰum.ʥa.,Hanja,名詞
823,초기,chogi,初期,"The early days, the initial period",chūqí,ʨʰo.ɡi.,Hanja,名詞
824,출근,chulgeun,出勤,Going to work,chūqín,ʨʰul.k͈ɯn.,Hanja,名詞
825,제거,jegeo,除去,Hanja word: 除去 (chúqù),chúqù,ʨe.ɡʌ.,Hanja,名詞
826,출입,chulip,出入,Coming and going,chūrù,ʨʰuɾ.ip̚.,Hanja,名詞
827,출입국,chulipguk,出入國,Entry into a country,chūrùguó,ʨʰuɾ.ip̚.k͈uk̚.,Hanja,名詞
828,출입문,chulipmun,出入門,Door for exiting and entering,chūrùmén,ʨʰuɾ.im.mun.,Hanja,名詞
829,출신,chulsin,出身,"A native, place one is from",chūshēn,ʨʰul.ɕʰin.,Hanja,名詞
830,출생,chulsaeng,出生,Hanja word: 出生 (chūshēng),chūshēng,ʨʰul.s͈ɛŋ.,Hanja,名詞
831,초석,choseok,礎石,Hanja word: 礎石 (chǔshí),chǔshí,ʨʰo.sʰʌk̚.,Hanja,名詞
832,촉수,choksu,觸手,Hanja word: 觸手 (chùshǒu),chùshǒu,ʨʰok̚.s͈u.,Hanja,名詞
833,출두,chuldu,出頭,Hanja word: 出頭 (chūtóu),chūtóu,ʨʰul.t͈u.,Hanja,名詞
834,출퇴근,chultoegeun,出退勤,Go to and come from the office,chūtuìqín,ʨʰul.tʰu̯e.ɡɯn.,Hanja,名詞
835,출퇴근,chultoegeun,出退勤,Go to and come from the office,chūtuìqín,ʨʰul.tʰu̯e.ɡɯn.,Hanja,名詞
836,제외,jeoe,除外,Hanja word: 除外 (chúwài),chúwài,ʨe.u̯e.,Hanja,名詞
837,출석,chulseok,出席,Hanja word: 出席 (chūxí),chūxí,ʨʰul.s͈ʌk̚.,Hanja,名詞
838,출현,chulhyeon,出現,Hanja word: 出現 (chūxiàn),chūxiàn,ʨʰuɾ.ɦjʌn.,Hanja,名詞
839,초심자,chosimja,初心者,Hanja word: 初心者 (chūxīnzhě),chūxīnzhě,ʨʰo.ɕʰim.ʥa.,Hanja,名詞
840,초순,chosun,初旬,The first third of a month,chūxún,ʨʰo.sʰun.,Hanja,名詞
841,출연,chulyeon,出演,Going on stage,chūyǎn,ʨʰuɾ.jʌn.,Hanja,名詞
842,출장,chuljang,出張,A business trip,chūzhāng,ʨʰul.ʨ͈aŋ.,Hanja,名詞
843,촉진,chokjin,觸診,Hanja word: 觸診 (chùzhěn),chùzhěn,ʨʰok̚.ʨ͈in.,Hanja,名詞
844,출자,chulja,出資,Hanja word: 出資 (chūzī),chūzī,ʨʰul.ʨ͈a.,Hanja,名詞
845,자애,jaae,慈愛,Hanja word: 慈愛 (cíài),cíài,ʨa.ɛ.,Hanja,名詞
846,자비,jabi,慈悲,Hanja word: 慈悲 (cíbēi),cíbēi,ʨa.bi.,Hanja,名詞
847,사표,sapyo,辭表,A written resignation,cíbiǎo,sʰa.pʰjo.,Hanja,名詞
848,자장,jajang,磁場,Hanja word: 磁場 (cíchǎng),cíchǎng,ʨa.ʥaŋ.,Hanja,名詞
849,차차,chacha,次次,Gradually,cìcì,ʨʰa.ʨʰa.,Hanja,副詞
850,사전,sajeon,辭典,"beforehand,in advance",cídiǎn,sʰa.ʥʌn.,Hanja,名詞
851,차관,chagwan,次官,Hanja word: 次官 (cìguān),cìguān,ʨʰa.ɡu̯an.,Hanja,名詞
852,자극,jageuk,刺戟,A stimulus,cìjǐ,ʨa.ɡɯk̚.,Hanja,名詞
853,자계,jagye,磁界,Hanja word: 磁界 (cíjiè),cíjiè,ʨa.ɡje.,Hanja,名詞
854,자객,jagaek,刺客,Hanja word: 刺客 (cìkè),cìkè,ʨa.ɡɛk̚.,Hanja,名詞
855,자력,jaryeok,磁力,Hanja word: 磁力 (cílì),cílì,ʨa.ɾjʌk̚.,Hanja,名詞
856,차례,charye,次例,"(1) order,precedence (2) one time, one round",cìlì,ʨʰa.ɾje.,Hanja,名詞
857,차남,chanam,次男,one’s second eldest son,cìnán,ʨʰa.nam.,Hanja,名詞
858,자기,jagi,磁器,"Oneself, number one, numerouno, self",cíqì,ʨa.ɡi.,Hanja,代名詞
859,자기,jagi,磁氣,"Oneself, number one, numerouno, self",cíqì,ʨa.ɡi.,Hanja,代名詞
860,사임,saim,辭任,Hanja word: 辭任 (círèn),círèn,sʰa.im.,Hanja,名詞
861,자석,jaseok,磁石,Hanja word: 磁石 (císhí),císhí,ʨa.sʰʌk̚.,Hanja,名詞
862,자속,jasok,磁束,Hanja word: 磁束 (císhù),císhù,ʨa.sʰok̚.,Hanja,名詞
863,사서,saseo,辭書,Hanja word: 辭書 (císhū),císhū,sʰa.sʰʌ.,Hanja,名詞
864,자철광,jacheolgwang,磁鐵鑛,Hanja word: 磁鐵鑛 (cítiěkuàng),cítiěkuàng,ʨa.ʨʰʌl.k͈u̯aŋ.,Hanja,名詞
865,사퇴,satoe,辭退,Hanja word: 辭退 (cítuì),cítuì,sʰa.tʰu̯e.,Hanja,名詞
866,차원,chawon,次元,Hanja word: 次元 (cìyuán),cìyuán,ʨʰa.u̯ʌn.,Hanja,名詞
867,자침,jachim,磁針,Hanja word: 磁針 (cízhēn),cízhēn,ʨa.ʨʰim.,Hanja,名詞
868,사직,sajik,辭職,Hanja word: 辭職 (cízhí),cízhí,sʰa.ʥik̚.,Hanja,名詞
869,종군,jonggun,從軍,Hanja word: 從軍 (cóngjūn),cóngjūn,ʨoŋ.ɡun.,Hanja,名詞
870,총명,chongmyeong,聰明,Hanja word: 聰明 (cōngmíng),cōngmíng,ʨʰoŋ.mjʌŋ.,Hanja,名詞
871,종속,jongsok,從屬,Hanja word: 從屬 (cóngshǔ),cóngshǔ,ʨoŋ.sok̚.,Hanja,名詞
872,종물,jongmul,從物,Hanja word: 從物 (cóngwù),cóngwù,ʨoŋ.mul.,Hanja,名詞
873,종업원,jongeopwon,從業員,waiter/waitress,cóngyèyuán,ʨoŋ.ʌb.u̯ʌn.,Hanja,名詞
874,종자,jongja,從者,Hanja word: 從者 (cóngzhě),cóngzhě,ʨoŋ.ʥa.,Hanja,名詞
875,초산,chosan,醋酸,Hanja word: 醋酸 (còsuān),còsuān,ʨʰo.sʰan.,Hanja,名詞
876,졸도,joldo,卒倒,Hanja word: 卒倒 (cúdǎo),cúdǎo,ʨol.t͈o.,Hanja,名詞
877,최음제,choeeumje,催淫劑,Hanja word: 催淫劑 (cuīyínjì),cuīyínjì,ʨʰu̯e.ɯm.ʥe.,Hanja,名詞
878,췌장,chwejang,膵臟,Hanja word: 膵臟 (cuìzàng),cuìzàng,ʨʰu̯e.ʥaŋ.,Hanja,名詞
879,촉진,chokjin,促進,Hanja word: 促進 (cùjìn),cùjìn,ʨʰok̚.ʨ͈in.,Hanja,名詞
880,촌극,chongeuk,寸劇,Hanja word: 寸劇 (cùnjù),cùnjù,ʨʰoŋ.ɡɯk̚.,Hanja,名詞
881,존속,jonsok,存續,Hanja word: 存續 (cúnxù),cúnxù,ʨon.sok̚.,Hanja,名詞
882,존재,jonjae,存在,Existence,cúnzài,ʨon.ʥɛ.,Hanja,名詞
883,착각,chakgak,錯覺,"Hallucination, illusion",cuòjué,ʨʰak̚.k͈ak̚.,Hanja,名詞
884,촬영,chwalyeong,撮影,"Photographing, taking pictures/films",cuòyǐng,ʨʰu̯aɾ.jʌŋ.,Hanja,名詞
885,좌절,jwajeol,挫折,Hanja word: 挫折 (cuòzhé),cuòzhé,ʨu̯a.ʥʌl.,Hanja,名詞
886,조치,jochi,措置,Hanja word: 措置 (cuòzhì),cuòzhì,ʨo.ʨʰi.,Hanja,名詞
887,축구,chukgu,蹴球,Football,cùqiú,ʨʰuk̚.k͈u.,Hanja,名詞
888,축구장,chukgujang,蹴球場,Soccer field,cùqiúchǎng,ʨʰuk̚.k͈u.ʥaŋ.,Hanja,名詞
889,졸업,joleop,卒業,Graduation,cúyè,ʨoɾ.ʌp̚.,Hanja,名詞
890,졸업생,joleopsaeng,卒業生,A graduate,cúyèshēng,ʨoɾ.ʌp.s͈ɛŋ.,Hanja,名詞
891,답변,dapbyeon,答辯,An answer,dábiàn,tap̚.p͈jʌn.,Hanja,名詞
892,대부분,daebubun,大部分,Most,dàbùfèn,tɛ.bu.bun.,Hanja,名詞
893,탑승,tapseung,搭乘,Hanja word: 搭乘 (dāchéng),dāchéng,tʰap.s͈ɯŋ.,Hanja,名詞
894,탑승권,tapseunggwon,搭乘券,Hanja word: 搭乘券 (dāchéngquàn),dāchéngquàn,tʰap.s͈ɯŋ.ɡu̯ʌn.,Hanja,名詞
895,타도,tado,打倒,Hanja word: 打倒 (dǎdǎo),dǎdǎo,tʰa.do.,Hanja,名詞
896,타전,tajeon,打電,Hanja word: 打電 (dǎdiàn),dǎdiàn,tʰa.ʥʌn.,Hanja,名詞
897,대동맥,daedongmaek,大動脈,Hanja word: 大動脈 (dàdòngmài),dàdòngmài,tɛ.doŋ.mɛk̚.,Hanja,名詞
898,대다수,daedasu,大多數,A large majority,dàduōshù,tɛ.da.sʰu.,Hanja,名詞
899,대도시,daedosi,大都市,Large city,dàdūshì,tɛ.do.ɕʰi.,Hanja,名詞
900,대개,daegae,大槪,"Mostly, for the most part",dàgài,tɛ.ɡɛ.,Hanja,名詞
901,대강,daegang,大綱,General principles,dàgāng,tɛ.ɡaŋ.,Hanja,副詞
902,대규모,daegyumo,大規模,On a large scale,dàguīmó,tɛ.ɡju.mo.,Hanja,名詞
903,대과거,daegwageo,大過去,Hanja word: 大過去 (dàguòqù),dàguòqù,tɛ.ɡu̯a.ɡʌ.,Hanja,名詞
904,대회,daehoe,大會,A great meeting,dàhuì,tɛ.ɦu̯e.,Hanja,名詞
905,대표,daepyo,代表,Representative,dàibiǎo,tɛ.pʰjo.,Hanja,名詞
906,대표적,daepyojeok,代表的,Representative,dàibiǎode·,tɛ.pʰjo.ʥʌk̚.,Hanja,名詞
907,대표자,daepyoja,代表者,Hanja word: 代表者 (dàibiǎozhě),dàibiǎozhě,tɛ.pʰjo.ʥa.,Hanja,名詞
908,체포,chepo,逮捕,Hanja word: 逮捕 (dǎibǔ),dǎibǔ,ʨʰe.pʰo.,Hanja,名詞
909,체포자,chepoja,逮捕者,Hanja word: 逮捕者 (dǎibǔzhě),dǎibǔzhě,ʨʰe.pʰo.ʥa.,Hanja,名詞
910,대출,daechul,貸出,Lending,dàichū,tɛ.ʨʰul.,Hanja,名詞
911,대타자,daetaja,代打者,Hanja word: 代打者 (dàidǎzhě),dàidǎzhě,tɛ.tʰa.ʥa.,Hanja,名詞
912,대부,daebu,代父,Hanja word: 代父 (dàifù),dàifù,tɛ.bu.,Hanja,名詞
913,대부,daebu,貸付,Hanja word: 貸付 (dàifù),dàifù,tɛ.bu.,Hanja,名詞
914,대합실,daehapsil,待合室,A waiting room,dàihéshì,tɛ.ɦap.ɕʰil.,Hanja,名詞
915,대기,daegi,待機,The atmosphere,dàijī,tɛ.ɡi.,Hanja,名詞
916,대가,daega,代價,"A price, cost, charge, consideration, purchase money, value",dàijià,tɛ.ɡa.,Hanja,名詞
917,대차,daecha,貸借,Hanja word: 貸借 (dàijiè),dàijiè,tɛ.ʨʰa.,Hanja,名詞
918,대접,daejeop,待接,Treatment,dàijiē,tɛ.ʥʌp̚.,Hanja,名詞
919,대리,daeri,代理,Hanja word: 代理 (dàilǐ),dàilǐ,tɛ.ɾi.,Hanja,名詞
920,대리점,daerijeom,代理店,Hanja word: 代理店 (dàilǐdiàn),dàilǐdiàn,tɛ.ɾi.ʥʌm.,Hanja,名詞
921,대리인,daeriin,代理人,Hanja word: 代理人 (dàilǐrén),dàilǐrén,tɛ.ɾi.in.,Hanja,名詞
922,태만,taeman,怠慢,Hanja word: 怠慢 (dàimàn),dàimàn,tʰɛ.man.,Hanja,名詞
923,대명사,daemyeongsa,代名詞,Hanja word: 代名詞 (dàimíngcí),dàimíngcí,tɛ.mjʌŋ.sa.,Hanja,名詞
924,대모,daemo,代母,Hanja word: 代母 (dàimǔ),dàimǔ,tɛ.mo.,Hanja,名詞
925,대기,daegi,待期,The atmosphere,dàiqí,tɛ.ɡi.,Hanja,名詞
926,대입,daeip,代入,Hanja word: 代入 (dàirù),dàirù,tɛ.ip̚.,Hanja,名詞
927,대신,daesin,代身,Instead of,dàishēn,tɛ.ɕʰin.,Hanja,名詞
928,대수,daesu,代數,Hanja word: 代數 (dàishǔ),dàishǔ,tɛ.sʰu.,Hanja,名詞
929,대체,daeche,代替,"An outline, summary",dàitì,tɛ.ʨʰe.,Hanja,副詞
930,대용,daeyong,代用,Hanja word: 代用 (dàiyòng),dàiyòng,tɛ.joŋ.,Hanja,名詞
931,대우,daeu,待遇,Hanja word: 待遇 (dàiyù),dàiyù,tɛ.u.,Hanja,名詞
932,대군,daegun,大君,Hanja word: 大君 (dàjūn),dàjūn,tɛ.ɡun.,Hanja,名詞
933,대량,daeryang,大量,A large quantity,dàliàng,tɛ.ɾjaŋ.,Hanja,名詞
934,대리석,daeriseok,大理石,Hanja word: 大理石 (dàlǐshí),dàlǐshí,tɛ.ɾi.sʰʌk̚.,Hanja,名詞
935,대륙,daeryuk,大陸,A continent,dàlù,tɛ.ɾjuk̚.,Hanja,名詞
936,대략,daeryak,大略,"an outline, summary (2) generally, on the whole",dàluè,tɛ.ɾjak̚.,Hanja,副詞
937,대륙붕,daeryukbung,大陸棚,Hanja word: 大陸棚 (dàlùpéng),dàlùpéng,tɛ.ɾjuk̚.p͈uŋ.,Hanja,名詞
938,대문,daemun,大門,A big gate,dàmén,tɛ.mun.,Hanja,名詞
939,대뇌,daenoe,大腦,Hanja word: 大腦 (dànǎo),dànǎo,tɛ.nu̯e.,Hanja,名詞
940,단백질,danbaekjil,蛋白質,Hanja word: 蛋白質 (dànbáizhí),dànbáizhí,tam.bɛk̚.ʨ͈il.,Hanja,名詞
941,단순,dansun,單純,Simplicity,dānchún,tan.sun.,Hanja,名詞
942,담당,damdang,擔當,"Charge, undertaking",dāndāng,tam.daŋ.,Hanja,名詞
943,담당자,damdangja,擔當者,Person in charge,dāndāngzhě,tam.daŋ.ʥa.,Hanja,名詞
944,단조,danjo,單調,Hanja word: 單調 (dāndiào),dāndiào,tan.ʥo.,Hanja,名詞
945,단독,dandok,丹毒,Independence,dāndú,tan.dok̚.,Hanja,名詞
946,단독,dandok,單獨,Independence,dāndú,tan.dok̚.,Hanja,名詞
947,단풍,danpung,丹楓,Fall foliage,dānfēng,tam.pʰuŋ.,Hanja,名詞
948,단봉낙타,danbongnakta,單峰駱駝,Hanja word: 單峰駱駝 (dānfēngluòtuó),dānfēngluòtuó,tam.boŋ.nak̚.tʰa.,Hanja,名詞
949,당장,dangjang,當場,"On the spot, immediately",dāngchǎng,taŋ.ʥaŋ.,Hanja,名詞
950,당분간,dangbungan,當分間,For the present,dāngfēnjiān,taŋ.buŋ.ɡan.,Hanja,副詞
951,당혹,danghok,當惑,Hanja word: 當惑 (dānghuò),dānghuò,taŋ.hok̚.,Hanja,名詞
952,당파,dangpa,黨派,Hanja word: 黨派 (dǎngpài),dǎngpài,taŋ.pʰa.,Hanja,名詞
953,당첨,dangcheom,當籤,Hanja word: 當籤 (dāngqiān),dāngqiān,taŋ.ʨʰʌm.,Hanja,名詞
954,당연,dangyeon,當然,Hanja word: 當然 (dāngrán),dāngrán,taŋ.jʌn.,Hanja,名詞
955,당신,dangsin,當身,Formal you,dāngshēn,taŋ.ɕʰin.,Hanja,代名詞
956,당시,dangsi,當時,At that time,dāngshí,taŋ.ɕʰi.,Hanja,名詞
957,대역,daeyeok,大逆,Hanja word: 大逆 (dànì),dànì,tɛ.jʌk̚.,Hanja,名詞
958,담력,damryeok,膽力,Hanja word: 膽力 (dǎnlì),dǎnlì,tam.njʌk̚.,Hanja,名詞
959,단리,danri,單利,Hanja word: 單利 (dānlì),dānlì,tal.li.,Hanja,名詞
960,담임,damim,擔任,"Charge, duty",dānrèn,tam.im.,Hanja,名詞
961,탄생,tansaeng,誕生,Birth,dànshēng,tʰan.sɛŋ.,Hanja,名詞
962,담석,damseok,膽石,Hanja word: 膽石 (dǎnshí),dǎnshí,tam.sʌk̚.,Hanja,名詞
963,단서,danseo,但書,Hanja word: 但書 (dànshū),dànshū,tan.sʌ.,Hanja,名詞
964,담수,damsu,淡水,Hanja word: 淡水 (dànshuǐ),dànshuǐ,tam.su.,Hanja,名詞
965,단위,danwi,單位,"A unit, a monad",dānwèi,tan.ɥi.,Hanja,名詞
966,단문,danmun,單文,Hanja word: 單文 (dānwén),dānwén,tam.mun.,Hanja,名詞
967,단안경,danangyeong,單眼鏡,Hanja word: 單眼鏡 (dānyǎnjìng),dānyǎnjìng,tan.aŋ.ɡjʌŋ.,Hanja,名詞
968,탄약,tanyak,彈藥,Hanja word: 彈藥 (dànyào),dànyào,tʰan.jak̚.,Hanja,名詞
969,단일,danil,單一,Hanja word: 單一 (dānyī),dānyī,tan.il.,Hanja,名詞
970,단음,daneum,單音,Hanja word: 單音 (dānyīn),dānyīn,tan.ɯm.,Hanja,名詞
971,단어,daneo,單語,Word,dānyǔ,tan.ʌ.,Hanja,名詞
972,단지,danji,但只,"Simple, merely",dànzhǐ,tan.ʥi.,Hanja,副詞
973,담즙,damjeup,膽汁,Hanja word: 膽汁 (dǎnzhī),dǎnzhī,tam.ʥɯp̚.,Hanja,名詞
974,도표,dopyo,道標,Hanja word: 道標 (dàobiāo),dàobiāo,to.pʰjo.,Hanja,名詞
975,도정,dojeong,道程,Hanja word: 道程 (dàochéng),dàochéng,to.ʥʌŋ.,Hanja,名詞
976,도착,dochak,倒錯,Arrival,dǎocuò,to.ʨʰak̚.,Hanja,名詞
977,도달,dodal,到達,Hanja word: 到達 (dàodá),dàodá,to.dal.,Hanja,名詞
978,도덕,dodeok,道德,"Morality, ethics",dàodé,to.dʌk̚.,Hanja,名詞
979,도저,dojeo,到底,Hanja word: 到底 (dàodǐ),dàodǐ,to.ʥʌ.,Hanja,名詞
980,도화선,dohwaseon,導火線,Hanja word: 導火線 (dǎohuǒxiàn),dǎohuǒxiàn,to.ɦu̯a.sʰʌn.,Hanja,名詞
981,도구,dogu,道具,"Tool, instrument",dàojù,to.ɡu.,Hanja,名詞
982,도리,dori,道理,Hanja word: 道理 (dàolǐ),dàolǐ,to.ɾi.,Hanja,名詞
983,도로,doro,道路,"A road, way",dàolù,to.ɾo.,Hanja,名詞
984,도난,donan,盜難,Hanja word: 盜難 (dàonán),dàonán,to.nan.,Hanja,名詞
985,도입,doip,導入,"introduction, invitation",dǎorù,to.ip̚.,Hanja,名詞
986,도청,docheong,盜聽,Hanja word: 盜聽 (dàotīng),dàotīng,to.ʨʰʌŋ.,Hanja,名詞
987,도의,doui,道義,Hanja word: 道義 (dàoyì),dàoyì,to.e.,Hanja,名詞
988,도착,dochak,到着,Arrival,dàozhe·,to.ʨʰak̚.,Hanja,名詞
989,대포,daepo,大砲,Hanja word: 大砲 (dàpào),dàpào,tɛ.pʰo.,Hanja,名詞
990,타파,tapa,打破,Hanja word: 打破 (dǎpò),dǎpò,tʰa.pʰa.,Hanja,名詞
991,대기,daegi,大氣,The atmosphere,dàqì,tɛ.ɡi.,Hanja,名詞
992,대전제,daejeonje,大前提,Hanja word: 大前提 (dàqiántí),dàqiántí,tɛ.ʥʌn.ʥe.,Hanja,名詞
993,대구,daegu,大邱,Daegu city,dàqiū,tɛ.ɡu.,Hanja,專有名詞
994,대기업,daegieop,大企業,Big enterprise,dàqìyè,tɛ.ɡi.ʌp̚.,Hanja,名詞
995,대사,daesa,大赦,"Speech, dialogue",dàshè,tɛ.sʰa.,Hanja,名詞
996,대사,daesa,大使,"Speech, dialogue",dàshǐ,tɛ.sʰa.,Hanja,名詞
997,대사관,daesagwan,大使館,Embassy,dàshǐguǎn,tɛ.sʰa.ɡu̯an.,Hanja,名詞
998,타산,tasan,打算,Hanja word: 打算 (dǎsuàn),dǎsuàn,tʰa.sʰan.,Hanja,名詞
999,타산적,tasanjeok,打算的,Hanja word: 打算的 (dǎsuànde·),dǎsuànde·,tʰa.sʰan.ʥʌk̚.,Hanja,名詞
1000,대체,daeche,大體,"An outline, summary",dàtǐ,tɛ.ʨʰe.,Hanja,副詞
1001,대전,daejeon,大田,Daejon city,dàtián,tɛ.ʥʌn.,Hanja,專有名詞
1002,대통령,daetongryeong,大統領,The president,dàtǒnglǐng,tɛ.tʰoŋ.njʌŋ.,Hanja,名詞
1003,대단원,daedanwon,大團圓,Hanja word: 大團圓 (dàtuányuán),dàtuányuán,tɛ.dan.u̯ʌn.,Hanja,名詞
1004,대망,daemang,大望,Hanja word: 大望 (dàwàng),dàwàng,tɛ.maŋ.,Hanja,名詞
1005,대문자,daemunja,大文字,Hanja word: 大文字 (dàwénzì),dàwénzì,tɛ.mun.ʥa.,Hanja,名詞
1006,대형,daehyeong,大型,"Large, full-sized",dàxíng,tɛ.hjʌŋ.,Hanja,名詞
1007,대서양,daeseoyang,大西洋,Hanja word: 大西洋 (dàxīyáng),dàxīyáng,tɛ.sʰʌ.jaŋ.,Hanja,名詞
1008,대학,daehak,大學,University,dàxué,tɛ.ɦak̚.,Hanja,名詞
1009,대학교수,daehakgyosu,大學敎授,University professor,dàxuéjiàoshòu,tɛ.ɦak̚.k͈jo.sʰu.,Hanja,名詞
1010,대학생,daehaksaeng,大學生,University student,dàxuéshēng,tɛ.ɦak̚.s͈ɛŋ.,Hanja,名詞
1011,대학교,daehakgyo,大學校,University,dàxuéxiào,tɛ.ɦak̚.k͈jo.,Hanja,名詞
1012,대학원,daehakwon,大學院,Graduate school,dàxuéyuàn,tɛ.ɦaɡ.u̯ʌn.,Hanja,名詞
1013,대양,daeyang,大洋,Hanja word: 大洋 (dàyáng),dàyáng,tɛ.jaŋ.,Hanja,名詞
1014,대요,daeyo,大要,Hanja word: 大要 (dàyào),dàyào,tɛ.jo.,Hanja,名詞
1015,대략,daeryak,大約,"an outline, summary (2) generally, on the whole",dàyuē,tɛ.ɾjak̚.,Hanja,副詞
1016,대중,daejung,大衆,The masses,dàzhòng,tɛ.ʥuŋ.,Hanja,名詞
1017,대중적,daejungjeok,大衆的,Of the masses,dàzhòngde·,tɛ.ʥuŋ.ʥʌk̚.,Hanja,名詞
1018,대중교통,daejunggyotong,大衆交通,Mass transportation,dàzhòngjiāotōng,tɛ.ʥuŋ.ɡjo.tʰoŋ.,Hanja,名詞
1019,대중문화,daejungmunhwa,大衆文化,Pop culture,dàzhòngwénhuà,tɛ.ʥuŋ.mun.hu̯a.,Hanja,名詞
1020,답장,dapjang,答狀,An answer,dázhuàng,tap̚.ʨ͈aŋ.,Hanja,名詞
1021,타자,taja,打字,Hanja word: 打字 (dǎzì),dǎzì,tʰa.ʥa.,Hanja,名詞
1022,타자기,tajagi,打字機,A typewriter,dǎzìjī,tʰa.ʥa.ɡi.,Hanja,名詞
1023,득점,deukjeom,得點,Hanja word: 得點 (dédiǎn),dédiǎn,tɯk̚.ʨ͈ʌm.,Hanja,名詞
1024,덕분,deokbun,德分,Indebtedness,défēn,tʌk̚.p͈un.,Hanja,名詞
1025,등차수열,deungchasuyeol,等差數列,Hanja word: 等差數列 (děngchāshǔliè),děngchāshǔliè,tɯŋ.ʨʰa.sʰu.jʌl.,Hanja,名詞
1026,등기,deunggi,登記,Hanja word: 登記 (dēngjì),dēngjì,tɯŋ.ɡi.,Hanja,名詞
1027,등가,deungga,等價,Hanja word: 等價 (děngjià),děngjià,tɯŋ.ɡa.,Hanja,名詞
1028,등록,deungrok,登錄,Hanja word: 登錄 (dēnglù),dēnglù,tɯŋ.nok̚.,Hanja,名詞
1029,등반,deungban,登攀,Hanja word: 登攀 (dēngpān),dēngpān,tɯŋ.ban.,Hanja,名詞
1030,등산,deungsan,登山,Hanja word: 登山 (dēngshān),dēngshān,tɯŋ.san.,Hanja,名詞
1031,등대,deungdae,燈臺,Hanja word: 燈臺 (dēngtái),dēngtái,tɯŋ.dɛ.,Hanja,名詞
1032,등유,deungyu,燈油,Hanja word: 燈油 (dēngyóu),dēngyóu,tɯŋ.ju.,Hanja,名詞
1033,득의,deukui,得意,Hanja word: 得意 (déyì),déyì,tɯɡ.e.,Hanja,名詞
1034,전보,jeonbo,電報,Hanja word: 電報 (diànbào),diànbào,ʨʌm.bo.,Hanja,名詞
1035,전지,jeonji,電池,Hanja word: 電池 (diànchí),diànchí,ʨʌn.ʥi.,Hanja,名詞
1036,전등,jeondeung,電燈,Hanja word: 電燈 (diàndēng),diàndēng,ʨʌn.dɯŋ.,Hanja,名詞
1037,전분,jeonbun,澱粉,Hanja word: 澱粉 (diànfěn),diànfěn,ʨʌm.bun.,Hanja,名詞
1038,전하,jeonha,電荷,Hanja word: 電荷 (diànhè),diànhè,ʨʌn.ha.,Hanja,名詞
1039,점호,jeomho,點呼,Hanja word: 點呼 (diǎnhū),diǎnhū,ʨʌm.ho.,Hanja,名詞
1040,전화,jeonhwa,電話,Telephone,diànhuà,ʨʌn.hu̯a.,Hanja,名詞
1041,전화번호,jeonhwabeonho,電話番號,Telephone number,diànhuàfānhào,ʨʌn.hu̯a.bʌn.ho.,Hanja,名詞
1042,전화기,jeonhwagi,電話機,Telephone receiver,diànhuàjī,ʨʌn.hu̯a.ɡi.,Hanja,名詞
1043,전화요금,jeonhwayogeum,電話料金,Hanja word: 電話料金 (diànhuàliàojīn),diànhuàliàojīn,ʨʌn.hu̯a.jo.ɡɯm.,Hanja,名詞
1044,점화,jeomhwa,點火,Hanja word: 點火 (diǎnhuǒ),diǎnhuǒ,ʨʌm.hu̯a.,Hanja,名詞
1045,전극,jeongeuk,電極,Hanja word: 電極 (diànjí),diànjí,ʨʌŋ.ɡɯk̚.,Hanja,名詞
1046,점검,jeomgeom,點檢,"inspection,examination",diǎnjiǎn,ʨʌm.ɡʌm.,Hanja,名詞
1047,전해,jeonhae,電解,Hanja word: 電解 (diànjiě),diànjiě,ʨʌn.hɛ.,Hanja,名詞
1048,전리,jeonri,電離,Hanja word: 電離 (diànlí),diànlí,ʨʌl.li.,Hanja,名詞
1049,전력,jeonryeok,電力,Hanja word: 電力 (diànlì),diànlì,ʨʌl.ljʌk̚.,Hanja,名詞
1050,전류,jeonryu,電流,Hanja word: 電流 (diànliú),diànliú,ʨʌl.lju.,Hanja,名詞
1051,전기,jeongi,電器,Electricity,diànqì,ʨʌŋ.ɡi.,Hanja,名詞
1052,전기,jeongi,電氣,Electricity,diànqì,ʨʌŋ.ɡi.,Hanja,名詞
1053,전기요금,jeongiyogeum,電氣料金,Hanja word: 電氣料金 (diànqìliàojīn),diànqìliàojīn,ʨʌŋ.ɡi.jo.ɡɯm.,Hanja,名詞
1054,전구,jeongu,電球,An electric bulb,diànqiú,ʨʌŋ.ɡu.,Hanja,名詞
1055,점수,jeomsu,點數,"marks,the number of marks",diǎnshǔ,ʨʌm.su.,Hanja,名詞
1056,전철,jeoncheol,電鐵,An electric railway,diàntiě,ʨʌn.ʨʰʌl.,Hanja,名詞
1057,점선,jeomseon,點線,Hanja word: 點線 (diǎnxiàn),diǎnxiàn,ʨʌm.sʌn.,Hanja,名詞
1058,점심,jeomsim,點心,Lunch,diǎnxīn,ʨʌm.ɕʰim.,Hanja,名詞
1059,전형,jeonhyeong,典型,Hanja word: 典型 (diǎnxíng),diǎnxíng,ʨʌn.hjʌŋ.,Hanja,名詞
1060,전형적,jeonhyeongjeok,典型的,Hanja word: 典型的 (diǎnxíngde·),diǎnxíngde·,ʨʌn.hjʌŋ.ʥʌk̚.,Hanja,名詞
1061,점심시간,jeomsimsigan,點心時間,Lunchtime,diǎnxīnshíjiān,ʨʌm.ɕʰim.ɕʰi.ɡan.,Hanja,名詞
1062,점원,jeomwon,店員,A shop-assistant,diànyuán,ʨʌm.u̯ʌn.,Hanja,名詞
1063,전원,jeonwon,電源,Hanja word: 電源 (diànyuán),diànyuán,ʨʌn.u̯ʌn.,Hanja,名詞
1064,전자,jeonja,電子,An electron,diànzǐ,ʨʌn.ʥa.,Hanja,名詞
1065,조사,josa,調查,"investigation,inquiry",diàochá,ʨo.sʰa.,Hanja,名詞
1066,조달,jodal,調達,Hanja word: 調達 (diàodá),diàodá,ʨo.dal.,Hanja,名詞
1067,조각,jogak,雕刻,Sculpture,diāokè,ʨo.ɡak̚.,Hanja,名詞
1068,적교,jeokgyo,吊橋,Hanja word: 吊橋 (diàoqiáo),diàoqiáo,ʨʌk̚.k͈jo.,Hanja,名詞
1069,조상,josang,雕像,Ancestors,diāoxiàng,ʨo.sʰaŋ.,Hanja,名詞
1070,지층,jicheung,地層,Hanja word: 地層 (dìcéng),dìcéng,ʨi.ʨʰɯŋ.,Hanja,名詞
1071,체전,chejeon,遞傳,Hanja word: 遞傳 (dìchuán),dìchuán,ʨʰe.ʥʌn.,Hanja,名詞
1072,지자기,jijagi,地磁氣,Hanja word: 地磁氣 (dìcíqì),dìcíqì,ʨi.ʥa.ɡi.,Hanja,名詞
1073,지대,jidae,地帶,"Zone, belt, district",dìdài,ʨi.dɛ.,Hanja,名詞
1074,저당,jeodang,抵當,Hanja word: 抵當 (dǐdāng),dǐdāng,ʨʌ.daŋ.,Hanja,名詞
1075,저지,jeoji,低地,Hanja word: 低地 (dīde·),dīde·,ʨʌ.ʥi.,Hanja,名詞
1076,지점,jijeom,地點,"A spot, point",dìdiǎn,ʨi.ʥʌm.,Hanja,名詞
1077,적대,jeokdae,敵對,Hanja word: 敵對 (díduì),díduì,ʨʌk̚.t͈ɛ.,Hanja,名詞
1078,지방,jibang,地方,"A locality, district",dìfāng,ʨi.baŋ.,Hanja,名詞
1079,제국,jeguk,帝國,Hanja word: 帝國 (dìguó),dìguó,ʨe.ɡuk̚.,Hanja,名詞
1080,체결,chegyeol,締結,Hanja word: 締結 (dìjié),dìjié,ʨʰe.ɡjʌl.,Hanja,名詞
1081,지계,jigye,地階,Hanja word: 地階 (dìjiē),dìjiē,ʨi.ɡje.,Hanja,名詞
1082,지경,jigyeong,地境,"A boundary,situation,state",dìjìng,ʨi.ɡjʌŋ.,Hanja,依存名詞
1083,저항,jeohang,抵抗,Hanja word: 抵抗 (dǐkàng),dǐkàng,ʨʌ.ɦaŋ.,Hanja,名詞
1084,지뢰,jiroe,地雷,Hanja word: 地雷 (dìléi),dìléi,ʨi.ɾu̯e.,Hanja,名詞
1085,지리,jiri,地理,Hanja word: 地理 (dìlǐ),dìlǐ,ʨi.ɾi.,Hanja,名詞
1086,지면,jimyeon,地面,Hanja word: 地面 (dìmiàn),dìmiàn,ʨi.mjʌn.,Hanja,名詞
1087,저능,jeoneung,低能,Hanja word: 低能 (dīnéng),dīnéng,ʨʌ.nɯŋ.,Hanja,名詞
1088,정상적,jeongsangjeok,定常的,"normal,like usual",dìngchángde·,ʨʌŋ.saŋ.ʥʌk̚.,Hanja,名詞
1089,정점,jeongjeom,定點,Hanja word: 定點 (dìngdiǎn),dìngdiǎn,ʨʌŋ.ʥʌm.,Hanja,名詞
1090,정제,jeongje,錠劑,Hanja word: 錠劑 (dìngjì),dìngjì,ʨʌŋ.ʥe.,Hanja,名詞
1091,정립,jeongrip,定立,Hanja word: 定立 (dìnglì),dìnglì,ʨʌŋ.nip̚.,Hanja,名詞
1092,정리,jeongri,定理,"arrangment,regulation,adjustment",dìnglǐ,ʨʌŋ.ni.,Hanja,名詞
1093,정년,jeongnyeon,定年,Hanja word: 定年 (dìngnián),dìngnián,ʨʌŋ.njʌn.,Hanja,名詞
1094,정기,jeonggi,定期,A fixed time period,dìngqí,ʨʌŋ.ɡi.,Hanja,名詞
1095,정기적,jeonggijeok,定期的,"fixed,regular (time sth)",dìngqíde·,ʨʌŋ.ɡi.ʥʌk̚.,Hanja,名詞
1096,정상,jeongsang,頂上,"The top, summit",dǐngshàng,ʨʌŋ.saŋ.,Hanja,名詞
1097,정정,jeongjeong,訂正,Hanja word: 訂正 (dìngzhèng),dìngzhèng,ʨʌŋ.ʥʌŋ.,Hanja,名詞
1098,정족수,jeongjoksu,定足數,Hanja word: 定足數 (dìngzúshǔ),dìngzúshǔ,ʨʌŋ.ʥok̚.s͈u.,Hanja,名詞
1099,지반,jiban,地盤,Hanja word: 地盤 (dìpán),dìpán,ʨi.ban.,Hanja,名詞
1100,지구,jigu,地球,The earth,dìqiú,ʨi.ɡu.,Hanja,名詞
1101,지구,jigu,地區,The earth,dìqū,ʨi.ɡu.,Hanja,名詞
1102,지세,jise,地勢,Hanja word: 地勢 (dìshì),dìshì,ʨi.sʰe.,Hanja,名詞
1103,적수,jeoksu,敵手,Hanja word: 敵手 (díshǒu),díshǒu,ʨʌk̚.s͈u.,Hanja,名詞
1104,지도,jido,地圖,"Map, atlas",dìtú,ʨi.do.,Hanja,名詞
1105,지위,jiwi,地位,"Position, status",dìwèi,ʨi.ɥi.,Hanja,名詞
1106,지문학,jimunhak,地文學,Hanja word: 地文學 (dìwénxué),dìwénxué,ʨi.mun.hak̚.,Hanja,名詞
1107,지협,jihyeop,地峽,Hanja word: 地峽 (dìxiá),dìxiá,ʨi.hjʌp̚.,Hanja,名詞
1108,지하,jiha,地下,Underground,dìxià,ʨi.ɦa.,Hanja,名詞
1109,저하,jeoha,低下,Hanja word: 低下 (dīxià),dīxià,ʨʌ.ɦa.,Hanja,名詞
1110,지하도,jihado,地下道,Underground road,dìxiàdào,ʨi.ɦa.do.,Hanja,名詞
1111,지하실,jihasil,地下室,Hanja word: 地下室 (dìxiàshì),dìxiàshì,ʨi.ɦa.ɕʰil.,Hanja,名詞
1112,지하철,jihacheol,地下鐵,Subway,dìxiàtiě,ʨi.ɦa.ʨʰʌl.,Hanja,名詞
1113,지하철역,jihacheolyeok,地下鐵驛,Hanja word: 地下鐵驛 (dìxiàtiěyì),dìxiàtiěyì,ʨi.ɦa.ʨʰʌɾ.jʌk̚.,Hanja,名詞
1114,지형,jihyeong,地形,Hanja word: 地形 (dìxíng),dìxíng,ʨi.hjʌŋ.,Hanja,名詞
1115,적의,jeokui,敵意,Hanja word: 敵意 (díyì),díyì,ʨʌɡ.e.,Hanja,名詞
1116,제일,jeil,第一,The first,dìyī,ʨe.il.,Hanja,名詞
1117,지역,jiyeok,地域,"An area, region",dìyù,ʨi.jʌk̚.,Hanja,名詞
1118,지옥,jiok,地獄,Hanja word: 地獄 (dìyù),dìyù,ʨi.ok̚.,Hanja,名詞
1119,지진,jijin,地震,Earthquake,dìzhèn,ʨi.ʥin.,Hanja,名詞
1120,제정,jejeong,帝政,Hanja word: 帝政 (dìzhèng),dìzhèng,ʨe.ʥʌŋ.,Hanja,名詞
1121,지정학,jijeonghak,地政學,Hanja word: 地政學 (dìzhèngxué),dìzhèngxué,ʨi.ʥʌŋ.hak̚.,Hanja,名詞
1122,지지,jiji,地誌,"support,backing",dìzhì,ʨi.ʥi.,Hanja,名詞
1123,지중해,jijunghae,地中海,Hanja word: 地中海 (dìzhōnghǎi),dìzhōnghǎi,ʨi.ʥuŋ.hɛ.,Hanja,名詞
1124,지주,jiju,地主,Hanja word: 地主 (dìzhǔ),dìzhǔ,ʨi.ʥu.,Hanja,名詞
1125,제자,jeja,弟子,A disciple,dìzǐ,ʨe.ʥa.,Hanja,名詞
1126,지조,jijo,地租,Hanja word: 地租 (dìzū),dìzū,ʨi.ʥo.,Hanja,名詞
1127,동사,dongsa,動詞,Hanja word: 動詞 (dòngcí),dòngcí,toŋ.sa.,Hanja,名詞
1128,동계,donggye,動悸,Hanja word: 動悸 (dòngjì),dòngjì,toŋ.ɡje.,Hanja,名詞
1129,동기,donggi,動機,Hanja word: 動機 (dòngjī),dòngjī,toŋ.ɡi.,Hanja,名詞
1130,동경,donggyeong,東京,Hanja word: 東京 (dōngjīng),dōngjīng,toŋ.ɡjʌŋ.,Hanja,名詞
1131,도쿄발,dokyobal,東京發,Hanja word: 東京發 (dōngjīngfā),dōngjīngfā,to.kʰjo.bal.,Hanja,名詞
1132,동굴,donggul,洞窟,Hanja word: 洞窟 (dòngkū),dòngkū,toŋ.ɡul.,Hanja,名詞
1133,동력,dongryeok,動力,Hanja word: 動力 (dònglì),dònglì,toŋ.njʌk̚.,Hanja,名詞
1134,동란,dongran,動亂,Hanja word: 動亂 (dòngluàn),dòngluàn,toŋ.nan.,Hanja,名詞
1135,동맥,dongmaek,動脈,Hanja word: 動脈 (dòngmài),dòngmài,toŋ.mɛk̚.,Hanja,名詞
1136,동면,dongmyeon,冬眠,Hanja word: 冬眠 (dōngmián),dōngmián,toŋ.mjʌn.,Hanja,名詞
1137,동명사,dongmyeongsa,動名詞,Hanja word: 動名詞 (dòngmíngcí),dòngmíngcí,toŋ.mjʌŋ.sa.,Hanja,名詞
1138,동상,dongsang,凍傷,Hanja word: 凍傷 (dòngshāng),dòngshāng,toŋ.saŋ.,Hanja,名詞
1139,동석,dongseok,凍石,Hanja word: 凍石 (dòngshí),dòngshí,toŋ.sʌk̚.,Hanja,名詞
1140,동물,dongmul,動物,Hanja word: 動物 (dòngwù),dòngwù,toŋ.mul.,Hanja,名詞
1141,동물숭배,dongmulsungbae,動物崇拜,Hanja word: 動物崇拜 (dòngwùchóngbài),dòngwùchóngbài,toŋ.mul.s͈uŋ.bɛ.,Hanja,名詞
1142,동물원,dongmulwon,動物園,Hanja word: 動物園 (dòngwùyuán),dòngwùyuán,toŋ.muɾ.u̯ʌn.,Hanja,名詞
1143,동양풍,dongyangpung,東洋風,Hanja word: 東洋風 (dōngyángfēng),dōngyángfēng,toŋ.jaŋ.pʰuŋ.,Hanja,名詞
1144,동요,dongyo,動搖,Hanja word: 動搖 (dòngyáo),dòngyáo,toŋ.jo.,Hanja,名詞
1145,동인도,dongindo,東印度,Hanja word: 東印度 (dōngyìndù),dōngyìndù,toŋ.in.do.,Hanja,名詞
1146,동원,dongwon,動員,Hanja word: 動員 (dòngyuán),dòngyuán,toŋ.u̯ʌn.,Hanja,名詞
1147,동작,dongjak,動作,Hanja word: 動作 (dòngzuò),dòngzuò,toŋ.ʥak̚.,Hanja,名詞
1148,도대체,dodaeche,都大體,"In the world, on earth",dōudàtǐ,to.dɛ.ʨʰe.,Hanja,副詞
1149,도회,dohoe,都會,Hanja word: 都會 (dōuhuì),dōuhuì,to.ɦu̯e.,Hanja,名詞
1150,투계,tugye,鬪雞,Hanja word: 鬪雞 (dòujī),dòujī,tʰu.ɡje.,Hanja,名詞
1151,투사,tusa,鬪士,Hanja word: 鬪士 (dòushì),dòushì,tʰu.sʰa.,Hanja,名詞
1152,도심,dosim,都心,The heart of the city,dōuxīn,to.ɕʰim.,Hanja,名詞
1153,투쟁,tujaeng,鬪爭,Hanja word: 鬪爭 (dòuzhēng),dòuzhēng,tʰu.ʥɛŋ.,Hanja,名詞
1154,단파,danpa,短波,Hanja word: 短波 (duǎnbō),duǎnbō,tam.pʰa.,Hanja,名詞
1155,단도,dando,短刀,Hanja word: 短刀 (duǎndāo),duǎndāo,tan.do.,Hanja,名詞
1156,단점,danjeom,短點,A weak point,duǎndiǎn,tan.ʥʌm.,Hanja,名詞
1157,단계,dangye,段階,"A step, phase",duànjiē,taŋ.ɡje.,Hanja,名詞
1158,단락,danrak,段落,Hanja word: 段落 (duànluò),duànluò,tal.lak̚.,Hanja,名詞
1159,단면,danmyeon,斷面,Hanja word: 斷面 (duànmiàn),duànmiàn,tam.mjʌn.,Hanja,名詞
1160,단편,danpyeon,斷片,"A piece, fragment",duànpiàn,tam.pʰjʌn.,Hanja,名詞
1161,단편,danpyeon,短篇,"A piece, fragment",duǎnpiān,tam.pʰjʌn.,Hanja,名詞
1162,단식,dansik,斷食,Hanja word: 斷食 (duànshí),duànshí,tan.ɕʰik̚.,Hanja,名詞
1163,단축,danchuk,短縮,Hanja word: 短縮 (duǎnsuō),duǎnsuō,tan.ʨʰuk̚.,Hanja,名詞
1164,단두대,dandudae,斷頭臺,Hanja word: 斷頭臺 (duàntóutái),duàntóutái,tan.du.dɛ.,Hanja,名詞
1165,단화,danhwa,短靴,Hanja word: 短靴 (duǎnxuē),duǎnxuē,tan.hu̯a.,Hanja,名詞
1166,단언,daneon,斷言,Hanja word: 斷言 (duànyán),duànyán,tan.ʌn.,Hanja,名詞
1167,독본,dokbon,讀本,Hanja word: 讀本 (dúběn),dúběn,tok̚.p͈on.,Hanja,名詞
1168,도박,dobak,賭博,Hanja word: 賭博 (dǔbó),dǔbó,to.bak̚.,Hanja,名詞
1169,독재적,dokjaejeok,獨裁的,Hanja word: 獨裁的 (dúcáide·),dúcáide·,tok̚.ʨ͈ɛ.ʥʌk̚.,Hanja,名詞
1170,독재자,dokjaeja,獨裁者,Hanja word: 獨裁者 (dúcáizhě),dúcáizhě,tok̚.ʨ͈ɛ.ʥa.,Hanja,名詞
1171,독창적,dokchangjeok,獨創的,Original,dúchuàngde·,tok̚.ʨʰaŋ.ʥʌk̚.,Hanja,名詞
1172,독감,dokgam,毒感,Influenza,dúgǎn,tok̚.k͈am.,Hanja,名詞
1173,대비,daebi,對備,"Provision, preparation",duìbèi,tɛ.bi.,Hanja,名詞
1174,대책,daechaek,對策,Countermeasure,duìcè,tɛ.ʨʰɛk̚.,Hanja,名詞
1175,대처,daecheo,對處,Hanja word: 對處 (duìchù),duìchù,tɛ.ʨʰʌ.,Hanja,名詞
1176,대답,daedap,對答,An answer,duìdá,tɛ.dap̚.,Hanja,名詞
1177,퇴비,toebi,堆肥,Hanja word: 堆肥 (duīféi),duīféi,tʰu̯e.bi.,Hanja,名詞
1178,대화,daehwa,對話,Conversation,duìhuà,tɛ.ɦu̯a.,Hanja,名詞
1179,대화자,daehwaja,對話者,Hanja word: 對話者 (duìhuàzhě),duìhuàzhě,tɛ.ɦu̯a.ʥa.,Hanja,名詞
1180,대결,daegyeol,對決,Hanja word: 對決 (duìjué),duìjué,tɛ.ɡjʌl.,Hanja,名詞
1181,대항,daehang,對抗,Hanja word: 對抗 (duìkàng),duìkàng,tɛ.ɦaŋ.,Hanja,名詞
1182,대립,daerip,對立,Hanja word: 對立 (duìlì),duìlì,tɛ.ɾip̚.,Hanja,名詞
1183,대수,daesu,對數,Hanja word: 對數 (duìshù),duìshù,tɛ.sʰu.,Hanja,名詞
1184,대위법,daewibeop,對位法,Hanja word: 對位法 (duìwèifǎ),duìwèifǎ,tɛ.ɥi.bʌp̚.,Hanja,名詞
1185,대응,daeeung,對應,"Confrontation, opposition",duìyìng,tɛ.ɯŋ.,Hanja,名詞
1186,대조,daejo,對照,Hanja word: 對照 (duìzhào),duìzhào,tɛ.ʥo.,Hanja,名詞
1187,대척적,daecheokjeok,對蹠的,Hanja word: 對蹠的 (duìzhíde·),duìzhíde·,tɛ.ʨʰʌk̚.ʨ͈ʌk̚.,Hanja,名詞
1188,독거,dokgeo,獨居,Hanja word: 獨居 (dújū),dújū,tok̚.k͈ʌ.,Hanja,名詞
1189,독립,dokrip,獨立,Independence,dúlì,toŋ.nip̚.,Hanja,名詞
1190,독립국가,dokripgukga,獨立國家,Hanja word: 獨立國家 (dúlìguójiā),dúlìguójiā,toŋ.nip̚.k͈uk̚.k͈a.,Hanja,名詞
1191,둔감,dungam,鈍感,Hanja word: 鈍感 (dùngǎn),dùngǎn,tuŋ.ɡam.,Hanja,名詞
1192,다변,dabyeon,多辯,Hanja word: 多辯 (duōbiàn),duōbiàn,ta.bjʌn.,Hanja,名詞
1193,다도해,dadohae,多島海,Hanja word: 多島海 (duōdǎohǎi),duōdǎohǎi,ta.do.ɦɛ.,Hanja,名詞
1194,다각적,dagakjeok,多角的,Hanja word: 多角的 (duōjiǎode·),duōjiǎode·,ta.ɡak̚.ʨ͈ʌk̚.,Hanja,名詞
1195,다각형,dagakhyeong,多角形,Hanja word: 多角形 (duōjiǎoxíng),duōjiǎoxíng,ta.ɡa.kʰjʌŋ.,Hanja,名詞
1196,다공성,dagongseong,多孔性,Hanja word: 多孔性 (duōkǒngxìng),duōkǒngxìng,ta.ɡoŋ.sʌŋ.,Hanja,名詞
1197,타력,taryeok,惰力,Hanja word: 惰力 (duòlì),duòlì,tʰa.ɾjʌk̚.,Hanja,名詞
1198,타락,tarak,墮落,"depravity,corruption,degradation",duòluò,tʰa.ɾak̚.,Hanja,名詞
1199,다모작,damojak,多毛作,Hanja word: 多毛作 (duōmáozuò),duōmáozuò,ta.mo.ʥak̚.,Hanja,名詞
1200,다능,daneung,多能,Hanja word: 多能 (duōnéng),duōnéng,ta.nɯŋ.,Hanja,名詞
1201,다년간,danyeongan,多年間,Hanja word: 多年間 (duōniánjiān),duōniánjiān,ta.njʌŋ.ɡan.,Hanja,名詞
1202,다정,dajeong,多情,Hanja word: 多情 (duōqíng),duōqíng,ta.ʥʌŋ.,Hanja,名詞
1203,탈취,talchwi,奪取,Hanja word: 奪取 (duóqǔ),duóqǔ,tʰal.ʨʰɥi.,Hanja,名詞
1204,다소,daso,多少,"1) Large and small, 2) more or less",duōshǎo,ta.sʰo.,Hanja,副詞
1205,타수,tasu,舵手,Hanja word: 舵手 (duòshǒu),duòshǒu,tʰa.sʰu.,Hanja,名詞
1206,다수,dasu,多數,A great number,duōshù,ta.sʰu.,Hanja,名詞
1207,타성,taseong,惰性,Hanja word: 惰性 (duòxìng),duòxìng,tʰa.sʰʌŋ.,Hanja,名詞
1208,다행,dahaeng,多幸,Good luck,duōxìng,ta.ɦɛŋ.,Hanja,名詞
1209,악취,akchwi,惡臭,Hanja word: 惡臭 (èchòu),èchòu,ak̚.ʨʰɥi.,Hanja,名詞
1210,악당,akdang,惡黨,Hanja word: 惡黨 (èdǎng),èdǎng,ak̚.t͈aŋ.,Hanja,名詞
1211,악감정,akgamjeong,惡感情,Hanja word: 惡感情 (ègǎnqíng),ègǎnqíng,ak̚.k͈am.ʥʌŋ.,Hanja,名詞
1212,오한,ohan,惡寒,Hanja word: 惡寒 (èhán),èhán,o.ɦan.,Hanja,名詞
1213,악한,akhan,惡漢,Hanja word: 惡漢 (èhàn),èhàn,a.kʰan.,Hanja,名詞
1214,악화,akhwa,惡化,Hanja word: 惡化 (èhuà),èhuà,a.kʰu̯a.,Hanja,名詞
1215,악몽,akmong,惡夢,Nightmare,èmèng,aŋ.moŋ.,Hanja,名詞
1216,악마,akma,惡魔,Hanja word: 惡魔 (èmó),èmó,aŋ.ma.,Hanja,名詞
1217,은혜,eunhye,恩惠,Hanja word: 恩惠 (ēnhuì),ēnhuì,ɯn.hje.,Hanja,名詞
1218,은인,eunin,恩人,Hanja word: 恩人 (ēnrén),ēnrén,ɯn.in.,Hanja,名詞
1219,은사,eunsa,恩赦,Hanja word: 恩赦 (ēnshè),ēnshè,ɯn.sa.,Hanja,名詞
1220,은아,euna,恩雅,Hanja word: 恩雅 (ēnyǎ),ēnyǎ,ɯn.a.,Hanja,名詞
1221,악평,akpyeong,惡評,Hanja word: 惡評 (èpíng),èpíng,ak̚.pʰjʌŋ.,Hanja,名詞
1222,이백,ibaek,二百,Hanja word: 二百 (èr'bǎi),èr'bǎi,i.bɛk̚.,Hanja,名詞
1223,이천이,icheoni,二千二,Hanja word: 二千二 (èr'qiānèr'),èr'qiānèr',i.ʨʰʌn.i.,Hanja,名詞
1224,이천만,icheonman,二千萬,Hanja word: 二千萬 (èr'qiānwàn),èr'qiānwàn,i.ʨʰʌm.man.,Hanja,名詞
1225,이천일,icheonil,二千一,Hanja word: 二千一 (èr'qiānyī),èr'qiānyī,i.ʨʰʌn.il.,Hanja,名詞
1226,이인실,iinsil,二人室,Hanja word: 二人室 (èr'rénshì),èr'rénshì,i.in.ɕʰil.,Hanja,名詞
1227,이십,isip,二十,Twenty,èr'shí,i.ɕʰip̚.,Hanja,數詞
1228,이십사,isipsa,二十四,Hanja word: 二十四 (èr'shísì),èr'shísì,i.ɕʰip.s͈a.,Hanja,名詞
1229,이십오,isipo,二十五,Hanja word: 二十五 (èr'shíwǔ),èr'shíwǔ,i.ɕʰib.o.,Hanja,名詞
1230,이만,iman,二萬,Hanja word: 二萬 (èr'wàn),èr'wàn,i.man.,Hanja,名詞
1231,이심,isim,二心,Hanja word: 二心 (èr'xīn),èr'xīn,i.ɕʰim.,Hanja,名詞
1232,이일삼,iilsam,二一三,Hanja word: 二一三 (èr'yīsān),èr'yīsān,i.il.s͈am.,Hanja,名詞
1233,이월,iwol,二月,February,èr'yuè,i.u̯ʌl.,Hanja,名詞
1234,이중,ijung,二重,"duplication,double",èr'zhòng,i.ʥuŋ.,Hanja,名詞
1235,악인,akin,惡人,Hanja word: 惡人 (èrén),èrén,aɡ.in.,Hanja,名詞
1236,액수,aeksu,額數,"A sum, an amount",éshǔ,ɛk̚.s͈u.,Hanja,名詞
1237,아사,asa,餓死,Hanja word: 餓死 (èsǐ),èsǐ,a.sʰa.,Hanja,名詞
1238,악습,akseup,惡習,Hanja word: 惡習 (èxí),èxí,ak̚.s͈ɯp̚.,Hanja,名詞
1239,악순환,aksunhwan,惡循環,Hanja word: 惡循環 (èxúnhuán),èxúnhuán,ak̚.s͈un.hu̯an.,Hanja,名詞
1240,악의,akui,惡意,Hanja word: 惡意 (èyì),èyì,aɡ.e.,Hanja,名詞
1241,악용,akyong,惡用,Hanja word: 惡用 (èyòng),èyòng,aɡ.joŋ.,Hanja,名詞
1242,발암,balam,發癌,Hanja word: 發癌 (fāái),fāái,paɾ.am.,Hanja,名詞
1243,발표,balpyo,發表,Announcement,fābiǎo,pal.pʰjo.,Hanja,名詞
1244,법대,beopdae,法大,Hanja word: 法大 (fǎdà),fǎdà,pʌp̚.t͈ɛ.,Hanja,名詞
1245,발달,baldal,發達,"Development, growth",fādá,pal.t͈al.,Hanja,名詞
1246,법적,beopjeok,法的,Legal,fǎde·,pʌp̚.ʨ͈ʌk̚.,Hanja,名詞
1247,발전,baljeon,發電,Development,fādiàn,pal.ʨ͈ʌn.,Hanja,名詞
1248,발단,baldan,發端,Hanja word: 發端 (fāduān),fāduān,pal.t͈an.,Hanja,名詞
1249,발급,balgeup,發給,Hanja word: 發給 (fāgěi),fāgěi,pal.k͈ɯp̚.,Hanja,名詞
1250,발광,balgwang,發光,Hanja word: 發光 (fāguāng),fāguāng,pal.k͈u̯aŋ.,Hanja,名詞
1251,발한,balhan,發汗,Hanja word: 發汗 (fāhàn),fāhàn,paɾ.ɦan.,Hanja,名詞
1252,발휘,balhwi,發揮,Hanja word: 發揮 (fāhuī),fāhuī,paɾ.ɦɥi.,Hanja,名詞
1253,발화,balhwa,發火,Hanja word: 發火 (fāhuǒ),fāhuǒ,paɾ.ɦu̯a.,Hanja,名詞
1254,발견,balgyeon,發見,Discovery,fājiàn,pal.k͈jʌn.,Hanja,名詞
1255,발견자,balgyeonja,發見者,Hanja word: 發見者 (fājiànzhě),fājiànzhě,pal.k͈jʌn.ʥa.,Hanja,名詞
1256,벌금,beolgeum,罰金,A fine,fájīn,pʌl.k͈ɯm.,Hanja,名詞
1257,벌금형,beolgeumhyeong,罰金刑,Hanja word: 罰金刑 (fájīnxíng),fájīnxíng,pʌl.k͈ɯm.hjʌŋ.,Hanja,名詞
1258,발광,balgwang,發狂,Hanja word: 發狂 (fākuáng),fākuáng,pal.k͈u̯aŋ.,Hanja,名詞
1259,법랑,beoprang,琺瑯,Hanja word: 琺瑯 (fàláng),fàláng,pʌm.naŋ.,Hanja,名詞
1260,법률,beopryul,法律,"A law, statute",fǎlǜ,pʌm.njul.,Hanja,名詞
1261,발명,balmyeong,發明,Hanja word: 發明 (fāmíng),fāmíng,pal.mjʌŋ.,Hanja,名詞
1262,반박,banbak,反駁,Hanja word: 反駁 (fǎnbó),fǎnbó,pam.bak̚.,Hanja,名詞
1263,반발,banbal,反撥,"Repulsion, a backlash",fǎnbō,pam.bal.,Hanja,名詞
1264,범포,beompo,帆布,Hanja word: 帆布 (fānbù),fānbù,pʌm.pʰo.,Hanja,名詞
1265,범주,beomju,範疇,Hanja word: 範疇 (fànchóu),fànchóu,pʌm.ʥu.,Hanja,名詞
1266,반추,banchu,反芻,Hanja word: 反芻 (fǎnchú),fǎnchú,pan.ʨʰu.,Hanja,名詞
1267,번지,beonji,番地,Area of land,fānde·,pʌn.ʥi.,Hanja,名詞
1268,반동,bandong,反動,Hanja word: 反動 (fǎndòng),fǎndòng,pan.doŋ.,Hanja,名詞
1269,반동적,bandongjeok,反動的,Hanja word: 反動的 (fǎndòngde·),fǎndòngde·,pan.doŋ.ʥʌk̚.,Hanja,名詞
1270,반대,bandae,反對,Opposite and being opposed to (objecting to),fǎnduì,pan.dɛ.,Hanja,名詞
1271,반대편,bandaepyeon,反對便,The opposite side,fǎnduìbiàn,pan.dɛ.pʰjʌn.,Hanja,名詞
1272,반대자,bandaeja,反對者,Hanja word: 反對者 (fǎnduìzhě),fǎnduìzhě,pan.dɛ.ʥa.,Hanja,名詞
1273,반복,banbok,反復,Hanja word: 反復 (fǎnfù),fǎnfù,pam.bok̚.,Hanja,名詞
1274,반복,banbok,反覆,Hanja word: 反覆 (fǎnfù),fǎnfù,pam.bok̚.,Hanja,名詞
1275,반감,bangam,反感,Hanja word: 反感 (fǎngǎn),fǎngǎn,paŋ.ɡam.,Hanja,名詞
1276,방안,bangan,方案,"A plan, scheme",fāngàn,paŋ.an.,Hanja,名詞
1277,방편,bangpyeon,方便,Hanja word: 方便 (fāngbiàn),fāngbiàn,paŋ.pʰjʌn.,Hanja,名詞
1278,방파제,bangpaje,防波堤,Hanja word: 防波堤 (fángbōtí),fángbōtí,paŋ.pʰa.ʥe.,Hanja,名詞
1279,방책,bangchaek,方策,Hanja word: 方策 (fāngcè),fāngcè,paŋ.ʨʰɛk̚.,Hanja,名詞
1280,방정식,bangjeongsik,方程式,Hanja word: 方程式 (fāngchéngshì),fāngchéngshì,paŋ.ʥʌŋ.ɕʰik̚.,Hanja,名詞
1281,방출,bangchul,放出,Hanja word: 放出 (fàngchū),fàngchū,paŋ.ʨʰul.,Hanja,名詞
1282,방추,bangchu,紡錘,Hanja word: 紡錘 (fǎngchuí),fǎngchuí,paŋ.ʨʰu.,Hanja,名詞
1283,방탕,bangtang,放蕩,Hanja word: 放蕩 (fàngdàng),fàngdàng,paŋ.tʰaŋ.,Hanja,名詞
1284,방첩,bangcheop,防諜,Hanja word: 防諜 (fángdié),fángdié,paŋ.ʨʰʌp̚.,Hanja,名詞
1285,반혁명,banhyeokmyeong,反革命,Hanja word: 反革命 (fǎngémìng),fǎngémìng,pan.hjʌŋ.mjʌŋ.,Hanja,名詞
1286,방법,bangbeop,方法,"Way, method",fāngfǎ,paŋ.bʌp̚.,Hanja,名詞
1287,방부,bangbu,防腐,Hanja word: 防腐 (fángfǔ),fángfǔ,paŋ.bu.,Hanja,名詞
1288,방해,banghae,妨害,"An obstacle, hindrance",fánghài,paŋ.hɛ.,Hanja,名詞
1289,방화,banghwa,放火,Hanja word: 放火 (fànghuǒ),fànghuǒ,paŋ.hu̯a.,Hanja,名詞
1290,방해석,banghaeseok,方解石,Hanja word: 方解石 (fāngjiěshí),fāngjiěshí,paŋ.hɛ.sʰʌk̚.,Hanja,名詞
1291,방금,banggeum,方今,Just now,fāngjīn,paŋ.ɡɯm.,Hanja,副詞
1292,방공,banggong,防空,Hanja word: 防空 (fángkōng),fángkōng,paŋ.ɡoŋ.,Hanja,名詞
1293,방랑,bangrang,放浪,Hanja word: 放浪 (fànglàng),fànglàng,paŋ.naŋ.,Hanja,名詞
1294,방문,bangmun,房門,A visit,fángmén,paŋ.mun.,Hanja,名詞
1295,방면,bangmyeon,放免,Direction,fàngmiǎn,paŋ.mjʌn.,Hanja,名詞
1296,방면,bangmyeon,方面,Direction,fāngmiàn,paŋ.mjʌn.,Hanja,名詞
1297,방목,bangmok,放牧,Hanja word: 放牧 (fàngmù),fàngmù,paŋ.mok̚.,Hanja,名詞
1298,방열,bangyeol,放熱,Hanja word: 放熱 (fàngrè),fàngrè,paŋ.jʌl.,Hanja,名詞
1299,방사,bangsa,放射,Hanja word: 放射 (fàngshè),fàngshè,paŋ.sa.,Hanja,名詞
1300,방식,bangsik,方式,"A form, method, process",fāngshì,paŋ.ɕʰik̚.,Hanja,名詞
1301,방송,bangsong,放送,Broadcast,fàngsòng,paŋ.soŋ.,Hanja,名詞
1302,방송국,bangsongguk,放送局,Broadcasting station,fàngsòngjú,paŋ.soŋ.ɡuk̚.,Hanja,名詞
1303,방송사,bangsongsa,放送社,Broadcasting company,fàngsòngshè,paŋ.soŋ.sa.,Hanja,名詞
1304,방위,bangwi,防衛,Hanja word: 防衛 (fángwèi),fángwèi,paŋ.ɥi.,Hanja,名詞
1305,방위,bangwi,方位,Hanja word: 方位 (fāngwèi),fāngwèi,paŋ.ɥi.,Hanja,名詞
1306,방문,bangmun,訪問,A visit,fǎngwèn,paŋ.mun.,Hanja,名詞
1307,방문자,bangmunja,訪問者,Hanja word: 訪問者 (fǎngwènzhě),fǎngwènzhě,paŋ.mun.ʥa.,Hanja,名詞
1308,방향,banghyang,方向,Direction,fāngxiàng,paŋ.hjaŋ.,Hanja,名詞
1309,방향,banghyang,芳香,Direction,fāngxiāng,paŋ.hjaŋ.,Hanja,名詞
1310,방학,banghak,放學,School holidays,fàngxué,paŋ.hak̚.,Hanja,名詞
1311,방언,bangeon,方言,Hanja word: 方言 (fāngyán),fāngyán,paŋ.ʌn.,Hanja,名詞
1312,방안지,banganji,方眼紙,Hanja word: 方眼紙 (fāngyǎnzhǐ),fāngyǎnzhǐ,paŋ.an.ʥi.,Hanja,名詞
1313,방영,bangyeong,放映,Hanja word: 放映 (fàngyìng),fàngyìng,paŋ.jʌŋ.,Hanja,名詞
1314,방어,bangeo,防禦,Hanja word: 防禦 (fángyù),fángyù,paŋ.ʌ.,Hanja,名詞
1315,방침,bangchim,方針,Hanja word: 方針 (fāngzhēn),fāngzhēn,paŋ.ʨʰim.,Hanja,名詞
1316,방지,bangji,防止,"Prevention, check",fángzhǐ,paŋ.ʥi.,Hanja,名詞
1317,방주,bangju,方舟,Hanja word: 方舟 (fāngzhōu),fāngzhōu,paŋ.ʥu.,Hanja,名詞
1318,반환,banhwan,返還,Hanja word: 返還 (fǎnhái),fǎnhái,pan.hu̯an.,Hanja,名詞
1319,번호,beonho,番號,A number,fānhào,pʌn.ho.,Hanja,名詞
1320,반항,banhang,反抗,Hanja word: 反抗 (fǎnkàng),fǎnkàng,pan.haŋ.,Hanja,名詞
1321,번각,beongak,翻刻,Hanja word: 翻刻 (fānkè),fānkè,pʌŋ.ɡak̚.,Hanja,名詞
1322,범람,beomram,氾濫,Hanja word: 氾濫 (fànlàn),fànlàn,pʌm.nam.,Hanja,名詞
1323,판로,panro,販路,Hanja word: 販路 (fànlù),fànlù,pʰal.lo.,Hanja,名詞
1324,반란,banran,反亂,Hanja word: 反亂 (fǎnluàn),fǎnluàn,pal.lan.,Hanja,名詞
1325,반란자,banranja,反亂者,Hanja word: 反亂者 (fǎnluànzhě),fǎnluànzhě,pal.lan.ʥa.,Hanja,名詞
1326,판매,panmae,販賣,"Sale, selling",fànmài,pʰam.mɛ.,Hanja,名詞
1327,반면,banmyeon,反面,One side,fǎnmiàn,pam.mjʌn.,Hanja,名詞
1328,반역,banyeok,反逆,Hanja word: 反逆 (fǎnnì),fǎnnì,pan.jʌk̚.,Hanja,名詞
1329,반역자,banyeokja,反逆者,Hanja word: 反逆者 (fǎnnìzhě),fǎnnìzhě,pan.jʌk̚.ʨ͈a.,Hanja,名詞
1330,범인,beomin,犯人,A criminal,fànrén,pʌm.in.,Hanja,名詞
1331,번영,beonyeong,繁榮,Hanja word: 繁榮 (fánróng),fánróng,pʌn.jʌŋ.,Hanja,名詞
1332,반사,bansa,反射,Hanja word: 反射 (fǎnshè),fǎnshè,pan.sa.,Hanja,名詞
1333,범신론,beomsinron,汎神論,Hanja word: 汎神論 (fànshénlùn),fànshénlùn,pʌm.ɕʰil.lon.,Hanja,名詞
1334,범위,beomwi,範圍,"Range, area",fànwéi,pʌm.ɥi.,Hanja,名詞
1335,반향,banhyang,反響,Hanja word: 反響 (fǎnxiǎng),fǎnxiǎng,pan.hjaŋ.,Hanja,名詞
1336,반성,banseong,反省,Reflection,fǎnxǐng,pan.sʌŋ.,Hanja,名詞
1337,번역,beonyeok,翻譯,Translation,fānyì,pʌn.jʌk̚.,Hanja,名詞
1338,반응,baneung,反應,Reaction,fǎnyìng,pan.ɯŋ.,Hanja,名詞
1339,반영,banyeong,反映,Hanja word: 反映 (fǎnyìng),fǎnyìng,pan.jʌŋ.,Hanja,名詞
1340,반의어,banuieo,反意語,Hanja word: 反意語 (fǎnyìyǔ),fǎnyìyǔ,pan.i.ʌ.,Hanja,名詞
1341,번역자,beonyeokja,翻譯者,Hanja word: 翻譯者 (fānyìzhě),fānyìzhě,pʌn.jʌk̚.ʨ͈a.,Hanja,名詞
1342,반어,baneo,反語,Hanja word: 反語 (fǎnyǔ),fǎnyǔ,pan.ʌ.,Hanja,名詞
1343,반증,banjeung,反證,Hanja word: 反證 (fǎnzhèng),fǎnzhèng,pan.ʥɯŋ.,Hanja,名詞
1344,번식,beonsik,繁殖,Hanja word: 繁殖 (fánzhí),fánzhí,pʌn.ɕʰik̚.,Hanja,名詞
1345,반찬,banchan,飯饌,Sie dishes,fànzhuàn,pan.ʨʰan.,Hanja,名詞
1346,범주,beomju,帆走,Hanja word: 帆走 (fānzǒu),fānzǒu,pʌm.ʥu.,Hanja,名詞
1347,범죄,beomjoe,犯罪,A crime,fànzuì,pʌm.ʥu̯e.,Hanja,名詞
1348,범죄율,beomjoeyul,犯罪率,Hanja word: 犯罪率 (fànzuìlǜ),fànzuìlǜ,pʌm.ʥu̯e.jul.,Hanja,名詞
1349,범죄사건,beomjoesageon,犯罪事件,Hanja word: 犯罪事件 (fànzuìshìjiàn),fànzuìshìjiàn,pʌm.ʥu̯e.sʰa.ɡʌn.,Hanja,名詞
1350,범죄자,beomjoeja,犯罪者,Hanja word: 犯罪者 (fànzuìzhě),fànzuìzhě,pʌm.ʥu̯e.ʥa.,Hanja,名詞
1351,반작용,banjakyong,反作用,Hanja word: 反作用 (fǎnzuòyòng),fǎnzuòyòng,pan.ʥaɡ.joŋ.,Hanja,名詞
1352,발포,balpo,發砲,Hanja word: 發砲 (fāpào),fāpào,pal.pʰo.,Hanja,名詞
1353,발파,balpa,發破,Hanja word: 發破 (fāpò),fāpò,pal.pʰa.,Hanja,名詞
1354,발정,baljeong,發情,Hanja word: 發情 (fāqíng),fāqíng,pal.ʨ͈ʌŋ.,Hanja,名詞
1355,법인,beopin,法人,Hanja word: 法人 (fǎrén),fǎrén,pʌb.in.,Hanja,名詞
1356,발사,balsa,發射,Hanja word: 發射 (fāshè),fāshè,pal.s͈a.,Hanja,名詞
1357,발생,balsaeng,發生,1) Birth 2) development,fāshēng,pal.s͈ɛŋ.,Hanja,名詞
1358,발성,balseong,發聲,Hanja word: 發聲 (fāshēng),fāshēng,pal.s͈ʌŋ.,Hanja,名詞
1359,발생학,balsaenghak,發生學,Hanja word: 發生學 (fāshēngxué),fāshēngxué,pal.s͈ɛŋ.hak̚.,Hanja,名詞
1360,발송,balsong,發送,Hanja word: 發送 (fāsòng),fāsòng,pal.s͈oŋ.,Hanja,名詞
1361,법정,beopjeong,法廷,Hanja word: 法廷 (fǎtíng),fǎtíng,pʌp̚.ʨ͈ʌŋ.,Hanja,名詞
1362,발신,balsin,發信,Hanja word: 發信 (fāxìn),fāxìn,pal.ɕʰin.,Hanja,名詞
1363,법학,beophak,法學,Hanja word: 法學 (fǎxué),fǎxué,pʌ.pʰak̚.,Hanja,名詞
1364,발언,baleon,發言,Hanja word: 發言 (fāyán),fāyán,paɾ.ʌn.,Hanja,名詞
1365,법의,beopui,法衣,Hanja word: 法衣 (fǎyī),fǎyī,pʌb.e.,Hanja,名詞
1366,발음,baleum,發音,Pronunciation,fāyīn,paɾ.ɯm.,Hanja,名詞
1367,발육,balyuk,發育,Hanja word: 發育 (fāyù),fāyù,paɾ.juk̚.,Hanja,名詞
1368,법원,beopwon,法院,Court of justice,fǎyuàn,pʌb.u̯ʌn.,Hanja,名詞
1369,법칙,beopchik,法則,"A law, a rule",fǎzé,pʌp̚.ʨʰik̚.,Hanja,名詞
1370,발전,baljeon,發展,Development,fāzhǎn,pal.ʨ͈ʌn.,Hanja,名詞
1371,발진,baljin,發疹,Hanja word: 發疹 (fāzhěn),fāzhěn,pal.ʨ͈in.,Hanja,名詞
1372,발진기,baljingi,發振器,Hanja word: 發振器 (fāzhènqì),fāzhènqì,pal.ʨ͈iŋ.ɡi.,Hanja,名詞
1373,벌족,beoljok,閥族,Hanja word: 閥族 (fázú),fázú,pʌl.ʨ͈ok̚.,Hanja,名詞
1374,발작,baljak,發作,Hanja word: 發作 (fāzuò),fāzuò,pal.ʨ͈ak̚.,Hanja,名詞
1375,발작적,baljakjeok,發作的,Hanja word: 發作的 (fāzuòde·),fāzuòde·,pal.ʨ͈ak̚.ʨ͈ʌk̚.,Hanja,名詞
1376,비방,bibang,誹謗,Hanja word: 誹謗 (fěibàng),fěibàng,pi.baŋ.,Hanja,名詞
1377,비상,bisang,非常,Emergency,fēicháng,pi.sʰaŋ.,Hanja,名詞
1378,비취,bichwi,翡翠,Hanja word: 翡翠 (fěicuì),fěicuì,pi.ʨʰɥi.,Hanja,名詞
1379,비대,bidae,肥大,Hanja word: 肥大 (féidà),féidà,pi.dɛ.,Hanja,名詞
1380,비대칭,bidaeching,非對稱,Hanja word: 非對稱 (fēiduìchèng),fēiduìchèng,pi.dɛ.ʨʰiŋ.,Hanja,名詞
1381,비범,bibeom,非凡,Hanja word: 非凡 (fēifán),fēifán,pi.bʌm.,Hanja,名詞
1382,폐결핵,pyegyeolhaek,肺結核,Hanja word: 肺結核 (fèijiéhé),fèijiéhé,pʰje.ɡjʌɾ.ɦɛk̚.,Hanja,名詞
1383,비료,biryo,肥料,Hanja word: 肥料 (féiliào),féiliào,pi.ɾjo.,Hanja,名詞
1384,비논리적,binonrijeok,非論理的,Hanja word: 非論理的 (fēilùnlǐde·),fēilùnlǐde·,pi.nol.li.ʥʌk̚.,Hanja,名詞
1385,비만,biman,肥滿,"Fatness, corpulence",féimǎn,pi.man.,Hanja,名詞
1386,비난,binan,非難,"Criticism, reproach",fēinàn,pi.nan.,Hanja,名詞
1387,폐기,pyegi,廢棄,Hanja word: 廢棄 (fèiqì),fèiqì,pʰje.ɡi.,Hanja,名詞
1388,폐인,pyein,廢人,Hanja word: 廢人 (fèirén),fèirén,pʰje.in.,Hanja,名詞
1389,비등,bideung,沸騰,Hanja word: 沸騰 (fèiténg),fèiténg,pi.dɯŋ.,Hanja,名詞
1390,폐위,pyewi,廢位,Hanja word: 廢位 (fèiwèi),fèiwèi,pʰje.ɥi.,Hanja,名詞
1391,비옥,biok,肥沃,Hanja word: 肥沃 (féiwò),féiwò,pi.ok̚.,Hanja,名詞
1392,폐물,pyemul,廢物,Hanja word: 廢物 (fèiwù),fèiwù,pʰje.mul.,Hanja,名詞
1393,비행,bihaeng,非行,"Flying, aviation",fēixíng,pi.ɦɛŋ.,Hanja,名詞
1394,비행,bihaeng,飛行,"Flying, aviation",fēixíng,pi.ɦɛŋ.,Hanja,名詞
1395,비행장,bihaengjang,飛行場,An airfield,fēixíngchǎng,pi.ɦɛŋ.ʥaŋ.,Hanja,名詞
1396,비행선,bihaengseon,飛行船,Hanja word: 飛行船 (fēixíngchuán),fēixíngchuán,pi.ɦɛŋ.sʌn.,Hanja,名詞
1397,비행기,bihaenggi,飛行機,An airplane,fēixíngjī,pi.ɦɛŋ.ɡi.,Hanja,名詞
1398,폐렴,pyeryeom,肺炎,Hanja word: 肺炎 (fèiyán),fèiyán,pʰje.ɾjʌm.,Hanja,名詞
1399,비영리적,biyeongrijeok,非營利的,Hanja word: 非營利的 (fēiyínglìde·),fēiyínglìde·,pi.jʌŋ.ni.ʥʌk̚.,Hanja,名詞
1400,비용,biyong,費用,Expense,fèiyòng,pi.joŋ.,Hanja,名詞
1401,비전투원,bijeontuwon,非戰鬪員,Hanja word: 非戰鬪員 (fēizhàndòuyuán),fēizhàndòuyuán,pi.ʥʌn.tʰu.u̯ʌn.,Hanja,名詞
1402,폐지,pyeji,廢止,"Abolition, to not use, to do away with",fèizhǐ,pʰje.ʥi.,Hanja,名詞
1403,분필,bunpil,粉筆,Chalk,fěnbǐ,pum.pʰil.,Hanja,名詞
1404,분포,bunpo,分布,Hanja word: 分布 (fēnbù),fēnbù,pum.pʰo.,Hanja,名詞
1405,분책,bunchaek,分冊,Hanja word: 分冊 (fēncè),fēncè,pun.ʨʰɛk̚.,Hanja,名詞
1406,분사,bunsa,分詞,Hanja word: 分詞 (fēncí),fēncí,pun.sa.,Hanja,名詞
1407,분대,bundae,分隊,Hanja word: 分隊 (fēnduì),fēnduì,pun.dɛ.,Hanja,名詞
1408,풍채,pungchae,風采,Hanja word: 風采 (fēngcǎi),fēngcǎi,pʰuŋ.ʨʰɛ.,Hanja,名詞
1409,풍조,pungjo,風潮,Hanja word: 風潮 (fēngcháo),fēngcháo,pʰuŋ.ʥo.,Hanja,名詞
1410,풍차,pungcha,風車,Hanja word: 風車 (fēngchē),fēngchē,pʰuŋ.ʨʰa.,Hanja,名詞
1411,풍자,pungja,諷刺,Hanja word: 諷刺 (fèngcì),fèngcì,pʰuŋ.ʥa.,Hanja,名詞
1412,분할,bunhal,分割,Hanja word: 分割 (fēngē),fēngē,pun.hal.,Hanja,名詞
1413,풍부,pungbu,豐富,Hanja word: 豐富 (fēngfù),fēngfù,pʰuŋ.bu.,Hanja,名詞
1414,봉합,bonghap,縫合,Hanja word: 縫合 (fènghé),fènghé,poŋ.hap̚.,Hanja,名詞
1415,풍화,punghwa,風化,Hanja word: 風化 (fēnghuà),fēnghuà,pʰuŋ.hu̯a.,Hanja,名詞
1416,봉화,bonghwa,烽火,Hanja word: 烽火 (fēnghuǒ),fēnghuǒ,poŋ.hu̯a.,Hanja,名詞
1417,풍경,punggyeong,風景,"Landscape, scenery",fēngjǐng,pʰuŋ.ɡjʌŋ.,Hanja,名詞
1418,풍요,pungyo,豐饒,Hanja word: 豐饒 (fēngráo),fēngráo,pʰuŋ.jo.,Hanja,名詞
1419,봉사,bongsa,奉仕,"service,attendance",fèngshì,poŋ.sa.,Hanja,名詞
1420,봉사료,bongsaryo,奉仕料,Hanja word: 奉仕料 (fèngshìliào),fèngshìliào,poŋ.sa.ɾjo.,Hanja,名詞
1421,풍속,pungsok,風俗,"Manners, customs, morals",fēngsú,pʰuŋ.sok̚.,Hanja,名詞
1422,봉쇄,bongswae,封鎖,Hanja word: 封鎖 (fēngsuǒ),fēngsuǒ,poŋ.su̯ɛ.,Hanja,名詞
1423,봉투,bongtu,封套,Envelope,fēngtào,poŋ.tʰu.,Hanja,名詞
1424,봉토,bongto,封土,Hanja word: 封土 (fēngtǔ),fēngtǔ,poŋ.tʰo.,Hanja,名詞
1425,분광,bungwang,分光,Hanja word: 分光 (fēnguāng),fēnguāng,puŋ.ɡu̯aŋ.,Hanja,名詞
1426,풍미,pungmi,風味,Hanja word: 風味 (fēngwèi),fēngwèi,pʰuŋ.mi.,Hanja,名詞
1427,풍습,pungseup,風習,"customs,manners,practices ; a ritual, rituals",fēngxí,pʰuŋ.sɯp̚.,Hanja,名詞
1428,봉헌,bongheon,奉獻,Hanja word: 奉獻 (fèngxiàn),fèngxiàn,poŋ.hʌn.,Hanja,名詞
1429,봉선화,bongseonhwa,鳳仙花,Hanja word: 鳳仙花 (fèngxiānhuā),fèngxiānhuā,poŋ.sʌn.hu̯a.,Hanja,名詞
1430,풍진,pungjin,風疹,Hanja word: 風疹 (fēngzhěn),fēngzhěn,pʰuŋ.ʥin.,Hanja,名詞
1431,풍치,pungchi,風致,Hanja word: 風致 (fēngzhì),fēngzhì,pʰuŋ.ʨʰi.,Hanja,名詞
1432,봉지,bongji,封紙,Bag,fēngzhǐ,poŋ.ʥi.,Hanja,名詞
1433,분홍색,bunhongsaek,粉紅色,Pink color,fěnhóngsè,pun.hoŋ.sɛk̚.,Hanja,名詞
1434,분회,bunhoe,分會,Hanja word: 分會 (fēnhuì),fēnhuì,pun.hu̯e.,Hanja,名詞
1435,분해,bunhae,分解,Hanja word: 分解 (fēnjiě),fēnjiě,pun.hɛ.,Hanja,名詞
1436,분개,bungae,憤慨,Hanja word: 憤慨 (fènkài),fènkài,puŋ.ɡɛ.,Hanja,名詞
1437,분리,bunri,分離,"separation,segration",fēnlí,pul.li.,Hanja,名詞
1438,분량,bunryang,分量,"quantity,measure",fènliàng,pul.ljaŋ.,Hanja,名詞
1439,분열,bunyeol,分裂,Hanja word: 分裂 (fēnliè),fēnliè,pun.jʌl.,Hanja,名詞
1440,분리수거,bunrisugeo,分離收去,Hanja word: 分離收去 (fēnlíshōuqù),fēnlíshōuqù,pul.li.sʰu.ɡʌ.,Hanja,名詞
1441,분류,bunryu,分溜,Hanja word: 分溜 (fēnliū),fēnliū,pul.lju.,Hanja,名詞
1442,분명,bunmyeong,分明,Obviousness,fēnmíng,pum.mjʌŋ.,Hanja,副詞
1443,분모,bunmo,分母,Hanja word: 分母 (fēnmǔ),fēnmǔ,pum.mo.,Hanja,名詞
1444,분노,bunno,憤怒,"rage,anger",fènnù,pun.no.,Hanja,名詞
1445,분파,bunpa,分派,Hanja word: 分派 (fēnpài),fēnpài,pum.pʰa.,Hanja,名詞
1446,분배,bunbae,分配,Hanja word: 分配 (fēnpèi),fēnpèi,pum.bɛ.,Hanja,名詞
1447,분배자,bunbaeja,分配者,Hanja word: 分配者 (fēnpèizhě),fēnpèizhě,pum.bɛ.ʥa.,Hanja,名詞
1448,분산,bunsan,分散,Hanja word: 分散 (fēnsàn),fēnsàn,pun.san.,Hanja,名詞
1449,분실,bunsil,紛失,Hanja word: 紛失 (fēnshī),fēnshī,pun.ɕʰil.,Hanja,名詞
1450,분서,bunseo,焚書,Hanja word: 焚書 (fénshū),fénshū,pun.sʌ.,Hanja,名詞
1451,분쇄,bunswae,粉碎,Hanja word: 粉碎 (fěnsuì),fěnsuì,pun.su̯ɛ.,Hanja,名詞
1452,분동,bundong,分銅,Hanja word: 分銅 (fēntóng),fēntóng,pun.doŋ.,Hanja,名詞
1453,분위기,bunwigi,雰圍氣,"atmosphere,surroundings",fēnwéiqì,pun.ɥi.ɡi.,Hanja,名詞
1454,분석,bunseok,分析,Analysis,fēnxī,pun.sʌk̚.,Hanja,名詞
1455,분야,bunya,分野,Field,fēnyě,pun.ja.,Hanja,名詞
1456,분쟁,bunjaeng,紛爭,Hanja word: 紛爭 (fēnzhēng),fēnzhēng,pun.ʥɛŋ.,Hanja,名詞
1457,분자,bunja,分子,Hanja word: 分子 (fēnzǐ),fēnzǐ,pun.ʥa.,Hanja,名詞
1458,불법,bulbeop,佛法,Illegal,fófǎ,pul.p͈ʌp̚.,Hanja,名詞
1459,불교,bulgyo,佛敎,Buddhism,fójiào,pul.k͈jo.,Hanja,名詞
1460,부정,bujeong,否定,"injustice,wrongfulness",fǒudìng,pu.ʥʌŋ.,Hanja,名詞
1461,부정적,bujeongjeok,否定的,"negative, contradicting sth else, not positive",fǒudìngde·,pu.ʥʌŋ.ʥʌk̚.,Hanja,名詞
1462,부결,bugyeol,否決,Hanja word: 否決 (fǒujué),fǒujué,pu.ɡjʌl.,Hanja,名詞
1463,부인,buin,否認,A woman,fǒurèn,pu.in.,Hanja,名詞
1464,불어,buleo,佛語,Hanja word: 佛語 (fóyǔ),fóyǔ,puɾ.ʌ.,Hanja,名詞
1465,부패,bupae,腐敗,Hanja word: 腐敗 (fǔbài),fǔbài,pu.pʰɛ.,Hanja,名詞
1466,부본,bubon,副本,Hanja word: 副本 (fùběn),fùběn,pu.bon.,Hanja,名詞
1467,복본위제,bokbonwije,複本位制,Hanja word: 複本位制 (fùběnwèizhì),fùběnwèizhì,pok̚.p͈on.ɥi.ʥe.,Hanja,名詞
1468,복병,bokbyeong,伏兵,Hanja word: 伏兵 (fúbīng),fúbīng,pok̚.p͈jʌŋ.,Hanja,名詞
1469,부빙,bubing,浮氷,Hanja word: 浮氷 (fúbīng),fúbīng,pu.biŋ.,Hanja,名詞
1470,복부,bokbu,腹部,Hanja word: 腹部 (fùbù),fùbù,pok̚.p͈u.,Hanja,名詞
1471,복창,bokchang,復唱,Hanja word: 復唱 (fùchàng),fùchàng,pok̚.ʨʰaŋ.,Hanja,名詞
1472,부산물,busanmul,副産物,Hanja word: 副産物 (fùchǎnwù),fùchǎnwù,pu.sʰam.mul.,Hanja,名詞
1473,복수,boksu,復讐,Hanja word: 復讐 (fùchóu),fùchóu,pok̚.s͈u.,Hanja,名詞
1474,부사,busa,副詞,Hanja word: 副詞 (fùcí),fùcí,pu.sʰa.,Hanja,名詞
1475,복종,bokjong,服從,Hanja word: 服從 (fúcóng),fúcóng,pok̚.ʨ͈oŋ.,Hanja,名詞
1476,부담,budam,負擔,"A burden,responsibility",fùdān,pu.dam.,Hanja,名詞
1477,복도,bokdo,複道,A corridor,fùdào,pok̚.t͈o.,Hanja,名詞
1478,부지,buji,敷地,Hanja word: 敷地 (fūde·),fūde·,pu.ʥi.,Hanja,名詞
1479,부조,bujo,浮雕,Hanja word: 浮雕 (fúdiāo),fúdiāo,pu.ʥo.,Hanja,名詞
1480,부동,budong,浮動,Hanja word: 浮動 (fúdòng),fúdòng,pu.doŋ.,Hanja,名詞
1481,부동적,budongjeok,浮動的,Hanja word: 浮動的 (fúdòngde·),fúdòngde·,pu.doŋ.ʥʌk̚.,Hanja,名詞
1482,부복,bubok,俯伏,Hanja word: 俯伏 (fǔfú),fǔfú,pu.bok̚.,Hanja,名詞
1483,부부,bubu,夫婦,Man and wife,fūfù,pu.bu.,Hanja,名詞
1484,부관,bugwan,副官,Hanja word: 副官 (fùguān),fùguān,pu.ɡu̯an.,Hanja,名詞
1485,복귀,bokgwi,復歸,Hanja word: 復歸 (fùguī),fùguī,pok̚.k͈ɥi.,Hanja,名詞
1486,부호,buho,符號,Hanja word: 符號 (fúhào),fúhào,pu.ɦo.,Hanja,名詞
1487,부합,buhap,符合,Hanja word: 符合 (fúhé),fúhé,pu.ɦap̚.,Hanja,名詞
1488,복합,bokhap,複合,Hanja word: 複合 (fùhé),fùhé,po.kʰap̚.,Hanja,名詞
1489,부화,buhwa,孵化,Hanja word: 孵化 (fūhuà),fūhuà,pu.ɦu̯a.,Hanja,名詞
1490,부회장,buhoejang,副會長,A vice president,fùhuìzhǎng,pu.ɦu̯e.ʥaŋ.,Hanja,名詞
1491,부가세,bugase,附加稅,Hanja word: 附加稅 (fùjiāshuì),fùjiāshuì,pu.ɡa.sʰe.,Hanja,名詞
1492,부근,bugeun,附近,"neighborhood,vicinity",fùjìn,pu.ɡɯn.,Hanja,名詞
1493,복구,bokgu,復舊,Hanja word: 復舊 (fùjiù),fùjiù,pok̚.k͈u.,Hanja,名詞
1494,부과,bugwa,賦課,Hanja word: 賦課 (fùkè),fùkè,pu.ɡu̯a.,Hanja,名詞
1495,부과,bugwa,附課,Hanja word: 附課 (fùkè),fùkè,pu.ɡu̯a.,Hanja,名詞
1496,부랑,burang,浮浪,Hanja word: 浮浪 (fúlàng),fúlàng,pu.ɾaŋ.,Hanja,名詞
1497,부력,buryeok,浮力,Hanja word: 浮力 (fúlì),fúlì,pu.ɾjʌk̚.,Hanja,名詞
1498,복리,bokri,複利,Hanja word: 複利 (fùlì),fùlì,poŋ.ni.,Hanja,名詞
1499,복면,bokmyeon,覆面,Hanja word: 覆面 (fùmiàn),fùmiàn,poŋ.mjʌn.,Hanja,名詞
1500,복막,bokmak,腹膜,Hanja word: 腹膜 (fùmó),fùmó,poŋ.mak̚.,Hanja,名詞
1501,복마전,bokmajeon,伏魔殿,Hanja word: 伏魔殿 (fúmódiàn),fúmódiàn,poŋ.ma.ʥʌn.,Hanja,名詞
1502,부모,bumo,父母,Parents,fùmǔ,pu.mo.,Hanja,名詞
1503,부친,buchin,父親,A father,fùqīn,pu.ʨʰin.,Hanja,名詞
1504,복권,bokgwon,福券,Hanja word: 福券 (fúquàn),fúquàn,pok̚.k͈u̯ʌn.,Hanja,名詞
1505,복권,bokgwon,復權,Hanja word: 復權 (fùquán),fùquán,pok̚.k͈u̯ʌn.,Hanja,名詞
1506,부인,buin,婦人,A woman,fùrén,pu.in.,Hanja,名詞
1507,부인,buin,夫人,A woman,fūrén,pu.in.,Hanja,名詞
1508,부산,busan,釜山,"Busan, city in SE Korea, with largest beach in S.Korea",fǔshān,pu.sʰan.,Hanja,專有名詞
1509,부상,busang,負傷,"A wound,injury",fùshāng,pu.sʰaŋ.,Hanja,名詞
1510,부상자,busangja,負傷者,Hanja word: 負傷者 (fùshāngzhě),fùshāngzhě,pu.sʰaŋ.ʥa.,Hanja,名詞
1511,복사,boksa,輻射,Reproduction,fúshè,pok̚.s͈a.,Hanja,名詞
1512,복수,boksu,複數,Hanja word: 複數 (fùshù),fùshù,pok̚.s͈u.,Hanja,名詞
1513,부서,buseo,副署,"one’s post,duty",fùshǔ,pu.sʰʌ.,Hanja,名詞
1514,부팀장,butimjang,副team長,Hanja word: 副team長 (fùteamzhǎng),fùteamzhǎng,pu.tʰim.ʥaŋ.,Hanja,名詞
1515,부탁,butak,付託,"request,favor",fùtuō,pu.tʰak̚.,Hanja,名詞
1516,복위,bokwi,復位,Hanja word: 復位 (fùwèi),fùwèi,poɡ.ɥi.,Hanja,名詞
1517,복습,bokseup,復習,Reviewing,fùxí,pok̚.s͈ɯp̚.,Hanja,名詞
1518,복사,boksa,複寫,Reproduction,fùxiě,pok̚.s͈a.,Hanja,名詞
1519,복사기,boksagi,複寫機,Memeograph,fùxiějī,pok̚.s͈a.ɡi.,Hanja,名詞
1520,부연,buyeon,敷衍,Hanja word: 敷衍 (fūyǎn),fūyǎn,pu.jʌn.,Hanja,名詞
1521,부양,buyang,扶養,Hanja word: 扶養 (fúyǎng),fúyǎng,pu.jaŋ.,Hanja,名詞
1522,복엽,bokyeop,複葉,Hanja word: 複葉 (fùyè),fùyè,poɡ.jʌp̚.,Hanja,名詞
1523,부엽토,buyeopto,腐葉土,Hanja word: 腐葉土 (fǔyètǔ),fǔyètǔ,pu.jʌp̚.tʰo.,Hanja,名詞
1524,부유,buyu,浮游,Hanja word: 浮游 (fúyóu),fúyóu,pu.ju.,Hanja,名詞
1525,복잡,bokjap,複雜,Hanja word: 複雜 (fùzá),fùzá,pok̚.ʨ͈ap̚.,Hanja,名詞
1526,부채,buchae,負債,"A debt,liabilities",fùzhài,pu.ʨʰɛ.,Hanja,名詞
1527,부자,buja,富者,A rich person,fùzhě,pu.ʥa.,Hanja,名詞
1528,복제,bokje,複製,Hanja word: 複製 (fùzhì),fùzhì,pok̚.ʨ͈e.,Hanja,名詞
1529,부식토,busikto,腐植土,Hanja word: 腐植土 (fǔzhítǔ),fǔzhítǔ,pu.ɕʰik̚.tʰo.,Hanja,名詞
1530,부종,bujong,浮腫,Hanja word: 浮腫 (fúzhǒng),fúzhǒng,pu.ʥoŋ.,Hanja,名詞
1531,부작용,bujakyong,副作用,"reaction,side effect",fùzuòyòng,pu.ʥaɡ.joŋ.,Hanja,名詞
1532,해당,haedang,該當,Come/fall under the purview of,gāidāng,hɛ.daŋ.,Hanja,名詞
1533,개정,gaejeong,改訂,Hanja word: 改訂 (gǎidìng),gǎidìng,kɛ.ʥʌŋ.,Hanja,名詞
1534,개혁,gaehyeok,改革,Hanja word: 改革 (gǎigé),gǎigé,kɛ.hjʌk̚.,Hanja,名詞
1535,개괄,gaegwal,槪括,Hanja word: 槪括 (gàiguā),gàiguā,kɛ.ɡu̯al.,Hanja,名詞
1536,개량,gaeryang,改良,Hanja word: 改良 (gǎiliáng),gǎiliáng,kɛ.ɾjaŋ.,Hanja,名詞
1537,개략,gaeryak,槪略,Hanja word: 槪略 (gàiluè),gàiluè,kɛ.ɾjak̚.,Hanja,名詞
1538,개념,gaenyeom,槪念,Hanja word: 槪念 (gàiniàn),gàiniàn,kɛ.njʌm.,Hanja,名詞
1539,개연성,gaeyeonseong,蓋然性,Hanja word: 蓋然性 (gàiránxìng),gàiránxìng,kɛ.jʌn.sʌŋ.,Hanja,名詞
1540,개선,gaeseon,改善,Renovation or improvement or betterment,gǎishàn,kɛ.sʰʌn.,Hanja,名詞
1541,개심,gaesim,改心,Hanja word: 改心 (gǎixīn),gǎixīn,kɛ.ɕʰim.,Hanja,名詞
1542,개역,gaeyeok,改譯,Hanja word: 改譯 (gǎiyì),gǎiyì,kɛ.jʌk̚.,Hanja,名詞
1543,개종,gaejong,改宗,Hanja word: 改宗 (gǎizōng),gǎizōng,kɛ.ʥoŋ.,Hanja,名詞
1544,건판,geonpan,乾板,Hanja word: 乾板 (gānbǎn),gānbǎn,kʌm.pʰan.,Hanja,名詞
1545,간부,ganbu,幹部,"The leaders (cadre, exec, executive, management)",gànbù,kam.bu.,Hanja,名詞
1546,건초,geoncho,乾草,Hanja word: 乾草 (gāncǎo),gāncǎo,kʌn.ʨʰo.,Hanja,名詞
1547,감초,gamcho,甘草,Hanja word: 甘草 (gāncǎo),gāncǎo,kam.ʨʰo.,Hanja,名詞
1548,간조,ganjo,干潮,Hanja word: 干潮 (gāncháo),gāncháo,kan.ʥo.,Hanja,名詞
1549,건선거,geonseongeo,乾船渠,Hanja word: 乾船渠 (gānchuánqú),gānchuánqú,kʌn.sʌŋ.ɡʌ.,Hanja,名詞
1550,건전지,geonjeonji,乾電池,Hanja word: 乾電池 (gāndiànchí),gāndiànchí,kʌn.ʥʌn.ʥi.,Hanja,名詞
1551,감동,gamdong,感動,Agitate or stir up the emotions,gǎndòng,kam.doŋ.,Hanja,名詞
1552,감동적,gamdongjeok,感動的,Sensational,gǎndòngde·,kam.doŋ.ʥʌk̚.,Hanja,名詞
1553,항구,hanggu,港口,"A port, a harbor",gǎngkǒu,haŋ.ɡu.,Hanja,名詞
1554,강모,gangmo,剛毛,Hanja word: 剛毛 (gāngmáo),gāngmáo,kaŋ.mo.,Hanja,名詞
1555,항문,hangmun,肛門,Hanja word: 肛門 (gāngmén),gāngmén,haŋ.mun.,Hanja,名詞
1556,강철,gangcheol,鋼鐵,Hanja word: 鋼鐵 (gāngtiě),gāngtiě,kaŋ.ʨʰʌl.,Hanja,名詞
1557,강옥,gangok,鋼玉,Hanja word: 鋼玉 (gāngyù),gāngyù,kaŋ.ok̚.,Hanja,名詞
1558,감화,gamhwa,感化,Hanja word: 感化 (gǎnhuà),gǎnhuà,kam.hu̯a.,Hanja,名詞
1559,감각,gamgak,感覺,Sense or sensation or feeling,gǎnjué,kam.ɡak̚.,Hanja,名詞
1560,감각적,gamgakjeok,感覺的,Hanja word: 感覺的 (gǎnjuéde·),gǎnjuéde·,kam.ɡak̚.ʨ͈ʌk̚.,Hanja,名詞
1561,건락소,geonrakso,乾酪素,Hanja word: 乾酪素 (gānluòsù),gānluòsù,kʌl.lak̚.s͈o.,Hanja,名詞
1562,건포도,geonpodo,乾葡萄,Hanja word: 乾葡萄 (gānpútáo),gānpútáo,kʌm.pʰo.do.,Hanja,名詞
1563,감기,gamgi,感氣,A cold,gǎnqì,kam.ɡi.,Hanja,名詞
1564,감정,gamjeong,感情,Feelings,gǎnqíng,kam.ʥʌŋ.,Hanja,名詞
1565,감정적,gamjeongjeok,感情的,Emotional,gǎnqíngde·,kam.ʥʌŋ.ʥʌk̚.,Hanja,名詞
1566,감상,gamsang,感傷,Appreciation,gǎnshāng,kam.saŋ.,Hanja,名詞
1567,감상적,gamsangjeok,感傷的,Hanja word: 感傷的 (gǎnshāngde·),gǎnshāngde·,kam.saŋ.ʥʌk̚.,Hanja,名詞
1568,감상주의,gamsangjuui,感傷主義,Hanja word: 感傷主義 (gǎnshāngzhǔyì),gǎnshāngzhǔyì,kam.saŋ.ʥu.e.,Hanja,名詞
1569,간섭,ganseop,干涉,Interfere or meddle,gānshè,kan.sʌp̚.,Hanja,名詞
1570,감수성,gamsuseong,感受性,Receptivity or susceptibility,gǎnshòuxìng,kam.su.sʰʌŋ.,Hanja,名詞
1571,감탄,gamtan,感嘆,Hanja word: 感嘆 (gǎntàn),gǎntàn,kam.tʰan.,Hanja,名詞
1572,간선,ganseon,幹線,Hanja word: 幹線 (gànxiàn),gànxiàn,kan.sʌn.,Hanja,名詞
1573,감사,gamsa,感謝,Thanks,gǎnxiè,kam.sa.,Hanja,名詞
1574,감흥,gamheung,感興,Hanja word: 感興 (gǎnxīng),gǎnxīng,kam.hɯŋ.,Hanja,名詞
1575,건선,geonseon,乾癬,Hanja word: 乾癬 (gānxuǎn),gānxuǎn,kʌn.sʌn.,Hanja,名詞
1576,간염,ganyeom,肝炎,Hanja word: 肝炎 (gānyán),gānyán,kan.jʌm.,Hanja,名詞
1577,건조,geonjo,乾燥,Dryness or aridity,gānzào,kʌn.ʥo.,Hanja,名詞
1578,고백,gobaek,告白,Hanja word: 告白 (gàobái),gàobái,ko.bɛk̚.,Hanja,名詞
1579,고별,gobyeol,告別,Hanja word: 告別 (gàobié),gàobié,ko.bjʌl.,Hanja,名詞
1580,고조,gojo,高潮,Hanja word: 高潮 (gāocháo),gāocháo,ko.ʥo.,Hanja,名詞
1581,고지,goji,高地,Hanja word: 高地 (gāode·),gāode·,ko.ʥi.,Hanja,名詞
1582,고등학생,godeunghaksaeng,高等學生,High school student,gāoděngxuéshēng,ko.dɯŋ.hak̚.s͈ɛŋ.,Hanja,名詞
1583,고등학교,godeunghakgyo,高等學校,A senior high school,gāoděngxuéxiào,ko.dɯŋ.hak̚.k͈jo.,Hanja,名詞
1584,고도,godo,高度,Hanja word: 高度 (gāodù),gāodù,ko.do.,Hanja,名詞
1585,고발,gobal,告發,Hanja word: 告發 (gàofā),gàofā,ko.bal.,Hanja,名詞
1586,고함,goham,高喊,A shout or yell,gāohǎn,ko.ɦam.,Hanja,名詞
1587,고급,gogeup,高級,High rank or first class,gāojí,ko.ɡɯp̚.,Hanja,名詞
1588,고구려,goguryeo,高句麗,Goguryeo (ancient Korean kingdom),gāojùlì,ko.ɡu.ɾjʌ.,Hanja,專有名詞
1589,고려,goryeo,高麗,Goryeo dynasty,gāolì,ko.ɾjʌ.,Hanja,專有名詞
1590,고로,goro,高爐,Hanja word: 高爐 (gāolú),gāolú,ko.ɾo.,Hanja,名詞
1591,고명,gomyeong,高名,Hanja word: 高名 (gāomíng),gāomíng,ko.mjʌŋ.,Hanja,名詞
1592,고옥탄,gooktan,高octane,Hanja word: 高octane (gāooctane),gāooctane,ko.ok̚.tʰan.,Hanja,名詞
1593,고기압,gogiap,高氣壓,Hanja word: 高氣壓 (gāoqìyā),gāoqìyā,ko.ɡi.ap̚.,Hanja,名詞
1594,고승,goseung,高僧,Hanja word: 高僧 (gāosēng),gāosēng,ko.sʰɯŋ.,Hanja,名詞
1595,고시,gosi,告示,Hanja word: 告示 (gàoshì),gàoshì,ko.ɕʰi.,Hanja,名詞
1596,고소,goso,告訴,Hanja word: 告訴 (gàosù),gàosù,ko.sʰo.,Hanja,名詞
1597,고속,gosok,高速,High speed,gāosù,ko.sʰok̚.,Hanja,名詞
1598,고속버스,gosokbeoseu,高速bus,Bus for the freeway,gāosùbus,ko.sʰok̚.p͈ʌ.sʰɯ.,Hanja,名詞
1599,고속도로,gosokdoro,高速道路,Freeway or highway with no street lights,gāosùdàolù,ko.sʰok̚.t͈o.ɾo.,Hanja,名詞
1600,고속철도,gosokcheoldo,高速鐵道,Hanja word: 高速鐵道 (gāosùtiědào),gāosùtiědào,ko.sʰok̚.ʨʰʌl.t͈o.,Hanja,名詞
1601,고환,gohwan,睾丸,Hanja word: 睾丸 (gāowán),gāowán,ko.ɦu̯an.,Hanja,名詞
1602,고교,gogyo,高校,High school,gāoxiào,ko.ɡjo.,Hanja,名詞
1603,고혈압,gohyeolap,高血壓,Hanja word: 高血壓 (gāoxiěyā),gāoxiěyā,ko.hjʌɾ.ap̚.,Hanja,名詞
1604,고원,gowon,高原,Hanja word: 高原 (gāoyuán),gāoyuán,ko.u̯ʌn.,Hanja,名詞
1605,고지,goji,告知,Hanja word: 告知 (gàozhī),gàozhī,ko.ʥi.,Hanja,名詞
1606,고주파,gojupa,高周波,Hanja word: 高周波 (gāozhōubō),gāozhōubō,ko.ʥu.pʰa.,Hanja,名詞
1607,개월,gaewol,個月,Each and every month,ge·yuè,kɛ.u̯ʌl.,Hanja,依存名詞
1608,개별,gaebyeol,個別,An individual or a particular case,gèbié,kɛ.bjʌl.,Hanja,名詞
1609,가창,gachang,歌唱,Hanja word: 歌唱 (gēchàng),gēchàng,ka.ʨʰaŋ.,Hanja,名詞
1610,가사,gasa,歌詞,Words or lyrics,gēcí,ka.sʰa.,Hanja,名詞
1611,할당,haldang,割當,Hanja word: 割當 (gēdāng),gēdāng,hal.t͈aŋ.,Hanja,名詞
1612,격투,gyeoktu,格鬪,Hanja word: 格鬪 (gédòu),gédòu,kjʌk̚.tʰu.,Hanja,名詞
1613,각각,gakgak,各各,Each and every,gègè,kak̚.k͈ak̚.,Hanja,副詞
1614,개개인,gaegaein,個個人,Individuals or every person,gègèrén,kɛ.ɡɛ.in.,Hanja,名詞
1615,개국,gaeguk,個國,The foundation of a country,gèguó,kɛ.ɡuk̚.,Hanja,依存名詞
1616,각국,gakguk,各國,Each country,gèguó,kak̚.k͈uk̚.,Hanja,名詞
1617,급여,geupyeo,給與,Hanja word: 給與 (gěiyǔ),gěiyǔ,kɯb.jʌ.,Hanja,名詞
1618,가극,gageuk,歌劇,Hanja word: 歌劇 (gējù),gējù,ka.ɡɯk̚.,Hanja,名詞
1619,격리,gyeokri,隔離,Hanja word: 隔離 (gélí),gélí,kjʌŋ.ni.,Hanja,名詞
1620,할례,halrye,割禮,Hanja word: 割禮 (gēlǐ),gēlǐ,hal.lje.,Hanja,名詞
1621,격납고,gyeoknapgo,格納庫,Hanja word: 格納庫 (génàkù),génàkù,kjʌŋ.nap̚.k͈o.,Hanja,名詞
1622,근본,geunbon,根本,The foundation or basis,gēnběn,kɯm.bon.,Hanja,名詞
1623,근본적,geunbonjeok,根本的,"foundational, fundamental",gēnběnde·,kɯm.bon.ʥʌk̚.,Hanja,名詞
1624,근채류,geunchaeryu,根菜類,Hanja word: 根菜類 (gēncàilèi),gēncàilèi,kɯn.ʨʰɛ.ɾju.,Hanja,名詞
1625,근저,geunjeo,根底,Hanja word: 根底 (gēndǐ),gēndǐ,kɯn.ʥʌ.,Hanja,名詞
1626,경운기,gyeongungi,耕耘機,Hanja word: 耕耘機 (gēngyúnjī),gēngyúnjī,kjʌŋ.uŋ.ɡi.,Hanja,名詞
1627,경작,gyeongjak,耕作,Hanja word: 耕作 (gēngzuò),gēngzuò,kjʌŋ.ʥak̚.,Hanja,名詞
1628,경작자,gyeongjakja,耕作者,Hanja word: 耕作者 (gēngzuòzhě),gēngzuòzhě,kjʌŋ.ʥak̚.ʨ͈a.,Hanja,名詞
1629,근경,geungyeong,根莖,Hanja word: 根莖 (gēnjīng),gēnjīng,kɯŋ.ɡjʌŋ.,Hanja,名詞
1630,근거,geungeo,根據,Basis or foundation,gēnjù,kɯŋ.ɡʌ.,Hanja,名詞
1631,근절,geunjeol,根絶,Hanja word: 根絶 (gēnjué),gēnjué,kɯn.ʥʌl.,Hanja,名詞
1632,근모,geunmo,根毛,Hanja word: 根毛 (gēnmáo),gēnmáo,kɯm.mo.,Hanja,名詞
1633,근원,geunwon,根源,The origin or root or source,gēnyuán,kɯn.u̯ʌn.,Hanja,名詞
1634,각기,gakgi,各其,Each or severally or respectively,gèqí,kak̚.k͈i.,Hanja,副詞
1635,가곡,gagok,歌曲,Hanja word: 歌曲 (gēqǔ),gēqǔ,ka.ɡok̚.,Hanja,名詞
1636,개인,gaein,個人,Private or individual,gèrén,kɛ.in.,Hanja,名詞
1637,개인적,gaeinjeok,個人的,Private or personal,gèrénde·,kɛ.in.ʥʌk̚.,Hanja,名詞
1638,개인주의,gaeinjuui,個人主義,Hanja word: 個人主義 (gèrénzhǔyì),gèrénzhǔyì,kɛ.in.ʥu.e.,Hanja,名詞
1639,개인주의자,gaeinjuuija,個人主義者,Hanja word: 個人主義者 (gèrénzhǔyìzhě),gèrénzhǔyìzhě,kɛ.in.ʥu.i.ʥa.,Hanja,名詞
1640,가수,gasu,歌手,Singer,gēshǒu,ka.sʰu.,Hanja,名詞
1641,갈등,galdeung,葛藤,Conflict or troubles,géténg,kal.t͈ɯŋ.,Hanja,名詞
1642,혁신,hyeoksin,革新,Hanja word: 革新 (géxīn),géxīn,çjʌk̚.ɕʰin.,Hanja,名詞
1643,개성,gaeseong,個性,Individuality or personality,gèxìng,kɛ.sʰʌŋ.,Hanja,名詞
1644,격언,gyeokeon,格言,Hanja word: 格言 (géyán),géyán,kjʌɡ.ʌn.,Hanja,名詞
1645,가요,gayo,歌謠,A song,gēyáo,ka.jo.,Hanja,名詞
1646,할인,halin,割引,A discount,gēyǐn,haɾ.in.,Hanja,名詞
1647,각종,gakjong,各種,All sorts or varieties,gèzhǒng,kak̚.ʨ͈oŋ.,Hanja,名詞
1648,각자,gakja,各自,Each one or every one,gèzì,kak̚.ʨ͈a.,Hanja,副詞
1649,공배수,gongbaesu,公倍數,Hanja word: 公倍數 (gōngbèishù),gōngbèishù,koŋ.bɛ.sʰu.,Hanja,名詞
1650,공편자,gongpyeonja,共編者,Hanja word: 共編者 (gòngbiānzhě),gòngbiānzhě,koŋ.pʰjʌn.ʥa.,Hanja,名詞
1651,공차,gongcha,公差,Hanja word: 公差 (gōngchā),gōngchā,koŋ.ʨʰa.,Hanja,名詞
1652,공장,gongjang,工場,Construction site,gōngchǎng,koŋ.ʥaŋ.,Hanja,名詞
1653,공산주의,gongsanjuui,共産主義,Hanja word: 共産主義 (gòngchǎnzhǔyì),gòngchǎnzhǔyì,koŋ.san.ʥu.e.,Hanja,名詞
1654,공적,gongjeok,公敵,Hanja word: 公敵 (gōngdí),gōngdí,koŋ.ʥʌk̚.,Hanja,名詞
1655,궁전,gungjeon,宮殿,Hanja word: 宮殿 (gōngdiàn),gōngdiàn,kuŋ.ʥʌn.,Hanja,名詞
1656,공법,gongbeop,公法,Hanja word: 公法 (gōngfǎ),gōngfǎ,koŋ.bʌp̚.,Hanja,名詞
1657,공범,gongbeom,共犯,Hanja word: 共犯 (gòngfàn),gòngfàn,koŋ.bʌm.,Hanja,名詞
1658,공범자,gongbeomja,共犯者,Hanja word: 共犯者 (gòngfànzhě),gòngfànzhě,koŋ.bʌm.ʥa.,Hanja,名詞
1659,공분모,gongbunmo,公分母,Hanja word: 公分母 (gōngfēnmǔ),gōngfēnmǔ,koŋ.bum.mo.,Hanja,名詞
1660,공부,gongbu,工夫,Study,gōngfū,koŋ.bu.,Hanja,名詞
1661,공공,gonggong,公共,The public or the common,gōnggòng,koŋ.ɡoŋ.,Hanja,名詞
1662,공국,gongguk,公國,Hanja word: 公國 (gōngguó),gōngguó,koŋ.ɡuk̚.,Hanja,名詞
1663,공해,gonghae,公害,Environmental pollution,gōnghài,koŋ.hɛ.,Hanja,名詞
1664,공해,gonghae,公海,Environmental pollution,gōnghǎi,koŋ.hɛ.,Hanja,名詞
1665,공격,gonggyeok,攻擊,Attack,gōngjí,koŋ.ɡjʌk̚.,Hanja,名詞
1666,공급,gonggeup,供給,Supply or provision,gōngjǐ,koŋ.ɡɯp̚.,Hanja,名詞
1667,공적,gongjeok,功績,Hanja word: 功績 (gōngjī),gōngjī,koŋ.ʥʌk̚.,Hanja,名詞
1668,공격당,gonggyeokdang,攻擊當,Hanja word: 攻擊當 (gōngjídāng),gōngjídāng,koŋ.ɡjʌk̚.t͈aŋ.,Hanja,名詞
1669,공급자,gonggeupja,供給者,Hanja word: 供給者 (gōngjǐzhě),gōngjǐzhě,koŋ.ɡɯp̚.ʨ͈a.,Hanja,名詞
1670,공구,gonggu,工具,Hanja word: 工具 (gōngjù),gōngjù,koŋ.ɡu.,Hanja,名詞
1671,공작,gongjak,公爵,Hanja word: 公爵 (gōngjué),gōngjué,koŋ.ʥak̚.,Hanja,名詞
1672,공개,gonggae,公開,"opening to the public, making public",gōngkāi,koŋ.ɡɛ.,Hanja,名詞
1673,공리,gongri,公理,Hanja word: 公理 (gōnglǐ),gōnglǐ,koŋ.ni.,Hanja,名詞
1674,공매,gongmae,公賣,Hanja word: 公賣 (gōngmài),gōngmài,koŋ.mɛ.,Hanja,名詞
1675,공명,gongmyeong,共鳴,Hanja word: 共鳴 (gòngmíng),gòngmíng,koŋ.mjʌŋ.,Hanja,名詞
1676,공모,gongmo,共謀,Hanja word: 共謀 (gòngmóu),gòngmóu,koŋ.mo.,Hanja,名詞
1677,공모자,gongmoja,共謀者,Hanja word: 共謀者 (gòngmóuzhě),gòngmóuzhě,koŋ.mo.ʥa.,Hanja,名詞
1678,공평,gongpyeong,公平,Hanja word: 公平 (gōngpíng),gōngpíng,koŋ.pʰjʌŋ.,Hanja,名詞
1679,공사,gongsa,公社,Construction work or engineering work,gōngshè,koŋ.sa.,Hanja,名詞
1680,공생,gongsaeng,共生,Hanja word: 共生 (gòngshēng),gòngshēng,koŋ.sɛŋ.,Hanja,名詞
1681,공식,gongsik,公式,A formula or formality,gōngshì,koŋ.ɕʰik̚.,Hanja,名詞
1682,공사,gongsa,工事,Construction work or engineering work,gōngshì,koŋ.sa.,Hanja,名詞
1683,공식적,gongsikjeok,公式的,Formal or procedural,gōngshìde·,koŋ.ɕʰik̚.ʨ͈ʌk̚.,Hanja,名詞
1684,궁술,gungsul,弓術,Hanja word: 弓術 (gōngshù),gōngshù,kuŋ.sul.,Hanja,名詞
1685,공청회,gongcheonghoe,公聽會,Hanja word: 公聽會 (gōngtīnghuì),gōngtīnghuì,koŋ.ʨʰʌŋ.hu̯e.,Hanja,名詞
1686,공동,gongdong,共同,Association or union or collaboration,gòngtóng,koŋ.doŋ.,Hanja,名詞
1687,공통,gongtong,共通,Commonness,gòngtōng,koŋ.tʰoŋ.,Hanja,名詞
1688,공통적,gongtongjeok,共通的,Commonly,gòngtōngde·,koŋ.tʰoŋ.ʥʌk̚.,Hanja,名詞
1689,공통점,gongtongjeom,共通點,A common point or a common feature,gòngtōngdiǎn,koŋ.tʰoŋ.ʥʌm.,Hanja,名詞
1690,공단,gongdan,公團,Hanja word: 公團 (gōngtuán),gōngtuán,koŋ.dan.,Hanja,名詞
1691,공탁자,gongtakja,供託者,Hanja word: 供託者 (gōngtuōzhě),gōngtuōzhě,koŋ.tʰak̚.ʨ͈a.,Hanja,名詞
1692,공문서,gongmunseo,公文書,Hanja word: 公文書 (gōngwénshū),gōngwénshū,koŋ.mun.sʌ.,Hanja,名詞
1693,공무원,gongmuwon,公務員,Public servant,gōngwùyuán,koŋ.mu.u̯ʌn.,Hanja,名詞
1694,공헌,gongheon,貢獻,Hanja word: 貢獻 (gòngxiàn),gòngxiàn,koŋ.hʌn.,Hanja,名詞
1695,공휴일,gonghyuil,公休日,A legal holiday,gōngxiūrì,koŋ.hju.il.,Hanja,名詞
1696,공학,gonghak,工學,Hanja word: 工學 (gōngxué),gōngxué,koŋ.hak̚.,Hanja,名詞
1697,공학자,gonghakja,工學者,Hanja word: 工學者 (gōngxuézhě),gōngxuézhě,koŋ.hak̚.ʨ͈a.,Hanja,名詞
1698,공언,gongeon,公言,Hanja word: 公言 (gōngyán),gōngyán,koŋ.ʌn.,Hanja,名詞
1699,공연,gongyeon,公演,A public performance,gōngyǎn,koŋ.jʌn.,Hanja,名詞
1700,공연장,gongyeonjang,公演場,Auditorium,gōngyǎnchǎng,koŋ.jʌn.ʥaŋ.,Hanja,名詞
1701,공업,gongeop,工業,The industry or manufacturing industry,gōngyè,koŋ.ʌp̚.,Hanja,名詞
1702,공업단지,gongeopdanji,工業團地,Hanja word: 工業團地 (gōngyètuánde·),gōngyètuánde·,koŋ.ʌp̚.t͈an.ʥi.,Hanja,名詞
1703,공익,gongik,公益,Hanja word: 公益 (gōngyì),gōngyì,koŋ.ik̚.,Hanja,名詞
1704,공용수영장,gongyongsuyeongjang,公用水泳場,Hanja word: 公用水泳場 (gōngyòngshuǐyǒngchǎng),gōngyòngshuǐyǒngchǎng,koŋ.joŋ.su.jʌŋ.ʥaŋ.,Hanja,名詞
1705,공원,gongwon,公園,Park,gōngyuán,koŋ.u̯ʌn.,Hanja,名詞
1706,공채,gongchae,公債,Hanja word: 公債 (gōngzhài),gōngzhài,koŋ.ʨʰɛ.,Hanja,名詞
1707,공저,gongjeo,共著,Hanja word: 共著 (gòngzhe·),gòngzhe·,koŋ.ʥʌ.,Hanja,名詞
1708,공진,gongjin,共振,Hanja word: 共振 (gòngzhèn),gòngzhèn,koŋ.ʥin.,Hanja,名詞
1709,공정,gongjeong,公正,Hanja word: 公正 (gōngzhèng),gōngzhèng,koŋ.ʥʌŋ.,Hanja,名詞
1710,공중,gongjung,公衆,The air or the sky,gōngzhòng,koŋ.ʥuŋ.,Hanja,名詞
1711,공중전화,gongjungjeonhwa,公衆電話,A public payphone,gōngzhòngdiànhuà,koŋ.ʥuŋ.ʥʌn.hu̯a.,Hanja,名詞
1712,공주,gongju,公主,A royal princess,gōngzhǔ,koŋ.ʥu.,Hanja,名詞
1713,구성,guseong,構成,"Organization or constitution , the framework of something",gòuchéng,ku.sʰʌŋ.,Hanja,名詞
1714,구성원,guseongwon,構成員,Hanja word: 構成員 (gòuchéngyuán),gòuchéngyuán,ku.sʰʌŋ.u̯ʌn.,Hanja,名詞
1715,구독,gudok,購讀,Hanja word: 購讀 (gòudú),gòudú,ku.dok̚.,Hanja,名詞
1716,구매,gumae,購買,Hanja word: 購買 (gòumǎi),gòumǎi,ku.mɛ.,Hanja,名詞
1717,구매자,gumaeja,購買者,Hanja word: 購買者 (gòumǎizhě),gòumǎizhě,ku.mɛ.ʥa.,Hanja,名詞
1718,구내,gunae,構內,Hanja word: 構內 (gòunèi),gòunèi,ku.nɛ.,Hanja,名詞
1719,구입,guip,購入,Purchase or buying,gòurù,ku.ip̚.,Hanja,名詞
1720,구도,gudo,構圖,Hanja word: 構圖 (gòutú),gòutú,ku.do.,Hanja,名詞
1721,구상,gusang,構想,Hanja word: 構想 (gòuxiǎng),gòuxiǎng,ku.sʰaŋ.,Hanja,名詞
1722,구조,gujo,構造,Construction or structure,gòuzào,ku.ʥo.,Hanja,名詞
1723,구조주의,gujojuui,構造主義,Hanja word: 構造主義 (gòuzàozhǔyì),gòuzàozhǔyì,ku.ʥo.ʥu.e.,Hanja,名詞
1724,과부,gwabu,寡婦,Hanja word: 寡婦 (guǎfù),guǎfù,ku̯a.bu.,Hanja,名詞
1725,괄호,gwalho,括弧,Hanja word: 括弧 (guāhú),guāhú,ku̯aɾ.ɦo.,Hanja,名詞
1726,괴담,goedam,怪談,Hanja word: 怪談 (guàitán),guàitán,ku̯e.dam.,Hanja,名詞
1727,괴물,goemul,怪物,Hanja word: 怪物 (guàiwù),guàiwù,ku̯e.mul.,Hanja,名詞
1728,관찰,gwanchal,觀察,Observation or survey,guānchá,ku̯an.ʨʰal.,Hanja,名詞
1729,관찰자,gwanchalja,觀察者,Hanja word: 觀察者 (guāncházhě),guāncházhě,ku̯an.ʨʰal.ʨ͈a.,Hanja,名詞
1730,관점,gwanjeom,觀點,A point of view or a standpoint/outlook,guāndiǎn,ku̯an.ʥʌm.,Hanja,名詞
1731,관개,gwangae,灌漑,Hanja word: 灌漑 (guàngài),guàngài,ku̯aŋ.ɡɛ.,Hanja,名詞
1732,광파,gwangpa,光波,Hanja word: 光波 (guāngbō),guāngbō,ku̯aŋ.pʰa.,Hanja,名詞
1733,광채,gwangchae,光彩,Hanja word: 光彩 (guāngcǎi),guāngcǎi,ku̯aŋ.ʨʰɛ.,Hanja,名詞
1734,광장,gwangjang,廣場,An open space or a plaza or public square,guǎngchǎng,ku̯aŋ.ʥaŋ.,Hanja,名詞
1735,광고,gwanggo,廣告,Advertisement,guǎnggào,ku̯aŋ.ɡo.,Hanja,名詞
1736,광화학,gwanghwahak,光化學,Hanja word: 光化學 (guānghuàxué),guānghuàxué,ku̯aŋ.hu̯a.ɦak̚.,Hanja,名詞
1737,광경,gwanggyeong,光景,A spectacle or a sight in 3-d and uncut (compare 관광 tourism),guāngjǐng,ku̯aŋ.ɡjʌŋ.,Hanja,名詞
1738,관광,gwangwang,觀光,Sightseeing or tourism,guānguāng,ku̯aŋ.ɡu̯aŋ.,Hanja,名詞
1739,관광버스,gwangwangbeoseu,觀光bus,Tourist bus,guānguāngbus,ku̯aŋ.ɡu̯aŋ.bʌ.sʰɯ.,Hanja,名詞
1740,관광지,gwangwangji,觀光地,Tourist area,guānguāngde·,ku̯aŋ.ɡu̯aŋ.ʥi.,Hanja,名詞
1741,관광객,gwangwanggaek,觀光客,A tourist,guānguāngkè,ku̯aŋ.ɡu̯aŋ.ɡɛk̚.,Hanja,名詞
1742,관광업,gwangwangeop,觀光業,Hanja word: 觀光業 (guānguāngyè),guānguāngyè,ku̯aŋ.ɡu̯aŋ.ʌp̚.,Hanja,名詞
1743,광선,gwangseon,光線,Hanja word: 光線 (guāngxiàn),guāngxiàn,ku̯aŋ.sʌn.,Hanja,名詞
1744,광학,gwanghak,光學,Hanja word: 光學 (guāngxué),guāngxué,ku̯aŋ.hak̚.,Hanja,名詞
1745,광택,gwangtaek,光澤,Hanja word: 光澤 (guāngzé),guāngzé,ku̯aŋ.tʰɛk̚.,Hanja,名詞
1746,광주,gwangju,光州,Gwangju city,guāngzhōu,ku̯aŋ.ʥu.,Hanja,專有名詞
1747,광자,gwangja,光子,Hanja word: 光子 (guāngzi·),guāngzi·,ku̯aŋ.ʥa.,Hanja,名詞
1748,관객,gwangaek,觀客,Spectator,guānkè,ku̯aŋ.ɡɛk̚.,Hanja,名詞
1749,관람,gwanram,觀覽,Inspection or viewing,guānlǎn,ku̯al.lam.,Hanja,名詞
1750,관례,gwanrye,慣例,Hanja word: 慣例 (guànlì),guànlì,ku̯al.lje.,Hanja,名詞
1751,관리,gwanri,管理,Management or administration,guǎnlǐ,ku̯al.li.,Hanja,名詞
1752,관리,gwanri,官吏,Management or administration,guānlì,ku̯al.li.,Hanja,名詞
1753,관련,gwanryeon,關聯,Relation or connection or reference,guānlián,ku̯al.ljʌn.,Hanja,名詞
1754,관료,gwanryo,官僚,Hanja word: 官僚 (guānliáo),guānliáo,ku̯al.ljo.,Hanja,名詞
1755,관리인,gwanriin,管理人,Hanja word: 管理人 (guǎnlǐrén),guǎnlǐrén,ku̯al.li.in.,Hanja,名詞
1756,관리자,gwanrija,管理者,Hanja word: 管理者 (guǎnlǐzhě),guǎnlǐzhě,ku̯al.li.ʥa.,Hanja,名詞
1757,관록,gwanrok,貫祿,Hanja word: 貫祿 (guànlù),guànlù,ku̯al.lok̚.,Hanja,名詞
1758,관문,gwanmun,關門,Hanja word: 關門 (guānmén),guānmén,ku̯am.mun.,Hanja,名詞
1759,관목,gwanmok,灌木,Hanja word: 灌木 (guànmù),guànmù,ku̯am.mok̚.,Hanja,名詞
1760,관능,gwanneung,官能,Hanja word: 官能 (guānnéng),guānnéng,ku̯an.nɯŋ.,Hanja,名詞
1761,관능적,gwanneungjeok,官能的,Hanja word: 官能的 (guānnéngde·),guānnéngde·,ku̯an.nɯŋ.ʥʌk̚.,Hanja,名詞
1762,관념,gwannyeom,觀念,An idea or notion,guānniàn,ku̯an.njʌm.,Hanja,名詞
1763,관념적,gwannyeomjeok,觀念的,Hanja word: 觀念的 (guānniànde·),guānniànde·,ku̯an.njʌm.ʥʌk̚.,Hanja,名詞
1764,관통,gwantong,貫通,Hanja word: 貫通 (guàntōng),guàntōng,ku̯an.tʰoŋ.,Hanja,名詞
1765,관습,gwanseup,慣習,Custom or usage,guànxí,ku̯an.sɯp̚.,Hanja,名詞
1766,관계,gwangye,關係,Connection or relation,guānxi·,ku̯aŋ.ɡje.,Hanja,名詞
1767,관계자,gwangyeja,關係者,The interested or affected parties,guānxi·zhě,ku̯aŋ.ɡje.ʥa.,Hanja,名詞
1768,관심,gwansim,關心,Concern or interest,guānxīn,ku̯an.ɕʰim.,Hanja,名詞
1769,관심사,gwansimsa,關心事,A matter of concern and interest,guānxīnshì,ku̯an.ɕʰim.sa.,Hanja,名詞
1770,관여,gwanyeo,關與,Hanja word: 關與 (guānyǔ),guānyǔ,ku̯an.jʌ.,Hanja,名詞
1771,관장,gwanjang,館長,Hanja word: 館長 (guǎnzhǎng),guǎnzhǎng,ku̯an.ʥaŋ.,Hanja,名詞
1772,괘선,gwaeseon,罫線,Hanja word: 罫線 (guàxiàn),guàxiàn,ku̯ɛ.sʰʌn.,Hanja,名詞
1773,괄약근,gwalyakgeun,括約筋,Hanja word: 括約筋 (guāyuējīn),guāyuējīn,ku̯aɾ.jak̚.k͈ɯn.,Hanja,名詞
1774,고취,gochwi,鼓吹,Hanja word: 鼓吹 (gǔchuī),gǔchuī,ko.ʨʰɥi.,Hanja,名詞
1775,고전,gojeon,古典,A classic in literature,gǔdiǎn,ko.ʥʌn.,Hanja,名詞
1776,고전적,gojeonjeok,古典的,Hanja word: 古典的 (gǔdiǎnde·),gǔdiǎnde·,ko.ʥʌn.ʥʌk̚.,Hanja,名詞
1777,고정,gojeong,固定,Hanja word: 固定 (gùdìng),gùdìng,ko.ʥʌŋ.,Hanja,名詞
1778,고독,godok,孤獨,Hanja word: 孤獨 (gūdú),gūdú,ko.dok̚.,Hanja,名詞
1779,고아,goa,孤兒,Hanja word: 孤兒 (gūér'),gūér',ko.a.,Hanja,名詞
1780,고궁,gogung,古宮,An ancient palace,gǔgōng,ko.ɡuŋ.,Hanja,名詞
1781,궤변,gwebyeon,詭辯,Hanja word: 詭辯 (guǐbiàn),guǐbiàn,ku̯e.bjʌn.,Hanja,名詞
1782,귀재,gwijae,鬼才,Hanja word: 鬼才 (guǐcái),guǐcái,kɥi.ʥɛ.,Hanja,名詞
1783,규정,gyujeong,規定,Provision or stipulation,guīdìng,kju.ʥʌŋ.,Hanja,名詞
1784,규정상,gyujeongsang,規定上,Hanja word: 規定上 (guīdìngshàng),guīdìngshàng,kju.ʥʌŋ.saŋ.,Hanja,名詞
1785,규범적,gyubeomjeok,規範的,Hanja word: 規範的 (guīfànde·),guīfànde·,kju.bʌm.ʥʌk̚.,Hanja,名詞
1786,귀부인,gwibuin,貴婦人,Hanja word: 貴婦人 (guìfùrén),guìfùrén,kɥi.bu.in.,Hanja,名詞
1787,귀국,gwiguk,歸國,Returning to one’s home country,guīguó,kɥi.ɡuk̚.,Hanja,名詞
1788,귀환,gwihwan,歸還,Hanja word: 歸還 (guīhái),guīhái,kɥi.ɦu̯an.,Hanja,名詞
1789,귀환자,gwihwanja,歸還者,Hanja word: 歸還者 (guīháizhě),guīháizhě,kɥi.ɦu̯an.ʥa.,Hanja,名詞
1790,귀화,gwihwa,歸化,Hanja word: 歸化 (guīhuà),guīhuà,kɥi.ɦu̯a.,Hanja,名詞
1791,귀가,gwiga,歸家,Returning home,guījiā,kɥi.ɡa.,Hanja,名詞
1792,귀결,gwigyeol,歸結,Hanja word: 歸結 (guījié),guījié,kɥi.ɡjʌl.,Hanja,名詞
1793,괴뢰,goeroe,傀儡,Hanja word: 傀儡 (guīlěi),guīlěi,ku̯e.ɾu̯e.,Hanja,名詞
1794,규모,gyumo,規模,Scale or scope or structure,guīmó,kju.mo.,Hanja,名詞
1795,계피,gyepi,桂皮,Hanja word: 桂皮 (guìpí),guìpí,kje.pʰi.,Hanja,名詞
1796,귀신,gwisin,鬼神,A ghost,guǐshén,kɥi.ɕʰin.,Hanja,名詞
1797,귀의,gwiui,歸依,Hanja word: 歸依 (guīyī),guīyī,kɥi.e.,Hanja,名詞
1798,규칙,gyuchik,規則,Rules or regulations,guīzé,kju.ʨʰik̚.,Hanja,名詞
1799,규칙적,gyuchikjeok,規則的,Be regular or systematic,guīzéde·,kju.ʨʰik̚.ʨ͈ʌk̚.,Hanja,名詞
1800,규제,gyuje,規制,Hanja word: 規制 (guīzhì),guīzhì,kju.ʥe.,Hanja,名詞
1801,귀중,gwijung,貴重,Hanja word: 貴重 (guìzhòng),guìzhòng,kɥi.ʥuŋ.,Hanja,名詞
1802,귀족,gwijok,貴族,Hanja word: 貴族 (guìzú),guìzú,kɥi.ʥok̚.,Hanja,名詞
1803,고객,gogaek,顧客,Customer,gùkè,ko.ɡɛk̚.,Hanja,名詞
1804,고객센터,gogaeksenteo,顧客center,Hanja word: 顧客center (gùkècenter),gùkècenter,ko.ɡɛk̚.s͈en.tʰʌ.,Hanja,名詞
1805,고립,gorip,孤立,Hanja word: 孤立 (gūlì),gūlì,ko.ɾip̚.,Hanja,名詞
1806,골막,golmak,骨膜,Hanja word: 骨膜 (gǔmó),gǔmó,kol.mak̚.,Hanja,名詞
1807,고막,gomak,鼓膜,Hanja word: 鼓膜 (gǔmó),gǔmó,ko.mak̚.,Hanja,名詞
1808,고모,gomo,姑母,A paternal aunt,gūmǔ,ko.mo.,Hanja,名詞
1809,고모부,gomobu,姑母夫,The husband of one’s paternal aunt,gūmǔfū,ko.mo.bu.,Hanja,名詞
1810,곤봉,gonbong,棍棒,Hanja word: 棍棒 (gùnbàng),gùnbàng,kom.boŋ.,Hanja,名詞
1811,국산,guksan,國産,A country’s product,guóchǎn,kuk̚.s͈an.,Hanja,名詞
1812,과정,gwajeong,過程,Process or course,guòchéng,ku̯a.ʥʌŋ.,Hanja,名詞
1813,과도,gwado,過度,Hanja word: 過度 (guòdù),guòdù,ku̯a.do.,Hanja,名詞
1814,과도적,gwadojeok,過渡的,Hanja word: 過渡的 (guòdùde·),guòdùde·,ku̯a.do.ʥʌk̚.,Hanja,名詞
1815,과다,gwada,過多,Hanja word: 過多 (guòduō),guòduō,ku̯a.da.,Hanja,名詞
1816,국회,gukhoe,國會,The National Assembly,guóhuì,ku.kʰu̯e.,Hanja,名詞
1817,국회의원,gukhoeuiwon,國會議員,A member of the national Assembly,guóhuìyìyuán,ku.kʰu̯e.i.u̯ʌn.,Hanja,名詞
1818,국적,gukjeok,國籍,Nationality or citizenship,guójí,kuk̚.ʨ͈ʌk̚.,Hanja,名詞
1819,국제,gukje,國際,International,guójì,kuk̚.ʨ͈e.,Hanja,名詞
1820,국가,gukga,國家,A state or a nation,guójiā,kuk̚.k͈a.,Hanja,名詞
1821,국가적,gukgajeok,國家的,National or state,guójiāde·,kuk̚.k͈a.ʥʌk̚.,Hanja,名詞
1822,국제적,gukjejeok,國際的,International,guójìde·,kuk̚.ʨ͈e.ʥʌk̚.,Hanja,名詞
1823,국제화,gukjehwa,國際化,Internationalization,guójìhuà,kuk̚.ʨ͈e.ɦu̯a.,Hanja,名詞
1824,국제선,gukjeseon,國際線,International airline,guójìxiàn,kuk̚.ʨ͈e.sʰʌn.,Hanja,名詞
1825,과로,gwaro,過勞,Hanja word: 過勞 (guòláo),guòláo,ku̯a.ɾo.,Hanja,名詞
1826,국립,gukrip,國立,Government established,guólì,kuŋ.nip̚.,Hanja,名詞
1827,국민,gukmin,國民,The people or a nationality,guómín,kuŋ.min.,Hanja,名詞
1828,국민적,gukminjeok,國民的,National or for citizens,guómínde·,kuŋ.min.ʥʌk̚.,Hanja,名詞
1829,국내,guknae,國內,Inside the country,guónèi,kuŋ.nɛ.,Hanja,名詞
1830,국내외,guknaeoe,國內外,The inside and outside of a country or home and abroad,guónèiwài,kuŋ.nɛ.u̯e.,Hanja,名詞
1831,국내선,guknaeseon,國內線,Domestic airline,guónèixiàn,kuŋ.nɛ.sʰʌn.,Hanja,名詞
1832,국기,gukgi,國旗,The national flag,guóqí,kuk̚.k͈i.,Hanja,名詞
1833,과연,gwayeon,果然,Just as one thought,guǒrán,ku̯a.jʌn.,Hanja,副詞
1834,과열,gwayeol,過熱,Hanja word: 過熱 (guòrè),guòrè,ku̯a.jʌl.,Hanja,名詞
1835,과잉,gwaing,過剩,Hanja word: 過剩 (guòshèng),guòshèng,ku̯a.iŋ.,Hanja,名詞
1836,국사,guksa,國史,The history of a country,guóshǐ,kuk̚.s͈a.,Hanja,名詞
1837,과실,gwasil,過失,Hanja word: 過失 (guòshī),guòshī,ku̯a.ɕʰil.,Hanja,名詞
1838,과실,gwasil,果實,Hanja word: 果實 (guǒshí),guǒshí,ku̯a.ɕʰil.,Hanja,名詞
1839,과수,gwasu,果樹,Hanja word: 果樹 (guǒshù),guǒshù,ku̯a.sʰu.,Hanja,名詞
1840,과속,gwasok,過速,Hanja word: 過速 (guòsù),guòsù,ku̯a.sʰok̚.,Hanja,名詞
1841,과당,gwadang,果糖,Hanja word: 果糖 (guǒtáng),guǒtáng,ku̯a.daŋ.,Hanja,名詞
1842,국토,gukto,國土,Hanja word: 國土 (guótǔ),guótǔ,kuk̚.tʰo.,Hanja,名詞
1843,국왕,gukwang,國王,A king or a monarch,guówáng,kuɡ.u̯aŋ.,Hanja,名詞
1844,국어,gukeo,國語,1) The national language or 2) Korean,guóyǔ,kuɡ.ʌ.,Hanja,名詞
1845,국채,gukchae,國債,Hanja word: 國債 (guózhài),guózhài,kuk̚.ʨʰɛ.,Hanja,名詞
1846,과즙,gwajeup,果汁,Hanja word: 果汁 (guǒzhī),guǒzhī,ku̯a.ʥɯp̚.,Hanja,名詞
1847,과자,gwaja,菓子,A snack or pastries or candy,guǒzi·,ku̯a.ʥa.,Hanja,名詞
1848,골반,golban,骨盤,Hanja word: 骨盤 (gǔpán),gǔpán,kol.p͈an.,Hanja,名詞
1849,곡식,goksik,穀食,Cereals or grain,gǔshí,kok̚.ɕʰik̚.,Hanja,名詞
1850,고수,gosu,鼓手,Hanja word: 鼓手 (gǔshǒu),gǔshǒu,ko.sʰu.,Hanja,名詞
1851,골수,golsu,骨髓,Hanja word: 骨髓 (gǔsuí),gǔsuí,kol.s͈u.,Hanja,名詞
1852,고문,gomun,顧問,Hanja word: 顧問 (gùwèn),gùwèn,ko.mun.,Hanja,名詞
1853,고물,gomul,古物,Hanja word: 古物 (gǔwù),gǔwù,ko.mul.,Hanja,名詞
1854,곡물,gokmul,穀物,Hanja word: 穀物 (gǔwù),gǔwù,koŋ.mul.,Hanja,名詞
1855,고무,gomu,鼓舞,Hanja word: 鼓舞 (gǔwǔ),gǔwǔ,ko.mu.,Hanja,名詞
1856,고향,gohyang,故鄉,Hometown,gùxiāng,ko.hjaŋ.,Hanja,名詞
1857,고용,goyong,雇傭,Hanja word: 雇傭 (gùyōng),gùyōng,ko.joŋ.,Hanja,名詞
1858,고장,gojang,故障,A district or producing area,gùzhàng,ko.ʥaŋ.,Hanja,名詞
1859,고집,gojip,固執,Persistence or stubborness,gùzhí,ko.ʥip̚.,Hanja,名詞
1860,해안,haean,海岸,"The seashore, the coast",hǎiàn,hɛ.an.,Hanja,名詞
1861,해안선,haeanseon,海岸線,Hanja word: 海岸線 (hǎiànxiàn),hǎiànxiàn,hɛ.an.sʌn.,Hanja,名詞
1862,해변,haebyeon,海邊,Hanja word: 海邊 (hǎibiān),hǎibiān,hɛ.bjʌn.,Hanja,名詞
1863,해초,haecho,海草,Hanja word: 海草 (hǎicǎo),hǎicǎo,hɛ.ʨʰo.,Hanja,名詞
1864,해산물,haesanmul,海産物,Hanja word: 海産物 (hǎichǎnwù),hǎichǎnwù,hɛ.sʰam.mul.,Hanja,名詞
1865,해독,haedok,害毒,Hanja word: 害毒 (hàidú),hàidú,hɛ.dok̚.,Hanja,名詞
1866,환부,hwanbu,還付,Hanja word: 還付 (háifù),háifù,hu̯am.bu.,Hanja,名詞
1867,해골,haegol,骸骨,Hanja word: 骸骨 (háigǔ),háigǔ,hɛ.ɡol.,Hanja,名詞
1868,환갑,hwangap,還甲,one’s 60th anniversary,háijiǎ,hu̯aŋ.ɡap̚.,Hanja,名詞
1869,해군,haegun,海軍,The navy,hǎijūn,hɛ.ɡun.,Hanja,名詞
1870,해리,haeri,海狸,Hanja word: 海狸 (hǎilí),hǎilí,hɛ.ɾi.,Hanja,名詞
1871,환류,hwanryu,還流,Hanja word: 還流 (háiliú),háiliú,hu̯al.lju.,Hanja,名詞
1872,해로,haero,海路,Hanja word: 海路 (hǎilù),hǎilù,hɛ.ɾo.,Hanja,名詞
1873,해마,haema,海馬,Hanja word: 海馬 (hǎimǎ),hǎimǎ,hɛ.ma.,Hanja,名詞
1874,해면,haemyeon,海綿,Hanja word: 海綿 (hǎimián),hǎimián,hɛ.mjʌn.,Hanja,名詞
1875,해면,haemyeon,海面,Hanja word: 海面 (hǎimiàn),hǎimiàn,hɛ.mjʌn.,Hanja,名詞
1876,해우,haeu,海牛,Hanja word: 海牛 (hǎiniú),hǎiniú,hɛ.u.,Hanja,名詞
1877,해수욕,haesuyok,海水浴,Hanja word: 海水浴 (hǎishuǐyù),hǎishuǐyù,hɛ.sʰu.jok̚.,Hanja,名詞
1878,해수욕장,haesuyokjang,海水浴場,A swimming beach,hǎishuǐyùchǎng,hɛ.sʰu.jok̚.ʨ͈aŋ.,Hanja,名詞
1879,해외,haeoe,海外,"Abroad, foreign countries",hǎiwài,hɛ.u̯e.,Hanja,名詞
1880,해외여행,haeoeyeohaeng,海外旅行,Foreign travel,hǎiwàilǚxíng,hɛ.u̯e.jʌ.ɦɛŋ.,Hanja,名詞
1881,해물,haemul,海物,Marine products,hǎiwù,hɛ.mul.,Hanja,名詞
1882,해협,haehyeop,海峽,Hanja word: 海峽 (hǎixiá),hǎixiá,hɛ.hjʌp̚.,Hanja,名詞
1883,해적,haejeok,海賊,Hanja word: 海賊 (hǎizéi),hǎizéi,hɛ.ʥʌk̚.,Hanja,名詞
1884,한발,hanbal,旱魃,Hanja word: 旱魃 (hànbá),hànbá,ham.bal.,Hanja,名詞
1885,한반도,hanbando,韓半島,The korean peninsula,hánbàndǎo,ham.ban.do.,Hanja,專有名詞
1886,한파,hanpa,寒波,Hanja word: 寒波 (hánbō),hánbō,ham.pʰa.,Hanja,名詞
1887,한전,hanjeon,韓電,Hanja word: 韓電 (hándiàn),hándiàn,han.ʥʌn.,Hanja,名詞
1888,한복,hanbok,韓服,Korean traditional clothing,hánfú,ham.bok̚.,Hanja,名詞
1889,항정,hangjeong,航程,Hanja word: 航程 (hángchéng),hángchéng,haŋ.ʥʌŋ.,Hanja,名詞
1890,항해,hanghae,航海,Hanja word: 航海 (hánghǎi),hánghǎi,haŋ.hɛ.,Hanja,名詞
1891,항공,hanggong,航空,An airport,hángkōng,haŋ.ɡoŋ.,Hanja,名詞
1892,항공편,hanggongpyeon,航空便,Hanja word: 航空便 (hángkōngbiàn),hángkōngbiàn,haŋ.ɡoŋ.pʰjʌn.,Hanja,名詞
1893,항공기,hanggonggi,航空機,An aircraft,hángkōngjī,haŋ.ɡoŋ.ɡi.,Hanja,名詞
1894,항공사,hanggongsa,航空社,Hanja word: 航空社 (hángkōngshè),hángkōngshè,haŋ.ɡoŋ.sa.,Hanja,名詞
1895,행렬,haengryeol,行列,Hanja word: 行列 (hángliè),hángliè,hɛŋ.njʌl.,Hanja,名詞
1896,항로,hangro,航路,Hanja word: 航路 (hánglù),hánglù,haŋ.no.,Hanja,名詞
1897,한국,hanguk,韓國,Korea,hánguó,haŋ.ɡuk̚.,Hanja,專有名詞
1898,한국적,hangukjeok,韓國的,Korean (adjective),hánguóde·,haŋ.ɡuk̚.ʨ͈ʌk̚.,Hanja,名詞
1899,한국어,hangukeo,韓國語,Korean (language),hánguóyǔ,haŋ.ɡuɡ.ʌ.,Hanja,名詞
1900,한강,hangang,漢江,"The han river, runs through Seoul",hànjiāng,haŋ.ɡaŋ.,Hanja,專有名詞
1901,한라산,hanrasan,漢拏山,Halla-san mountain,hànnáshān,hal.la.sʰan.,Hanja,專有名詞
1902,한기,hangi,寒氣,Hanja word: 寒氣 (hánqì),hánqì,haŋ.ɡi.,Hanja,名詞
1903,한식,hansik,韓食,Korean food,hánshí,han.ɕʰik̚.,Hanja,名詞
1904,한문,hanmun,漢文,"Chinese writing, chinese classics",hànwén,ham.mun.,Hanja,名詞
1905,함축,hamchuk,含蓄,Hanja word: 含蓄 (hánxù),hánxù,ham.ʨʰuk̚.,Hanja,名詞
1906,한자,hanja,漢字,"Korean character, derived from chinese",hànzì,han.ʥa.,Hanja,名詞
1907,호기,hogi,好機,Hanja word: 好機 (hǎojī),hǎojī,ho.ɡi.,Hanja,名詞
1908,호기심,hogisim,好奇心,Curiousity,hàoqíxīn,ho.ɡi.ɕʰim.,Hanja,名詞
1909,호색,hosaek,好色,Hanja word: 好色 (hǎosè),hǎosè,ho.sʰɛk̚.,Hanja,名詞
1910,호실,hosil,號室,Tells you the room number,hàoshì,ho.ɕʰil.,Hanja,名詞
1911,호선,hoseon,號線,The track number for a train,hàoxiàn,ho.sʰʌn.,Hanja,依存名詞
1912,호의,houi,好意,Hanja word: 好意 (hǎoyì),hǎoyì,ho.e.,Hanja,名詞
1913,호우,hou,豪雨,Hanja word: 豪雨 (háoyǔ),háoyǔ,ho.u.,Hanja,名詞
1914,호주,hoju,濠洲,Australia,háozhōu,ho.ʥu.,Hanja,專有名詞
1915,합판,happan,合板,Hanja word: 合板 (hébǎn),hébǎn,hap̚.pʰan.,Hanja,名詞
1916,화본학,hwabonhak,禾本學,Hanja word: 禾本學 (héběnxué),héběnxué,hu̯a.bon.hak̚.,Hanja,名詞
1917,하필,hapil,何必,Why necessarily? Why of all things?,hébì,ha.pʰil.,Hanja,副詞
1918,갈채,galchae,喝采,Hanja word: 喝采 (hècǎi),hècǎi,kal.ʨʰɛ.,Hanja,名詞
1919,합창,hapchang,合唱,Hanja word: 合唱 (héchàng),héchàng,hap̚.ʨʰaŋ.,Hanja,名詞
1920,화창,hwachang,和暢,Hanja word: 和暢 (héchàng),héchàng,hu̯a.ʨʰaŋ.,Hanja,名詞
1921,합성,hapseong,合成,Hanja word: 合成 (héchéng),héchéng,hap.s͈ʌŋ.,Hanja,名詞
1922,하천,hacheon,河川,"A river, watercourse",héchuān,ha.ʨʰʌn.,Hanja,名詞
1923,합법적,hapbeopjeok,合法的,Hanja word: 合法的 (héfǎde·),héfǎde·,hap̚.p͈ʌp̚.ʨ͈ʌk̚.,Hanja,名詞
1924,핵분열,haekbunyeol,核分裂,Hanja word: 核分裂 (héfēnliè),héfēnliè,hɛk̚.p͈un.jʌl.,Hanja,名詞
1925,합격,hapgyeok,合格,Success in an examination,hégé,hap̚.k͈jʌk̚.,Hanja,名詞
1926,핵과,haekgwa,核果,Hanja word: 核果 (héguǒ),héguǒ,hɛk̚.k͈u̯a.,Hanja,名詞
1927,화합,hwahap,和合,Hanja word: 和合 (héhé),héhé,hu̯a.ɦap̚.,Hanja,名詞
1928,흑백,heukbaek,黑白,Black and white,hēibái,hɯk̚.p͈ɛk̚.,Hanja,名詞
1929,흑인,heukin,黑人,A black person,hēirén,hɯɡ.in.,Hanja,名詞
1930,화해,hwahae,和解,Hanja word: 和解 (héjiě),héjiě,hu̯a.ɦɛ.,Hanja,名詞
1931,합금,hapgeum,合金,Hanja word: 合金 (héjīn),héjīn,hap̚.k͈ɯm.,Hanja,名詞
1932,합력,hapryeok,合力,Hanja word: 合力 (hélì),hélì,ham.njʌk̚.,Hanja,名詞
1933,합리적,haprijeok,合理的,"Rational, reasonable",hélǐde·,ham.ni.ʥʌk̚.,Hanja,名詞
1934,하마,hama,河馬,Hanja word: 河馬 (hémǎ),hémǎ,ha.ma.,Hanja,名詞
1935,항상,hangsang,恆常,Always,héngcháng,haŋ.saŋ.,Hanja,副詞
1936,횡단보도,hoengdanbodo,橫斷步道,Crossing,héngduànbùdào,hu̯eŋ.dam.bo.do.,Hanja,名詞
1937,항성,hangseong,恆星,Hanja word: 恆星 (héngxīng),héngxīng,haŋ.sʌŋ.,Hanja,名詞
1938,흔적,heunjeok,痕跡,"traces,signs,evidences",hénjī,hɯn.ʥʌk̚.,Hanja,名詞
1939,핵융합,haekyunghap,核融合,Hanja word: 核融合 (hérónghé),hérónghé,hɛɡ.juŋ.hap̚.,Hanja,名詞
1940,하여,hayeo,何如,Hanja word: 何如 (hérú),hérú,ha.jʌ.,Hanja,名詞
1941,갈색,galsaek,褐色,Brown,hésè,kal.s͈ɛk̚.,Hanja,名詞
1942,화성,hwaseong,和聲,Hanja word: 和聲 (héshēng),héshēng,hu̯a.sʰʌŋ.,Hanja,名詞
1943,핵실험,haeksilheom,核實驗,Hanja word: 核實驗 (héshíyàn),héshíyàn,hɛk̚.ɕʰiɾ.ɦʌm.,Hanja,名詞
1944,갈탄,galtan,褐炭,Hanja word: 褐炭 (hétàn),hétàn,kal.tʰan.,Hanja,名詞
1945,합체,hapche,合體,Hanja word: 合體 (hétǐ),hétǐ,hap̚.ʨʰe.,Hanja,名詞
1946,합동,hapdong,合同,Hanja word: 合同 (hétóng),hétóng,hap̚.t͈oŋ.,Hanja,名詞
1947,핵심,haeksim,核心,"The kernel, the core",héxīn,hɛk̚.ɕʰim.,Hanja,名詞
1948,하중,hajung,荷重,Hanja word: 荷重 (hézhòng),hézhòng,ha.ʥuŋ.,Hanja,名詞
1949,합주,hapju,合奏,Hanja word: 合奏 (hézòu),hézòu,hap̚.ʨ͈u.,Hanja,名詞
1950,합작,hapjak,合作,Hanja word: 合作 (hézuò),hézuò,hap̚.ʨ͈ak̚.,Hanja,名詞
1951,홍보,hongbo,弘報,"Public information, public relations",hóngbào,hoŋ.bo.,Hanja,名詞
1952,홍채,hongchae,虹彩,Hanja word: 虹彩 (hóngcǎi),hóngcǎi,hoŋ.ʨʰɛ.,Hanja,名詞
1953,홍차,hongcha,紅茶,"Tea, black tea",hóngchá,hoŋ.ʨʰa.,Hanja,名詞
1954,홍조,hongjo,紅潮,Hanja word: 紅潮 (hóngcháo),hóngcháo,hoŋ.ʥo.,Hanja,名詞
1955,홍해,honghae,紅海,Hanja word: 紅海 (hónghǎi),hónghǎi,hoŋ.hɛ.,Hanja,名詞
1956,홍수,hongsu,洪水,"A flood, inundation",hóngshuǐ,hoŋ.su.,Hanja,名詞
1957,홍옥,hongok,紅玉,Hanja word: 紅玉 (hóngyù),hóngyù,hoŋ.ok̚.,Hanja,名詞
1958,굉장,goengjang,宏壯,Hanja word: 宏壯 (hóngzhuàng),hóngzhuàng,ku̯eŋ.ʥaŋ.,Hanja,名詞
1959,후반,huban,後半,The後半 / second half,hòubàn,hu.ban.,Hanja,名詞
1960,후배,hubae,後輩,one’s junior,hòubèi,hu.bɛ.,Hanja,名詞
1961,후보,hubo,候補,"candidature,candidacy",hòubǔ,hu.bo.,Hanja,名詞
1962,후산,husan,後産,Hanja word: 後産 (hòuchǎn),hòuchǎn,hu.sʰan.,Hanja,名詞
1963,후궁,hugung,後宮,Hanja word: 後宮 (hòugōng),hòugōng,hu.ɡuŋ.,Hanja,名詞
1964,후회,huhoe,後悔,"repentance,regret",hòuhuǐ,hu.ɦu̯e.,Hanja,名詞
1965,후갑판,hugappan,後甲板,Hanja word: 後甲板 (hòujiǎbǎn),hòujiǎbǎn,hu.ɡap̚.pʰan.,Hanja,名詞
1966,후계자,hugyeja,後繼者,Hanja word: 後繼者 (hòujìzhě),hòujìzhě,hu.ɡje.ʥa.,Hanja,名詞
1967,후작,hujak,侯爵,Hanja word: 侯爵 (hóujué),hóujué,hu.ʥak̚.,Hanja,名詞
1968,후뇌,hunoe,後腦,Hanja word: 後腦 (hòunǎo),hòunǎo,hu.nu̯e.,Hanja,名詞
1969,후기,hugi,後期,The latter term/period,hòuqí,hu.ɡi.,Hanja,名詞
1970,후세,huse,後世,Hanja word: 後世 (hòushì),hòushì,hu.sʰe.,Hanja,名詞
1971,후두,hudu,喉頭,Hanja word: 喉頭 (hóutóu),hóutóu,hu.du.,Hanja,名詞
1972,후퇴,hutoe,後退,Hanja word: 後退 (hòutuì),hòutuì,hu.tʰu̯e.,Hanja,名詞
1973,후위,huwi,後衛,Hanja word: 後衛 (hòuwèi),hòuwèi,hu.ɥi.,Hanja,名詞
1974,후미,humi,後尾,Hanja word: 後尾 (hòuwěi),hòuwěi,hu.mi.,Hanja,名詞
1975,후원,huwon,後援,Hanja word: 後援 (hòuyuán),hòuyuán,hu.u̯ʌn.,Hanja,名詞
1976,화피,hwapi,花被,Hanja word: 花被 (huābèi),huābèi,hu̯a.pʰi.,Hanja,名詞
1977,획책,hoekchaek,劃策,Hanja word: 劃策 (huàcè),huàcè,hu̯ek̚.ʨʰɛk̚.,Hanja,名詞
1978,화강암,hwagangam,花崗岩,Hanja word: 花崗岩 (huāgāngyán),huāgāngyán,hu̯a.ɡaŋ.am.,Hanja,名詞
1979,화합물,hwahapmul,化合物,Hanja word: 化合物 (huàhéwù),huàhéwù,hu̯a.ɦam.mul.,Hanja,名詞
1980,화환,hwahwan,花環,Hanja word: 花環 (huāhuán),huāhuán,hu̯a.ɦu̯an.,Hanja,名詞
1981,화훼,hwahwe,花卉,Hanja word: 花卉 (huāhuì),huāhuì,hu̯a.ɦu̯e.,Hanja,名詞
1982,회유,hoeyu,懷柔,Hanja word: 懷柔 (huáiróu),huáiróu,hu̯e.ju.,Hanja,名詞
1983,괴혈병,goehyeolbyeong,壞血病,Hanja word: 壞血病 (huàixiěbìng),huàixiěbìng,ku̯e.hjʌl.p͈jʌŋ.,Hanja,名詞
1984,회의,hoeui,懷疑,"A meeting, a conference",huáiyí,hu̯e.e.,Hanja,名詞
1985,화가,hwaga,畫家,"A painter, a drawer artist",huàjiā,hu̯a.ɡa.,Hanja,名詞
1986,화려,hwaryeo,華麗,Hanja word: 華麗 (huálì),huálì,hu̯a.ɾjʌ.,Hanja,名詞
1987,화면,hwamyeon,畫面,Screen,huàmiàn,hu̯a.mjʌn.,Hanja,名詞
1988,환승,hwanseung,換乘,Hanja word: 換乘 (huànchéng),huànchéng,hu̯an.sɯŋ.,Hanja,名詞
1989,환등,hwandeung,幻燈,Hanja word: 幻燈 (huàndēng),huàndēng,hu̯an.dɯŋ.,Hanja,名詞
1990,환불,hwanbul,換拂,Hanja word: 換拂 (huànfú),huànfú,hu̯am.bul.,Hanja,名詞
1991,황제,hwangje,皇帝,Hanja word: 皇帝 (huángdì),huángdì,hu̯aŋ.ʥe.,Hanja,名詞
1992,황후,hwanghu,皇后,Hanja word: 皇后 (huánghòu),huánghòu,hu̯aŋ.hu.,Hanja,名詞
1993,황홀,hwanghol,恍惚,Hanja word: 恍惚 (huǎnghū),huǎnghū,hu̯aŋ.hol.,Hanja,名詞
1994,환관,hwangwan,宦官,Hanja word: 宦官 (huànguān),huànguān,hu̯aŋ.ɡu̯an.,Hanja,名詞
1995,황야,hwangya,荒野,Hanja word: 荒野 (huāngyě),huāngyě,hu̯aŋ.ja.,Hanja,名詞
1996,환호,hwanho,歡呼,Hanja word: 歡呼 (huānhū),huānhū,hu̯an.ho.,Hanja,名詞
1997,환초,hwancho,環礁,Hanja word: 環礁 (huánjīao),huánjīao,hu̯an.ʨʰo.,Hanja,名詞
1998,환경,hwangyeong,環境,Environment,huánjìng,hu̯aŋ.ɡjʌŋ.,Hanja,名詞
1999,환경오염,hwangyeongoyeom,環境汚染,Environmental pollution,huánjìngwūrǎn,hu̯aŋ.ɡjʌŋ.o.jʌm.,Hanja,名詞
2000,환각,hwangak,幻覺,Hanja word: 幻覺 (huànjué),huànjué,hu̯aŋ.ɡak̚.,Hanja,名詞
2001,환율,hwanyul,換率,The exchange rate (money),huànlǜ,hu̯an.jul.,Hanja,名詞
2002,화농,hwanong,化膿,Hanja word: 化膿 (huànóng),huànóng,hu̯a.noŋ.,Hanja,名詞
2003,환기,hwangi,換氣,Hanja word: 換氣 (huànqì),huànqì,hu̯aŋ.ɡi.,Hanja,名詞
2004,환전,hwanjeon,換錢,Hanja word: 換錢 (huànqián),huànqián,hu̯an.ʥʌn.,Hanja,名詞
2005,환상,hwansang,幻像,Hanja word: 幻像 (huànxiàng),huànxiàng,hu̯an.saŋ.,Hanja,名詞
2006,환영,hwanyeong,幻影,Welcome,huànyǐng,hu̯an.jʌŋ.,Hanja,名詞
2007,환영,hwanyeong,歡迎,Welcome,huānyíng,hu̯an.jʌŋ.,Hanja,名詞
2008,환유,hwanyu,換喻,Hanja word: 換喻 (huànyù),huànyù,hu̯an.ju.,Hanja,名詞
2009,환자,hwanja,患者,A patient,huànzhě,hu̯an.ʥa.,Hanja,名詞
2010,화분,hwabun,花盆,Flower pot,huāpén,hu̯a.bun.,Hanja,名詞
2011,화신,hwasin,化身,Hanja word: 化身 (huàshēn),huàshēn,hu̯a.ɕʰin.,Hanja,名詞
2012,화석,hwaseok,化石,Hanja word: 化石 (huàshí),huàshí,hu̯a.sʰʌk̚.,Hanja,名詞
2013,화단,hwadan,花壇,Hanja word: 花壇 (huātán),huātán,hu̯a.dan.,Hanja,名詞
2014,화제,hwaje,話題,Subject of conversation,huàtí,hu̯a.ʥe.,Hanja,名詞
2015,화서,hwaseo,花序,Hanja word: 花序 (huāxù),huāxù,hu̯a.sʰʌ.,Hanja,名詞
2016,화학,hwahak,化學,Chemistry,huàxué,hu̯a.ɦak̚.,Hanja,名詞
2017,화학자,hwahakja,化學者,Hanja word: 化學者 (huàxuézhě),huàxuézhě,hu̯a.ɦak̚.ʨ͈a.,Hanja,名詞
2018,획일,hoekil,劃一,Hanja word: 劃一 (huàyī),huàyī,hu̯eɡ.il.,Hanja,名詞
2019,화원,hwawon,花園,Hanja word: 花園 (huāyuán),huāyuán,hu̯a.u̯ʌn.,Hanja,名詞
2020,화주,hwaju,花柱,Hanja word: 花柱 (huāzhù),huāzhù,hu̯a.ʥu.,Hanja,名詞
2021,화장,hwajang,化粧,Makeup,huàzhuāng,hu̯a.ʥaŋ.,Hanja,名詞
2022,화장품,hwajangpum,化粧品,"Makup, cosmetics",huàzhuāngpǐn,hu̯a.ʥaŋ.pʰum.,Hanja,名詞
2023,화장실,hwajangsil,化粧室,Bathroom,huàzhuāngshì,hu̯a.ʥaŋ.ɕʰil.,Hanja,名詞
2024,화장지,hwajangji,化粧紙,Soft paper used when applying makeup,huàzhuāngzhǐ,hu̯a.ʥaŋ.ʥi.,Hanja,名詞
2025,활주,hwalju,滑走,Hanja word: 滑走 (huázǒu),huázǒu,hu̯al.ʨ͈u.,Hanja,名詞
2026,활주로,hwaljuro,滑走路,Hanja word: 滑走路 (huázǒulù),huázǒulù,hu̯al.ʨ͈u.ɾo.,Hanja,名詞
2027,회보,hoebo,回報,Hanja word: 回報 (huíbào),huíbào,hu̯e.bo.,Hanja,名詞
2028,회피,hoepi,回避,Hanja word: 回避 (huíbì),huíbì,hu̯e.pʰi.,Hanja,名詞
2029,회장,hoejang,回腸,"Chariman, the president",huícháng,hu̯e.ʥaŋ.,Hanja,名詞
2030,회장,hoejang,會場,"Chariman, the president",huìchǎng,hu̯e.ʥaŋ.,Hanja,名詞
2031,회춘,hoechun,回春,Hanja word: 回春 (huíchūn),huíchūn,hu̯e.ʨʰun.,Hanja,名詞
2032,회답,hoedap,回答,Hanja word: 回答 (huídá),huídá,hu̯e.dap̚.,Hanja,名詞
2033,회복,hoebok,回復,"Recovery, recuperation",huífù,hu̯e.bok̚.,Hanja,名詞
2034,회고,hoego,回顧,Hanja word: 回顧 (huígù),huígù,hu̯e.ɡo.,Hanja,名詞
2035,회관,hoegwan,會館,An assembly hall,huìguǎn,hu̯e.ɡu̯an.,Hanja,名詞
2036,회귀,hoegwi,回歸,Hanja word: 回歸 (huíguī),huíguī,hu̯e.ɡɥi.,Hanja,名詞
2037,회합,hoehap,會合,Hanja word: 會合 (huìhé),huìhé,hu̯e.ɦap̚.,Hanja,名詞
2038,회한,hoehan,悔恨,Hanja word: 悔恨 (huǐhèn),huǐhèn,hu̯e.ɦan.,Hanja,名詞
2039,회화,hoehwa,會話,"Conversations, talk",huìhuà,hu̯e.ɦu̯a.,Hanja,名詞
2040,회화,hoehwa,繪畫,"Conversations, talk",huìhuà,hu̯e.ɦu̯a.,Hanja,名詞
2041,회견,hoegyeon,會見,"An interview, a meeting",huìjiàn,hu̯e.ɡjʌn.,Hanja,名詞
2042,회견자,hoegyeonja,會見者,Hanja word: 會見者 (huìjiànzhě),huìjiànzhě,hu̯e.ɡjʌn.ʥa.,Hanja,名詞
2043,회랑,hoerang,回廊,Hanja word: 回廊 (huíláng),huíláng,hu̯e.ɾaŋ.,Hanja,名詞
2044,회색,hoesaek,灰色,Gray,huīsè,hu̯e.sʰɛk̚.,Hanja,名詞
2045,회사,hoesa,會社,A company,huìshè,hu̯e.sʰa.,Hanja,名詞
2046,회사법,hoesabeop,會社法,Hanja word: 會社法 (huìshèfǎ),huìshèfǎ,hu̯e.sʰa.bʌp̚.,Hanja,名詞
2047,휘석,hwiseok,輝石,Hanja word: 輝石 (huīshí),huīshí,hɥi.sʰʌk̚.,Hanja,名詞
2048,회수,hoesu,回收,Hanja word: 回收 (huíshōu),huíshōu,hu̯e.sʰu.,Hanja,名詞
2049,횟수,hoessu,回數,"The number of times, the frequency",huíshǔ,hu̯es.s͈u.,Hanja,名詞
2050,회송,hoesong,回送,Hanja word: 回送 (huísòng),huísòng,hu̯e.sʰoŋ.,Hanja,名詞
2051,훼손,hweson,毀損,Hanja word: 毀損 (huǐsǔn),huǐsǔn,hu̯e.sʰon.,Hanja,名詞
2052,회선,hoeseon,回線,Hanja word: 回線 (huíxiàn),huíxiàn,hu̯e.sʰʌn.,Hanja,名詞
2053,회상,hoesang,回想,Hanja word: 回想 (huíxiǎng),huíxiǎng,hu̯e.sʰaŋ.,Hanja,名詞
2054,혜성,hyeseong,彗星,Hanja word: 彗星 (huìxīng),huìxīng,çje.sʰʌŋ.,Hanja,名詞
2055,회의,hoeui,會議,"A meeting, a conference",huìyì,hu̯e.e.,Hanja,名詞
2056,회원,hoewon,會員,A member of a society,huìyuán,hu̯e.u̯ʌn.,Hanja,名詞
2057,회원비,hoewonbi,會員費,Hanja word: 會員費 (huìyuánfèi),huìyuánfèi,hu̯e.u̯ʌm.bi.,Hanja,名詞
2058,혜택,hyetaek,惠澤,"A favor, benefit",huìzé,çje.tʰɛk̚.,Hanja,名詞
2059,회장,hoejang,會長,"Chariman, the president",huìzhǎng,hu̯e.ʥaŋ.,Hanja,名詞
2060,휘장,hwijang,徽章,Hanja word: 徽章 (huīzhāng),huīzhāng,hɥi.ʥaŋ.,Hanja,名詞
2061,회중,hoejung,會衆,Hanja word: 會衆 (huìzhòng),huìzhòng,hu̯e.ʥuŋ.,Hanja,名詞
2062,회전,hoejeon,回轉,"Revolution, rotation",huízhuǎn,hu̯e.ʥʌn.,Hanja,名詞
2063,호정,hojeong,糊精,Hanja word: 糊精 (hújīng),hújīng,ho.ʥʌŋ.,Hanja,名詞
2064,호랑,horang,虎狼,Hanja word: 虎狼 (hǔláng),hǔláng,ho.ɾaŋ.,Hanja,名詞
2065,호남,honam,湖南,"The HONAM district, which is CHOLLA-DO in S.W south korea",húnán,ho.nam.,Hanja,專有名詞
2066,혼합,honhap,混合,Hanja word: 混合 (hùnhé),hùnhé,hon.hap̚.,Hanja,名詞
2067,혼란,honran,混亂,Hanja word: 混亂 (hùnluàn),hùnluàn,hol.lan.,Hanja,名詞
2068,혼미,honmi,昏迷,Hanja word: 昏迷 (hūnmí),hūnmí,hom.mi.,Hanja,名詞
2069,혼수,honsu,昏睡,Hanja word: 昏睡 (hūnshuì),hūnshuì,hon.su.,Hanja,名詞
2070,혼동,hondong,混同,Hanja word: 混同 (hùntóng),hùntóng,hon.doŋ.,Hanja,名詞
2071,혼신,honsin,混信,Hanja word: 混信 (hùnxìn),hùnxìn,hon.ɕʰin.,Hanja,名詞
2072,화차,hwacha,貨車,Hanja word: 貨車 (huòchē),huòchē,hu̯a.ʨʰa.,Hanja,名詞
2073,획득,hoekdeuk,獲得,Hanja word: 獲得 (huòdé),huòdé,hu̯ek̚.t͈ɯk̚.,Hanja,名詞
2074,활동,hwaldong,活動,Activity,huódòng,hu̯al.t͈oŋ.,Hanja,名詞
2075,화부,hwabu,火夫,Hanja word: 火夫 (huǒfū),huǒfū,hu̯a.bu.,Hanja,名詞
2076,화급,hwageup,火急,Hanja word: 火急 (huǒjí),huǒjí,hu̯a.ɡɯp̚.,Hanja,名詞
2077,활황,hwalhwang,活況,Hanja word: 活況 (huókuàng),huókuàng,hu̯aɾ.ɦu̯aŋ.,Hanja,名詞
2078,활력,hwalryeok,活力,Hanja word: 活力 (huólì),huólì,hu̯al.ljʌk̚.,Hanja,名詞
2079,활발,hwalbal,活潑,Hanja word: 活潑 (huópō),huópō,hu̯al.p͈al.,Hanja,名詞
2080,활기,hwalgi,活氣,"Vigor, life, vitality",huóqì,hu̯al.k͈i.,Hanja,名詞
2081,화기,hwagi,火器,Hanja word: 火器 (huǒqì),huǒqì,hu̯a.ɡi.,Hanja,名詞
2082,화산,hwasan,火山,Hanja word: 火山 (huǒshān),huǒshān,hu̯a.sʰan.,Hanja,名詞
2083,화상,hwasang,火傷,Hanja word: 火傷 (huǒshāng),huǒshāng,hu̯a.sʰaŋ.,Hanja,名詞
2084,혹시,hoksi,或是,Sometimes,huòshì,hok̚.ɕʰi.,Hanja,副詞
2085,화물,hwamul,貨物,Hanja word: 貨物 (huòwù),huòwù,hu̯a.mul.,Hanja,名詞
2086,화물선,hwamulseon,貨物船,Hanja word: 貨物船 (huòwùchuán),huòwùchuán,hu̯a.mul.s͈ʌn.,Hanja,名詞
2087,혹성,hokseong,惑星,Hanja word: 惑星 (huòxīng),huòxīng,hok̚.s͈ʌŋ.,Hanja,名詞
2088,화형,hwahyeong,火刑,Hanja word: 火刑 (huǒxíng),huǒxíng,hu̯a.hjʌŋ.,Hanja,名詞
2089,화염,hwayeom,火炎,Hanja word: 火炎 (huǒyán),huǒyán,hu̯a.jʌm.,Hanja,名詞
2090,화약,hwayak,火藥,Hanja word: 火藥 (huǒyào),huǒyào,hu̯a.jak̚.,Hanja,名詞
2091,화요일,hwayoil,火曜日,Tuesday,huǒyàorì,hu̯a.jo.il.,Hanja,名詞
2092,활용,hwalyong,活用,Practical use,huóyòng,hu̯aɾ.joŋ.,Hanja,名詞
2093,활약,hwalyak,活躍,Hanja word: 活躍 (huóyuè),huóyuè,hu̯aɾ.jak̚.,Hanja,名詞
2094,화재,hwajae,火災,"A fire, a blaze",huǒzāi,hu̯a.ʥɛ.,Hanja,名詞
2095,화재사건,hwajaesageon,火災事件,Hanja word: 火災事件 (huǒzāishìjiàn),huǒzāishìjiàn,hu̯a.ʥɛ.sʰa.ɡʌn.,Hanja,名詞
2096,화장,hwajang,火葬,Makeup,huǒzàng,hu̯a.ʥaŋ.,Hanja,名詞
2097,호박,hobak,琥珀,Pumpkin,hǔpò,ho.bak̚.,Hanja,名詞
2098,호기,hogi,呼氣,Hanja word: 呼氣 (hūqì),hūqì,ho.ɡi.,Hanja,名詞
2099,호수,hosu,湖水,A lake,húshuǐ,ho.sʰu.,Hanja,名詞
2100,호송,hosong,護送,Hanja word: 護送 (hùsòng),hùsòng,ho.sʰoŋ.,Hanja,名詞
2101,호위,howi,護衛,Hanja word: 護衛 (hùwèi),hùwèi,ho.ɥi.,Hanja,名詞
2102,호흡,hoheup,呼吸,"Respiration, breath",hūxī,ho.ɦɯp̚.,Hanja,名詞
2103,호응,hoeung,呼應,Hanja word: 呼應 (hūyìng),hūyìng,ho.ɯŋ.,Hanja,名詞
2104,갑판,gappan,甲板,Hanja word: 甲板 (jiǎbǎn),jiǎbǎn,kap̚.pʰan.,Hanja,名詞
2105,가신,gasin,家臣,Hanja word: 家臣 (jiāchén),jiāchén,ka.ɕʰin.,Hanja,名詞
2106,갑충,gapchung,甲蟲,Hanja word: 甲蟲 (jiǎchóng),jiǎchóng,kap̚.ʨʰuŋ.,Hanja,名詞
2107,가축,gachuk,家畜,Hanja word: 家畜 (jiāchù),jiāchù,ka.ʨʰuk̚.,Hanja,名詞
2108,가정,gajeong,假定,Famly,jiǎdìng,ka.ʥʌŋ.,Hanja,名詞
2109,가격,gagyeok,價格,Price,jiàgé,ka.ɡjʌk̚.,Hanja,名詞
2110,가격차익,gagyeokchaik,價格差異,Hanja word: 價格差異 (jiàgéchāyì),jiàgéchāyì,ka.ɡjʌk̚.ʨʰa.ik̚.,Hanja,名詞
2111,가격대,gagyeokdae,價格代,Hanja word: 價格代 (jiàgédài),jiàgédài,ka.ɡjʌk̚.t͈ɛ.,Hanja,名詞
2112,가격폭,gagyeokpok,價格幅,Hanja word: 價格幅 (jiàgéfú),jiàgéfú,ka.ɡjʌk̚.pʰok̚.,Hanja,名詞
2113,가격폭제한,gagyeokpokjehan,價格幅制限,Hanja word: 價格幅制限 (jiàgéfúzhìxiàn),jiàgéfúzhìxiàn,ka.ɡjʌk̚.pʰok̚.ʨ͈e.ɦan.,Hanja,名詞
2114,가격경기,gagyeokgyeonggi,價格景氣,Hanja word: 價格景氣 (jiàgéjǐngqì),jiàgéjǐngqì,ka.ɡjʌk̚.k͈jʌŋ.ɡi.,Hanja,名詞
2115,가겨표,gagyeopyo,價格票,Hanja word: 價格票 (jiàgépiào),jiàgépiào,ka.ɡjʌ.pʰjo.,Hanja,名詞
2116,가격정책,gagyeokjeongchaek,價格政策,Hanja word: 價格政策 (jiàgézhèngcè),jiàgézhèngcè,ka.ɡjʌk̚.ʨ͈ʌŋ.ʨʰɛk̚.,Hanja,名詞
2117,가격지수,gagyeokjisu,價格指數,Hanja word: 價格指數 (jiàgézhǐshù),jiàgézhǐshù,ka.ɡjʌk̚.ʨ͈i.sʰu.,Hanja,名詞
2118,가공,gagong,加工,Hanja word: 加工 (jiāgōng),jiāgōng,ka.ɡoŋ.,Hanja,名詞
2119,가공무역,gagongmuyeok,加工貿易,Hanja word: 加工貿易 (jiāgōngmàoyì),jiāgōngmàoyì,ka.ɡoŋ.mu.jʌk̚.,Hanja,名詞
2120,가공품,gagongpum,加工品,Hanja word: 加工品 (jiāgōngpǐn),jiāgōngpǐn,ka.ɡoŋ.pʰum.,Hanja,名詞
2121,가공수입,gagongsuip,加工輸入,Hanja word: 加工輸入 (jiāgōngshūrù),jiāgōngshūrù,ka.ɡoŋ.su.ip̚.,Hanja,名詞
2122,가계,gagye,家計,Hanja word: 家計 (jiājì),jiājì,ka.ɡje.,Hanja,名詞
2123,가가,gaga,家家,Hanja word: 家家 (jiājiā),jiājiā,ka.ɡa.,Hanja,名詞
2124,가감,gagam,加減,Hanja word: 加減 (jiājiǎn),jiājiǎn,ka.ɡam.,Hanja,名詞
2125,가감례,gagamrye,加減例,Hanja word: 加減例 (jiājiǎnlì),jiājiǎnlì,ka.ɡam.nje.,Hanja,名詞
2126,가건물,gageonmul,假建物,Hanja word: 假建物 (jiàjiànwù),jiàjiànwù,ka.ɡʌm.mul.,Hanja,名詞
2127,가계보험,gagyeboheom,家計保險,Hanja word: 家計保險 (jiājìbǎoxiǎn),jiājìbǎoxiǎn,ka.ɡje.bo.ɦʌm.,Hanja,名詞
2128,가계부,gagyebu,家計簿,Hanja word: 家計簿 (jiājìbù),jiājìbù,ka.ɡje.bu.,Hanja,名詞
2129,가게정,gagejeong,假計定,Hanja word: 假計定 (jiàjìdìng),jiàjìdìng,ka.ɡe.ʥʌŋ.,Hanja,名詞
2130,가계비,gagyebi,家計費,Hanja word: 家計費 (jiājìfèi),jiājìfèi,ka.ɡje.bi.,Hanja,名詞
2131,가계경제,gagyegyeongje,家計經濟,Hanja word: 家計經濟 (jiājìjīngjì),jiājìjīngjì,ka.ɡje.ɡjʌŋ.ʥe.,Hanja,名詞
2132,가경,gagyeong,佳境,Hanja word: 佳境 (jiājìng),jiājìng,ka.ɡjʌŋ.,Hanja,名詞
2133,가경,gagyeong,佳景,Hanja word: 佳景 (jiājǐng),jiājǐng,ka.ɡjʌŋ.,Hanja,名詞
2134,가구,gagu,家具,Family,jiājù,ka.ɡu.,Hanja,名詞
2135,갑각,gapgak,甲殼,Hanja word: 甲殼 (jiǎké),jiǎké,kap̚.k͈ak̚.,Hanja,名詞
2136,가공삭도,gagongsakdo,架空索道,Hanja word: 架空索道 (jiàkōngsuǒdào),jiàkōngsuǒdào,ka.ɡoŋ.sak̚.t͈o.,Hanja,名詞
2137,가구,gagu,家口,Family,jiākǒu,ka.ɡu.,Hanja,名詞
2138,가령,garyeong,假令,1) For example 2) supposing or admitting,jiàlìng,ka.ɾjʌŋ.,Hanja,副詞
2139,견본,gyeonbon,見本,Hanja word: 見本 (jiànběn),jiànběn,kjʌm.bon.,Hanja,名詞
2140,간편,ganpyeon,簡便,Hanja word: 簡便 (jiǎnbiàn),jiǎnbiàn,kam.pʰjʌn.,Hanja,名詞
2141,검사,geomsa,檢查,Investigation or inspection or examination or audit,jiǎnchá,kʌm.sa.,Hanja,名詞
2142,감찰,gamchal,監察,Hanja word: 監察 (jiānchá),jiānchá,kam.ʨʰal.,Hanja,名詞
2143,감사,gamsa,監查,Thanks,jiānchá,kam.sa.,Hanja,名詞
2144,점차,jeomcha,漸次,"gradually,in steps",jiàncì,ʨʌm.ʨʰa.,Hanja,副詞
2145,간단,gandan,簡單,Hanja word: 簡單 (jiǎndān),jiǎndān,kan.dan.,Hanja,名詞
2146,간첩,gancheop,間諜,Hanja word: 間諜 (jiàndié),jiàndié,kan.ʨʰʌp̚.,Hanja,名詞
2147,전정,jeonjeong,剪定,Hanja word: 剪定 (jiǎndìng),jiǎndìng,ʨʌn.ʥʌŋ.,Hanja,名詞
2148,감독,gamdok,監督,The director,jiāndū,kam.dok̚.,Hanja,名詞
2149,함대,hamdae,艦隊,Hanja word: 艦隊 (jiànduì),jiànduì,ham.dɛ.,Hanja,名詞
2150,감독자,gamdokja,監督者,Hanja word: 監督者 (jiāndūzhě),jiāndūzhě,kam.dok̚.ʨ͈a.,Hanja,名詞
2151,감법,gambeop,減法,Hanja word: 減法 (jiǎnfǎ),jiǎnfǎ,kam.bʌp̚.,Hanja,名詞
2152,감방,gambang,監房,Hanja word: 監房 (jiānfáng),jiānfáng,kam.baŋ.,Hanja,名詞
2153,간부,ganbu,姦夫,"The leaders (cadre, exec, executive, management)",jiānfū,kam.bu.,Hanja,名詞
2154,강북,gangbuk,江北,North of the river,jiāngběi,kaŋ.buk̚.,Hanja,名詞
2155,강변,gangbyeon,江邊,A riverside,jiāngbiān,kaŋ.bjʌn.,Hanja,名詞
2156,장차,jangcha,將次,"In the future, someday",jiāngcì,ʨaŋ.ʨʰa.,Hanja,副詞
2157,강등,gangdeung,降等,Hanja word: 降等 (jiàngděng),jiàngděng,kaŋ.dɯŋ.,Hanja,名詞
2158,간격,gangyeok,間隔,A space or interval,jiàngé,kaŋ.ɡjʌk̚.,Hanja,名詞
2159,강화,ganghwa,講和,Hanja word: 講和 (jiǎnghé),jiǎnghé,kaŋ.hu̯a.,Hanja,名詞
2160,장군,janggun,將軍,A general,jiāngjūn,ʨaŋ.ɡun.,Hanja,名詞
2161,장래,jangrae,將來,The future,jiānglái,ʨaŋ.nɛ.,Hanja,名詞
2162,강남,gangnam,江南,South of a river,jiāngnán,kaŋ.nam.,Hanja,名詞
2163,강신술,gangsinsul,降神術,Hanja word: 降神術 (jiàngshénshù),jiàngshénshù,kaŋ.ɕʰin.sul.,Hanja,名詞
2164,강사,gangsa,講師,Instructor or teacher,jiǎngshī,kaŋ.sa.,Hanja,名詞
2165,강수량,gangsuryang,降水量,How much rainfall,jiàngshuǐliàng,kaŋ.su.ɾjaŋ.,Hanja,名詞
2166,강당,gangdang,講堂,A lecture hall,jiǎngtáng,kaŋ.daŋ.,Hanja,名詞
2167,견과,gyeongwa,堅果,Hanja word: 堅果 (jiānguǒ),jiānguǒ,kjʌŋ.ɡu̯a.,Hanja,名詞
2168,강하,gangha,降下,Hanja word: 降下 (jiàngxià),jiàngxià,kaŋ.ha.,Hanja,名詞
2169,장교,janggyo,將校,Hanja word: 將校 (jiāngxiào),jiāngxiào,ʨaŋ.ɡjo.,Hanja,名詞
2170,장학금,janghakgeum,獎學金,Scholarship,jiǎngxuéjīn,ʨaŋ.hak̚.k͈ɯm.,Hanja,名詞
2171,강연,gangyeon,講演,Hanja word: 講演 (jiǎngyǎn),jiǎngyǎn,kaŋ.jʌn.,Hanja,名詞
2172,강연자,gangyeonja,講演者,Hanja word: 講演者 (jiǎngyǎnzhě),jiǎngyǎnzhě,kaŋ.jʌn.ʥa.,Hanja,名詞
2173,강의,gangui,講義,A lecture or discourse,jiǎngyì,kaŋ.e.,Hanja,名詞
2174,강우,gangu,降雨,Hanja word: 降雨 (jiàngyǔ),jiàngyǔ,kaŋ.u.,Hanja,名詞
2175,강원도,gangwondo,江原道,Gangwon-do province,jiāngyuándào,kaŋ.u̯ʌn.do.,Hanja,專有名詞
2176,강좌,gangjwa,講座,Hanja word: 講座 (jiǎngzuò),jiǎngzuò,kaŋ.ʥu̯a.,Hanja,名詞
2177,건호,geonho,建豪,Hanja word: 建豪 (jiànháo),jiànháo,kʌn.ho.,Hanja,名詞
2178,건홍,geonhong,建弘,Hanja word: 建弘 (jiànhóng),jiànhóng,kʌn.hoŋ.,Hanja,名詞
2179,간혹,ganhok,間或,Occasionally or at times,jiānhuò,kan.hok̚.,Hanja,副詞
2180,점점,jeomjeom,漸漸,"More and more, by degrees",jiànjiàn,ʨʌm.ʥʌm.,Hanja,副詞
2181,견해,gyeonhae,見解,An opinion or view. Same as 의견,jiànjiě,kjʌn.hɛ.,Hanja,名詞
2182,간접,ganjeop,間接,Indirectness,jiànjiē,kan.ʥʌp̚.,Hanja,名詞
2183,간결,gangyeol,簡潔,Hanja word: 簡潔 (jiǎnjié),jiǎnjié,kaŋ.ɡjʌl.,Hanja,名詞
2184,간접적,ganjeopjeok,間接的,Indirect or mediate,jiànjiēde·,kan.ʥʌp̚.ʨ͈ʌk̚.,Hanja,名詞
2185,감금,gamgeum,監禁,Hanja word: 監禁 (jiānjìn),jiānjìn,kam.ɡɯm.,Hanja,名詞
2186,천거,cheongeo,薦擧,Hanja word: 薦擧 (jiànjǔ),jiànjǔ,ʨʰʌŋ.ɡʌ.,Hanja,名詞
2187,건강,geongang,健康,Health,jiànkāng,kʌŋ.ɡaŋ.,Hanja,名詞
2188,건립,geonrip,建立,Hanja word: 建立 (jiànlì),jiànlì,kʌl.lip̚.,Hanja,名詞
2189,검류계,geomryugye,檢流計,Hanja word: 檢流計 (jiǎnliújì),jiǎnliújì,kʌm.nju.ɡje.,Hanja,名詞
2190,검뇨,geomnyo,檢尿,Hanja word: 檢尿 (jiǎnniào),jiǎnniào,kʌm.njo.,Hanja,名詞
2191,건평,geonpyeong,建坪,Hanja word: 建坪 (jiànpíng),jiànpíng,kʌm.pʰjʌŋ.,Hanja,名詞
2192,함교,hamgyo,艦橋,Hanja word: 艦橋 (jiànqiáo),jiànqiáo,ham.ɡjo.,Hanja,名詞
2193,건전,geonjeon,健全,Hanja word: 健全 (jiànquán),jiànquán,kʌn.ʥʌn.,Hanja,名詞
2194,감상,gamsang,鑑賞,Appreciation,jiànshǎng,kam.saŋ.,Hanja,名詞
2195,감소,gamso,減少,Decrease or dimunition,jiǎnshǎo,kam.so.,Hanja,名詞
2196,건설,geonseol,建設,Construction,jiànshè,kʌn.sʌl.,Hanja,名詞
2197,건설적,geonseoljeok,建設的,Hanja word: 建設的 (jiànshède·),jiànshède·,kʌn.sʌl.ʨ͈ʌk̚.,Hanja,名詞
2198,검시,geomsi,檢屍,Hanja word: 檢屍 (jiǎnshī),jiǎnshī,kʌm.ɕʰi.,Hanja,名詞
2199,간식,gansik,間食,Snack,jiānshí,kan.ɕʰik̚.,Hanja,名詞
2200,감시,gamsi,監視,Hanja word: 監視 (jiānshì),jiānshì,kam.ɕʰi.,Hanja,名詞
2201,감속,gamsok,減速,Hanja word: 減速 (jiǎnsù),jiǎnsù,kam.sok̚.,Hanja,名詞
2202,간소,ganso,簡素,Hanja word: 簡素 (jiǎnsù),jiǎnsù,kan.so.,Hanja,名詞
2203,검토,geomto,檢討,An examination or investigation or study,jiǎntǎo,kʌm.tʰo.,Hanja,名詞
2204,간통,gantong,姦通,Hanja word: 姦通 (jiāntōng),jiāntōng,kan.tʰoŋ.,Hanja,名詞
2205,감퇴,gamtoe,減退,Hanja word: 減退 (jiǎntuì),jiǎntuì,kam.tʰu̯e.,Hanja,名詞
2206,견문,gyeonmun,見聞,Hanja word: 見聞 (jiànwén),jiànwén,kjʌm.mun.,Hanja,名詞
2207,건물,geonmul,建物,Building,jiànwù,kʌm.mul.,Hanja,名詞
2208,검무,geommu,劍舞,Hanja word: 劍舞 (jiànwǔ),jiànwǔ,kʌm.mu.,Hanja,名詞
2209,견습,gyeonseup,見習,Hanja word: 見習 (jiànxí),jiànxí,kjʌn.sɯp̚.,Hanja,名詞
2210,간신,gansin,艱辛,Hanja word: 艱辛 (jiānxīn),jiānxīn,kan.ɕʰin.,Hanja,名詞
2211,감압,gamap,減壓,Hanja word: 減壓 (jiǎnyā),jiǎnyā,kam.ap̚.,Hanja,名詞
2212,검역,geomyeok,檢疫,Hanja word: 檢疫 (jiǎnyì),jiǎnyì,kʌm.jʌk̚.,Hanja,名詞
2213,감옥,gamok,監獄,Prison,jiānyù,kam.ok̚.,Hanja,名詞
2214,검약,geomyak,儉約,Hanja word: 儉約 (jiǎnyuē),jiǎnyuē,kʌm.jak̚.,Hanja,名詞
2215,건조,geonjo,建造,Dryness or aridity,jiànzào,kʌn.ʥo.,Hanja,名詞
2216,견장,gyeonjang,肩章,Hanja word: 肩章 (jiānzhāng),jiānzhāng,kjʌn.ʥaŋ.,Hanja,名詞
2217,검증,geomjeung,檢證,Hanja word: 檢證 (jiǎnzhèng),jiǎnzhèng,kʌm.ʥɯŋ.,Hanja,名詞
2218,건축,geonchuk,建築,Construction or building or erection,jiànzhú,kʌn.ʨʰuk̚.,Hanja,名詞
2219,참주,chamju,僭主,Hanja word: 僭主 (jiànzhǔ),jiànzhǔ,ʨʰam.ʥu.,Hanja,名詞
2220,각반,gakban,脚絆,Hanja word: 脚絆 (jiǎobàn),jiǎobàn,kak̚.p͈an.,Hanja,名詞
2221,각본,gakbon,脚本,Hanja word: 脚本 (jiǎoběn),jiǎoběn,kak̚.p͈on.,Hanja,名詞
2222,교재,gyojae,敎材,Teaching material or insruction materials,jiàocái,kjo.ʥɛ.,Hanja,名詞
2223,교차,gyocha,交叉,Hanja word: 交叉 (jiāochā),jiāochā,kjo.ʨʰa.,Hanja,名詞
2224,교대,gyodae,交代,Alternation or change,jiāodài,kjo.dɛ.,Hanja,名詞
2225,초점,chojeom,焦點,"A focus, a focal point",jiāodiǎn,ʨʰo.ʥʌm.,Hanja,名詞
2226,각도,gakdo,角度,Hanja word: 角度 (jiǎodù),jiǎodù,kak̚.t͈o.,Hanja,名詞
2227,각광,gakgwang,脚光,Hanja word: 脚光 (jiǎoguāng),jiǎoguāng,kak̚.k͈u̯aŋ.,Hanja,名詞
2228,교환,gyohwan,交換,An exchange,jiāohuàn,kjo.ɦu̯an.,Hanja,名詞
2229,교회,gyohoe,敎會,Preach or moral instruction,jiàohuì,kjo.ɦu̯e.,Hanja,名詞
2230,교제,gyoje,交際,Hanja word: 交際 (jiāojì),jiāojì,kjo.ʥe.,Hanja,名詞
2231,교과서,gyogwaseo,敎科書,Textbook,jiàokēshū,kjo.ɡu̯a.sʰʌ.,Hanja,名詞
2232,교류,gyoryu,交流,Interchange (cultural) ; alternating current (electrical),jiāoliú,kjo.ɾju.,Hanja,名詞
2233,각막,gakmak,角膜,Hanja word: 角膜 (jiǎomó),jiǎomó,kaŋ.mak̚.,Hanja,名詞
2234,교배,gyobae,交配,Hanja word: 交配 (jiāopèi),jiāopèi,kjo.bɛ.,Hanja,名詞
2235,각피,gakpi,角皮,Hanja word: 角皮 (jiǎopí),jiǎopí,kak̚.pʰi.,Hanja,名詞
2236,각기,gakgi,脚氣,Each or severally or respectively,jiǎoqì,kak̚.k͈i.,Hanja,副詞
2237,교살,gyosal,絞殺,Hanja word: 絞殺 (jiǎoshā),jiǎoshā,kjo.sʰal.,Hanja,名詞
2238,교실,gyosil,敎室,Classroom,jiàoshì,kjo.ɕʰil.,Hanja,名詞
2239,교사,gyosa,敎師,Instructor,jiàoshī,kjo.sʰa.,Hanja,名詞
2240,교수,gyosu,敎授,Teaching or instruction,jiàoshòu,kjo.sʰu.,Hanja,名詞
2241,각속도,gaksokdo,角速度,Hanja word: 角速度 (jiǎosùdù),jiǎosùdù,kak̚.s͈ok̚.t͈o.,Hanja,名詞
2242,교태,gyotae,嬌態,Hanja word: 嬌態 (jiāotài),jiāotài,kjo.tʰɛ.,Hanja,名詞
2243,교체,gyoche,交替,Shift or change or alternate,jiāotì,kjo.ʨʰe.,Hanja,名詞
2244,교통,gyotong,交通,Traffic or transportation,jiāotōng,kjo.tʰoŋ.,Hanja,名詞
2245,교통정보,gyotongjeongbo,交通情報,Hanja word: 交通情報 (jiāotōngqíngbào),jiāotōngqíngbào,kjo.tʰoŋ.ʥʌŋ.bo.,Hanja,名詞
2246,교통사고,gyotongsago,交通事故,Traffic accident,jiāotōngshìgù,kjo.tʰoŋ.sa.ɡo.,Hanja,名詞
2247,교통체증,gyotongchejeung,交通滯症,Hanja word: 交通滯症 (jiāotōngzhìzhèng),jiāotōngzhìzhèng,kjo.tʰoŋ.ʨʰe.ʥɯŋ.,Hanja,名詞
2248,교외,gyooe,郊外,Outside the school or extramural,jiāowài,kjo.u̯e.,Hanja,名詞
2249,교향곡,gyohyanggok,交響曲,Hanja word: 交響曲 (jiāoxiǎngqū),jiāoxiǎngqū,kjo.hjaŋ.ɡok̚.,Hanja,名詞
2250,교습생,gyoseupsaeng,教習生,Hanja word: 教習生 (jiàoxíshēng),jiàoxíshēng,kjo.sʰɯp.s͈ɛŋ.,Hanja,名詞
2251,교훈,gyohun,敎訓,Edification or giving instructions to,jiàoxùn,kjo.ɦun.,Hanja,名詞
2252,교양,gyoyang,敎養,Culture or education,jiàoyǎng,kjo.jaŋ.,Hanja,名詞
2253,교역,gyoyeok,交易,Hanja word: 交易 (jiāoyì),jiāoyì,kjo.jʌk̚.,Hanja,名詞
2254,교육,gyoyuk,敎育,Education,jiàoyù,kjo.juk̚.,Hanja,名詞
2255,교육비,gyoyukbi,敎育費,Tuition or the cost of a school education,jiàoyùfèi,kjo.juk̚.p͈i.,Hanja,名詞
2256,교육자,gyoyukja,敎育者,An educator,jiàoyùzhě,kjo.juk̚.ʨ͈a.,Hanja,名詞
2257,초조,chojo,焦燥,Hanja word: 焦燥 (jiāozào),jiāozào,ʨʰo.ʥo.,Hanja,名詞
2258,교정,gyojeong,矯正,Hanja word: 矯正 (jiǎozhèng),jiǎozhèng,kjo.ʥʌŋ.,Hanja,名詞
2259,교직,gyojik,敎職,The teaching profession,jiàozhí,kjo.ʥik̚.,Hanja,名詞
2260,각주,gakju,脚注,Hanja word: 脚注 (jiǎozhù),jiǎozhù,kak̚.ʨ͈u.,Hanja,名詞
2261,각추,gakchu,角錐,Hanja word: 角錐 (jiǎozhuī),jiǎozhuī,kak̚.ʨʰu.,Hanja,名詞
2262,가금,gageum,家禽,Hanja word: 家禽 (jiāqín),jiāqín,ka.ɡɯm.,Hanja,名詞
2263,가게약,gageyak,假契約,Hanja word: 假契約 (jiàqìyuē),jiàqìyuē,ka.ɡe.jak̚.,Hanja,名詞
2264,가입,gaip,加入,Entrance,jiārù,ka.ip̚.,Hanja,名詞
2265,가입자,gaipja,加入者,Member or subscriber,jiārùzhě,ka.ip̚.ʨ͈a.,Hanja,名詞
2266,가설,gaseol,假設,Hanja word: 假設 (jiǎshè),jiǎshè,ka.sʰʌl.,Hanja,名詞
2267,가성,gaseong,假聲,Hanja word: 假聲 (jiàshēng),jiàshēng,ka.sʰʌŋ.,Hanja,名詞
2268,가사,gasa,家事,Words or lyrics,jiāshì,ka.sʰa.,Hanja,名詞
2269,가수,gasu,假數,Singer,jiàshǔ,ka.sʰu.,Hanja,名詞
2270,가수,gasu,加數,Singer,jiāshǔ,ka.sʰu.,Hanja,名詞
2271,가수분해,gasubunhae,加水分解,Hanja word: 加水分解 (jiāshuǐfēnjiě),jiāshuǐfēnjiě,ka.sʰu.bun.hɛ.,Hanja,名詞
2272,가속,gasok,加速,Hanja word: 加速 (jiāsù),jiāsù,ka.sʰok̚.,Hanja,名詞
2273,가산,gasan,加算,Hanja word: 加算 (jiāsuàn),jiāsuàn,ka.sʰan.,Hanja,名詞
2274,가속도,gasokdo,加速度,Hanja word: 加速度 (jiāsùdù),jiāsùdù,ka.sʰok̚.t͈o.,Hanja,名詞
2275,가정,gajeong,家庭,Famly,jiātíng,ka.ʥʌŋ.,Hanja,名詞
2276,가정교사,gajeonggyosa,家庭敎師,Private tutor,jiātíngjiàoshī,ka.ʥʌŋ.ɡjo.sʰa.,Hanja,名詞
2277,가옥,gaok,家屋,Hanja word: 家屋 (jiāwū),jiāwū,ka.ok̚.,Hanja,名詞
2278,가계,gagye,家系,Hanja word: 家系 (jiāxì),jiāxì,ka.ɡje.,Hanja,名詞
2279,가상,gasang,假想,Imagination,jiàxiǎng,ka.sʰaŋ.,Hanja,名詞
2280,가계도,gagyedo,家系圖,Hanja word: 家系圖 (jiāxìtú),jiāxìtú,ka.ɡje.do.,Hanja,名詞
2281,가장,gajang,家長,Most,jiāzhǎng,ka.ʥaŋ.,Hanja,副詞
2282,가치,gachi,價値,Price,jiàzhí,ka.ʨʰi.,Hanja,名詞
2283,가치관,gachigwan,價値觀,"one’s values or sense of values, a value system",jiàzhíguān,ka.ʨʰi.ɡu̯an.,Hanja,名詞
2284,가장,gajang,假裝,Most,jiǎzhuāng,ka.ʥaŋ.,Hanja,副詞
2285,가족,gajok,家族,Family,jiāzú,ka.ʥok̚.,Hanja,名詞
2286,기본,gibon,基本,A foundation,jīběn,ki.bon.,Hanja,名詞
2287,기본적,gibonjeok,基本的,Fundamental or basic,jīběnde·,ki.bon.ʥʌk̚.,Hanja,名詞
2288,질병,jilbyeong,疾病,"A disease, sickness",jíbìng,ʨil.p͈jʌŋ.,Hanja,名詞
2289,극초단파,geukchodanpa,極超短波,Hanja word: 極超短波 (jíchāoduǎnbō),jíchāoduǎnbō,kɯk̚.ʨʰo.dam.pʰa.,Hanja,名詞
2290,집성,jipseong,集成,Hanja word: 集成 (jíchéng),jíchéng,ʨip.s͈ʌŋ.,Hanja,名詞
2291,기성,giseong,既成,To be already existing or established,jìchéng,ki.sʰʌŋ.,Hanja,名詞
2292,계승,gyeseung,繼承,Hanja word: 繼承 (jìchéng),jìchéng,kje.sʰɯŋ.,Hanja,名詞
2293,기성세대,giseongsedae,既成世代,Old people,jìchéngshìdài,ki.sʰʌŋ.se.dɛ.,Hanja,名詞
2294,기초,gicho,基礎,The foundation,jīchǔ,ki.ʨʰo.,Hanja,名詞
2295,기초적,gichojeok,基礎的,Fundamental or basic,jīchǔde·,ki.ʨʰo.ʥʌk̚.,Hanja,名詞
2296,기지,giji,基地,Hanja word: 基地 (jīdì),jīdì,ki.ʥi.,Hanja,名詞
2297,극점,geukjeom,極點,Hanja word: 極點 (jídiǎn),jídiǎn,kɯk̚.ʨ͈ʌm.,Hanja,名詞
2298,계전기,gyejeongi,繼電氣,Hanja word: 繼電氣 (jìdiànqì),jìdiànqì,kje.ʥʌŋ.ɡi.,Hanja,名詞
2299,극동,geukdong,極東,Hanja word: 極東 (jídōng),jídōng,kɯk̚.t͈oŋ.,Hanja,名詞
2300,질투,jiltu,嫉妒,Hanja word: 嫉妒 (jídù),jídù,ʨil.tʰu.,Hanja,名詞
2301,극도,geukdo,極度,Hanja word: 極度 (jídù),jídù,kɯk̚.t͈o.,Hanja,名詞
2302,극단,geukdan,極端,Hanja word: 極端 (jíduān),jíduān,kɯk̚.t͈an.,Hanja,名詞
2303,기독교,gidokgyo,基督敎,Christianity,jīdūjiào,ki.dok̚.k͈jo.,Hanja,名詞
2304,결백,gyeolbaek,潔白,Hanja word: 潔白 (jiébái),jiébái,kjʌl.p͈ɛk̚.,Hanja,名詞
2305,절조,jeoljo,節操,Hanja word: 節操 (jiécāo),jiécāo,ʨʌl.ʨ͈o.,Hanja,名詞
2306,계층,gyecheung,階層,A class or social stratum,jiēcéng,kje.ʨʰɯŋ.,Hanja,名詞
2307,결장,gyeoljang,結腸,Hanja word: 結腸 (jiécháng),jiécháng,kjʌl.ʨ͈aŋ.,Hanja,名詞
2308,계승,gyeseung,階乘,Hanja word: 階乘 (jiēchéng),jiēchéng,kje.sʰɯŋ.,Hanja,名詞
2309,해제,haeje,解除,Hanja word: 解除 (jiěchú),jiěchú,hɛ.ʥe.,Hanja,名詞
2310,접촉,jeopchok,接觸,"contact,touch",jiēchù,ʨʌp̚.ʨʰok̚.,Hanja,名詞
2311,절차,jeolcha,節次,"process,formalities; 수속",jiécì,ʨʌl.ʨʰa.,Hanja,名詞
2312,해답,haedap,解答,"A solution to a problem, an answer to a question",jiědá,hɛ.dap̚.,Hanja,名詞
2313,해동,haedong,解凍,Hanja word: 解凍 (jiědòng),jiědòng,hɛ.doŋ.,Hanja,名詞
2314,계단,gyedan,階段,A staircase or a set of stairs,jiēduàn,kje.dan.,Hanja,名詞
2315,해방,haebang,解放,Hanja word: 解放 (jiěfàng),jiěfàng,hɛ.baŋ.,Hanja,名詞
2316,해고,haego,解雇,Hanja word: 解雇 (jiěgù),jiěgù,hɛ.ɡo.,Hanja,名詞
2317,결과,gyeolgwa,結果,Result,jiéguǒ,kjʌl.k͈u̯a.,Hanja,名詞
2318,결과적,gyeolgwajeok,結果的,Resultative,jiéguǒde·,kjʌl.k͈u̯a.ʥʌk̚.,Hanja,名詞
2319,결합,gyeolhap,結合,Hanja word: 結合 (jiéhé),jiéhé,kjʌɾ.ɦap̚.,Hanja,名詞
2320,결혼,gyeolhon,結婚,Marriage,jiéhūn,kjʌɾ.ɦon.,Hanja,名詞
2321,결혼식,gyeolhonsik,結婚式,Wedding,jiéhūnshì,kjʌɾ.ɦon.ɕʰik̚.,Hanja,名詞
2322,결혼식장,gyeolhonsikjang,結婚式場,Hanja word: 結婚式場 (jiéhūnshìchǎng),jiéhūnshìchǎng,kjʌɾ.ɦon.ɕʰik̚.ʨ͈aŋ.,Hanja,名詞
2323,계급,gyegeup,階級,Hanja word: 階級 (jiējí),jiējí,kje.ɡɯp̚.,Hanja,名詞
2324,절감,jeolgam,節減,Hanja word: 節減 (jiéjiǎn),jiéjiǎn,ʨʌl.k͈am.,Hanja,名詞
2325,접근,jeopgeun,接近,Proximity,jiējìn,ʨʌp̚.k͈ɯn.,Hanja,名詞
2326,절주,jeolju,節酒,Hanja word: 節酒 (jiéjiǔ),jiéjiǔ,ʨʌl.ʨ͈u.,Hanja,名詞
2327,결국,gyeolguk,結局,After all or in the end,jiéjú,kjʌl.k͈uk̚.,Hanja,名詞
2328,해결,haegyeol,解決,"Solution, settlement",jiějué,hɛ.ɡjʌl.,Hanja,名詞
2329,차관,chagwan,借款,Hanja word: 借款 (jièkuǎn),jièkuǎn,ʨʰa.ɡu̯an.,Hanja,名詞
2330,가로,garo,街路,Width or breadth,jiēlù,ka.ɾo.,Hanja,名詞
2331,가로등,garodeung,街路燈,A street light,jiēlùdēng,ka.ɾo.dɯŋ.,Hanja,名詞
2332,결론,gyeolron,結論,A conclusion,jiélùn,kjʌl.lon.,Hanja,名詞
2333,가로수,garosu,街路樹,A roadside tree,jiēlùshù,ka.ɾo.sʰu.,Hanja,名詞
2334,자매,jamae,姐妹,Sisters,jiěmèi,ʨa.mɛ.,Hanja,名詞
2335,해명,haemyeong,解明,Hanja word: 解明 (jiěmíng),jiěmíng,hɛ.mjʌŋ.,Hanja,名詞
2336,결말,gyeolmal,結末,Hanja word: 結末 (jiémò),jiémò,kjʌl.mal.,Hanja,名詞
2337,결막염,gyeolmakyeom,結膜炎,Hanja word: 結膜炎 (jiémóyán),jiémóyán,kjʌl.maɡ.jʌm.,Hanja,名詞
2338,해부,haebu,解剖,Hanja word: 解剖 (jiěpǒ),jiěpǒ,hɛ.bu.,Hanja,名詞
2339,개입,gaeip,介入,Hanja word: 介入 (jièrù),jièrù,kɛ.ip̚.,Hanja,名詞
2340,해산,haesan,解散,Hanja word: 解散 (jiěsàn),jiěsàn,hɛ.sʰan.,Hanja,名詞
2341,결석,gyeolseok,結石,Absent,jiéshí,kjʌl.s͈ʌk̚.,Hanja,名詞
2342,해석,haeseok,解釋,"Interpretation, a comment",jiěshì,hɛ.sʰʌk̚.,Hanja,名詞
2343,게시판,gesipan,揭示板,A notice board or a bulletin board,jiēshìbǎn,ke.ɕʰi.pʰan.,Hanja,名詞
2344,해설,haeseol,解說,"Explanation, elucidation",jiěshuō,hɛ.sʰʌl.,Hanja,名詞
2345,접두사,jeopdusa,接頭辭,Hanja word: 接頭辭 (jiētóucí),jiētóucí,ʨʌp̚.t͈u.sʰa.,Hanja,名詞
2346,결탁,gyeoltak,結託,Hanja word: 結託 (jiétuō),jiétuō,kjʌl.tʰak̚.,Hanja,名詞
2347,해석,haeseok,解析,"Interpretation, a comment",jiěxī,hɛ.sʰʌk̚.,Hanja,名詞
2348,해소,haeso,解消,"Dissolution, disorganization",jiěxiāo,hɛ.sʰo.,Hanja,名詞
2349,개선,gaeseon,疥癬,Renovation or improvement or betterment,jièxuǎn,kɛ.sʰʌn.,Hanja,名詞
2350,계엄령,gyeeomryeong,戒嚴令,Hanja word: 戒嚴令 (jièyánlìng),jièyánlìng,kje.ʌm.njʌŋ.,Hanja,名詞
2351,개의치,gaeuichi,介意,Hanja word: 介意 (jièyì),jièyì,kɛ.i.ʨʰi.,Hanja,名詞
2352,차용,chayong,借用,Hanja word: 借用 (jièyòng),jièyòng,ʨʰa.joŋ.,Hanja,名詞
2353,절약,jeolyak,節約,"thrift,savings,economy",jiéyuē,ʨʌɾ.jak̚.,Hanja,名詞
2354,절제,jeolje,節制,Hanja word: 節制 (jiézhì),jiézhì,ʨʌl.ʨ͈e.,Hanja,名詞
2355,걸작,geoljak,傑作,Hanja word: 傑作 (jiézuò),jiézuò,kʌl.ʨ͈ak̚.,Hanja,名詞
2356,기법,gibeop,技法,Techniques,jìfǎ,ki.bʌp̚.,Hanja,名詞
2357,적분,jeokbun,積分,Hanja word: 積分 (jīfēn),jīfēn,ʨʌk̚.p͈un.,Hanja,名詞
2358,질풍,jilpung,疾風,Hanja word: 疾風 (jífēng),jífēng,ʨil.pʰuŋ.,Hanja,名詞
2359,기부,gibu,寄附,Hanja word: 寄附 (jìfù),jìfù,ki.bu.,Hanja,名詞
2360,기구,gigu,機構,Structure or framework,jīgòu,ki.ɡu.,Hanja,名詞
2361,기관,gigwan,機關,An engine or a machine,jīguān,ki.ɡu̯an.,Hanja,名詞
2362,기관차,gigwancha,機關車,Hanja word: 機關車 (jīguānchē),jīguānchē,ki.ɡu̯an.ʨʰa.,Hanja,名詞
2363,기관총,gigwanchong,機關銃,Hanja word: 機關銃 (jīguānchòng),jīguānchòng,ki.ɡu̯an.ʨʰoŋ.,Hanja,名詞
2364,기호,giho,記號,Taste or likes,jìhào,ki.ɦo.,Hanja,名詞
2365,집합,jiphap,集合,Hanja word: 集合 (jíhé),jíhé,ʨi.pʰap̚.,Hanja,名詞
2366,집합적,jiphapjeok,集合的,Hanja word: 集合的 (jíhéde·),jíhéde·,ʨi.pʰap̚.ʨ͈ʌk̚.,Hanja,名詞
2367,계획,gyehoek,計劃,A plan or a project,jìhuà,kje.ɦu̯ek̚.,Hanja,名詞
2368,집회,jiphoe,集會,Hanja word: 集會 (jíhuì),jíhuì,ʨi.pʰu̯e.,Hanja,名詞
2369,기회,gihoe,機會,An opportunity,jīhuì,ki.ɦu̯e.,Hanja,名詞
2370,기혼,gihon,既婚,Married,jìhūn,ki.ɦon.,Hanja,名詞
2371,급격,geupgyeok,急激,Hanja word: 急激 (jíjī),jíjī,kɯp̚.k͈jʌk̚.,Hanja,名詞
2372,집적,jipjeok,集積,Hanja word: 集積 (jíjī),jíjī,ʨip̚.ʨ͈ʌk̚.,Hanja,名詞
2373,적극,jeokgeuk,積極,The positive,jījí,ʨʌk̚.k͈ɯk̚.,Hanja,名詞
2374,급강하,geupgangha,急降下,Hanja word: 急降下 (jíjiàngxià),jíjiàngxià,kɯp̚.k͈aŋ.ha.,Hanja,名詞
2375,적극적,jeokgeukjeok,積極的,Positively,jījíde·,ʨʌk̚.k͈ɯk̚.ʨ͈ʌk̚.,Hanja,名詞
2376,계절,gyejeol,季節,Season,jìjié,kje.ʥʌl.,Hanja,名詞
2377,기근,gigeun,饑饉,Hanja word: 饑饉 (jījǐn),jījǐn,ki.ɡɯn.,Hanja,名詞
2378,기금,gigeum,基金,Hanja word: 基金 (jījīn),jījīn,ki.ɡɯm.,Hanja,名詞
2379,희연,huiyeon,姬娟,Hanja word: 姬娟 (jījuān),jījuān,hi.jʌn.,Hanja,名詞
2380,급류,geupryu,急流,Hanja word: 急流 (jíliú),jíliú,kɯm.nju.,Hanja,名詞
2381,기록,girok,紀錄,A record or a document,jìlù,ki.ɾok̚.,Hanja,名詞
2382,기록,girok,記錄,A record or a document,jìlù,ki.ɾok̚.,Hanja,名詞
2383,계란,gyeran,雞卵,An egg,jīluǎn,kje.ɾan.,Hanja,名詞
2384,계략,gyeryak,計略,Hanja word: 計略 (jìluè),jìluè,kje.ɾjak̚.,Hanja,名詞
2385,기략,giryak,機略,Hanja word: 機略 (jīluè),jīluè,ki.ɾjak̚.,Hanja,名詞
2386,금박,geumbak,金箔,Hanja word: 金箔 (jīnbó),jīnbó,kɯm.bak̚.,Hanja,名詞
2387,근처,geuncheo,近處,Nearby or the vicinity,jìnchù,kɯn.ʨʰʌ.,Hanja,名詞
2388,진출,jinchul,進出,An advance,jìnchū,ʨin.ʨʰul.,Hanja,名詞
2389,근대적,geundaejeok,近代的,Hanja word: 近代的 (jìndàide·),jìndàide·,kɯn.dɛ.ʥʌk̚.,Hanja,名詞
2390,근지점,geunjijeom,近地點,Hanja word: 近地點 (jìndìdiǎn),jìndìdiǎn,kɯn.ʥi.ʥʌm.,Hanja,名詞
2391,금액,geumaek,金額,Amount ofmoney,jīné,kɯm.ɛk̚.,Hanja,名詞
2392,기능,gineung,技能,Function or functionality,jìnéng,ki.nɯŋ.,Hanja,名詞
2393,기능,gineung,機能,Function or functionality,jīnéng,ki.nɯŋ.,Hanja,名詞
2394,금방,geumbang,今方,Just now or a moment ago,jīnfāng,kɯm.baŋ.,Hanja,副詞
2395,금강산,geumgangsan,金剛山,The Diamond Mountains,jīngāngshān,kɯm.ɡaŋ.san.,Hanja,專有名詞
2396,경찰,gyeongchal,警察,The police,jǐngchá,kjʌŋ.ʨʰal.,Hanja,名詞
2397,경찰관,gyeongchalgwan,警察官,a policeman,jǐngcháguān,kjʌŋ.ʨʰal.k͈u̯an.,Hanja,名詞
2398,경찰서,gyeongchalseo,警察署,A police station,jǐngcháshǔ,kjʌŋ.ʨʰal.s͈ʌ.,Hanja,名詞
2399,정성,jeongseong,精誠,"True heart,devotion",jīngchéng,ʨʌŋ.sʌŋ.,Hanja,名詞
2400,정충,jeongchung,精蟲,Hanja word: 精蟲 (jīngchóng),jīngchóng,ʨʌŋ.ʨʰuŋ.,Hanja,名詞
2401,경적,gyeongjeok,警笛,Hanja word: 警笛 (jǐngdí),jǐngdí,kjʌŋ.ʥʌk̚.,Hanja,名詞
2402,경전,gyeongjeon,經典,Hanja word: 經典 (jīngdiǎn),jīngdiǎn,kjʌŋ.ʥʌn.,Hanja,名詞
2403,정전기,jeongjeongi,靜電氣,Hanja word: 靜電氣 (jìngdiànqì),jìngdiànqì,ʨʌŋ.ʥʌŋ.ɡi.,Hanja,名詞
2404,경도,gyeongdo,經度,Hanja word: 經度 (jīngdù),jīngdù,kjʌŋ.do.,Hanja,名詞
2405,경비,gyeongbi,經費,Expenses or outlay,jīngfèi,kjʌŋ.bi.,Hanja,名詞
2406,경복궁,gyeongbokgung,景福宮,Gyeongbokgung Palace,jǐngfúgōng,kjʌŋ.bok̚.k͈uŋ.,Hanja,專有名詞
2407,경고,gyeonggo,警告,Warning,jǐnggào,kjʌŋ.ɡo.,Hanja,名詞
2408,경골,gyeonggol,脛骨,Hanja word: 脛骨 (jìnggǔ),jìnggǔ,kjʌŋ.ɡol.,Hanja,名詞
2409,경관,gyeonggwan,警官,Hanja word: 警官 (jǐngguān),jǐngguān,kjʌŋ.ɡu̯an.,Hanja,名詞
2410,정화,jeonghwa,淨化,Hanja word: 淨化 (jìnghuà),jìnghuà,ʨʌŋ.hu̯a.,Hanja,名詞
2411,경기,gyeonggi,競技,Race or match or contest,jìngjì,kjʌŋ.ɡi.,Hanja,名詞
2412,경제,gyeongje,經濟,Economy,jīngjì,kjʌŋ.ʥe.,Hanja,名詞
2413,경기장,gyeonggijang,競技場,Sports stadium or a sports field,jìngjìchǎng,kjʌŋ.ɡi.ʥaŋ.,Hanja,名詞
2414,경기도,gyeonggido,京畿道,Gyeonggi-do province (surrounding Seoul),jīngjīdào,kjʌŋ.ɡi.do.,Hanja,專有名詞
2415,경제적,gyeongjejeok,經濟的,Economical,jīngjìde·,kjʌŋ.ʥe.ʥʌk̚.,Hanja,名詞
2416,경계,gyeonggye,境界,Boundary,jìngjiè,kjʌŋ.ɡje.,Hanja,名詞
2417,경계,gyeonggye,警戒,Boundary,jǐngjiè,kjʌŋ.ɡje.,Hanja,名詞
2418,경제력,gyeongjeryeok,經濟力,Economic power,jīngjìlì,kjʌŋ.ʥe.ɾjʌk̚.,Hanja,名詞
2419,경제학,gyeongjehak,經濟學,Economics,jīngjìxué,kjʌŋ.ʥe.ɦak̚.,Hanja,名詞
2420,정력,jeongryeok,精力,Hanja word: 精力 (jīnglì),jīnglì,ʨʌŋ.njʌk̚.,Hanja,名詞
2421,경력,gyeongryeok,經歷,one’s personal history,jīnglì,kjʌŋ.njʌk̚.,Hanja,名詞
2422,정역학,jeongyeokhak,靜力學,Hanja word: 靜力學 (jìnglìxué),jìnglìxué,ʨʌŋ.jʌ.kʰak̚.,Hanja,名詞
2423,경련,gyeongryeon,痙攣,Hanja word: 痙攣 (jìngluán),jìngluán,kjʌŋ.njʌn.,Hanja,名詞
2424,경마,gyeongma,競馬,Hanja word: 競馬 (jìngmǎ),jìngmǎ,kjʌŋ.ma.,Hanja,名詞
2425,정맥,jeongmaek,靜脈,Hanja word: 靜脈 (jìngmài),jìngmài,ʨʌŋ.mɛk̚.,Hanja,名詞
2426,경기,gyeonggi,景氣,Race or match or contest,jǐngqì,kjʌŋ.ɡi.,Hanja,名詞
2427,정신,jeongsin,精神,"mind,spirit",jīngshén,ʨʌŋ.ɕʰin.,Hanja,名詞
2428,정신적,jeongsinjeok,精神的,Mental,jīngshénde·,ʨʌŋ.ɕʰin.ʥʌk̚.,Hanja,名詞
2429,정신과,jeongsingwa,精神科,Psychiatry,jīngshénkē,ʨʌŋ.ɕʰiŋ.ɡu̯a.,Hanja,名詞
2430,정수,jeongsu,精髓,Hanja word: 精髓 (jīngsuí),jīngsuí,ʨʌŋ.su.,Hanja,名詞
2431,금고,geumgo,禁錮,A safe or strongbox,jìngù,kɯm.ɡo.,Hanja,名詞
2432,경험,gyeongheom,經驗,Experience or undergo or suffer,jīngyàn,kjʌŋ.hʌm.,Hanja,名詞
2433,경험적,gyeongheomjeok,經驗的,Hanja word: 經驗的 (jīngyànde·),jīngyànde·,kjʌŋ.hʌm.ʥʌk̚.,Hanja,名詞
2434,경의,gyeongui,敬意,Hanja word: 敬意 (jìngyì),jìngyì,kjʌŋ.e.,Hanja,名詞
2435,정액,jeongaek,精液,Hanja word: 精液 (jīngyì),jīngyì,ʨʌŋ.ɛk̚.,Hanja,名詞
2436,경영,gyeongyeong,經營,Management or administration,jīngyíng,kjʌŋ.jʌŋ.,Hanja,名詞
2437,경영자,gyeongyeongja,經營者,Hanja word: 經營者 (jīngyíngzhě),jīngyíngzhě,kjʌŋ.jʌŋ.ʥa.,Hanja,名詞
2438,경우,gyeongu,境遇,A case or an instance,jìngyù,kjʌŋ.u.,Hanja,名詞
2439,경어,gyeongeo,敬語,Hanja word: 敬語 (jìngyǔ),jìngyǔ,kjʌŋ.ʌ.,Hanja,名詞
2440,경쟁,gyeongjaeng,競爭,Competition or rivalry,jìngzhēng,kjʌŋ.ʥɛŋ.,Hanja,名詞
2441,경쟁력,gyeongjaengryeok,競爭力,Competitiveness,jìngzhēnglì,kjʌŋ.ʥɛŋ.njʌk̚.,Hanja,名詞
2442,경쟁자,gyeongjaengja,競爭者,Hanja word: 競爭者 (jìngzhēngzhě),jìngzhēngzhě,kjʌŋ.ʥɛŋ.ʥa.,Hanja,名詞
2443,정지,jeongji,靜止,"stop,an interruption",jìngzhǐ,ʨʌŋ.ʥi.,Hanja,名詞
2444,경치,gyeongchi,景致,A scene or scenery,jǐngzhì,kjʌŋ.ʨʰi.,Hanja,名詞
2445,정제,jeongje,精製,Hanja word: 精製 (jīngzhì),jīngzhì,ʨʌŋ.ʥe.,Hanja,名詞
2446,경종,gyeongjong,警鐘,Hanja word: 警鐘 (jǐngzhōng),jǐngzhōng,kjʌŋ.ʥoŋ.,Hanja,名詞
2447,정자,jeongja,精子,Hanja word: 精子 (jīngzi·),jīngzi·,ʨʌŋ.ʥa.,Hanja,名詞
2448,경주,gyeongju,競走,Gyeongju city (ancient Silla capital),jìngzǒu,kjʌŋ.ʥu.,Hanja,專有名詞
2449,금후,geumhu,今後,Hanja word: 今後 (jīnhòu),jīnhòu,kɯm.hu.,Hanja,名詞
2450,기념,ginyeom,記念,Commemoration,jìniàn,ki.njʌm.,Hanja,名詞
2451,기념품,ginyeompum,記念品,A momento,jìniànpǐn,ki.njʌm.pʰum.,Hanja,名詞
2452,기념일,ginyeomil,記念日,Commemoration day,jìniànrì,ki.njʌm.il.,Hanja,名詞
2453,진급,jingeup,進級,Promotion,jìnjí,ʨiŋ.ɡɯp̚.,Hanja,名詞
2454,긴급,gingeup,緊急,Emergency,jǐnjí,kiŋ.ɡɯp̚.,Hanja,名詞
2455,근교,geungyo,近郊,Suberbs,jìnjiāo,kɯŋ.ɡjo.,Hanja,名詞
2456,금주,geumju,禁酒,Hanja word: 禁酒 (jìnjiǔ),jìnjiǔ,kɯm.ʥu.,Hanja,名詞
2457,금고,geumgo,金庫,A safe or strongbox,jīnkù,kɯm.ɡo.,Hanja,名詞
2458,근래,geunrae,近來,Of late or recently,jìnlái,kɯl.lɛ.,Hanja,名詞
2459,금령,geumryeong,禁令,Hanja word: 禁令 (jìnlìng),jìnlìng,kɯm.njʌŋ.,Hanja,名詞
2460,진로,jinro,進路,"A course,direction,path",jìnlù,ʨil.lo.,Hanja,名詞
2461,금메달,geummedal,金medal,Gold medal,jīnmedal,kɯm.me.dal.,Hanja,名詞
2462,금년,geumnyeon,今年,This year,jīnnián,kɯm.njʌn.,Hanja,名詞
2463,김포공항,gimpogonghang,金浦空港,KimPo Domestic (sometimes international) airport,jīnpǔkōnggǎng,kim.pʰo.ɡoŋ.haŋ.,Hanja,專有名詞
2464,근일점,geuniljeom,近日點,Hanja word: 近日點 (jìnrìdiǎn),jìnrìdiǎn,kɯn.il.ʨ͈ʌm.,Hanja,名詞
2465,근육,geunyuk,筋肉,Muscles,jīnròu,kɯn.juk̚.,Hanja,名詞
2466,진입,jinip,進入,Hanja word: 進入 (jìnrù),jìnrù,ʨin.ip̚.,Hanja,名詞
2467,침식,chimsik,浸蝕,Hanja word: 浸蝕 (jìnshí),jìnshí,ʨʰim.ɕʰik̚.,Hanja,名詞
2468,금속,geumsok,金屬,Hanja word: 金屬 (jīnshǔ),jīnshǔ,kɯm.sok̚.,Hanja,名詞
2469,침수,chimsu,浸水,Hanja word: 浸水 (jìnshuǐ),jìnshuǐ,ʨʰim.su.,Hanja,名詞
2470,금속물,geumsokmul,金屬物,Hanja word: 金屬物 (jīnshǔwù),jīnshǔwù,kɯm.soŋ.mul.,Hanja,名詞
2471,근사치,geunsachi,近似値,Hanja word: 近似値 (jìnsìzhí),jìnsìzhí,kɯn.sa.ʨʰi.,Hanja,名詞
2472,격노,gyeokno,激怒,Hanja word: 激怒 (jīnù),jīnù,kjʌŋ.no.,Hanja,名詞
2473,진행,jinhaeng,進行,"Progress, advance",jìnxíng,ʨin.hɛŋ.,Hanja,名詞
2474,진행자,jinhaengja,進行者,Leader of the performance,jìnxíngzhě,ʨin.hɛŋ.ʥa.,Hanja,名詞
2475,금연,geumyeon,禁煙,Prohibition of smoking,jìnyān,kɯm.jʌn.,Hanja,名詞
2476,금요일,geumyoil,金曜日,Friday,jīnyàorì,kɯm.jo.il.,Hanja,名詞
2477,금욕,geumyok,禁慾,Hanja word: 禁慾 (jìnyù),jìnyù,kɯm.jok̚.,Hanja,名詞
2478,진전,jinjeon,進展,Hanja word: 進展 (jìnzhǎn),jìnzhǎn,ʨin.ʥʌn.,Hanja,名詞
2479,긴장,ginjang,緊張,Tension,jǐnzhāng,kin.ʥaŋ.,Hanja,名詞
2480,긴장감,ginjanggam,緊張感,Feeling of tension,jǐnzhānggǎn,kin.ʥaŋ.ɡam.,Hanja,名詞
2481,금제,geumje,禁制,Hanja word: 禁制 (jìnzhì),jìnzhì,kɯm.ʥe.,Hanja,名詞
2482,금지,geumji,禁止,Forbidden or prohibitted,jìnzhǐ,kɯm.ʥi.,Hanja,名詞
2483,금자탑,geumjatap,金字塔,Hanja word: 金字塔 (jīnzìtǎ),jīnzìtǎ,kɯm.ʥa.tʰap̚.,Hanja,名詞
2484,급파,geuppa,急派,Hanja word: 急派 (jípài),jípài,kɯp̚.pʰa.,Hanja,名詞
2485,급박,geupbak,急迫,Hanja word: 急迫 (jípò),jípò,kɯp̚.p͈ak̚.,Hanja,名詞
2486,계기,gyegi,計器,Hanja word: 計器 (jìqì),jìqì,kje.ɡi.,Hanja,名詞
2487,기기,gigi,機器,Machinery and tools,jīqì,ki.ɡi.,Hanja,名詞
2488,기교,gigyo,技巧,Hanja word: 技巧 (jìqiǎo),jìqiǎo,ki.ɡjo.,Hanja,名詞
2489,격정,gyeokjeong,激情,Hanja word: 激情 (jīqíng),jīqíng,kjʌk̚.ʨ͈ʌŋ.,Hanja,名詞
2490,기입,giip,記入,Hanja word: 記入 (jìrù),jìrù,ki.ip̚.,Hanja,名詞
2491,즉시,jeuksi,卽時,"At once,immediately",jíshí,ʨɯk̚.ɕʰi.,Hanja,名詞
2492,기사,gisa,記事,An article or an account,jìshì,ki.sʰa.,Hanja,名詞
2493,기사,gisa,技師,An article or an account,jìshī,ki.sʰa.,Hanja,名詞
2494,기술,gisul,技術,Art or technique or ability,jìshù,ki.sʰul.,Hanja,名詞
2495,기술,gisul,記述,Art or technique or ability,jìshù,ki.sʰul.,Hanja,名詞
2496,기술자,gisulja,技術者,Technician,jìshùzhě,ki.sʰul.ʨ͈a.,Hanja,名詞
2497,제사,jesa,祭祀,A holiday ceremony,jìsì,ʨe.sʰa.,Hanja,名詞
2498,급송,geupsong,急送,Hanja word: 急送 (jísòng),jísòng,kɯp.s͈oŋ.,Hanja,名詞
2499,급속,geupsok,急速,Hanja word: 急速 (jísù),jísù,kɯp.s͈ok̚.,Hanja,名詞
2500,계산,gyesan,計算,Calculation,jìsuàn,kje.sʰan.,Hanja,名詞
2501,계산기,gyesangi,計算機,Calculator,jìsuànjī,kje.sʰaŋ.ɡi.,Hanja,名詞
2502,급소,geupso,急所,Hanja word: 急所 (jísuǒ),jísuǒ,kɯp.s͈o.,Hanja,名詞
2503,기숙사,gisuksa,寄宿舍,A hostel or residence hall,jìsùshè,ki.sʰuk̚.s͈a.,Hanja,名詞
2504,희정,huijeong,姬婷,Hanja word: 姬婷 (jītíng),jītíng,hi.ʥʌŋ.,Hanja,名詞
2505,집단,jipdan,集團,"A group, a collective body",jítuán,ʨip̚.t͈an.,Hanja,名詞
2506,집단적,jipdanjeok,集團的,Collectively (of people),jítuánde·,ʨip̚.t͈an.ʥʌk̚.,Hanja,名詞
2507,구백,gubaek,九百,Hanja word: 九百 (jiǔbǎi),jiǔbǎi,ku.bɛk̚.,Hanja,名詞
2508,구백팔,gubaekpal,九百八,Hanja word: 九百八 (jiǔbǎibā),jiǔbǎibā,ku.bɛk̚.pʰal.,Hanja,名詞
2509,구출,guchul,救出,Hanja word: 救出 (jiùchū),jiùchū,ku.ʨʰul.,Hanja,名詞
2510,규합,gyuhap,糾合,Hanja word: 糾合 (jiūhé),jiūhé,kju.ɦap̚.,Hanja,名詞
2511,구제,guje,救濟,Hanja word: 救濟 (jiùjì),jiùjì,ku.ʥe.,Hanja,名詞
2512,주전자,jujeonja,酒煎子,"A kettle, teakettle",jiǔjiānzi·,ʨu.ʥʌn.ʥa.,Hanja,名詞
2513,구급차,gugeupcha,救急車,Hanja word: 救急車 (jiùjíchē),jiùjíchē,ku.ɡɯp̚.ʨʰa.,Hanja,名詞
2514,주류,juryu,酒類,Hanja word: 酒類 (jiǔlèi),jiǔlèi,ʨu.ɾju.,Hanja,名詞
2515,구십,gusip,九十,90,jiǔshí,ku.ɕʰip̚.,Hanja,數詞
2516,구세주,guseju,救世主,Hanja word: 救世主 (jiùshìzhǔ),jiùshìzhǔ,ku.sʰe.ʥu.,Hanja,名詞
2517,주연,juyeon,酒宴,Hanja word: 酒宴 (jiǔyàn),jiǔyàn,ʨu.jʌn.,Hanja,名詞
2518,취업,chwieop,就業,"Employment, finding a job",jiùyè,ʨʰɥi.ʌp̚.,Hanja,名詞
2519,구원,guwon,救援,Hanja word: 救援 (jiùyuán),jiùyuán,ku.u̯ʌn.,Hanja,名詞
2520,구월,guwol,九月,September,jiǔyuè,ku.u̯ʌl.,Hanja,名詞
2521,취직,chwijik,就職,"Employment, getting a job",jiùzhí,ʨʰɥi.ʥik̚.,Hanja,名詞
2522,구조,gujo,救助,Construction or structure,jiùzhù,ku.ʥo.,Hanja,名詞
2523,즉석,jeukseok,卽席,"instantly,impromptu",jíxí,ʨɯk̚.s͈ʌk̚.,Hanja,名詞
2524,급습,geupseup,急襲,Hanja word: 急襲 (jíxí),jíxí,kɯp.s͈ɯp̚.,Hanja,名詞
2525,제한,jehan,際限,"limits,bounds",jìxiàn,ʨe.ɦan.,Hanja,名詞
2526,기계,gigye,機械,An instrument or a machine,jīxiè,ki.ɡje.,Hanja,名詞
2527,급행,geuphaeng,急行,Hanja word: 急行 (jíxíng),jíxíng,kɯ.pʰɛŋ.,Hanja,名詞
2528,극형,geukhyeong,極刑,Hanja word: 極刑 (jíxíng),jíxíng,kɯ.kʰjʌŋ.,Hanja,名詞
2529,극성,geukseong,極性,Hanja word: 極性 (jíxìng),jíxìng,kɯk̚.s͈ʌŋ.,Hanja,名詞
2530,계속,gyesok,繼續,Continuously,jìxù,kje.sʰok̚.,Hanja,副詞
2531,기억,gieok,記憶,A memory,jìyì,ki.ʌk̚.,Hanja,名詞
2532,급우,geupu,級友,Hanja word: 級友 (jíyǒu),jíyǒu,kɯb.u.,Hanja,名詞
2533,기여,giyeo,寄與,Contribution or service,jìyǔ,ki.jʌ.,Hanja,名詞
2534,기원,giwon,紀元,Origin,jìyuán,ki.u̯ʌn.,Hanja,名詞
2535,기원전,giwonjeon,紀元前,B.C.,jìyuánqián,ki.u̯ʌn.ʥʌn.,Hanja,名詞
2536,집약적,jipyakjeok,集約的,Hanja word: 集約的 (jíyuēde·),jíyuēde·,ʨib.jak̚.ʨ͈ʌk̚.,Hanja,名詞
2537,적재,jeokjae,積載,Hanja word: 積載 (jīzài),jīzài,ʨʌk̚.ʨ͈ɛ.,Hanja,名詞
2538,급증,geupjeung,急增,Hanja word: 急增 (jízēng),jízēng,kɯp̚.ʨ͈ɯŋ.,Hanja,名詞
2539,기증자,gijeungja,寄贈者,Hanja word: 寄贈者 (jìzèngzhě),jìzèngzhě,ki.ʥɯŋ.ʥa.,Hanja,名詞
2540,기장,gijang,記章,Hanja word: 記章 (jìzhāng),jìzhāng,ki.ʥaŋ.,Hanja,名詞
2541,기자,gija,記者,A journalist,jìzhě,ki.ʥa.,Hanja,名詞
2542,극치,geukchi,極致,Hanja word: 極致 (jízhì),jízhì,kɯk̚.ʨʰi.,Hanja,名詞
2543,집중,jipjung,集中,Concentration,jízhōng,ʨip̚.ʨ͈uŋ.,Hanja,名詞
2544,집중적,jipjungjeok,集中的,Related to the concentration,jízhōngde·,ʨip̚.ʨ͈uŋ.ʥʌk̚.,Hanja,名詞
2545,제주도,jejudo,濟州島,Tourist island off south S.Korea,jìzhōudǎo,ʨe.ʥu.do.,Hanja,專有名詞
2546,척주,cheokju,脊柱,Hanja word: 脊柱 (jízhù),jízhù,ʨʰʌk̚.ʨ͈u.,Hanja,名詞
2547,기준,gijun,基準,A standard or basis,jīzhǔn,ki.ʥun.,Hanja,名詞
2548,질주,jilju,疾走,Hanja word: 疾走 (jízǒu),jízǒu,ʨil.ʨ͈u.,Hanja,名詞
2549,계좌,gyejwa,計座,Account,jìzuò,kje.ʥu̯a.,Hanja,名詞
2550,권태,gwontae,倦怠,Hanja word: 倦怠 (juàndài),juàndài,ku̯ʌn.tʰɛ.,Hanja,名詞
2551,권적운,gwonjeokun,卷積雲,Hanja word: 卷積雲 (juànjīyún),juànjīyún,ku̯ʌn.ʥʌɡ.un.,Hanja,名詞
2552,극장,geukjang,劇場,Theater or playhouse,jùchǎng,kɯk̚.ʨ͈aŋ.,Hanja,名詞
2553,거대,geodae,巨大,Hanja word: 巨大 (jùdà),jùdà,kʌ.dɛ.,Hanja,名詞
2554,거액,geoaek,巨額,A large sum of money,jùé,kʌ.ɛk̚.,Hanja,名詞
2555,절벽,jeolbyeok,絶壁,Hanja word: 絶壁 (juébì),juébì,ʨʌl.p͈jʌk̚.,Hanja,名詞
2556,결정,gyeoljeong,決定,A decision or determination,juédìng,kjʌl.ʨ͈ʌŋ.,Hanja,名詞
2557,절정,jeoljeong,絶頂,Hanja word: 絶頂 (juédǐng),juédǐng,ʨʌl.ʨ͈ʌŋ.,Hanja,名詞
2558,결투,gyeoltu,決鬪,Hanja word: 決鬪 (juédòu),juédòu,kjʌl.tʰu.,Hanja,名詞
2559,절대,jeoldae,絕對,Absoluteness,juéduì,ʨʌl.t͈ɛ.,Hanja,副詞
2560,절대적,jeoldaejeok,絶對的,"absolute,unconditional",juéduìde·,ʨʌl.t͈ɛ.ʥʌk̚.,Hanja,名詞
2561,결제,gyeolje,決濟,Hanja word: 決濟 (juéjì),juéjì,kjʌl.ʨ͈e.,Hanja,名詞
2562,절규,jeolgyu,絶叫,Hanja word: 絶叫 (juéjiào),juéjiào,ʨʌl.k͈ju.,Hanja,名詞
2563,절교,jeolgyo,絶交,Hanja word: 絶交 (juéjiāo),juéjiāo,ʨʌl.k͈jo.,Hanja,名詞
2564,결렬,gyeolryeol,決裂,Hanja word: 決裂 (juéliè),juéliè,kjʌl.ljʌl.,Hanja,名詞
2565,결연,gyeolyeon,決然,Hanja word: 決然 (juérán),juérán,kjʌɾ.jʌn.,Hanja,名詞
2566,결승,gyeolseung,決勝,The decision of the final round of a contest,juéshèng,kjʌl.s͈ɯŋ.,Hanja,名詞
2567,절식,jeolsik,絶食,Hanja word: 絶食 (juéshí),juéshí,ʨʌl.ɕʰik̚.,Hanja,名詞
2568,각서,gakseo,覺書,Hanja word: 覺書 (juéshū),juéshū,kak̚.s͈ʌ.,Hanja,名詞
2569,절망,jeolmang,絶望,"despair,hopelessness",juéwàng,ʨʌl.maŋ.,Hanja,名詞
2570,절망적,jeolmangjeok,絶望的,Hanja word: 絶望的 (juéwàngde·),juéwàngde·,ʨʌl.maŋ.ʥʌk̚.,Hanja,名詞
2571,각오,gako,覺悟,Readiness or preparation,juéwù,kaɡ.o.,Hanja,名詞
2572,결심,gyeolsim,決心,Determination or resolution,juéxīn,kjʌl.ɕʰim.,Hanja,名詞
2573,각성,gakseong,覺醒,Hanja word: 覺醒 (juéxǐng),juéxǐng,kak̚.s͈ʌŋ.,Hanja,名詞
2574,결의,gyeolui,決議,Hanja word: 決議 (juéyì),juéyì,kjʌɾ.e.,Hanja,名詞
2575,거부,geobu,拒否,Hanja word: 拒否 (jùfǒu),jùfǒu,kʌ.bu.,Hanja,名詞
2576,거골,geogol,距骨,Hanja word: 距骨 (jùgǔ),jùgǔ,kʌ.ɡol.,Hanja,名詞
2577,국화,gukhwa,菊花,Hanja word: 菊花 (júhuā),júhuā,ku.kʰu̯a.,Hanja,名詞
2578,거장,geojang,巨匠,Hanja word: 巨匠 (jùjiàng),jùjiàng,kʌ.ʥaŋ.,Hanja,名詞
2579,거절,geojeol,拒絶,Hanja word: 拒絶 (jùjué),jùjué,kʌ.ʥʌl.,Hanja,名詞
2580,거리,geori,距離,Distance,jùlí,kʌ.ɾi.,Hanja,名詞
2581,거류,georyu,居留,Hanja word: 居留 (jūliú),jūliú,kʌ.ɾju.,Hanja,名詞
2582,구류,guryu,拘留,Hanja word: 拘留 (jūliú),jūliú,ku.ɾju.,Hanja,名詞
2583,국면,gukmyeon,局面,Hanja word: 局面 (júmiàn),júmiàn,kuŋ.mjʌn.,Hanja,名詞
2584,군비,gunbi,軍備,Hanja word: 軍備 (jūnbèi),jūnbèi,kum.bi.,Hanja,名詞
2585,군대,gundae,軍隊,Troops or an army,jūnduì,kun.dɛ.,Hanja,名詞
2586,군법,gunbeop,軍法,Hanja word: 軍法 (jūnfǎ),jūnfǎ,kum.bʌp̚.,Hanja,名詞
2587,군항,gunhang,軍港,Hanja word: 軍港 (jūngǎng),jūngǎng,kun.haŋ.,Hanja,名詞
2588,균형,gyunhyeong,均衡,Balance or equilibrium,jūnhéng,kjun.hjʌŋ.,Hanja,名詞
2589,군함,gunham,軍艦,Hanja word: 軍艦 (jūnjiàn),jūnjiàn,kun.ham.,Hanja,名詞
2590,군림,gunrim,君臨,Hanja word: 君臨 (jūnlín),jūnlín,kul.lim.,Hanja,名詞
2591,군기,gungi,軍旗,Hanja word: 軍旗 (jūnqí),jūnqí,kuŋ.ɡi.,Hanja,名詞
2592,군인,gunin,軍人,Sb in the military,jūnrén,kun.in.,Hanja,名詞
2593,군세,gunse,軍勢,Hanja word: 軍勢 (jūnshì),jūnshì,kun.se.,Hanja,名詞
2594,군사,gunsa,軍士,Military affairs,jūnshì,kun.sa.,Hanja,名詞
2595,균사,gyunsa,菌絲,Hanja word: 菌絲 (jùnsī),jùnsī,kjun.sa.,Hanja,名詞
2596,군용,gunyong,軍用,Hanja word: 軍用 (jūnyòng),jūnyòng,kun.joŋ.,Hanja,名詞
2597,군정,gunjeong,軍政,Hanja word: 軍政 (jūnzhèng),jūnzhèng,kun.ʥʌŋ.,Hanja,名詞
2598,군주,gunju,君主,Hanja word: 君主 (jūnzhǔ),jūnzhǔ,kun.ʥu.,Hanja,名詞
2599,거인,geoin,巨人,Hanja word: 巨人 (jùrén),jùrén,kʌ.in.,Hanja,名詞
2600,거실,geosil,居室,Living room,jūshì,kʌ.ɕʰil.,Hanja,名詞
2601,구속,gusok,拘束,To arrest or put in detention,jūshù,ku.sʰok̚.,Hanja,名詞
2602,구체적,guchejeok,具體的,Concretely,jùtǐde·,ku.ʨʰe.ʥʌk̚.,Hanja,名詞
2603,국외자,gukoeja,局外者,Hanja word: 局外者 (júwàizhě),júwàizhě,kuɡ.u̯e.ʥa.,Hanja,名詞
2604,거물,geomul,巨物,Hanja word: 巨物 (jùwù),jùwù,kʌ.mul.,Hanja,名詞
2605,국한,gukhan,局限,Hanja word: 局限 (júxiàn),júxiàn,ku.kʰan.,Hanja,名詞
2606,저지,jeoji,沮止,Hanja word: 沮止 (jǔzhǐ),jǔzhǐ,ʨʌ.ʥi.,Hanja,名詞
2607,거주,geoju,居住,Hanja word: 居住 (jūzhù),jūzhù,kʌ.ʥu.,Hanja,名詞
2608,거주자,geojuja,居住者,Hanja word: 居住者 (jūzhùzhě),jūzhùzhě,kʌ.ʥu.ʥa.,Hanja,名詞
2609,극작가,geukjakga,劇作家,A dramatist,jùzuòjiā,kɯk̚.ʨ͈ak̚.k͈a.,Hanja,名詞
2610,개장,gaejang,開場,Hanja word: 開場 (kāichǎng),kāichǎng,kɛ.ʥaŋ.,Hanja,名詞
2611,개발,gaebal,開發,Hanja word: 開發 (kāifā),kāifā,kɛ.bal.,Hanja,名詞
2612,개방,gaebang,開放,Open or throw open,kāifàng,kɛ.baŋ.,Hanja,名詞
2613,개화,gaehwa,開化,Hanja word: 開化 (kāihuà),kāihuà,kɛ.ɦu̯a.,Hanja,名詞
2614,개시,gaesi,開始,Hanja word: 開始 (kāishǐ),kāishǐ,kɛ.ɕʰi.,Hanja,名詞
2615,개통,gaetong,開通,Hanja word: 開通 (kāitōng),kāitōng,kɛ.tʰoŋ.,Hanja,名詞
2616,개척,gaecheok,開拓,Hanja word: 開拓 (kāituò),kāituò,kɛ.ʨʰʌk̚.,Hanja,名詞
2617,개척자,gaecheokja,開拓者,Hanja word: 開拓者 (kāituòzhě),kāituòzhě,kɛ.ʨʰʌk̚.ʨ͈a.,Hanja,名詞
2618,간판,ganpan,看板,A signboard,kànbǎn,kam.pʰan.,Hanja,名詞
2619,항의,hangui,抗議,A protest,kàngyì,haŋ.e.,Hanja,名詞
2620,간호,ganho,看護,Nursing or care,kànhù,kan.ho.,Hanja,名詞
2621,간호사,ganhosa,看護師,Nurse,kànhùshī,kan.ho.sʰa.,Hanja,名詞
2622,간파,ganpa,看破,Hanja word: 看破 (kànpò),kànpò,kam.pʰa.,Hanja,名詞
2623,고안,goan,考案,Hanja word: 考案 (kǎoàn),kǎoàn,ko.an.,Hanja,名詞
2624,고찰,gochal,考察,Hanja word: 考察 (kǎochá),kǎochá,ko.ʨʰal.,Hanja,名詞
2625,고려,goryeo,考慮,Goryeo dynasty,kǎolǜ,ko.ɾjʌ.,Hanja,專有名詞
2626,고문,gomun,拷問,Hanja word: 拷問 (kǎowèn),kǎowèn,ko.mun.,Hanja,名詞
2627,객차,gaekcha,客車,Hanja word: 客車 (kèchē),kèchē,kɛk̚.ʨʰa.,Hanja,名詞
2628,과정,gwajeong,課程,Process or course,kèchéng,ku̯a.ʥʌŋ.,Hanja,名詞
2629,객선,gaekseon,客船,Hanja word: 客船 (kèchuán),kèchuán,kɛk̚.s͈ʌn.,Hanja,名詞
2630,극복,geukbok,克服,Conquest or subjugation,kèfú,kɯk̚.p͈ok̚.,Hanja,名詞
2631,객관적,gaekgwanjeok,客觀的,Objective,kèguānde·,kɛk̚.k͈u̯an.ʥʌk̚.,Hanja,名詞
2632,극기,geukgi,克己,Hanja word: 克己 (kèjǐ),kèjǐ,kɯk̚.k͈i.,Hanja,名詞
2633,가결,gagyeol,可決,Hanja word: 可決 (kějué),kějué,ka.ɡjʌl.,Hanja,名詞
2634,과거,gwageo,科擧過去,The past,kējǔguòqù,ku̯a.ɡʌ.,Hanja,名詞
2635,과목,gwamok,科目,A subject or a lesson,kēmù,ku̯a.mok̚.,Hanja,名詞
2636,긍정적,geungjeongjeok,肯定的,Affirmation or admission,kěndìngde·,kɯŋ.ʥʌŋ.ʥʌk̚.,Hanja,名詞
2637,가능,ganeung,可能,Possibility,kěnéng,ka.nɯŋ.,Hanja,名詞
2638,가능성,ganeungseong,可能性,Possibility,kěnéngxìng,ka.nɯŋ.sʌŋ.,Hanja,名詞
2639,갱부,gaengbu,坑夫,Hanja word: 坑夫 (kēngfū),kēngfū,kɛŋ.bu.,Hanja,名詞
2640,갱구,gaenggu,坑口,Hanja word: 坑口 (kēngkǒu),kēngkǒu,kɛŋ.ɡu.,Hanja,名詞
2641,간청,gancheong,懇請,Hanja word: 懇請 (kěnqǐng),kěnqǐng,kan.ʨʰʌŋ.,Hanja,名詞
2642,가연물,gayeonmul,可燃物,Hanja word: 可燃物 (kěránwù),kěránwù,ka.jʌm.mul.,Hanja,名詞
2643,가연성,gayeonseong,可燃性,Hanja word: 可燃性 (kěránxìng),kěránxìng,ka.jʌn.sʌŋ.,Hanja,名詞
2644,객실,gaeksil,客室,Hanja word: 客室 (kèshì),kèshì,kɛk̚.ɕʰil.,Hanja,名詞
2645,과제,gwaje,課題,A subject or a thesis or homework; an exercise/a problem,kètí,ku̯a.ʥe.,Hanja,名詞
2646,과외,gwaoe,課外,Extracurricular work,kèwài,ku̯a.u̯e.,Hanja,名詞
2647,과학,gwahak,科學,Science,kēxué,ku̯a.ɦak̚.,Hanja,名詞
2648,과학적,gwahakjeok,科學的,Scientifically,kēxuéde·,ku̯a.ɦak̚.ʨ͈ʌk̚.,Hanja,名詞
2649,과학자,gwahakja,科學者,Scientist,kēxuézhě,ku̯a.ɦak̚.ʨ͈a.,Hanja,名詞
2650,과업,gwaeop,課業,Hanja word: 課業 (kèyè),kèyè,ku̯a.ʌp̚.,Hanja,名詞
2651,과장,gwajang,課長,The department/section head,kèzhǎng,ku̯a.ʥaŋ.,Hanja,名詞
2652,과장,gwajang,科長,The department/section head,kēzhǎng,ku̯a.ʥaŋ.,Hanja,名詞
2653,갈증,galjeung,渴症,Thirst,kězhèng,kal.ʨ͈ɯŋ.,Hanja,名詞
2654,공포,gongpo,恐怖,Fear or dread,kǒngbù,koŋ.pʰo.,Hanja,名詞
2655,공책,gongchaek,空冊,Notebook for taking notes and studying,kōngcè,koŋ.ʨʰɛk̚.,Hanja,名詞
2656,공제,gongje,控除,Hanja word: 控除 (kòngchú),kòngchú,koŋ.ʥe.,Hanja,名詞
2657,공동,gongdong,空洞,Association or union or collaboration,kōngdòng,koŋ.doŋ.,Hanja,名詞
2658,공복,gongbok,空腹,Hanja word: 空腹 (kōngfù),kōngfù,koŋ.bok̚.,Hanja,名詞
2659,공항,gonghang,空港,Airport,kōnggǎng,koŋ.haŋ.,Hanja,名詞
2660,공황,gonghwang,恐慌,Hanja word: 恐慌 (kǒnghuāng),kǒnghuāng,koŋ.hu̯aŋ.,Hanja,名詞
2661,공간,gonggan,空間,Space or room,kōngjiān,koŋ.ɡan.,Hanja,名詞
2662,공군,gonggun,空軍,The air force,kōngjūn,koŋ.ɡun.,Hanja,名詞
2663,공룡,gongryong,恐龍,Hanja word: 恐龍 (kǒnglóng),kǒnglóng,koŋ.njoŋ.,Hanja,名詞
2664,공기,gonggi,空器,Air,kōngqì,koŋ.ɡi.,Hanja,名詞
2665,공기,gonggi,空氣,Air,kōngqì,koŋ.ɡi.,Hanja,名詞
2666,공작,gongjak,孔雀,Hanja word: 孔雀 (kǒngquè),kǒngquè,koŋ.ʥak̚.,Hanja,名詞
2667,공연,gongyeon,空然,A public performance,kōngrán,koŋ.jʌn.,Hanja,名詞
2668,공수,gongsu,空輸,Hanja word: 空輸 (kōngshū),kōngshū,koŋ.su.,Hanja,名詞
2669,공수병,gongsubyeong,恐水病,Hanja word: 恐水病 (kǒngshuǐbìng),kǒngshuǐbìng,koŋ.su.bjʌŋ.,Hanja,名詞
2670,공석,gongseok,空席,Hanja word: 空席 (kōngxí),kōngxí,koŋ.sʌk̚.,Hanja,名詞
2671,공습,gongseup,空襲,Hanja word: 空襲 (kōngxí),kōngxí,koŋ.sɯp̚.,Hanja,名詞
2672,공상,gongsang,空想,Hanja word: 空想 (kōngxiǎng),kōngxiǎng,koŋ.saŋ.,Hanja,名詞
2673,공중,gongjung,空中,The air or the sky,kōngzhōng,koŋ.ʥuŋ.,Hanja,名詞
2674,구취,guchwi,口臭,Hanja word: 口臭 (kǒuchòu),kǒuchòu,ku.ʨʰɥi.,Hanja,名詞
2675,구전,gujeon,口傳,Hanja word: 口傳 (kǒuchuán),kǒuchuán,ku.ʥʌn.,Hanja,名詞
2676,구개,gugae,口蓋,Hanja word: 口蓋 (kǒugài),kǒugài,ku.ɡɛ.,Hanja,名詞
2677,구실,gusil,口實,Hanja word: 口實 (kǒushí),kǒushí,ku.ɕʰil.,Hanja,名詞
2678,쾌감,kwaegam,快感,"A pleasant sensation, a good feeling",kuàigǎn,kʰu̯ɛ.ɡam.,Hanja,名詞
2679,쾌활,kwaehwal,快活,Hanja word: 快活 (kuàihuó),kuàihuó,kʰu̯ɛ.ɦu̯al.,Hanja,名詞
2680,회계부서,hoegyebuseo,會計部署,Hanja word: 會計部署 (kuàijìbùshǔ),kuàijìbùshǔ,hu̯e.ɡje.bu.sʰʌ.,Hanja,名詞
2681,괴경,goegyeong,塊莖,Hanja word: 塊莖 (kuàijīng),kuàijīng,ku̯e.ɡjʌŋ.,Hanja,名詞
2682,관대,gwandae,寬大,Hanja word: 寬大 (kuāndà),kuāndà,ku̯an.dɛ.,Hanja,名詞
2683,광란,gwangran,狂亂,Hanja word: 狂亂 (kuángluàn),kuángluàn,ku̯aŋ.nan.,Hanja,名詞
2684,광맥,gwangmaek,鑛脈,Hanja word: 鑛脈 (kuàngmài),kuàngmài,ku̯aŋ.mɛk̚.,Hanja,名詞
2685,광기,gwanggi,狂氣,Hanja word: 狂氣 (kuángqì),kuángqì,ku̯aŋ.ɡi.,Hanja,名詞
2686,광견병,gwanggyeonbyeong,狂犬病,Hanja word: 狂犬病 (kuángquǎnbìng),kuángquǎnbìng,ku̯aŋ.ɡjʌm.bjʌŋ.,Hanja,名詞
2687,광석,gwangseok,鑛石,Hanja word: 鑛石 (kuàngshí),kuàngshí,ku̯aŋ.sʌk̚.,Hanja,名詞
2688,광물,gwangmul,鑛物,Hanja word: 鑛物 (kuàngwù),kuàngwù,ku̯aŋ.mul.,Hanja,名詞
2689,광상곡,gwangsanggok,狂想曲,Hanja word: 狂想曲 (kuángxiǎngqū),kuángxiǎngqū,ku̯aŋ.saŋ.ɡok̚.,Hanja,名詞
2690,광유,gwangyu,鑛油,Hanja word: 鑛油 (kuàngyóu),kuàngyóu,ku̯aŋ.ju.,Hanja,名詞
2691,과시,gwasi,誇示,Hanja word: 誇示 (kuāshì),kuāshì,ku̯a.ɕʰi.,Hanja,名詞
2692,과장,gwajang,誇張,The department/section head,kuāzhāng,ku̯a.ʥaŋ.,Hanja,名詞
2693,궤양,gweyang,潰瘍,Hanja word: 潰瘍 (kuìyáng),kuìyáng,ku̯e.jaŋ.,Hanja,名詞
2694,궤주,gweju,潰走,Hanja word: 潰走 (kuìzǒu),kuìzǒu,ku̯e.ʥu.,Hanja,名詞
2695,고민,gomin,苦悶,Worry or anguish,kǔmèn,ko.min.,Hanja,名詞
2696,고뇌,gonoe,苦惱,Hanja word: 苦惱 (kǔnǎo),kǔnǎo,ko.nu̯e.,Hanja,名詞
2697,곤충,gonchung,昆蟲,Hanja word: 昆蟲 (kūnchóng),kūnchóng,kon.ʨʰuŋ.,Hanja,名詞
2698,곤란,gonran,困難,Hanja word: 困難 (kùnnán),kùnnán,kol.lan.,Hanja,名詞
2699,확대,hwakdae,擴大,Hanja word: 擴大 (kuòdà),kuòdà,hu̯ak̚.t͈ɛ.,Hanja,名詞
2700,확산,hwaksan,擴散,Hanja word: 擴散 (kuòsàn),kuòsàn,hu̯ak̚.s͈an.,Hanja,名詞
2701,확성기,hwakseonggi,擴聲器,Hanja word: 擴聲器 (kuòshēngqì),kuòshēngqì,hu̯ak̚.s͈ʌŋ.ɡi.,Hanja,名詞
2702,확장,hwakjang,擴張,"expansion, enlargement",kuòzhāng,hu̯ak̚.ʨ͈aŋ.,Hanja,名詞
2703,고생,gosaeng,苦生,A hard life or privation,kǔshēng,ko.sʰɛŋ.,Hanja,名詞
2704,혹사,hoksa,酷使,Hanja word: 酷使 (kùshǐ),kùshǐ,hok̚.s͈a.,Hanja,名詞
2705,고통,gotong,苦痛,Suffering or agony,kǔtòng,ko.tʰoŋ.,Hanja,名詞
2706,고행,gohaeng,苦行,Hanja word: 苦行 (kǔxíng),kǔxíng,ko.ɦɛŋ.,Hanja,名詞
2707,나병,nabyeong,癩病,Hanja word: 癩病 (làibìng),làibìng,nᵈa.bjʌŋ.,Hanja,名詞
2708,내후년,naehunyeon,來後年,The year after next year,láihòunián,nᵈɛ.ɦu.njʌn.,Hanja,名詞
2709,내년,naenyeon,來年,Next year,láinián,nᵈɛ.njʌn.,Hanja,名詞
2710,내일,naeil,來日,Tomorrow,láirì,nᵈɛ.il.,Hanja,名詞
2711,난간,nangan,欄干,Hanja word: 欄干 (lángān),lángān,nᵈaŋ.ɡan.,Hanja,名詞
2712,낭비,nangbi,浪費,Waste,làngfèi,nᵈaŋ.bi.,Hanja,名詞
2713,낭송,nangsong,朗誦,Hanja word: 朗誦 (lǎngsòng),lǎngsòng,nᵈaŋ.soŋ.,Hanja,名詞
2714,난외,nanoe,欄外,Hanja word: 欄外 (lánwài),lánwài,nᵈan.u̯e.,Hanja,名詞
2715,남용,namyong,濫用,Hanja word: 濫用 (lànyòng),lànyòng,nᵈam.joŋ.,Hanja,名詞
2716,노병,nobyeong,老兵,Hanja word: 老兵 (lǎobīng),lǎobīng,nᵈo.bjʌŋ.,Hanja,名詞
2717,노동,nodong,勞動,"Labor, work",láodòng,nᵈo.doŋ.,Hanja,名詞
2718,노동자,nodongja,勞動者,"Laborer, worker",láodòngzhě,nᵈo.doŋ.ʥa.,Hanja,名詞
2719,노부부,nobubu,老夫婦,Hanja word: 老夫婦 (lǎofūfù),lǎofūfù,nᵈo.bu.bu.,Hanja,名詞
2720,노부모,nobumo,老父母,Hanja word: 老父母 (lǎofùmǔ),lǎofùmǔ,nᵈo.bu.mo.,Hanja,名詞
2721,노력,noryeok,勞力,Effort,láolì,nᵈo.ɾjʌk̚.,Hanja,名詞
2722,노련자,noryeonja,老練者,Hanja word: 老練者 (lǎoliànzhě),lǎoliànzhě,nᵈo.ɾjʌn.ʥa.,Hanja,名詞
2723,노파,nopa,老婆,Hanja word: 老婆 (lǎopó),lǎopó,nᵈo.pʰa.,Hanja,名詞
2724,노인,noin,老人,Old person,lǎorén,nᵈo.in.,Hanja,名詞
2725,노후,nohu,老朽,Hanja word: 老朽 (lǎoxiǔ),lǎoxiǔ,nᵈo.ɦu.,Hanja,名詞
2726,노안,noan,老眼,Hanja word: 老眼 (lǎoyǎn),lǎoyǎn,nᵈo.an.,Hanja,名詞
2727,낙인,nakin,烙印,Hanja word: 烙印 (làoyìn),làoyìn,nᵈaɡ.in.,Hanja,名詞
2728,늑골,neukgol,肋骨,Hanja word: 肋骨 (lègǔ),lègǔ,nᵈɯk̚.k͈ol.,Hanja,名詞
2729,뇌조,noejo,雷鳥,Hanja word: 雷鳥 (léiniǎo),léiniǎo,nᵈu̯e.ʥo.,Hanja,名詞
2730,유인원,yuinwon,類人猿,Hanja word: 類人猿 (lèirényuán),lèirényuán,ju.in.u̯ʌn.,Hanja,名詞
2731,유사,yusa,類似,Hanja word: 類似 (lèisì),lèisì,ju.sʰa.,Hanja,名詞
2732,유추,yuchu,類推,Hanja word: 類推 (lèituī),lèituī,ju.ʨʰu.,Hanja,名詞
2733,유형,yuhyeong,類型,A similar type,lèixíng,ju.hjʌŋ.,Hanja,名詞
2734,냉장고,naengjanggo,冷藏庫,Freezer,lěngcángkù,nᵈɛŋ.ʥaŋ.ɡo.,Hanja,名詞
2735,냉담,naengdam,冷淡,Hanja word: 冷淡 (lěngdàn),lěngdàn,nᵈɛŋ.dam.,Hanja,名詞
2736,냉동,naengdong,冷凍,Refrigeration,lěngdòng,nᵈɛŋ.doŋ.,Hanja,名詞
2737,냉동식품,naengdongsikpum,冷凍食品,Hanja word: 冷凍食品 (lěngdòngshípǐn),lěngdòngshípǐn,nᵈɛŋ.doŋ.ɕʰik̚.pʰum.,Hanja,名詞
2738,냉방,naengbang,冷房,A cold or unheated room,lěngfáng,nᵈɛŋ.baŋ.,Hanja,名詞
2739,냉정,naengjeong,冷靜,Hanja word: 冷靜 (lěngjìng),lěngjìng,nᵈɛŋ.ʥʌŋ.,Hanja,名詞
2740,냉면,naengmyeon,冷麵,Cold noodles soup,lěngmiàn,nᵈɛŋ.mjʌn.,Hanja,名詞
2741,냉기,naenggi,冷氣,Hanja word: 冷氣 (lěngqì),lěngqì,nᵈɛŋ.ɡi.,Hanja,名詞
2742,냉각,naenggak,冷卻,Hanja word: 冷卻 (lěngquè),lěngquè,nᵈɛŋ.ɡak̚.,Hanja,名詞
2743,냉각기,naenggakgi,冷卻器,Hanja word: 冷卻器 (lěngquèqì),lěngquèqì,nᵈɛŋ.ɡak̚.k͈i.,Hanja,名詞
2744,냉전,naengjeon,冷戰,Hanja word: 冷戰 (lěngzhàn),lěngzhàn,nᵈɛŋ.ʥʌn.,Hanja,名詞
2745,연애,yeonae,戀愛,"Love, tender, passion",liànài,jʌn.ɛ.,Hanja,名詞
2746,연방,yeonbang,聯邦,Hanja word: 聯邦 (liánbāng),liánbāng,jʌm.baŋ.,Hanja,名詞
2747,연대,yeondae,聯隊,Hanja word: 聯隊 (liánduì),liánduì,jʌn.dɛ.,Hanja,名詞
2748,연가,yeonga,戀歌,Hanja word: 戀歌 (liàngē),liàngē,jʌŋ.ɡa.,Hanja,名詞
2749,양국,yangguk,兩國,Both countries,liǎngguó,jaŋ.ɡuk̚.,Hanja,名詞
2750,양화,yanghwa,良貨,Hanja word: 良貨 (liánghuò),liánghuò,jaŋ.hu̯a.,Hanja,名詞
2751,양해,yanghae,諒解,Hanja word: 諒解 (liàngjiě),liàngjiě,jaŋ.hɛ.,Hanja,名詞
2752,양서류,yangseoryu,兩棲類,Hanja word: 兩棲類 (liǎngqīlèi),liǎngqīlèi,jaŋ.sʌ.ɾju.,Hanja,名詞
2753,연관,yeongwan,聯關,"a connection, a grouping together, relationships",liánguān,jʌŋ.ɡu̯an.,Hanja,名詞
2754,양심,yangsim,良心,Conscience,liángxīn,jaŋ.ɕʰim.,Hanja,名詞
2755,양자,yangja,量子,Hanja word: 量子 (liàngzi·),liàngzi·,jaŋ.ʥa.,Hanja,名詞
2756,양자론,yangjaron,量子論,Hanja word: 量子論 (liàngzi·lùn),liàngzi·lùn,jaŋ.ʥa.ɾon.,Hanja,名詞
2757,연합,yeonhap,聯合,"Combination, federacy, union",liánhé,jʌn.hap̚.,Hanja,名詞
2758,연화,yeonhwa,蓮花,Hanja word: 蓮花 (liánhuā),liánhuā,jʌn.hu̯a.,Hanja,名詞
2759,연결,yeongyeol,連結,"Connection, linking",liánjié,jʌŋ.ɡjʌl.,Hanja,名詞
2760,연루,yeonru,連累,Hanja word: 連累 (liánlèi),liánlèi,jʌl.lu.,Hanja,名詞
2761,연립,yeonrip,聯立,Hanja word: 聯立 (liánlì),liánlì,jʌl.lip̚.,Hanja,名詞
2762,연락,yeonrak,連絡,"Connection, communication",liánluò,jʌl.lak̚.,Hanja,名詞
2763,연락처,yeonrakcheo,連絡處,a way to make contact (usually means a phone number),liánluòchù,jʌl.lak̚.ʨʰʌ.,Hanja,名詞
2764,연맹,yeonmaeng,聯盟,Hanja word: 聯盟 (liánméng),liánméng,jʌm.mɛŋ.,Hanja,名詞
2765,연민,yeonmin,憐憫,Hanja word: 憐憫 (liánmǐn),liánmǐn,jʌm.min.,Hanja,名詞
2766,연인,yeonin,戀人,A sweetheart,liànrén,jʌn.in.,Hanja,名詞
2767,연유,yeonyu,煉乳,Hanja word: 煉乳 (liànrǔ),liànrǔ,jʌn.ju.,Hanja,名詞
2768,연쇄,yeonswae,連鎖,Hanja word: 連鎖 (liánsuǒ),liánsuǒ,jʌn.su̯ɛ.,Hanja,名詞
2769,연쇄점,yeonswaejeom,連鎖店,Hanja word: 連鎖店 (liánsuǒdiàn),liánsuǒdiàn,jʌn.su̯ɛ.ʥʌm.,Hanja,名詞
2770,연습,yeonseup,練習,"practice, exercise",liànxí,jʌn.sɯp̚.,Hanja,名詞
2771,연상,yeonsang,聯想,Hanja word: 聯想 (liánxiǎng),liánxiǎng,jʌn.saŋ.,Hanja,名詞
2772,연휴,yeonhyu,連休,Consecutive holidays,liánxiū,jʌn.hju.,Hanja,名詞
2773,연속,yeonsok,連續,"continuity,succession",liánxù,jʌn.sok̚.,Hanja,名詞
2774,연속적,yeonsokjeok,連續的,Hanja word: 連續的 (liánxùde·),liánxùde·,jʌn.sok̚.ʨ͈ʌk̚.,Hanja,名詞
2775,연옥,yeonok,煉獄,Hanja word: 煉獄 (liànyù),liànyù,jʌn.ok̚.,Hanja,名詞
2776,연재,yeonjae,連載,Hanja word: 連載 (liánzài),liánzài,jʌn.ʥɛ.,Hanja,名詞
2777,요법,yobeop,療法,Hanja word: 療法 (liáofǎ),liáofǎ,jo.bʌp̚.,Hanja,名詞
2778,요금,yogeum,料金,"A rate, a fare",liàojīn,jo.ɡɯm.,Hanja,名詞
2779,요리,yori,料理,Cooking,liàolǐ,jo.ɾi.,Hanja,名詞
2780,요리사,yorisa,料理師,"A chef, a cook",liàolǐshī,jo.ɾi.sʰa.,Hanja,名詞
2781,예배,yebae,禮拜,Hanja word: 禮拜 (lǐbài),lǐbài,je.bɛ.,Hanja,名詞
2782,이별,ibyeol,離別,"Parting, separation; divorce",líbié,i.bjʌl.,Hanja,名詞
2783,입장,ipjang,立場,"A position, situation",lìchǎng,ip̚.ʨ͈aŋ.,Hanja,名詞
2784,이정표,ijeongpyo,里程標,Hanja word: 里程標 (lǐchéngbiāo),lǐchéngbiāo,i.ʥʌŋ.pʰjo.,Hanja,名詞
2785,이점,ijeom,利點,Hanja word: 利點 (lìdiǎn),lìdiǎn,i.ʥʌm.,Hanja,名詞
2786,열차,yeolcha,列車,Train,lièchē,jʌl.ʨʰa.,Hanja,名詞
2787,열등,yeoldeung,劣等,Hanja word: 劣等 (lièděng),lièděng,jʌl.t͈ɯŋ.,Hanja,名詞
2788,열등감,yeoldeunggam,劣等感,Hanja word: 劣等感 (lièděnggǎn),lièděnggǎn,jʌl.t͈ɯŋ.ɡam.,Hanja,名詞
2789,열거,yeolgeo,列擧,Hanja word: 列擧 (lièjǔ),lièjǔ,jʌl.k͈ʌ.,Hanja,名詞
2790,입법,ipbeop,立法,Hanja word: 立法 (lìfǎ),lìfǎ,ip̚.p͈ʌp̚.,Hanja,名詞
2791,이발,ibal,理髮,Hanja word: 理髮 (lǐfǎ),lǐfǎ,i.bal.,Hanja,名詞
2792,예법,yebeop,禮法,Hanja word: 禮法 (lǐfǎ),lǐfǎ,je.bʌp̚.,Hanja,名詞
2793,입방,ipbang,立方,Hanja word: 立方 (lìfāng),lìfāng,ip̚.p͈aŋ.,Hanja,名詞
2794,입방체,ipbangche,立方體,Hanja word: 立方體 (lìfāngtǐ),lìfāngtǐ,ip̚.p͈aŋ.ʨʰe.,Hanja,名詞
2795,이발소,ibalso,理髮所,barber’s shop,lǐfǎsuǒ,i.bal.s͈o.,Hanja,名詞
2796,이발용,ibalyong,理髮用,Hanja word: 理髮用 (lǐfǎyòng),lǐfǎyòng,i.baɾ.joŋ.,Hanja,名詞
2797,입법자,ipbeopja,立法者,Hanja word: 立法者 (lìfǎzhě),lìfǎzhě,ip̚.p͈ʌp̚.ʨ͈a.,Hanja,名詞
2798,이해,ihae,利害,Understanding,lìhài,i.ɦɛ.,Hanja,名詞
2799,이해관계,ihaegwangye,利害關係,Mutual understanding,lìhàiguānxi·,i.ɦɛ.ɡu̯aŋ.ɡje.,Hanja,名詞
2800,이혼,ihon,離婚,Divorce,líhūn,i.ɦon.,Hanja,名詞
2801,이간,igan,離間,Hanja word: 離間 (líjiàn),líjiàn,i.ɡan.,Hanja,名詞
2802,이기적,igijeok,利己的,Hanja word: 利己的 (lìjǐde·),lìjǐde·,i.ɡi.ʥʌk̚.,Hanja,名詞
2803,예절,yejeol,禮節,"propriety,decorum",lǐjié,je.ʥʌl.,Hanja,名詞
2804,이해,ihae,理解,Understanding,lǐjiě,i.ɦɛ.,Hanja,名詞
2805,이기주의,igijuui,利己主義,Hanja word: 利己主義 (lìjǐzhǔyì),lìjǐzhǔyì,i.ɡi.ʥu.e.,Hanja,名詞
2806,역량,yeokryang,力量,Hanja word: 力量 (lìliàng),lìliàng,jʌŋ.njaŋ.,Hanja,名詞
2807,이륙,iryuk,離陸,Hanja word: 離陸 (lílù),lílù,i.ɾjuk̚.,Hanja,名詞
2808,이론,iron,理論,Hanja word: 理論 (lǐlùn),lǐlùn,i.ɾon.,Hanja,名詞
2809,이론적,ironjeok,理論的,Theoretical,lǐlùnde·,i.ɾon.ʥʌk̚.,Hanja,名詞
2810,여명,yeomyeong,黎明,Hanja word: 黎明 (límíng),límíng,jʌ.mjʌŋ.,Hanja,名詞
2811,영점,yeongjeom,零點,Hanja word: 零點 (língdiǎn),língdiǎn,jʌŋ.ʥʌm.,Hanja,名詞
2812,영감,yeonggam,靈感,Hanja word: 靈感 (línggǎn),línggǎn,jʌŋ.ɡam.,Hanja,名詞
2813,영혼,yeonghon,靈魂,"A soul, a spirit",línghún,jʌŋ.hon.,Hanja,名詞
2814,영남,yeongnam,嶺南,The southeastern part of Korea,lǐngnán,jʌŋ.nam.,Hanja,名詞
2815,영상,yeongsang,零上,"An image [picture], reflection (moving pictures, movies)",língshàng,jʌŋ.saŋ.,Hanja,名詞
2816,영사,yeongsa,領事,Hanja word: 領事 (lǐngshì),lǐngshì,jʌŋ.sa.,Hanja,名詞
2817,영사관,yeongsagwan,領事館,Hanja word: 領事館 (lǐngshìguǎn),lǐngshìguǎn,jʌŋ.sa.ɡu̯an.,Hanja,名詞
2818,영수,yeongsu,領收,Hanja word: 領收 (lǐngshōu),lǐngshōu,jʌŋ.su.,Hanja,名詞
2819,영수증,yeongsujeung,領收證,Hanja word: 領收證 (lǐngshōuzhèng),lǐngshōuzhèng,jʌŋ.su.ʥɯŋ.,Hanja,名詞
2820,영토,yeongto,領土,Hanja word: 領土 (lǐngtǔ),lǐngtǔ,jʌŋ.tʰo.,Hanja,名詞
2821,영하,yeongha,零下,Below zero,língxià,jʌŋ.ha.,Hanja,名詞
2822,영약,yeongyak,靈藥,Hanja word: 靈藥 (língyào),língyào,jʌŋ.jak̚.,Hanja,名詞
2823,영역,yeongyeok,領域,Territory,lǐngyù,jʌŋ.jʌk̚.,Hanja,名詞
2824,영주,yeongju,領主,Hanja word: 領主 (lǐngzhǔ),lǐngzhǔ,jʌŋ.ʥu.,Hanja,名詞
2825,이념,inyeom,理念,"An idea, a doctrine, ideology",lǐniàn,i.njʌm.,Hanja,名詞
2826,이뇨제,inyoje,利尿劑,Hanja word: 利尿劑 (lìniàojì),lìniàojì,i.njo.ʥe.,Hanja,名詞
2827,임질,imjil,淋疾,Hanja word: 淋疾 (línjí),línjí,im.ʥil.,Hanja,名詞
2828,인접,injeop,鄰接,Hanja word: 鄰接 (línjiē),línjiē,in.ʥʌp̚.,Hanja,名詞
2829,인근,ingeun,鄰近,The neighborhood,línjìn,iŋ.ɡɯn.,Hanja,名詞
2830,임금,imgeum,賃金,"Wages, pay",lìnjīn,im.ɡɯm.,Hanja,名詞
2831,임시,imsi,臨時,"Temporary, special",línshí,im.ɕʰi.,Hanja,名詞
2832,임업,imeop,林業,Hanja word: 林業 (línyè),línyè,im.ʌp̚.,Hanja,名詞
2833,임종,imjong,臨終,Hanja word: 臨終 (línzhōng),línzhōng,im.ʥoŋ.,Hanja,名詞
2834,역기,yeokgi,力器,Hanja word: 力器 (lìqì),lìqì,jʌk̚.k͈i.,Hanja,名詞
2835,이권,igwon,利權,Hanja word: 利權 (lìquán),lìquán,i.ɡu̯ʌn.,Hanja,名詞
2836,예시,yesi,例示,Hanja word: 例示 (lìshì),lìshì,je.ɕʰi.,Hanja,名詞
2837,역사,yeoksa,歷史,History,lìshǐ,jʌk̚.s͈a.,Hanja,名詞
2838,예식장,yesikjang,禮式場,A ceremony hall,lǐshìchǎng,je.ɕʰik̚.ʨ͈aŋ.,Hanja,名詞
2839,역사적,yeoksajeok,歷史的,Historical,lìshǐde·,jʌk̚.s͈a.ʥʌk̚.,Hanja,名詞
2840,역사가,yeoksaga,歷史家,Historian,lìshǐjiā,jʌk̚.s͈a.ɡa.,Hanja,名詞
2841,역사상,yeoksasang,歷史上,In history,lìshǐshàng,jʌk̚.s͈a.sʰaŋ.,Hanja,名詞
2842,역사학,yeoksahak,歷史學,The study of history,lìshǐxué,jʌk̚.s͈a.ɦak̚.,Hanja,名詞
2843,이사장,isajang,理事長,A director,lǐshìzhǎng,i.sʰa.ʥaŋ.,Hanja,名詞
2844,유빙,yubing,流氷,Hanja word: 流氷 (liúbīng),liúbīng,ju.biŋ.,Hanja,名詞
2845,유포,yupo,流布,Hanja word: 流布 (liúbù),liúbù,ju.pʰo.,Hanja,名詞
2846,유산,yusan,流産,"An inheritence, property left behind",liúchǎn,ju.sʰan.,Hanja,名詞
2847,유창,yuchang,流暢,Hanja word: 流暢 (liúchàng),liúchàng,ju.ʨʰaŋ.,Hanja,名詞
2848,유동체,yudongche,流動體,Hanja word: 流動體 (liúdòngtǐ),liúdòngtǐ,ju.doŋ.ʨʰe.,Hanja,名詞
2849,유동성,yudongseong,流動性,Hanja word: 流動性 (liúdòngxìng),liúdòngxìng,ju.doŋ.sʌŋ.,Hanja,名詞
2850,유동자본,yudongjabon,流動資本,Hanja word: 流動資本 (liúdòngzīběn),liúdòngzīběn,ju.doŋ.ʥa.bon.,Hanja,名詞
2851,유리,yuri,琉璃,A glass pane,liúlí,ju.ɾi.,Hanja,名詞
2852,유리창,yurichang,琉璃窗,A window which uses glass,liúlíchuāng,ju.ɾi.ʨʰaŋ.,Hanja,名詞
2853,육천,yukcheon,六千,Hanja word: 六千 (liùqiān),liùqiān,juk̚.ʨʰʌn.,Hanja,名詞
2854,유입,yuip,流入,Hanja word: 流入 (liúrù),liúrù,ju.ip̚.,Hanja,名詞
2855,유사,yusa,流砂,Hanja word: 流砂 (liúshā),liúshā,ju.sʰa.,Hanja,名詞
2856,육십,yuksip,六十,Sixty,liùshí,juk̚.ɕʰip̚.,Hanja,數詞
2857,육십육,yuksipyuk,六十六,Hanja word: 六十六 (liùshíliù),liùshíliù,juk̚.ɕʰib.juk̚.,Hanja,名詞
2858,유수,yusu,流水,Hanja word: 流水 (liúshuǐ),liúshuǐ,ju.sʰu.,Hanja,名詞
2859,유체,yuche,流體,Hanja word: 流體 (liútǐ),liútǐ,ju.ʨʰe.,Hanja,名詞
2860,육오팔,yukopal,六五八,Hanja word: 六五八 (liùwǔbā),liùwǔbā,juɡ.o.pʰal.,Hanja,名詞
2861,유혈,yuhyeol,流血,Hanja word: 流血 (liúxiě),liúxiě,ju.hjʌl.,Hanja,名詞
2862,유형,yuhyeong,流刑,A similar type,liúxíng,ju.hjʌŋ.,Hanja,名詞
2863,유행,yuhaeng,流行,"Fashion, vogue",liúxíng,ju.ɦɛŋ.,Hanja,名詞
2864,유성,yuseong,流星,Hanja word: 流星 (liúxīng),liúxīng,ju.sʰʌŋ.,Hanja,名詞
2865,유행병,yuhaengbyeong,流行病,Hanja word: 流行病 (liúxíngbìng),liúxíngbìng,ju.ɦɛŋ.bjʌŋ.,Hanja,名詞
2866,유행가,yuhaengga,流行歌,Hanja word: 流行歌 (liúxínggē),liúxínggē,ju.ɦɛŋ.ɡa.,Hanja,名詞
2867,유학,yuhak,留學,Studying abroad,liúxué,ju.ɦak̚.,Hanja,名詞
2868,유학생,yuhaksaeng,留學生,A foreign student,liúxuéshēng,ju.ɦak̚.s͈ɛŋ.,Hanja,名詞
2869,유의,yuui,留意,Hanja word: 留意 (liúyì),liúyì,ju.e.,Hanja,名詞
2870,유월,yuwol,六月,June,liùyuè,ju.u̯ʌl.,Hanja,名詞
2871,예외,yeoe,例外,An exception,lìwài,je.u̯e.,Hanja,名詞
2872,예외적,yeoejeok,例外的,Hanja word: 例外的 (lìwàide·),lìwàide·,je.u̯e.ʥʌk̚.,Hanja,名詞
2873,입석,ipseok,立席,Hanja word: 立席 (lìxí),lìxí,ip.s͈ʌk̚.,Hanja,名詞
2874,이상,isang,理想,"More than, above",lǐxiǎng,i.sʰaŋ.,Hanja,名詞
2875,이상적,isangjeok,理想的,Ideal / Abnormal,lǐxiǎngde·,i.sʰaŋ.ʥʌk̚.,Hanja,名詞
2876,이상화,isanghwa,理想化,Hanja word: 理想化 (lǐxiǎnghuà),lǐxiǎnghuà,i.sʰaŋ.hu̯a.,Hanja,名詞
2877,이상주의,isangjuui,理想主義,Hanja word: 理想主義 (lǐxiǎngzhǔyì),lǐxiǎngzhǔyì,i.sʰaŋ.ʥu.e.,Hanja,名詞
2878,이성,iseong,理性,"Reason, reasoning",lǐxìng,i.sʰʌŋ.,Hanja,名詞
2879,역학,yeokhak,力學,Hanja word: 力學 (lìxué),lìxué,jʌ.kʰak̚.,Hanja,名詞
2880,이익,iik,利益,Profit,lìyì,i.ik̚.,Hanja,名詞
2881,예의,yeui,禮儀,"Courtesy, politeness",lǐyí,je.e.,Hanja,名詞
2882,이용,iyong,利用,To use,lìyòng,i.joŋ.,Hanja,名詞
2883,이용자,iyongja,利用者,A user; visitor,lìyòngzhě,i.joŋ.ʥa.,Hanja,名詞
2884,이유,iyu,理由,Reason,lǐyóu,i.ju.,Hanja,名詞
2885,예증,yejeung,例證,Hanja word: 例證 (lìzhèng),lìzhèng,je.ʥɯŋ.,Hanja,名詞
2886,입증,ipjeung,立證,Hanja word: 立證 (lìzhèng),lìzhèng,ip̚.ʨ͈ɯŋ.,Hanja,名詞
2887,이자,ija,利子,Interest,lìzi·,i.ʥa.,Hanja,名詞
2888,이작,ijak,裏作,Hanja word: 裏作 (lǐzuò),lǐzuò,i.ʥak̚.,Hanja,名詞
2889,융기,yunggi,隆起,Hanja word: 隆起 (lóngqǐ),lóngqǐ,juŋ.ɡi.,Hanja,名詞
2890,농구,nonggu,籠球,Basketball,lóngqiú,nᵈoŋ.ɡu.,Hanja,名詞
2891,용설란,yongseolran,龍舌蘭,Hanja word: 龍舌蘭 (lóngshélán),lóngshélán,joŋ.sʌl.lan.,Hanja,名詞
2892,누수,nusu,漏水,Hanja word: 漏水 (lòushuǐ),lòushuǐ,nᵈu.sʰu.,Hanja,名詞
2893,난폭자,nanpokja,亂暴者,Hanja word: 亂暴者 (luànbàozhě),luànbàozhě,nᵈam.pʰok̚.ʨ͈a.,Hanja,名詞
2894,난리,nanri,亂離,"A war, revolt",luànlí,nᵈal.li.,Hanja,名詞
2895,난류,nanryu,亂流,Hanja word: 亂流 (luànliú),luànliú,nᵈal.lju.,Hanja,名詞
2896,난기류,nangiryu,亂氣流,Hanja word: 亂氣流 (luànqìliú),luànqìliú,nᵈaŋ.ɡi.ɾju.,Hanja,名詞
2897,난입자,nanipja,亂入者,Hanja word: 亂入者 (luànrùzhě),luànrùzhě,nᵈan.ip̚.ʨ͈a.,Hanja,名詞
2898,난시,nansi,亂視,Hanja word: 亂視 (luànshì),luànshì,nᵈan.ɕʰi.,Hanja,名詞
2899,난잡,nanjap,亂雜,Hanja word: 亂雜 (luànzá),luànzá,nᵈan.ʥap̚.,Hanja,名詞
2900,난자,nanja,卵子,Hanja word: 卵子 (luǎnzi·),luǎnzi·,nᵈan.ʥa.,Hanja,名詞
2901,녹차,nokcha,綠茶,Green tea,lǜchá,nᵈok̚.ʨʰa.,Hanja,名詞
2902,여정,yeojeong,旅程,Hanja word: 旅程 (lǚchéng),lǚchéng,jʌ.ʥʌŋ.,Hanja,名詞
2903,노출,nochul,露出,Hanja word: 露出 (lùchū),lùchū,nᵈo.ʨʰul.,Hanja,名詞
2904,노출증,nochuljeung,露出症,Hanja word: 露出症 (lùchūzhèng),lùchūzhèng,nᵈo.ʨʰul.ʨ͈ɯŋ.,Hanja,名詞
2905,육지,yukji,陸地,Hanja word: 陸地 (lùdì),lùdì,juk̚.ʨ͈i.,Hanja,名詞
2906,노점,nojeom,露店,Hanja word: 露店 (lùdiàn),lùdiàn,nᵈo.ʥʌm.,Hanja,名詞
2907,노점,nojeom,露點,Hanja word: 露點 (lùdiǎn),lùdiǎn,nᵈo.ʥʌm.,Hanja,名詞
2908,율동,yuldong,律動,Hanja word: 律動 (lǜdòng),lǜdòng,jul.t͈oŋ.,Hanja,名詞
2909,약탈,yaktal,掠奪,Hanja word: 掠奪 (luèduó),luèduó,jak̚.tʰal.,Hanja,名詞
2910,약호,yakho,略號,Hanja word: 略號 (luèhào),luèhào,ja.kʰo.,Hanja,名詞
2911,약도,yakdo,略圖,Hanja word: 略圖 (luètú),luètú,jak̚.t͈o.,Hanja,名詞
2912,약어,yakeo,略語,Hanja word: 略語 (luèyǔ),luèyǔ,jaɡ.ʌ.,Hanja,名詞
2913,약자,yakja,略字,Hanja word: 略字 (luèzì),luèzì,jak̚.ʨ͈a.,Hanja,名詞
2914,여관,yeogwan,旅館,"A hotel, an inn",lǚguǎn,jʌ.ɡu̯an.,Hanja,名詞
2915,여과,yeogwa,濾過,Hanja word: 濾過 (lǜguò),lǜguò,jʌ.ɡu̯a.,Hanja,名詞
2916,여과기,yeogwagi,濾過器,Hanja word: 濾過器 (lǜguòqì),lǜguòqì,jʌ.ɡu̯a.ɡi.,Hanja,名詞
2917,녹화,nokhwa,錄畫,Tree-planting,lùhuà,nᵈo.kʰu̯a.,Hanja,名詞
2918,육군,yukgun,陸軍,The army,lùjūn,juk̚.k͈un.,Hanja,名詞
2919,여객기,yeogaekgi,旅客機,Hanja word: 旅客機 (lǚkèjī),lǚkèjī,jʌ.ɡɛk̚.k͈i.,Hanja,名詞
2920,이력서,iryeokseo,履歷書,"Curriculum vitae, a resume (for a job)",lǚlìshū,i.ɾjʌk̚.s͈ʌ.,Hanja,名詞
2921,논박,nonbak,論駁,Hanja word: 論駁 (lùnbó),lùnbó,nᵈom.bak̚.,Hanja,名詞
2922,논법,nonbeop,論法,Hanja word: 論法 (lùnfǎ),lùnfǎ,nᵈom.bʌp̚.,Hanja,名詞
2923,윤번,yunbeon,輪番,Hanja word: 輪番 (lúnfān),lúnfān,jum.bʌn.,Hanja,名詞
2924,논객,nongaek,論客,Hanja word: 論客 (lùnkè),lùnkè,nᵈoŋ.ɡɛk̚.,Hanja,名詞
2925,논리,nonri,論理,Logic,lùnlǐ,nᵈol.li.,Hanja,名詞
2926,논리적,nonrijeok,論理的,Logical,lùnlǐde·,nᵈol.li.ʥʌk̚.,Hanja,名詞
2927,윤리학,yunrihak,倫理學,Hanja word: 倫理學 (lúnlǐxué),lúnlǐxué,jul.li.ɦak̚.,Hanja,名詞
2928,논리학,nonrihak,論理學,Hanja word: 論理學 (lùnlǐxué),lùnlǐxué,nᵈol.li.ɦak̚.,Hanja,名詞
2929,논평,nonpyeong,論評,Hanja word: 論評 (lùnpíng),lùnpíng,nᵈom.pʰjʌŋ.,Hanja,名詞
2930,논제,nonje,論題,Hanja word: 論題 (lùntí),lùntí,nᵈon.ʥe.,Hanja,名詞
2931,논문,nonmun,論文,"Dissertations , an academic paper (these are 2 separate meanings)",lùnwén,nᵈom.mun.,Hanja,名詞
2932,논의,nonui,論議,Hanja word: 論議 (lùnyì),lùnyì,nᵈon.e.,Hanja,名詞
2933,논증,nonjeung,論證,Hanja word: 論證 (lùnzhèng),lùnzhèng,nᵈon.ʥɯŋ.,Hanja,名詞
2934,논쟁,nonjaeng,論爭,"Controversy, argument",lùnzhēng,nᵈon.ʥɛŋ.,Hanja,名詞
2935,논쟁자,nonjaengja,論爭者,Hanja word: 論爭者 (lùnzhēngzhě),lùnzhēngzhě,nᵈon.ʥɛŋ.ʥa.,Hanja,名詞
2936,낙담,nakdam,落膽,Hanja word: 落膽 (luòdǎn),luòdǎn,nᵈak̚.t͈am.,Hanja,名詞
2937,낙제,nakje,落第,Hanja word: 落第 (luòdì),luòdì,nᵈak̚.ʨ͈e.,Hanja,名詞
2938,낙화생,nakhwasaeng,落花生,Hanja word: 落花生 (luòhuāshēng),luòhuāshēng,nᵈa.kʰu̯a.sʰɛŋ.,Hanja,名詞
2939,낙타,nakta,駱駝,Hanja word: 駱駝 (luòtuó),luòtuó,nᵈak̚.tʰa.,Hanja,名詞
2940,낙하,nakha,落下,Hanja word: 落下 (luòxià),luòxià,nᵈa.kʰa.,Hanja,名詞
2941,낙하산,nakhasan,落下傘,Hanja word: 落下傘 (luòxiàsǎn),luòxiàsǎn,nᵈa.kʰa.sʰan.,Hanja,名詞
2942,나선,naseon,螺旋,Hanja word: 螺旋 (luóxuán),luóxuán,nᵈa.sʰʌn.,Hanja,名詞
2943,나안,naan,裸眼,Hanja word: 裸眼 (luǒyǎn),luǒyǎn,nᵈa.an.,Hanja,名詞
2944,낙엽,nakyeop,落葉,Fallen dead leaves,luòyè,nᵈaɡ.jʌp̚.,Hanja,名詞
2945,낙엽송,nakyeopsong,落葉松,Hanja word: 落葉松 (luòyèsōng),luòyèsōng,nᵈaɡ.jʌp.s͈oŋ.,Hanja,名詞
2946,나침반,nachimban,羅針盤,A compass,luózhēnpán,nᵈa.ʨʰim.ban.,Hanja,名詞
2947,육교,yukgyo,陸橋,Hanja word: 陸橋 (lùqiáo),lùqiáo,juk̚.k͈jo.,Hanja,名詞
2948,여권,yeogwon,旅券,A passport,lǚquàn,jʌ.ɡu̯ʌn.,Hanja,名詞
2949,녹색,noksaek,綠色,Green,lǜsè,nᵈok̚.s͈ɛk̚.,Hanja,名詞
2950,육상,yuksang,陸上,"On land, on the ground",lùshàng,juk̚.s͈aŋ.,Hanja,名詞
2951,노숙자,nosukja,露宿者,Hanja word: 露宿者 (lùsùzhě),lùsùzhě,nᵈo.sʰuk̚.ʨ͈a.,Hanja,名詞
2952,여단,yeodan,旅團,Hanja word: 旅團 (lǚtuán),lǚtuán,jʌ.dan.,Hanja,名詞
2953,노선,noseon,路線,Route,lùxiàn,nᵈo.sʰʌn.,Hanja,名詞
2954,이행,ihaeng,履行,Hanja word: 履行 (lǚxíng),lǚxíng,i.ɦɛŋ.,Hanja,名詞
2955,여행,yeohaeng,旅行,Trip,lǚxíng,jʌ.ɦɛŋ.,Hanja,名詞
2956,여행사,yeohaengsa,旅行社,Travel agency,lǚxíngshè,jʌ.ɦɛŋ.sa.,Hanja,名詞
2957,여행자수표,yeohaengjasupyo,旅行者手票,Hanja word: 旅行者手票 (lǚxíngzhěshǒupiào),lǚxíngzhěshǒupiào,jʌ.ɦɛŋ.ʥa.sʰu.pʰjo.,Hanja,名詞
2958,녹음,nokeum,錄音,Recording,lùyīn,nᵈoɡ.ɯm.,Hanja,名詞
2959,솔직,soljik,率直,Hanja word: 率直 (lǜzhí),lǜzhí,sʰol.ʨ͈ik̚.,Hanja,名詞
2960,마비,mabi,痲痺,Hanja word: 痲痺 (mábì),mábì,mᵇa.bi.,Hanja,名詞
2961,매장,maejang,賣場,"A store, shop",màichǎng,mᵇɛ.ʥaŋ.,Hanja,名詞
2962,매출액,maechulaek,賣出額,Hanja word: 賣出額 (màichūé),màichūé,mᵇɛ.ʨʰuɾ.ɛk̚.,Hanja,名詞
2963,매춘,maechun,賣春,Hanja word: 賣春 (màichūn),màichūn,mᵇɛ.ʨʰun.,Hanja,名詞
2964,매진,maejin,賣盡,Hanja word: 賣盡 (màijìn),màijìn,mᵇɛ.ʥin.,Hanja,名詞
2965,맥주,maekju,麥酒,Beer,màijiǔ,mᵇɛk̚.ʨ͈u.,Hanja,名詞
2966,매매,maemae,賣買,Hanja word: 賣買 (màimǎi),màimǎi,mᵇɛ.mɛ.,Hanja,名詞
2967,맥박,maekbak,脈拍,Hanja word: 脈拍 (màipāi),màipāi,mᵇɛk̚.p͈ak̚.,Hanja,名詞
2968,매표소,maepyoso,賣票所,Hanja word: 賣票所 (màipiàosuǒ),màipiàosuǒ,mᵇɛ.pʰjo.sʰo.,Hanja,名詞
2969,매각,maegak,賣卻,Hanja word: 賣卻 (màiquè),màiquè,mᵇɛ.ɡak̚.,Hanja,名詞
2970,매상고,maesanggo,賣上高,Hanja word: 賣上高 (màishànggāo),màishànggāo,mᵇɛ.sʰaŋ.ɡo.,Hanja,名詞
2971,매수,maesu,買收,Hanja word: 買收 (mǎishōu),mǎishōu,mᵇɛ.sʰu.,Hanja,名詞
2972,맥아,maeka,麥芽,Hanja word: 麥芽 (màiyá),màiyá,mᵇɛɡ.a.,Hanja,名詞
2973,매약,maeyak,賣藥,Hanja word: 賣藥 (màiyào),màiyào,mᵇɛ.jak̚.,Hanja,名詞
2974,매장,maejang,埋葬,"A store, shop",máizàng,mᵇɛ.ʥaŋ.,Hanja,名詞
2975,마노,mano,瑪瑙,Hanja word: 瑪瑙 (mǎnǎo),mǎnǎo,mᵇa.no.,Hanja,名詞
2976,만조,manjo,滿潮,Hanja word: 滿潮 (mǎncháo),mǎncháo,mᵇan.ʥo.,Hanja,名詞
2977,만점,manjeom,滿點,Perfect score,mǎndiǎn,mᵇan.ʥʌm.,Hanja,名詞
2978,맹점,maengjeom,盲點,Hanja word: 盲點 (mángdiǎn),mángdiǎn,mᵇɛŋ.ʥʌm.,Hanja,名詞
2979,만화,manhwa,漫畫,Cartoons,mànhuà,mᵇan.hu̯a.,Hanja,名詞
2980,만화가,manhwaga,漫畫家,Cartoon artist,mànhuàjiā,mᵇan.hu̯a.ɡa.,Hanja,名詞
2981,만료,manryo,滿了,Hanja word: 滿了 (mǎnle·),mǎnle·,mᵇal.ljo.,Hanja,名詞
2982,만실,mansil,滿室,Hanja word: 滿室 (mǎnshì),mǎnshì,mᵇan.ɕʰil.,Hanja,名詞
2983,만두,mandu,饅頭,Chinese dumplings,mántóu,mᵇan.du.,Hanja,名詞
2984,만행,manhaeng,蠻行,Hanja word: 蠻行 (mánxíng),mánxíng,mᵇan.hɛŋ.,Hanja,名詞
2985,만월,manwol,滿月,Hanja word: 滿月 (mǎnyuè),mǎnyuè,mᵇan.u̯ʌl.,Hanja,名詞
2986,만주,manju,滿洲,Hanja word: 滿洲 (mǎnzhōu),mǎnzhōu,mᵇan.ʥu.,Hanja,名詞
2987,만족,manjok,滿足,Satisfaction,mǎnzú,mᵇan.ʥok̚.,Hanja,名詞
2988,모충,mochung,毛蟲,Hanja word: 毛蟲 (máochóng),máochóng,mᵇo.ʨʰuŋ.,Hanja,名詞
2989,모순,mosun,矛盾,Hanja word: 矛盾 (máodùn),máodùn,mᵇo.sʰun.,Hanja,名詞
2990,모피,mopi,毛皮,Hanja word: 毛皮 (máopí),máopí,mᵇo.pʰi.,Hanja,名詞
2991,모험,moheom,冒險,Hanja word: 冒險 (màoxiǎn),màoxiǎn,mᵇo.ɦʌm.,Hanja,名詞
2992,모험자,moheomja,冒險者,Hanja word: 冒險者 (màoxiǎnzhě),màoxiǎnzhě,mᵇo.ɦʌm.ʥa.,Hanja,名詞
2993,무역,muyeok,貿易,Trade,màoyì,mᵇu.jʌk̚.,Hanja,名詞
2994,모자,moja,帽子,A hat,màozi·,mᵇo.ʥa.,Hanja,名詞
2995,마작,majak,麻雀,Hanja word: 麻雀 (máquè),máquè,mᵇa.ʥak̚.,Hanja,名詞
2996,마술,masul,馬術,Hanja word: 馬術 (mǎshù),mǎshù,mᵇa.sʰul.,Hanja,名詞
2997,마약,mayak,痲藥,A drug,máyào,mᵇa.jak̚.,Hanja,名詞
2998,마취,machwi,麻醉,Hanja word: 麻醉 (mázuì),mázuì,mᵇa.ʨʰɥi.,Hanja,名詞
2999,미점,mijeom,美點,Hanja word: 美點 (měidiǎn),měidiǎn,mᵇi.ʥʌm.,Hanja,名詞
3000,매독,maedok,梅毒,Hanja word: 梅毒 (méidú),méidú,mᵇɛ.dok̚.,Hanja,名詞
3001,매번,maebeon,每番,Every time,měifān,mᵇɛ.bʌn.,Hanja,副詞
3002,미국,miguk,美國,America,měiguó,mᵇi.ɡuk̚.,Hanja,專有名詞
3003,미국인,migukin,美國人,Hanja word: 美國人 (měiguórén),měiguórén,mᵇi.ɡuɡ.in.,Hanja,名詞
3004,매혹,maehok,魅惑,Hanja word: 魅惑 (mèihuò),mèihuò,mᵇɛ.ɦok̚.,Hanja,名詞
3005,매개,maegae,媒介,Hanja word: 媒介 (méijiè),méijiè,mᵇɛ.ɡɛ.,Hanja,名詞
3006,매력,maeryeok,魅力,"fascination,charm, bewitchery",mèilì,mᵇɛ.ɾjʌk̚.,Hanja,名詞
3007,매년,maenyeon,每年,Every year,měinián,mᵇɛ.njʌn.,Hanja,副詞
3008,미인,miin,美人,A beautiful girl,měirén,mᵇi.in.,Hanja,名詞
3009,매일,maeil,每日,Every day,měirì,mᵇɛ.il.,Hanja,副詞
3010,미용실,miyongsil,美容室,Beauty salon,měiróngshì,mᵇi.joŋ.ɕʰil.,Hanja,名詞
3011,몰식자,molsikja,沒食子,Hanja word: 沒食子 (méishízi·),méishízi·,mᵇol.ɕʰik̚.ʨ͈a.,Hanja,名詞
3012,미술,misul,美術,"art, the fine arts",měishù,mᵇi.sʰul.,Hanja,名詞
3013,미술적,misuljeok,美術的,Hanja word: 美術的 (měishùde·),měishùde·,mᵇi.sʰul.ʨ͈ʌk̚.,Hanja,名詞
3014,미술관,misulgwan,美術館,Fine arts museum,měishùguǎn,mᵇi.sʰul.k͈u̯an.,Hanja,名詞
3015,매체,maeche,媒體,"A medium,medias",méitǐ,mᵇɛ.ʨʰe.,Hanja,名詞
3016,미약,miyak,媚藥,Hanja word: 媚藥 (mèiyào),mèiyào,mᵇi.jak̚.,Hanja,名詞
3017,매질,maejil,媒質,Hanja word: 媒質 (méizhí),méizhí,mᵇɛ.ʥil.,Hanja,名詞
3018,매주,maeju,每週,Every week,měizhōu,mᵇɛ.ʥu.,Hanja,副詞
3019,몽정,mongjeong,夢精,Hanja word: 夢精 (mèngjīng),mèngjīng,mᵇoŋ.ʥʌŋ.,Hanja,名詞
3020,맹숙,maengsuk,孟淑,Hanja word: 孟淑 (mèngshū),mèngshū,mᵇɛŋ.suk̚.,Hanja,名詞
3021,몽상,mongsang,夢想,Hanja word: 夢想 (mèngxiǎng),mèngxiǎng,mᵇoŋ.saŋ.,Hanja,名詞
3022,맹아,maenga,萌芽,Hanja word: 萌芽 (méngyá),méngyá,mᵇɛŋ.a.,Hanja,名詞
3023,몽유병,mongyubyeong,夢遊病,Hanja word: 夢遊病 (mèngyóubìng),mèngyóubìng,mᵇoŋ.ju.bjʌŋ.,Hanja,名詞
3024,몽유병자,mongyubyeongja,夢遊病者,Hanja word: 夢遊病者 (mèngyóubìngzhě),mèngyóubìngzhě,mᵇoŋ.ju.bjʌŋ.ʥa.,Hanja,名詞
3025,맹약,maengyak,盟約,Hanja word: 盟約 (méngyuē),méngyuē,mᵇɛŋ.jak̚.,Hanja,名詞
3026,문외한,munoehan,門外漢,Hanja word: 門外漢 (ménwàihàn),ménwàihàn,mᵇun.u̯e.ɦan.,Hanja,名詞
3027,면제,myeonje,免除,Hanja word: 免除 (miǎnchú),miǎnchú,mᵇjʌn.ʥe.,Hanja,名詞
3028,면도,myeondo,面刀,Hanja word: 面刀 (miàndāo),miàndāo,mᵇjʌn.do.,Hanja,名詞
3029,면회,myeonhoe,面會,Hanja word: 面會 (miànhuì),miànhuì,mᵇjʌn.hu̯e.,Hanja,名詞
3030,면화약,myeonhwayak,綿火藥,Hanja word: 綿火藥 (miánhuǒyào),miánhuǒyào,mᵇjʌn.hu̯a.jak̚.,Hanja,名詞
3031,면적,myeonjeok,面積,"area,dimensions",miànjī,mᵇjʌn.ʥʌk̚.,Hanja,名詞
3032,면접,myeonjeop,面接,Interview,miànjiē,mᵇjʌn.ʥʌp̚.,Hanja,名詞
3033,면목,myeonmok,面目,Hanja word: 面目 (miànmù),miànmù,mᵇjʌm.mok̚.,Hanja,名詞
3034,면전,myeonjeon,面前,Hanja word: 面前 (miànqián),miànqián,mᵇjʌn.ʥʌn.,Hanja,名詞
3035,면식,myeonsik,面識,Hanja word: 面識 (miànshì),miànshì,mᵇjʌn.ɕʰik̚.,Hanja,名詞
3036,면담,myeondam,面談,An interview,miàntán,mᵇjʌn.dam.,Hanja,名詞
3037,면허,myeonheo,免許,Hanja word: 免許 (miǎnxǔ),miǎnxǔ,mᵇjʌn.hʌ.,Hanja,名詞
3038,면허증,myeonheojeung,免許證,Hanja word: 免許證 (miǎnxǔzhèng),miǎnxǔzhèng,mᵇjʌn.hʌ.ʥɯŋ.,Hanja,名詞
3039,면제품,myeonjepum,綿製品,Hanja word: 綿製品 (miánzhìpǐn),miánzhìpǐn,mᵇjʌn.ʥe.pʰum.,Hanja,名詞
3040,묘상,myosang,苗床,Hanja word: 苗床 (miáochuáng),miáochuáng,mᵇjo.sʰaŋ.,Hanja,名詞
3041,묘목,myomok,苗木,Hanja word: 苗木 (miáomù),miáomù,mᵇjo.mok̚.,Hanja,名詞
3042,묘사,myosa,描寫,Description,miáoxiě,mᵇjo.sʰa.,Hanja,名詞
3043,미채,michae,迷彩,Hanja word: 迷彩 (mícǎi),mícǎi,mᵇi.ʨʰɛ.,Hanja,名詞
3044,비장,bijang,秘藏,Hanja word: 秘藏 (mìcáng),mìcáng,pi.ʥaŋ.,Hanja,名詞
3045,밀도,mildo,密度,Hanja word: 密度 (mìdù),mìdù,mᵇil.t͈o.,Hanja,名詞
3046,멸균,myeolgyun,滅菌,Hanja word: 滅菌 (mièjùn),mièjùn,mᵇjʌl.k͈jun.,Hanja,名詞
3047,멸시,myeolsi,蔑視,Hanja word: 蔑視 (mièshì),mièshì,mᵇjʌl.ɕʰi.,Hanja,名詞
3048,멸망,myeolmang,滅亡,Hanja word: 滅亡 (mièwáng),mièwáng,mᵇjʌl.maŋ.,Hanja,名詞
3049,밀고자,milgoja,密告者,Hanja word: 密告者 (mìgàozhě),mìgàozhě,mᵇil.k͈o.ʥa.,Hanja,名詞
3050,미궁,migung,迷宮,Hanja word: 迷宮 (mígōng),mígōng,mᵇi.ɡuŋ.,Hanja,名詞
3051,밀접,miljeop,密接,Hanja word: 密接 (mìjiē),mìjiē,mᵇil.ʨ͈ʌp̚.,Hanja,名詞
3052,비결,bigyeol,秘訣,Hanja word: 秘訣 (mìjué),mìjué,pi.ɡjʌl.,Hanja,名詞
3053,미로,miro,迷路,Hanja word: 迷路 (mílù),mílù,mᵇi.ɾo.,Hanja,名詞
3054,비밀,bimil,秘密,A secret,mìmì,pi.mil.,Hanja,名詞
3055,민법,minbeop,民法,Hanja word: 民法 (mínfǎ),mínfǎ,mᵇim.bʌp̚.,Hanja,名詞
3056,명칭,myeongching,名稱,"A name,title",míngchēng,mᵇjʌŋ.ʨʰiŋ.,Hanja,名詞
3057,명사,myeongsa,名辭,Hanja word: 名辭 (míngcí),míngcí,mᵇjʌŋ.sa.,Hanja,名詞
3058,명단,myeongdan,名單,List of names,míngdān,mᵇjʌŋ.dan.,Hanja,名詞
3059,명공,myeonggong,名工,Hanja word: 名工 (mínggōng),mínggōng,mᵇjʌŋ.ɡoŋ.,Hanja,名詞
3060,명절,myeongjeol,名節,Festival days,míngjié,mᵇjʌŋ.ʥʌl.,Hanja,名詞
3061,명령,myeongryeong,命令,"An order,command",mìnglìng,mᵇjʌŋ.njʌŋ.,Hanja,名詞
3062,명령어,myeongryeongeo,命令語,Directive,mìnglìngyǔ,mᵇjʌŋ.njʌŋ.ʌ.,Hanja,名詞
3063,명멸,myeongmyeol,明滅,Hanja word: 明滅 (míngmiè),míngmiè,mᵇjʌŋ.mjʌl.,Hanja,名詞
3064,명금,myeonggeum,鳴禽,Hanja word: 鳴禽 (míngqín),míngqín,mᵇjʌŋ.ɡɯm.,Hanja,名詞
3065,명확,myeonghwak,明確,Hanja word: 明確 (míngquè),míngquè,mᵇjʌŋ.hu̯ak̚.,Hanja,名詞
3066,명인,myeongin,名人,Hanja word: 名人 (míngrén),míngrén,mᵇjʌŋ.in.,Hanja,名詞
3067,명성,myeongseong,名聲,Hanja word: 名聲 (míngshēng),míngshēng,mᵇjʌŋ.sʌŋ.,Hanja,名詞
3068,명사,myeongsa,名士,Hanja word: 名士 (míngshì),míngshì,mᵇjʌŋ.sa.,Hanja,名詞
3069,명제,myeongje,命題,Hanja word: 命題 (mìngtí),mìngtí,mᵇjʌŋ.ʥe.,Hanja,名詞
3070,명함,myeongham,名銜,Name card,míngxián,mᵇjʌŋ.ham.,Hanja,名詞
3071,명상,myeongsang,瞑想,Hanja word: 瞑想 (míngxiǎng),míngxiǎng,mᵇjʌŋ.saŋ.,Hanja,名詞
3072,명의,myeongui,名義,"name,title",míngyì,mᵇjʌŋ.e.,Hanja,名詞
3073,명예,myeongye,名譽,Honor,míngyù,mᵇjʌŋ.je.,Hanja,名詞
3074,명작,myeongjak,名作,Hanja word: 名作 (míngzuò),míngzuò,mᵇjʌŋ.ʥak̚.,Hanja,名詞
3075,민활,minhwal,敏活,Hanja word: 敏活 (mǐnhuó),mǐnhuó,mᵇin.hu̯al.,Hanja,名詞
3076,민간,mingan,民間,"civil, private",mínjiān,mᵇiŋ.ɡan.,Hanja,名詞
3077,민권,mingwon,民權,Hanja word: 民權 (mínquán),mínquán,mᵇiŋ.ɡu̯ʌn.,Hanja,名詞
3078,민속,minsok,民俗,Folk-customs,mínsú,mᵇin.sok̚.,Hanja,名詞
3079,민속음악,minsokeumak,民俗音樂,Hanja word: 民俗音樂 (mínsúyīnyuè),mínsúyīnyuè,mᵇin.soɡ.ɯm.ak̚.,Hanja,名詞
3080,민요,minyo,民謠,Hanja word: 民謠 (mínyáo),mínyáo,mᵇin.jo.,Hanja,名詞
3081,민주,minju,民主,Democracy,mínzhǔ,mᵇin.ʥu.,Hanja,名詞
3082,민주적,minjujeok,民主的,Hanja word: 民主的 (mínzhǔde·),mínzhǔde·,mᵇin.ʥu.ʥʌk̚.,Hanja,名詞
3083,민주화,minjuhwa,民主化,Democratization,mínzhǔhuà,mᵇin.ʥu.ɦu̯a.,Hanja,名詞
3084,민주주의,minjujuui,民主主義,Democracy,mínzhǔzhǔyì,mᵇin.ʥu.ʥu.e.,Hanja,名詞
3085,민족,minjok,民族,"race,nation,people",mínzú,mᵇin.ʥok̚.,Hanja,名詞
3086,비서,biseo,秘書,Secretary,mìshū,pi.sʰʌ.,Hanja,名詞
3087,밀통,miltong,密通,Hanja word: 密通 (mìtōng),mìtōng,mᵇil.tʰoŋ.,Hanja,名詞
3088,미망,mimang,迷妄,Hanja word: 迷妄 (míwàng),míwàng,mᵇi.maŋ.,Hanja,名詞
3089,미신,misin,迷信,Hanja word: 迷信 (míxìn),míxìn,mᵇi.ɕʰin.,Hanja,名詞
3090,마찰,machal,摩擦,"Rubbing, chafing",mócā,mᵇa.ʨʰal.,Hanja,名詞
3091,마법,mabeop,魔法,Hanja word: 魔法 (mófǎ),mófǎ,mᵇa.bʌp̚.,Hanja,名詞
3092,모범,mobeom,模範,"model,example",mófàn,mᵇo.bʌm.,Hanja,名詞
3093,모방,mobang,模仿,Hanja word: 模仿 (mófǎng),mófǎng,mᵇo.baŋ.,Hanja,名詞
3094,마력,maryeok,魔力,Hanja word: 魔力 (mólì),mólì,mᵇa.ɾjʌk̚.,Hanja,名詞
3095,몰락,molrak,沒落,Hanja word: 沒落 (mòluò),mòluò,mᵇol.lak̚.,Hanja,名詞
3096,마녀,manyeo,魔女,Hanja word: 魔女 (mónǚ),mónǚ,mᵇa.njʌ.,Hanja,名詞
3097,말기,malgi,末期,"The end, final period",mòqí,mᵇal.k͈i.,Hanja,名詞
3098,묵인,mukin,默認,Hanja word: 默認 (mòrèn),mòrèn,mᵇuɡ.in.,Hanja,名詞
3099,묵살,muksal,默殺,Hanja word: 默殺 (mòshā),mòshā,mᵇuk̚.s͈al.,Hanja,名詞
3100,막상막하,maksangmakha,莫上莫下,Hanja word: 莫上莫下 (mòshàngmòxià),mòshàngmòxià,mᵇak̚.s͈aŋ.ma.kʰa.,Hanja,名詞
3101,묵시,muksi,默示,Hanja word: 默示 (mòshì),mòshì,mᵇuk̚.ɕʰi.,Hanja,名詞
3102,마술,masul,魔術,Hanja word: 魔術 (móshù),móshù,mᵇa.sʰul.,Hanja,名詞
3103,모색,mosaek,摸索,Hanja word: 摸索 (mōsuǒ),mōsuǒ,mᵇo.sʰɛk̚.,Hanja,名詞
3104,마천루,macheonru,摩天樓,Hanja word: 摩天樓 (mótiānlóu),mótiānlóu,mᵇa.ʨʰʌl.lu.,Hanja,名詞
3105,모면,momyeon,謀免,Hanja word: 謀免 (móumiǎn),móumiǎn,mᵇo.mjʌn.,Hanja,名詞
3106,모반,moban,謀叛,Hanja word: 謀叛 (móupàn),móupàn,mᵇo.ban.,Hanja,名詞
3107,모의,moui,謀議,Hanja word: 謀議 (móuyì),móuyì,mᵇo.e.,Hanja,名詞
3108,묵상,muksang,默想,Hanja word: 默想 (mòxiǎng),mòxiǎng,mᵇuk̚.s͈aŋ.,Hanja,名詞
3109,말소,malso,抹消,Hanja word: 抹消 (mǒxiāo),mǒxiāo,mᵇal.s͈o.,Hanja,名詞
3110,모형,mohyeong,模型,Hanja word: 模型 (móxíng),móxíng,mᵇo.hjʌŋ.,Hanja,名詞
3111,모양,moyang,模樣,"A shape, form",móyàng,mᵇo.jaŋ.,Hanja,名詞
3112,모조,mojo,模造,Hanja word: 模造 (mózào),mózào,mᵇo.ʥo.,Hanja,名詞
3113,목표,mokpyo,目標,"goal,object",mùbiāo,mᵇok̚.pʰjo.,Hanja,名詞
3114,목초,mokcho,牧草,Hanja word: 牧草 (mùcǎo),mùcǎo,mᵇok̚.ʨʰo.,Hanja,名詞
3115,묘지,myoji,墓地,Hanja word: 墓地 (mùdì),mùdì,mᵇjo.ʥi.,Hanja,名詞
3116,목적,mokjeok,目的,"goal,purpose",mùdì,mᵇok̚.ʨ͈ʌk̚.,Hanja,名詞
3117,목가적,mokgajeok,牧歌的,Hanja word: 牧歌的 (mùgēde·),mùgēde·,mᵇok̚.k͈a.ʥʌk̚.,Hanja,名詞
3118,모집,mojip,募集,Collection,mùjí,mᵇo.ʥip̚.,Hanja,名詞
3119,목격,mokgyeok,目擊,Hanja word: 目擊 (mùjí),mùjí,mᵇok̚.k͈jʌk̚.,Hanja,名詞
3120,막간,makgan,幕間,Hanja word: 幕間 (mùjiān),mùjiān,mᵇak̚.k͈an.,Hanja,名詞
3121,모함,moham,母艦,Hanja word: 母艦 (mǔjiàn),mǔjiàn,mᵇo.ɦam.,Hanja,名詞
3122,목련,mokryeon,木蓮,Hanja word: 木蓮 (mùlián),mùlián,mᵇoŋ.njʌn.,Hanja,名詞
3123,목록,mokrok,目錄,Catalogue,mùlù,mᵇoŋ.nok̚.,Hanja,名詞
3124,목금,mokgeum,木琴,Hanja word: 木琴 (mùqín),mùqín,mᵇok̚.k͈ɯm.,Hanja,名詞
3125,막사,maksa,幕舍,Hanja word: 幕舍 (mùshè),mùshè,mᵇak̚.s͈a.,Hanja,名詞
3126,묘석,myoseok,墓石,Hanja word: 墓石 (mùshí),mùshí,mᵇjo.sʰʌk̚.,Hanja,名詞
3127,목사,moksa,牧師,A pastor,mùshī,mᵇok̚.s͈a.,Hanja,名詞
3128,목탄,moktan,木炭,Hanja word: 木炭 (mùtàn),mùtàn,mᵇok̚.tʰan.,Hanja,名詞
3129,목동,mokdong,牧童,Hanja word: 牧童 (mùtóng),mùtóng,mᵇok̚.t͈oŋ.,Hanja,名詞
3130,목요일,mokyoil,木曜日,Thursday,mùyàorì,mᵇoɡ.jo.il.,Hanja,名詞
3131,목욕,mokyok,沐浴,A bath,mùyù,mᵇoɡ.jok̚.,Hanja,名詞
3132,목욕탕,mokyoktang,沐浴湯,A bathhouse,mùyùtāng,mᵇoɡ.jok̚.tʰaŋ.,Hanja,名詞
3133,목자,mokja,牧者,Hanja word: 牧者 (mùzhě),mùzhě,mᵇok̚.ʨ͈a.,Hanja,名詞
3134,납득,napdeuk,納得,Hanja word: 納得 (nàdé),nàdé,nᵈap̚.t͈ɯk̚.,Hanja,名詞
3135,내지,naeji,乃至,From A to B,nǎizhì,nᵈɛ.ʥi.,Hanja,副詞
3136,남북,nambuk,南北,North and south,nánběi,nᵈam.buk̚.,Hanja,名詞
3137,남편,nampyeon,男便,Husband,nánbiàn,nᵈam.pʰjʌn.,Hanja,名詞
3138,남부,nambu,南部,The south part,nánbù,nᵈam.bu.,Hanja,名詞
3139,남대문,namdaemun,南大門,Seoul’s old south gate,nándàmén,nᵈam.dɛ.mun.,Hanja,專有名詞
3140,남대문시장,namdaemunsijang,南大門市場,Shopping center in seoul,nándàménshìchǎng,nᵈam.dɛ.mun.ɕʰi.ʥaŋ.,Hanja,專有名詞
3141,남동,namdong,南東,Hanja word: 南東 (nándōng),nándōng,nᵈam.doŋ.,Hanja,名詞
3142,남작,namjak,男爵,Hanja word: 男爵 (nánjué),nánjué,nᵈam.ʥak̚.,Hanja,名詞
3143,난감,nangam,難堪,Hanja word: 難堪 (nánkān),nánkān,nᵈaŋ.ɡam.,Hanja,名詞
3144,남매,nammae,男妹,Brother and sister,nánmèi,nᵈam.mɛ.,Hanja,名詞
3145,남미,nammi,南美,South america,nánměi,nᵈam.mi.,Hanja,專有名詞
3146,남녀,namnyeo,男女,Man and woman,nánnǚ,nᵈam.njʌ.,Hanja,名詞
3147,남색,namsaek,男色,Hanja word: 男色 (nánsè),nánsè,nᵈam.sɛk̚.,Hanja,名詞
3148,남산,namsan,南山,Mountain in south central seoul,nánshān,nᵈam.san.,Hanja,專有名詞
3149,남동생,namdongsaeng,男同生,Younger brother,nántóngshēng,nᵈam.doŋ.sɛŋ.,Hanja,名詞
3150,남서,namseo,南西,Hanja word: 南西 (nánxī),nánxī,nᵈam.sʌ.,Hanja,名詞
3151,남성,namseong,男性,Male,nánxìng,nᵈam.sʌŋ.,Hanja,名詞
3152,남학생,namhaksaeng,男學生,Male student,nánxuéshēng,nᵈam.hak̚.s͈ɛŋ.,Hanja,名詞
3153,남지나해,namjinahae,南支那海,Hanja word: 南支那海 (nánzhīnàhǎi),nánzhīnàhǎi,nᵈam.ʥi.na.ɦɛ.,Hanja,名詞
3154,남자,namja,男子,Boy,nánzi·,nᵈam.ʥa.,Hanja,名詞
3155,뇌파,noepa,腦波,Hanja word: 腦波 (nǎobō),nǎobō,nᵈu̯e.pʰa.,Hanja,名詞
3156,요충,yochung,蟯蟲,Hanja word: 蟯蟲 (náochóng),náochóng,jo.ʨʰuŋ.,Hanja,名詞
3157,뇌척수막염,noecheoksumakyeom,腦脊髓膜炎,Hanja word: 腦脊髓膜炎 (nǎojísuímóyán),nǎojísuímóyán,nᵈu̯e.ʨʰʌk̚.s͈u.maɡ.jʌm.,Hanja,名詞
3158,뇌척수액,noecheoksuaek,腦脊髓液,Hanja word: 腦脊髓液 (nǎojísuíyì),nǎojísuíyì,nᵈu̯e.ʨʰʌk̚.s͈u.ɛk̚.,Hanja,名詞
3159,뇌막,noemak,腦膜,Hanja word: 腦膜 (nǎomó),nǎomó,nᵈu̯e.mak̚.,Hanja,名詞
3160,뇌빈혈,noebinhyeol,腦貧血,Hanja word: 腦貧血 (nǎopínxiě),nǎopínxiě,nᵈu̯e.bin.hjʌl.,Hanja,名詞
3161,뇌신경,noesingyeong,腦神經,Hanja word: 腦神經 (nǎoshénjīng),nǎoshénjīng,nᵈu̯e.ɕʰiŋ.ɡjʌŋ.,Hanja,名詞
3162,뇌하수체,noehasuche,腦下垂體,Hanja word: 腦下垂體 (nǎoxiàchuítǐ),nǎoxiàchuítǐ,nᵈu̯e.ɦa.sʰu.ʨʰe.,Hanja,名詞
3163,뇌염,noeyeom,腦炎,Hanja word: 腦炎 (nǎoyán),nǎoyán,nᵈu̯e.jʌm.,Hanja,名詞
3164,내포,naepo,內包,Hanja word: 內包 (nèibāo),nèibāo,nᵈɛ.pʰo.,Hanja,名詞
3165,내부,naebu,內部,The inside,nèibù,nᵈɛ.bu.,Hanja,名詞
3166,내적,naejeok,內的,Internal,nèide·,nᵈɛ.ʥʌk̚.,Hanja,名詞
3167,내이,naei,內耳,Hanja word: 內耳 (nèiěr'),nèiěr',nᵈɛ.i.,Hanja,名詞
3168,내해,naehae,內海,Hanja word: 內海 (nèihǎi),nèihǎi,nᵈɛ.ɦɛ.,Hanja,名詞
3169,내각,naegak,內角,Hanja word: 內角 (nèijiǎo),nèijiǎo,nᵈɛ.ɡak̚.,Hanja,名詞
3170,내과,naegwa,內科,Internal medicine,nèikē,nᵈɛ.ɡu̯a.,Hanja,名詞
3171,내륙,naeryuk,內陸,Hanja word: 內陸 (nèilù),nèilù,nᵈɛ.ɾjuk̚.,Hanja,名詞
3172,내란,naeran,內亂,Hanja word: 內亂 (nèiluàn),nèiluàn,nᵈɛ.ɾan.,Hanja,名詞
3173,내면적,naemyeonjeok,內面的,Hanja word: 內面的 (nèimiànde·),nèimiànde·,nᵈɛ.mjʌn.ʥʌk̚.,Hanja,名詞
3174,내용,naeyong,內容,Contents,nèiróng,nᵈɛ.joŋ.,Hanja,名詞
3175,내용물,naeyongmul,內容物,Contents,nèiróngwù,nᵈɛ.joŋ.mul.,Hanja,名詞
3176,내외,naeoe,內外,"Men and woman, husband and wife",nèiwài,nᵈɛ.u̯e.,Hanja,名詞
3177,내선,naeseon,內線,Hanja word: 內線 (nèixiàn),nèixiàn,nᵈɛ.sʰʌn.,Hanja,名詞
3178,내수,naesu,內需,Hanja word: 內需 (nèixū),nèixū,nᵈɛ.sʰu.,Hanja,名詞
3179,내야,naeya,內野,Hanja word: 內野 (nèiyě),nèiyě,nᵈɛ.ja.,Hanja,名詞
3180,내재,naejae,內在,Hanja word: 內在 (nèizài),nèizài,nᵈɛ.ʥɛ.,Hanja,名詞
3181,내재적,naejaejeok,內在的,Hanja word: 內在的 (nèizàide·),nèizàide·,nᵈɛ.ʥɛ.ʥʌk̚.,Hanja,名詞
3182,내장,naejang,內臟,Hanja word: 內臟 (nèizàng),nèizàng,nᵈɛ.ʥaŋ.,Hanja,名詞
3183,내전,naejeon,內戰,Hanja word: 內戰 (nèizhàn),nèizhàn,nᵈɛ.ʥʌn.,Hanja,名詞
3184,내직,naejik,內職,Hanja word: 內職 (nèizhí),nèizhí,nᵈɛ.ʥik̚.,Hanja,名詞
3185,능동적,neungdongjeok,能動的,"Activity ; voluntary, of its own nature (opp. 수동적)",néngdòngde·,nᵈɯŋ.doŋ.ʥʌk̚.,Hanja,名詞
3186,능력,neungryeok,能力,"Ability, capability, how much and how well",nénglì,nᵈɯŋ.njʌk̚.,Hanja,名詞
3187,점판암,jeompanam,粘板岩,Hanja word: 粘板岩 (niánbǎnyán),niánbǎnyán,ʨʌm.pʰan.am.,Hanja,名詞
3188,연표,yeonpyo,年表,Hanja word: 年表 (niánbiǎo),niánbiǎo,jʌm.pʰjo.,Hanja,名詞
3189,연초,yeoncho,年初,Hanja word: 年初 (niánchū),niánchū,jʌn.ʨʰo.,Hanja,名詞
3190,연차,yeoncha,年次,Hanja word: 年次 (niáncì),niáncì,jʌn.ʨʰa.,Hanja,名詞
3191,연대,yeondae,年代,Hanja word: 年代 (niándài),niándài,jʌn.dɛ.,Hanja,名詞
3192,연도,yeondo,年度,Hanja word: 年度 (niándù),niándù,jʌn.do.,Hanja,名詞
3193,점도,jeomdo,粘度,Hanja word: 粘度 (niándù),niándù,ʨʌm.do.,Hanja,名詞
3194,연회비,yeonhoebi,年會費,Hanja word: 年會費 (niánhuìfèi),niánhuìfèi,jʌn.hu̯e.bi.,Hanja,名詞
3195,연간,yeongan,年間,For a year,niánjiān,jʌŋ.ɡan.,Hanja,名詞
3196,연금,yeongeum,年金,Hanja word: 年金 (niánjīn),niánjīn,jʌŋ.ɡɯm.,Hanja,名詞
3197,연령,yeonryeong,年齡,"Age, years of age",niánlíng,jʌl.ljʌŋ.,Hanja,名詞
3198,염려,yeomryeo,念慮,"anxiety,worry",niànlǜ,jʌm.njʌ.,Hanja,名詞
3199,점막,jeommak,粘膜,Hanja word: 粘膜 (niánmó),niánmó,ʨʌm.mak̚.,Hanja,名詞
3200,연말,yeonmal,年末,"The end, close of the year",niánmò,jʌm.mal.,Hanja,名詞
3201,연소,yeonso,年少,Hanja word: 年少 (niánshǎo),niánshǎo,jʌn.so.,Hanja,名詞
3202,년생,nyeonsaeng,年生,Year of birth,niánshēng,nᵈjʌn.sɛŋ.,Hanja,依存名詞
3203,연세,yeonse,年歲,"Age, years of age",niánsuì,jʌn.se.,Hanja,名詞
3204,점토,jeomto,粘土,Hanja word: 粘土 (niántǔ),niántǔ,ʨʌm.tʰo.,Hanja,名詞
3205,점액,jeomaek,粘液,Hanja word: 粘液 (niányì),niányì,ʨʌm.ɛk̚.,Hanja,名詞
3206,연월일,yeonwolil,年月日,Hanja word: 年月日 (niányuèrì),niányuèrì,jʌn.u̯ʌɾ.il.,Hanja,名詞
3207,연장,yeonjang,年長,"Extension, prolongation",niánzhǎng,jʌn.ʥaŋ.,Hanja,名詞
3208,점착,jeomchak,粘着,Hanja word: 粘着 (niánzhe·),niánzhe·,ʨʌm.ʨʰak̚.,Hanja,名詞
3209,요도,yodo,尿道,Hanja word: 尿道 (niàodào),niàodào,jo.do.,Hanja,名詞
3210,요소,yoso,尿素,Hanja word: 尿素 (niàosù),niàosù,jo.sʰo.,Hanja,名詞
3211,역경,yeokgyeong,逆境,Hanja word: 逆境 (nìjìng),nìjìng,jʌk̚.k͈jʌŋ.,Hanja,名詞
3212,익명,ikmyeong,匿名,Hanja word: 匿名 (nìmíng),nìmíng,iŋ.mjʌŋ.,Hanja,名詞
3213,응결,eunggyeol,凝結,Hanja word: 凝結 (níngjié),níngjié,ɯŋ.ɡjʌl.,Hanja,名詞
3214,응시,eungsi,凝視,Hanja word: 凝視 (níngshì),níngshì,ɯŋ.ɕʰi.,Hanja,名詞
3215,응축,eungchuk,凝縮,Hanja word: 凝縮 (níngsuō),níngsuō,ɯŋ.ʨʰuk̚.,Hanja,名詞
3216,의인법,uiinbeop,擬人法,Hanja word: 擬人法 (nǐrénfǎ),nǐrénfǎ,ɰi.im.bʌp̚.,Hanja,名詞
3217,우차,ucha,牛車,Hanja word: 牛車 (niúchē),niúchē,u.ʨʰa.,Hanja,名詞
3218,우두,udu,牛痘,Hanja word: 牛痘 (niúdòu),niúdòu,u.du.,Hanja,名詞
3219,우유,uyu,牛乳,Milk,niúrǔ,u.ju.,Hanja,名詞
3220,역습,yeokseup,逆襲,Hanja word: 逆襲 (nìxí),nìxí,jʌk̚.s͈ɯp̚.,Hanja,名詞
3221,역행,yeokhaeng,逆行,Hanja word: 逆行 (nìxíng),nìxíng,jʌ.kʰɛŋ.,Hanja,名詞
3222,역선전,yeokseonjeon,逆宣傳,Hanja word: 逆宣傳 (nìxuānchuán),nìxuānchuán,jʌk̚.s͈ʌn.ʥʌn.,Hanja,名詞
3223,역전,yeokjeon,逆轉,Hanja word: 逆轉 (nìzhuǎn),nìzhuǎn,jʌk̚.ʨ͈ʌn.,Hanja,名詞
3224,농장,nongjang,農場,"A farm, plantation",nóngchǎng,nᵈoŋ.ʥaŋ.,Hanja,名詞
3225,농산물,nongsanmul,農産物,Agricultural products,nóngchǎnwù,nᵈoŋ.sam.mul.,Hanja,名詞
3226,농촌,nongchon,農村,A farm village,nóngcūn,nᵈoŋ.ʨʰon.,Hanja,名詞
3227,농부,nongbu,農夫,A farmer,nóngfū,nᵈoŋ.bu.,Hanja,名詞
3228,농민,nongmin,農民,A farmer,nóngmín,nᵈoŋ.min.,Hanja,名詞
3229,농포,nongpo,膿皰,Hanja word: 膿皰 (nóngpào),nóngpào,nᵈoŋ.pʰo.,Hanja,名詞
3230,농사,nongsa,農事,Farming,nóngshì,nᵈoŋ.sa.,Hanja,名詞
3231,농사일,nongsail,農事日,Farming,nóngshìrì,nᵈoŋ.sa.il.,Hanja,名詞
3232,농담,nongdam,弄談,A joke,nòngtán,nᵈoŋ.dam.,Hanja,名詞
3233,농학,nonghak,農學,Hanja word: 農學 (nóngxué),nóngxué,nᵈoŋ.hak̚.,Hanja,名詞
3234,농양,nongyang,膿瘍,Hanja word: 膿瘍 (nóngyáng),nóngyáng,nᵈoŋ.jaŋ.,Hanja,名詞
3235,농업,nongeop,農業,Agriculture,nóngyè,nᵈoŋ.ʌp̚.,Hanja,名詞
3236,농작,nongjak,農作,Hanja word: 農作 (nóngzuò),nóngzuò,nᵈoŋ.ʥak̚.,Hanja,名詞
3237,농작물,nongjakmul,農作物,Hanja word: 農作物 (nóngzuòwù),nóngzuòwù,nᵈoŋ.ʥaŋ.mul.,Hanja,名詞
3238,난방,nanbang,暖房,A heated room,nuǎnfáng,nᵈam.baŋ.,Hanja,名詞
3239,난로,nanro,暖爐,Hanja word: 暖爐 (nuǎnlú),nuǎnlú,nᵈal.lo.,Hanja,名詞
3240,여대생,yeodaesaeng,女大生,Female college student,nǚdàshēng,jʌ.dɛ.sʰɛŋ.,Hanja,名詞
3241,여점원,yeojeomwon,女店員,Hanja word: 女店員 (nǚdiànyuán),nǚdiànyuán,jʌ.ʥʌm.u̯ʌn.,Hanja,名詞
3242,학대,hakdae,虐待,Hanja word: 虐待 (nuèdài),nuèdài,hak̚.t͈ɛ.,Hanja,名詞
3243,여고생,yeogosaeng,女高生,Female high school student,nǚgāoshēng,jʌ.ɡo.sʰɛŋ.,Hanja,名詞
3244,여급,yeogeup,女給,Hanja word: 女給 (nǚgěi),nǚgěi,jʌ.ɡɯp̚.,Hanja,名詞
3245,노호,noho,怒號,Hanja word: 怒號 (nùhào),nùhào,nᵈo.ɦo.,Hanja,名詞
3246,여걸,yeogeol,女傑,Hanja word: 女傑 (nǚjié),nǚjié,jʌ.ɡʌl.,Hanja,名詞
3247,여군,yeogun,女軍,A woman soldier,nǚjūn,jʌ.ɡun.,Hanja,名詞
3248,여인,yeoin,女人,"beauty, belle",nǚrén,jʌ.in.,Hanja,名詞
3249,여신,yeosin,女神,Hanja word: 女神 (nǚshén),nǚshén,jʌ.ɕʰin.,Hanja,名詞
3250,여동생,yeodongsaeng,女同生,Younger sister,nǚtóngshēng,jʌ.doŋ.sɛŋ.,Hanja,名詞
3251,여왕,yeowang,女王,Queen,nǚwáng,jʌ.u̯aŋ.,Hanja,名詞
3252,여성,yeoseong,女性,Female,nǚxìng,jʌ.sʰʌŋ.,Hanja,名詞
3253,여학생,yeohaksaeng,女學生,Female student,nǚxuéshēng,jʌ.ɦak̚.s͈ɛŋ.,Hanja,名詞
3254,여직원,yeojikwon,女職員,Female employee,nǚzhíyuán,jʌ.ʥiɡ.u̯ʌn.,Hanja,名詞
3255,여자,yeoja,女子,"woman,female",nǚzi·,jʌ.ʥa.,Hanja,名詞
3256,우연,uyeon,偶然,Hanja word: 偶然 (ǒurán),ǒurán,u.jʌn.,Hanja,名詞
3257,우상,usang,偶像,Hanja word: 偶像 (ǒuxiàng),ǒuxiàng,u.sʰaŋ.,Hanja,名詞
3258,배변,baebyeon,排便,Hanja word: 排便 (páibiàn),páibiàn,pɛ.bjʌn.,Hanja,名詞
3259,박차,bakcha,拍車,Hanja word: 拍車 (pāichē),pāichē,pak̚.ʨʰa.,Hanja,名詞
3260,배척,baecheok,排斥,Hanja word: 排斥 (páichì),páichì,pɛ.ʨʰʌk̚.,Hanja,名詞
3261,배제,baeje,排除,Hanja word: 排除 (páichú),páichú,pɛ.ʥe.,Hanja,名詞
3262,배출,baechul,排出,Hanja word: 排出 (páichū),páichū,pɛ.ʨʰul.,Hanja,名詞
3263,파출소,pachulso,派出所,"Small, local police box",pàichūsuǒ,pʰa.ʨʰul.s͈o.,Hanja,名詞
3264,배란,baeran,排卵,Hanja word: 排卵 (páiluǎn),páiluǎn,pɛ.ɾan.,Hanja,名詞
3265,배기,baegi,排氣,Hanja word: 排氣 (páiqì),páiqì,pɛ.ɡi.,Hanja,名詞
3266,배구,baegu,排球,Volleyball,páiqiú,pɛ.ɡu.,Hanja,名詞
3267,박수,baksu,拍手,Applause,pāishǒu,pak̚.s͈u.,Hanja,名詞
3268,배수,baesu,排水,Hanja word: 排水 (páishuǐ),páishuǐ,pɛ.sʰu.,Hanja,名詞
3269,배타적,baetajeok,排他的,Hanja word: 排他的 (páitāde·),páitāde·,pɛ.tʰa.ʥʌk̚.,Hanja,名詞
3270,배우,baeu,俳優,Actor,páiyōu,pɛ.u.,Hanja,名詞
3271,박자,bakja,拍子,Hanja word: 拍子 (pāizi·),pāizi·,pak̚.ʨ͈a.,Hanja,名詞
3272,판단,pandan,判斷,"A judgment, a conclusion",pànduàn,pʰan.dan.,Hanja,名詞
3273,판결,pangyeol,判決,A judgment (from a judge),pànjué,pʰaŋ.ɡjʌl.,Hanja,名詞
3274,판례,panrye,判例,Hanja word: 判例 (pànlì),pànlì,pʰal.lje.,Hanja,名詞
3275,판사,pansa,判事,A judge,pànshì,pʰan.sa.,Hanja,名詞
3276,반도,bando,叛徒,Hanja word: 叛徒 (pàntú),pàntú,pan.do.,Hanja,名詞
3277,포병,pobyeong,砲兵,Hanja word: 砲兵 (pàobīng),pàobīng,pʰo.bjʌŋ.,Hanja,名詞
3278,포차,pocha,砲車,Hanja word: 砲車 (pàochē),pàochē,pʰo.ʨʰa.,Hanja,名詞
3279,포탄,potan,砲彈,Hanja word: 砲彈 (pàodàn),pàodàn,pʰo.tʰan.,Hanja,名詞
3280,포화,pohwa,砲火,Hanja word: 砲火 (pàohuǒ),pàohuǒ,pʰo.ɦu̯a.,Hanja,名詞
3281,포함,poham,砲艦,"inclusion,comprehension",pàojiàn,pʰo.ɦam.,Hanja,名詞
3282,포기,pogi,拋棄,Hanja word: 拋棄 (pāoqì),pāoqì,pʰo.ɡi.,Hanja,名詞
3283,포술,posul,砲術,Hanja word: 砲術 (pàoshù),pàoshù,pʰo.sʰul.,Hanja,名詞
3284,포물선,pomulseon,拋物線,Hanja word: 拋物線 (pāowùxiàn),pāowùxiàn,pʰo.mul.s͈ʌn.,Hanja,名詞
3285,포효,pohyo,咆哮,Hanja word: 咆哮 (páoxiào),páoxiào,pʰo.hjo.,Hanja,名詞
3286,배상,baesang,賠償,Hanja word: 賠償 (péicháng),péicháng,pɛ.sʰaŋ.,Hanja,名詞
3287,배달,baedal,配達,Delivery,pèidá,pɛ.dal.,Hanja,名詞
3288,배합,baehap,配合,Hanja word: 配合 (pèihé),pèihé,pɛ.ɦap̚.,Hanja,名詞
3289,배열,baeyeol,配列,Hanja word: 配列 (pèiliè),pèiliè,pɛ.jʌl.,Hanja,名詞
3290,배려,baeryeo,配慮,Hanja word: 配慮 (pèilǜ),pèilǜ,pɛ.ɾjʌ.,Hanja,名詞
3291,배우자,baeuja,配偶者,"A mate, life partner",pèiǒuzhě,pɛ.u.ʥa.,Hanja,名詞
3292,배유,baeyu,胚乳,Hanja word: 胚乳 (pēirǔ),pēirǔ,pɛ.ju.,Hanja,名詞
3293,배양,baeyang,培養,Hanja word: 培養 (péiyǎng),péiyǎng,pɛ.jaŋ.,Hanja,名詞
3294,배치,baechi,配置,Arrangement,pèizhì,pɛ.ʨʰi.,Hanja,名詞
3295,분출,bunchul,噴出,Hanja word: 噴出 (pēnchū),pēnchū,pun.ʨʰul.,Hanja,名詞
3296,팽창,paengchang,膨脹,Hanja word: 膨脹 (péngzhàng),péngzhàng,pʰɛŋ.ʨʰaŋ.,Hanja,名詞
3297,분화,bunhwa,噴火,Hanja word: 噴火 (pēnhuǒ),pēnhuǒ,pun.hu̯a.,Hanja,名詞
3298,분무기,bunmugi,噴霧器,Hanja word: 噴霧器 (pēnwùqì),pēnwùqì,pum.mu.ɡi.,Hanja,名詞
3299,편애,pyeonae,偏愛,Hanja word: 偏愛 (piānài),piānài,pʰjʌn.ɛ.,Hanja,名詞
3300,편차,pyeoncha,偏差,Hanja word: 偏差 (piānchā),piānchā,pʰjʌn.ʨʰa.,Hanja,名詞
3301,편도,pyeondo,片道,Hanja word: 片道 (piàndào),piàndào,pʰjʌn.do.,Hanja,名詞
3302,편광,pyeongwang,偏光,Hanja word: 偏光 (piānguāng),piānguāng,pʰjʌŋ.ɡu̯aŋ.,Hanja,名詞
3303,편견,pyeongyeon,偏見,"A prejudice, a bias",piānjiàn,pʰjʌŋ.ɡjʌn.,Hanja,名詞
3304,편두통,pyeondutong,偏頭痛,Hanja word: 偏頭痛 (piāntóutòng),piāntóutòng,pʰjʌn.du.tʰoŋ.,Hanja,名詞
3305,편협,pyeonhyeop,偏狹,Hanja word: 偏狹 (piānxiá),piānxiá,pʰjʌn.hjʌp̚.,Hanja,名詞
3306,편의,pyeonui,便宜,"Convenience, expediency",piányí,pʰjʌn.e.,Hanja,名詞
3307,편의점,pyeonuijeom,便宜店,Convenient store,piányídiàn,pʰjʌn.i.ʥʌm.,Hanja,名詞
3308,표백,pyobaek,漂白,Hanja word: 漂白 (piàobái),piàobái,pʰjo.bɛk̚.,Hanja,名詞
3309,표류,pyoryu,漂流,Hanja word: 漂流 (piàoliú),piàoliú,pʰjo.ɾju.,Hanja,名詞
3310,피층,picheung,皮層,Hanja word: 皮層 (pícéng),pícéng,pʰi.ʨʰɯŋ.,Hanja,名詞
3311,필적,piljeok,匹敵,Hanja word: 匹敵 (pǐdí),pǐdí,pʰil.ʨ͈ʌk̚.,Hanja,名詞
3312,필적자,piljeokja,匹敵者,Hanja word: 匹敵者 (pǐdízhě),pǐdízhě,pʰil.ʨ͈ʌk̚.ʨ͈a.,Hanja,名詞
3313,피부,pibu,皮膚,Skin,pífū,pʰi.bu.,Hanja,名詞
3314,피혁,pihyeok,皮革,Hanja word: 皮革 (pígé),pígé,pʰi.hjʌk̚.,Hanja,名詞
3315,피곤,pigon,疲困,"fatigue,exhaustion",píkùn,pʰi.ɡon.,Hanja,名詞
3316,피로,piro,疲勞,"Fatigue, exhaustion",píláo,pʰi.ɾo.,Hanja,名詞
3317,빈발,binbal,頻發,Hanja word: 頻發 (pínfā),pínfā,pim.bal.,Hanja,名詞
3318,평상시,pyeongsangsi,平常時,Normally,píngchángshí,pʰjʌŋ.saŋ.ɕʰi.,Hanja,名詞
3319,평등,pyeongdeung,平等,Hanja word: 平等 (píngděng),píngděng,pʰjʌŋ.dɯŋ.,Hanja,名詞
3320,평범,pyeongbeom,平凡,Hanja word: 平凡 (píngfán),píngfán,pʰjʌŋ.bʌm.,Hanja,名詞
3321,평방,pyeongbang,平方,Hanja word: 平方 (píngfāng),píngfāng,pʰjʌŋ.baŋ.,Hanja,名詞
3322,병풍,byeongpung,屏風,Hanja word: 屏風 (píngfēng),píngfēng,pjʌŋ.pʰuŋ.,Hanja,名詞
3323,평복,pyeongbok,平服,Hanja word: 平服 (píngfú),píngfú,pʰjʌŋ.bok̚.,Hanja,名詞
3324,평화,pyeonghwa,平和,Peace,pínghé,pʰjʌŋ.hu̯a.,Hanja,名詞
3325,평화적,pyeonghwajeok,平和的,Hanja word: 平和的 (pínghéde·),pínghéde·,pʰjʌŋ.hu̯a.ʥʌk̚.,Hanja,名詞
3326,평형,pyeonghyeong,平衡,Hanja word: 平衡 (pínghéng),pínghéng,pʰjʌŋ.hjʌŋ.,Hanja,名詞
3327,평화주의자,pyeonghwajuuija,平和主義者,Hanja word: 平和主義者 (pínghézhǔyìzhě),pínghézhǔyìzhě,pʰjʌŋ.hu̯a.ʥu.i.ʥa.,Hanja,名詞
3328,평가,pyeongga,平價,"Evaluation, appraisal",píngjià,pʰjʌŋ.ɡa.,Hanja,名詞
3329,평가,pyeongga,評價,"Evaluation, appraisal",píngjià,pʰjʌŋ.ɡa.,Hanja,名詞
3330,평결,pyeonggyeol,評決,Hanja word: 評決 (píngjué),píngjué,pʰjʌŋ.ɡjʌl.,Hanja,名詞
3331,평균,pyeonggyun,平均,Average,píngjūn,pʰjʌŋ.ɡjun.,Hanja,名詞
3332,병나발,byeongnabal,瓶喇叭,Hanja word: 瓶喇叭 (pínglǎbā),pínglǎbā,pjʌŋ.na.bal.,Hanja,名詞
3333,평론,pyeongron,評論,Hanja word: 評論 (pínglùn),pínglùn,pʰjʌŋ.non.,Hanja,名詞
3334,평면,pyeongmyeon,平面,Hanja word: 平面 (píngmiàn),píngmiàn,pʰjʌŋ.mjʌn.,Hanja,名詞
3335,평민,pyeongmin,平民,Hanja word: 平民 (píngmín),píngmín,pʰjʌŋ.min.,Hanja,名詞
3336,평판,pyeongpan,評判,Hanja word: 評判 (píngpàn),píngpàn,pʰjʌŋ.pʰan.,Hanja,名詞
3337,평양,pyeongyang,平壤,Capital of north korea,píngrǎng,pʰjʌŋ.jaŋ.,Hanja,專有名詞
3338,평일,pyeongil,平日,A weekday,píngrì,pʰjʌŋ.il.,Hanja,名詞
3339,평생,pyeongsaeng,平生,A lifetime,píngshēng,pʰjʌŋ.sɛŋ.,Hanja,名詞
3340,평소,pyeongso,平素,"Ordinary times, ordinarily",píngsù,pʰjʌŋ.so.,Hanja,名詞
3341,평온,pyeongon,平穩,Hanja word: 平穩 (píngwěn),píngwěn,pʰjʌŋ.on.,Hanja,名詞
3342,평행,pyeonghaeng,平行,Hanja word: 平行 (píngxíng),píngxíng,pʰjʌŋ.hɛŋ.,Hanja,名詞
3343,평서문,pyeongseomun,平敍文,Hanja word: 平敍文 (píngxùwén),píngxùwén,pʰjʌŋ.sʌ.mun.,Hanja,名詞
3344,품목,pummok,品目,"The name of an article, a list of articles",pǐnmù,pʰum.mok̚.,Hanja,名詞
3345,품평회,pumpyeonghoe,品評會,Hanja word: 品評會 (pǐnpínghuì),pǐnpínghuì,pʰum.pʰjʌŋ.hu̯e.,Hanja,名詞
3346,품절,pumjeol,品切,Hanja word: 品切 (pǐnqiè),pǐnqiè,pʰum.ʥʌl.,Hanja,名詞
3347,품위,pumwi,品位,Hanja word: 品位 (pǐnwèi),pǐnwèi,pʰum.ɥi.,Hanja,名詞
3348,품행,pumhaeng,品行,Hanja word: 品行 (pǐnxíng),pǐnxíng,pʰum.hɛŋ.,Hanja,名詞
3349,품성,pumseong,品性,Hanja word: 品性 (pǐnxìng),pǐnxìng,pʰum.sʌŋ.,Hanja,名詞
3350,품질,pumjil,品質,The quality of the article ( but not the article itself),pǐnzhí,pʰum.ʥil.,Hanja,名詞
3351,비판,bipan,批判,"criticism,a comment",pīpàn,pi.pʰan.,Hanja,名詞
3352,비판적,bipanjeok,批判的,Critical,pīpànde·,pi.pʰan.ʥʌk̚.,Hanja,名詞
3353,비평,bipyeong,批評,Hanja word: 批評 (pīpíng),pīpíng,pi.pʰjʌŋ.,Hanja,名詞
3354,비평적,bipyeongjeok,批評的,Hanja word: 批評的 (pīpíngde·),pīpíngde·,pi.pʰjʌŋ.ʥʌk̚.,Hanja,名詞
3355,비장,bijang,脾臟,Hanja word: 脾臟 (pízàng),pízàng,pi.ʥaŋ.,Hanja,名詞
3356,피질,pijil,皮質,Hanja word: 皮質 (pízhí),pízhí,pʰi.ʥil.,Hanja,名詞
3357,비준,bijun,批准,Hanja word: 批准 (pīzhǔn),pīzhǔn,pi.ʥun.,Hanja,名詞
3358,파산,pasan,破産,Hanja word: 破産 (pòchǎn),pòchǎn,pʰa.sʰan.,Hanja,名詞
3359,박해자,bakhaeja,迫害者,Hanja word: 迫害者 (pòhàizhě),pòhàizhě,pa.kʰɛ.ʥa.,Hanja,名詞
3360,파괴,pagoe,破壞,Hanja word: 破壞 (pòhuài),pòhuài,pʰa.ɡu̯e.,Hanja,名詞
3361,파괴적,pagoejeok,破壞的,Hanja word: 破壞的 (pòhuàide·),pòhuàide·,pʰa.ɡu̯e.ʥʌk̚.,Hanja,名詞
3362,파괴자,pagoeja,破壞者,Hanja word: 破壞者 (pòhuàizhě),pòhuàizhě,pʰa.ɡu̯e.ʥa.,Hanja,名詞
3363,파열,payeol,破裂,Hanja word: 破裂 (pòliè),pòliè,pʰa.jʌl.,Hanja,名詞
3364,파문,pamun,破門,Hanja word: 破門 (pòmén),pòmén,pʰa.mun.,Hanja,名詞
3365,파멸,pamyeol,破滅,Hanja word: 破滅 (pòmiè),pòmiè,pʰa.mjʌl.,Hanja,名詞
3366,파편,papyeon,破片,Hanja word: 破片 (pòpiàn),pòpiàn,pʰa.pʰjʌn.,Hanja,名詞
3367,파상풍,pasangpung,破傷風,Hanja word: 破傷風 (pòshāngfēng),pòshāngfēng,pʰa.sʰaŋ.pʰuŋ.,Hanja,名詞
3368,파탄,patan,破綻,Hanja word: 破綻 (pòzhàn),pòzhàn,pʰa.tʰan.,Hanja,名詞
3369,보편적,bopyeonjeok,普遍的,Universal,pǔbiànde·,po.pʰjʌn.ʥʌk̚.,Hanja,名詞
3370,폭포,pokpo,瀑布,Hanja word: 瀑布 (pùbù),pùbù,pʰok̚.pʰo.,Hanja,名詞
3371,포도,podo,鋪道,grape(s),pūdào,pʰo.do.,Hanja,名詞
3372,포복,pobok,匍匐,Hanja word: 匍匐 (púfú),púfú,pʰo.bok̚.,Hanja,名詞
3373,보급,bogeup,普及,Hanja word: 普及 (pǔjí),pǔjí,po.ɡɯp̚.,Hanja,名詞
3374,포석,poseok,鋪石,Hanja word: 鋪石 (pūshí),pūshí,pʰo.sʰʌk̚.,Hanja,名詞
3375,포도,podo,葡萄,grape(s),pútáo,pʰo.do.,Hanja,名詞
3376,포도주,podoju,葡萄酒,Grape wine,pútáojiǔ,pʰo.do.ʥu.,Hanja,名詞
3377,보통,botong,普通,The normal,pǔtōng,po.tʰoŋ.,Hanja,名詞
3378,포장,pojang,鋪裝,"packing,wrapping",pūzhuāng,pʰo.ʥaŋ.,Hanja,名詞
3379,전반,jeonban,前半,"The whole, all, general",qiánbàn,ʨʌm.ban.,Hanja,名詞
3380,연필,yeonpil,鉛筆,Pencil,qiānbǐ,jʌm.pʰil.,Hanja,名詞
3381,천박,cheonbak,淺薄,Hanja word: 淺薄 (qiǎnbó),qiǎnbó,ʨʰʌm.bak̚.,Hanja,名詞
3382,연독,yeondok,鉛毒,Hanja word: 鉛毒 (qiāndú),qiāndú,jʌn.dok̚.,Hanja,名詞
3383,잠복,jambok,潛伏,Hanja word: 潛伏 (qiánfú),qiánfú,ʨam.bok̚.,Hanja,名詞
3384,강도,gangdo,強盜,Intensity or strength,qiángdào,kaŋ.do.,Hanja,名詞
3385,강조,gangjo,強調,Emphasis or stress,qiángdiào,kaŋ.ʥo.,Hanja,名詞
3386,강도,gangdo,強度,Intensity or strength,qiángdù,kaŋ.do.,Hanja,名詞
3387,강하,gangha,強化,Hanja word: 強化 (qiánghuà),qiánghuà,kaŋ.ha.,Hanja,名詞
3388,강력,gangryeok,強力,Hanja word: 強力 (qiánglì),qiánglì,kaŋ.njʌk̚.,Hanja,名詞
3389,강렬,gangryeol,強烈,Hanja word: 強烈 (qiángliè),qiángliè,kaŋ.njʌl.,Hanja,名詞
3390,창기병,changgibyeong,槍騎兵,Hanja word: 槍騎兵 (qiāngqíbīng),qiāngqíbīng,ʨʰaŋ.ɡi.bjʌŋ.,Hanja,名詞
3391,장미,jangmi,薔薇,A rose,qiángwēi,ʨaŋ.mi.,Hanja,名詞
3392,강요,gangyo,強要,Hanja word: 強要 (qiángyào),qiángyào,kaŋ.jo.,Hanja,名詞
3393,강제,gangje,強制,Compulsion or coercion,qiángzhì,kaŋ.ʥe.,Hanja,名詞
3394,참호,chamho,塹壕,Hanja word: 塹壕 (qiànháo),qiànháo,ʨʰam.ho.,Hanja,名詞
3395,전후,jeonhu,前後,"sequence,order,front and rear",qiánhòu,ʨʌn.hu.,Hanja,名詞
3396,전진,jeonjin,前進,Hanja word: 前進 (qiánjìn),qiánjìn,ʨʌn.ʥin.,Hanja,名詞
3397,전경,jeongyeong,前景,Hanja word: 前景 (qiánjǐng),qiánjǐng,ʨʌŋ.ɡjʌŋ.,Hanja,名詞
3398,전과,jeongwa,前科,Hanja word: 前科 (qiánkē),qiánkē,ʨʌŋ.ɡu̯a.,Hanja,名詞
3399,천리안,cheonrian,千里眼,Hanja word: 千里眼 (qiānlǐyǎn),qiānlǐyǎn,ʨʰʌl.li.an.,Hanja,名詞
3400,전면,jeonmyeon,前面,Hanja word: 前面 (qiánmiàn),qiánmiàn,ʨʌm.mjʌn.,Hanja,名詞
3401,전뇌,jeonnoe,前腦,Hanja word: 前腦 (qiánnǎo),qiánnǎo,ʨʌn.nu̯e.,Hanja,名詞
3402,견우성,gyeonuseong,牽牛星,Hanja word: 牽牛星 (qiānniúxīng),qiānniúxīng,kjʌn.u.sʰʌŋ.,Hanja,名詞
3403,전기,jeongi,前期,Electricity,qiánqí,ʨʌŋ.ɡi.,Hanja,名詞
3404,겸양,gyeomyang,謙讓,Hanja word: 謙讓 (qiānràng),qiānràng,kjʌm.jaŋ.,Hanja,名詞
3405,전초,jeoncho,前哨,Hanja word: 前哨 (qiánshào),qiánshào,ʨʌn.ʨʰo.,Hanja,名詞
3406,잠수함,jamsuham,潛水艦,Submarine,qiánshuǐjiàn,ʨam.su.ɦam.,Hanja,名詞
3407,전제,jeonje,前提,Hanja word: 前提 (qiántí),qiántí,ʨʌn.ʥe.,Hanja,名詞
3408,잠망경,jammanggyeong,潛望鏡,Hanja word: 潛望鏡 (qiánwàngjìng),qiánwàngjìng,ʨam.maŋ.ɡjʌŋ.,Hanja,名詞
3409,전위,jeonwi,前衛,Hanja word: 前衛 (qiánwèi),qiánwèi,ʨʌn.ɥi.,Hanja,名詞
3410,전선,jeonseon,前線,The battle line,qiánxiàn,ʨʌn.sʌn.,Hanja,名詞
3411,겸손,gyeomson,謙遜,Hanja word: 謙遜 (qiānxùn),qiānxùn,kjʌm.son.,Hanja,名詞
3412,견인차,gyeonincha,牽引車,Hanja word: 牽引車 (qiānyǐnchē),qiānyǐnchē,kjʌn.in.ʨʰa.,Hanja,名詞
3413,잠재,jamjae,潛在,Hanja word: 潛在 (qiánzài),qiánzài,ʨam.ʥɛ.,Hanja,名詞
3414,잠재적,jamjaejeok,潛在的,Hanja word: 潛在的 (qiánzàide·),qiánzàide·,ʨam.ʥɛ.ʥʌk̚.,Hanja,名詞
3415,견책,gyeonchaek,譴責,Hanja word: 譴責 (qiǎnzé),qiǎnzé,kjʌn.ʨʰɛk̚.,Hanja,名詞
3416,전조,jeonjo,前兆,Hanja word: 前兆 (qiánzhào),qiánzhào,ʨʌn.ʥo.,Hanja,名詞
3417,견제,gyeonje,牽制,Hanja word: 牽制 (qiānzhì),qiānzhì,kjʌn.ʥe.,Hanja,名詞
3418,전치사,jeonchisa,前置詞,Hanja word: 前置詞 (qiánzhìcí),qiánzhìcí,ʨʌn.ʨʰi.sʰa.,Hanja,名詞
3419,교포,gyopo,僑胞,A Korean living abroad,qiáobāo,kjo.pʰo.,Hanja,名詞
3420,교두보,gyodubo,橋頭堡,Hanja word: 橋頭堡 (qiáotóubǎo),qiáotóubǎo,kjo.du.bo.,Hanja,名詞
3421,칠판,chilpan,漆板,The blackboard,qībǎn,ʨʰil.pʰan.,Hanja,名詞
3422,기포,gipo,氣胞,Hanja word: 氣胞 (qìbāo),qìbāo,ki.pʰo.,Hanja,名詞
3423,칠팔오,chilpalo,七八五,Hanja word: 七八五 (qībāwǔ),qībāwǔ,ʨʰil.pʰaɾ.o.,Hanja,名詞
3424,제창,jechang,齊唱,Hanja word: 齊唱 (qíchàng),qíchàng,ʨe.ʨʰaŋ.,Hanja,名詞
3425,기차,gicha,汽車,A train,qìchē,ki.ʨʰa.,Hanja,名詞
3426,기차역,gichayeok,汽車驛,Hanja word: 汽車驛 (qìchēyì),qìchēyì,ki.ʨʰa.jʌk̚.,Hanja,名詞
3427,기선,giseon,汽船,Hanja word: 汽船 (qìchuán),qìchuán,ki.sʰʌn.,Hanja,名詞
3428,기상,gisang,起床,Hanja word: 起床 (qǐchuáng),qǐchuáng,ki.sʰaŋ.,Hanja,名詞
3429,기대,gidae,期待,Expectation,qídài,ki.dɛ.,Hanja,名詞
3430,기도,gido,祈禱,A prayer,qídǎo,ki.do.,Hanja,名詞
3431,기적,gijeok,汽笛,A miracle,qìdí,ki.ʥʌk̚.,Hanja,名詞
3432,기점,gijeom,起點,Hanja word: 起點 (qǐdiǎn),qǐdiǎn,ki.ʥʌm.,Hanja,名詞
3433,절단,jeoldan,切斷,Hanja word: 切斷 (qiēduàn),qiēduàn,ʨʌl.t͈an.,Hanja,名詞
3434,절감,jeolgam,切感,Hanja word: 切感 (qiēgǎn),qiēgǎn,ʨʌl.k͈am.,Hanja,名詞
3435,절박,jeolbak,切迫,Hanja word: 切迫 (qiēpò),qiēpò,ʨʌl.p͈ak̚.,Hanja,名詞
3436,기아,gia,棄兒,Hanja word: 棄兒 (qìér'),qìér',ki.a.,Hanja,名詞
3437,기분,gibun,氣分,Mood,qìfēn,ki.bun.,Hanja,名詞
3438,기분,gibun,氣氛,Mood,qìfēn,ki.bun.,Hanja,名詞
3439,기복,gibok,起伏,Hanja word: 起伏 (qǐfú),qǐfú,ki.bok̚.,Hanja,名詞
3440,기적,gijeok,奇蹟,A miracle,qígī,ki.ʥʌk̚.,Hanja,名詞
3441,기골,gigol,氣骨,Hanja word: 氣骨 (qìgǔ),qìgǔ,ki.ɡol.,Hanja,名詞
3442,기관,gigwan,氣管,An engine or a machine,qìguǎn,ki.ɡu̯an.,Hanja,名詞
3443,기후,gihu,氣候,Climate or weather,qìhòu,ki.ɦu.,Hanja,名詞
3444,기획,gihoek,企劃,Planning,qìhuà,ki.ɦu̯ek̚.,Hanja,名詞
3445,기화,gihwa,氣化,Hanja word: 氣化 (qìhuà),qìhuà,ki.ɦu̯a.,Hanja,名詞
3446,기적,gijeok,奇跡,A miracle,qíjī,ki.ʥʌk̚.,Hanja,名詞
3447,계기,gyegi,契機,Hanja word: 契機 (qìjī),qìjī,kje.ɡi.,Hanja,名詞
3448,기함,giham,旗艦,Hanja word: 旗艦 (qíjiàn),qíjiàn,ki.ɦam.,Hanja,名詞
3449,기간,gigan,期間,A period or a time or,qíjiān,ki.ɡan.,Hanja,名詞
3450,기구,gigu,器具,Structure or framework,qìjù,ki.ɡu.,Hanja,名詞
3451,기절,gijeol,氣絶,Hanja word: 氣絶 (qìjué),qìjué,ki.ʥʌl.,Hanja,名詞
3452,기공,gigong,氣孔,Hanja word: 氣孔 (qìkǒng),qìkǒng,ki.ɡoŋ.,Hanja,名詞
3453,기린,girin,麒麟,Hanja word: 麒麟 (qílín),qílín,ki.ɾin.,Hanja,名詞
3454,계몽,gyemong,啓蒙,Hanja word: 啓蒙 (qǐméng),qǐméng,kje.moŋ.,Hanja,名詞
3455,정보,jeongbo,情報,"information,intelligence",qíngbào,ʨʌŋ.bo.,Hanja,名詞
3456,정보화,jeongbohwa,情報化,Change to an information orientation,qíngbàohuà,ʨʌŋ.bo.ɦu̯a.,Hanja,名詞
3457,청춘,cheongchun,青春,"youth,the springtime of life",qīngchūn,ʨʰʌŋ.ʨʰun.,Hanja,名詞
3458,청첩장,cheongcheopjang,請牒狀,Hanja word: 請牒狀 (qǐngdiézhuàng),qǐngdiézhuàng,ʨʰʌŋ.ʨʰʌp̚.ʨ͈aŋ.,Hanja,名詞
3459,정부,jeongbu,情婦,Government,qíngfù,ʨʌŋ.bu.,Hanja,名詞
3460,경하,gyeongha,慶賀,Hanja word: 慶賀 (qìnghè),qìnghè,kjʌŋ.ha.,Hanja,名詞
3461,청정,cheongjeong,清淨,Hanja word: 清淨 (qīngjìng),qīngjìng,ʨʰʌŋ.ʥʌŋ.,Hanja,名詞
3462,경멸,gyeongmyeol,輕蔑,Hanja word: 輕蔑 (qīngmiè),qīngmiè,kjʌŋ.mjʌl.,Hanja,名詞
3463,청년,cheongnyeon,青年,"A young man, a youth",qīngnián,ʨʰʌŋ.njʌn.,Hanja,名詞
3464,경기병,gyeonggibyeong,輕騎兵,Hanja word: 輕騎兵 (qīngqíbīng),qīngqíbīng,kjʌŋ.ɡi.bjʌŋ.,Hanja,名詞
3465,청구,cheonggu,請求,Hanja word: 請求 (qǐngqiú),qǐngqiú,ʨʰʌŋ.ɡu.,Hanja,名詞
3466,청구서,cheongguseo,請求書,Hanja word: 請求書 (qǐngqiúshū),qǐngqiúshū,ʨʰʌŋ.ɡu.sʰʌ.,Hanja,名詞
3467,정취,jeongchwi,情趣,Hanja word: 情趣 (qíngqù),qíngqù,ʨʌŋ.ʨʰɥi.,Hanja,名詞
3468,정열,jeongyeol,情熱,Hanja word: 情熱 (qíngrè),qíngrè,ʨʌŋ.jʌl.,Hanja,名詞
3469,청소,cheongso,清掃,Cleaning,qīngsǎo,ʨʰʌŋ.so.,Hanja,名詞
3470,청소기,cheongsogi,清掃機,A vacuum cleaner,qīngsǎojī,ʨʰʌŋ.so.ɡi.,Hanja,名詞
3471,경상도,gyeongsangdo,慶尚道,Kyung-San-Do province (ulsan or kyungju),qìngshàngdào,kjʌŋ.saŋ.do.,Hanja,專有名詞
3472,청소년,cheongsonyeon,青少年,"Young boys and girls, teenagers",qīngshǎonián,ʨʰʌŋ.so.njʌn.,Hanja,名詞
3473,정사,jeongsa,情事,Hanja word: 情事 (qíngshì),qíngshì,ʨʌŋ.sa.,Hanja,名詞
3474,청산,cheongsan,清算,Hanja word: 清算 (qīngsuàn),qīngsuàn,ʨʰʌŋ.san.,Hanja,名詞
3475,청산,cheongsan,青酸,Hanja word: 青酸 (qīngsuān),qīngsuān,ʨʰʌŋ.san.,Hanja,名詞
3476,청동,cheongdong,青銅,Hanja word: 青銅 (qīngtóng),qīngtóng,ʨʰʌŋ.doŋ.,Hanja,名詞
3477,경향,gyeonghyang,傾向,Tendency or trend,qīngxiàng,kjʌŋ.hjaŋ.,Hanja,名詞
3478,청사진,cheongsajin,青寫真,Hanja word: 青寫真 (qīngxiězhēn),qīngxiězhēn,ʨʰʌŋ.sa.ʥin.,Hanja,名詞
3479,경음악,gyeongeumak,輕音樂,Hanja word: 輕音樂 (qīngyīnyuè),qīngyīnyuè,kjʌŋ.ɯm.ak̚.,Hanja,名詞
3480,정욕,jeongyok,情慾,Hanja word: 情慾 (qíngyù),qíngyù,ʨʌŋ.jok̚.,Hanja,名詞
3481,청옥,cheongok,青玉,Hanja word: 青玉 (qīngyù),qīngyù,ʨʰʌŋ.ok̚.,Hanja,名詞
3482,청원자,cheongwonja,請願者,Hanja word: 請願者 (qǐngyuànzhě),qǐngyuànzhě,ʨʰʌŋ.u̯ʌn.ʥa.,Hanja,名詞
3483,청우계,cheongugye,晴雨計,Hanja word: 晴雨計 (qíngyǔjì),qíngyǔjì,ʨʰʌŋ.u.ɡje.,Hanja,名詞
3484,경주,gyeongju,慶州,Gyeongju city (ancient Silla capital),qìngzhōu,kjʌŋ.ʥu.,Hanja,專有名詞
3485,침해,chimhae,侵害,Hanja word: 侵害 (qīnhài),qīnhài,ʨʰim.hɛ.,Hanja,名詞
3486,친교,chingyo,親交,Hanja word: 親交 (qīnjiāo),qīnjiāo,ʨʰiŋ.ɡjo.,Hanja,名詞
3487,친근,chingeun,親近,Hanja word: 親近 (qīnjìn),qīnjìn,ʨʰiŋ.ɡɯn.,Hanja,名詞
3488,친구,chingu,親舊,A friend,qīnjiù,ʨʰiŋ.ɡu.,Hanja,名詞
3489,침구,chimgu,寢具,Hanja word: 寢具 (qǐnjù),qǐnjù,ʨʰim.ɡu.,Hanja,名詞
3490,근로,geunro,勤勞,Labor or exertion,qínláo,kɯl.lo.,Hanja,名詞
3491,근로자,geunroja,勤勞者,Laborer,qínláozhě,kɯl.lo.ʥa.,Hanja,名詞
3492,침략,chimryak,侵掠,Hanja word: 侵掠 (qīnluè),qīnluè,ʨʰim.njak̚.,Hanja,名詞
3493,침략적,chimryakjeok,侵略的,Hanja word: 侵略的 (qīnluède·),qīnluède·,ʨʰim.njak̚.ʨ͈ʌk̚.,Hanja,名詞
3494,침략자,chimryakja,侵略者,Hanja word: 侵略者 (qīnluèzhě),qīnluèzhě,ʨʰim.njak̚.ʨ͈a.,Hanja,名詞
3495,친밀,chinmil,親密,Hanja word: 親密 (qīnmì),qīnmì,ʨʰim.mil.,Hanja,名詞
3496,근면,geunmyeon,勤勉,Hanja word: 勤勉 (qínmiǎn),qínmiǎn,kɯm.mjʌn.,Hanja,名詞
3497,친척,chincheok,親戚,Relatives,qīnqī,ʨʰin.ʨʰʌk̚.,Hanja,名詞
3498,친절,chinjeol,親切,"Kindness, goodness",qīnqiè,ʨʰin.ʥʌl.,Hanja,名詞
3499,침입,chimip,侵入,Hanja word: 侵入 (qīnrù),qīnrù,ʨʰim.ip̚.,Hanja,名詞
3500,침입자,chimipja,侵入者,Hanja word: 侵入者 (qīnrùzhě),qīnrùzhě,ʨʰim.ip̚.ʨ͈a.,Hanja,名詞
3501,침실,chimsil,寢室,Bedroom,qǐnshì,ʨʰim.ɕʰil.,Hanja,名詞
3502,침대,chimdae,寢臺,A bed,qǐntái,ʨʰim.dɛ.,Hanja,名詞
3503,친정,chinjeong,親庭,A woman’s maiden home and family,qīntíng,ʨʰin.ʥʌŋ.,Hanja,名詞
3504,근무,geunmu,勤務,Duty or service or work,qínwù,kɯm.mu.,Hanja,名詞
3505,궁지,gungji,窮地,Hanja word: 窮地 (qióngde·),qióngde·,kuŋ.ʥi.,Hanja,名詞
3506,궁극적,gunggeukjeok,窮極的,"Finally or in the end, 마지막으로",qióngjíde·,kuŋ.ɡɯk̚.ʨ͈ʌk̚.,Hanja,名詞
3507,궁경,gunggyeong,窮境,Hanja word: 窮境 (qióngjìng),qióngjìng,kuŋ.ɡjʌŋ.,Hanja,名詞
3508,기품,gipum,氣品,Hanja word: 氣品 (qìpǐn),qìpǐn,ki.pʰum.,Hanja,名詞
3509,기구,gigu,氣球,Structure or framework,qìqiú,ki.ɡu.,Hanja,名詞
3510,계시,gyesi,啓示,Hanja word: 啓示 (qǐshì),qǐshì,kje.ɕʰi.,Hanja,名詞
3511,칠십,chilsip,七十,Seventy,qīshí,ʨʰil.ɕʰip̚.,Hanja,數詞
3512,칠십이,chilsipi,七十二,Hanja word: 七十二 (qīshíèr'),qīshíèr',ʨʰil.ɕʰib.i.,Hanja,名詞
3513,칠십육,chilsipyuk,七十六,Hanja word: 七十六 (qīshíliù),qīshíliù,ʨʰil.ɕʰib.juk̚.,Hanja,名詞
3514,칠십오,chilsipo,七十五,Hanja word: 七十五 (qīshíwǔ),qīshíwǔ,ʨʰil.ɕʰib.o.,Hanja,名詞
3515,기수,gisu,騎手,Hanja word: 騎手 (qíshǒu),qíshǒu,ki.sʰu.,Hanja,名詞
3516,기술,gisul,奇術,Art or technique or ability,qíshù,ki.sʰul.,Hanja,名詞
3517,기소,giso,起訴,Hanja word: 起訴 (qǐsù),qǐsù,ki.sʰo.,Hanja,名詞
3518,기타,gita,其他,The others or the rest,qítā,ki.tʰa.,Hanja,名詞
3519,기체,giche,氣體,Hanja word: 氣體 (qìtǐ),qìtǐ,ki.ʨʰe.,Hanja,名詞
3520,기정,gijeong,汽艇,Hanja word: 汽艇 (qìtǐng),qìtǐng,ki.ʥʌŋ.,Hanja,名詞
3521,기도,gido,企圖,A prayer,qìtú,ki.do.,Hanja,名詞
3522,구근,gugeun,球根,Hanja word: 球根 (qiúgēn),qiúgēn,ku.ɡɯn.,Hanja,名詞
3523,구혼,guhon,求婚,Hanja word: 求婚 (qiúhūn),qiúhūn,ku.ɦon.,Hanja,名詞
3524,구균,gugyun,球菌,Hanja word: 球菌 (qiújùn),qiújùn,ku.ɡjun.,Hanja,名詞
3525,구체,guche,球體,Hanja word: 球體 (qiútǐ),qiútǐ,ku.ʨʰe.,Hanja,名詞
3526,추석,chuseok,秋夕,Korean thanksgiving,qiūxì,ʨʰu.sʰʌk̚.,Hanja,名詞
3527,기온,gion,氣溫,Temperature,qìwēn,ki.on.,Hanja,名詞
3528,기습,giseup,奇襲,Hanja word: 奇襲 (qíxí),qíxí,ki.sʰɯp̚.,Hanja,名詞
3529,기한,gihan,期限,Hanja word: 期限 (qíxiàn),qíxiàn,ki.ɦan.,Hanja,名詞
3530,기형,gihyeong,奇形,Hanja word: 奇形 (qíxíng),qíxíng,ki.hjʌŋ.,Hanja,名詞
3531,기업,gieop,企業,An enterprise or business,qìyè,ki.ʌp̚.,Hanja,名詞
3532,기업인,gieopin,企業人,Businessman,qìyèrén,ki.ʌb.in.,Hanja,名詞
3533,기원,giwon,祈願,Origin,qíyuàn,ki.u̯ʌn.,Hanja,名詞
3534,기원,giwon,起源,Origin,qǐyuán,ki.u̯ʌn.,Hanja,名詞
3535,계약,gyeyak,契約,Contract,qìyuē,kje.jak̚.,Hanja,名詞
3536,칠월,chilwol,七月,Month of July,qīyuè,ʨʰiɾ.u̯ʌl.,Hanja,名詞
3537,계약금,gyeyakgeum,契約金,Hanja word: 契約金 (qìyuējīn),qìyuējīn,kje.jak̚.k͈ɯm.,Hanja,名詞
3538,기운,giun,氣運,Strength or might (the strength you feel you have on that particular day),qìyùn,ki.un.,Hanja,名詞
3539,기치,gichi,旗幟,Hanja word: 旗幟 (qízhì),qízhì,ki.ʨʰi.,Hanja,名詞
3540,기질,gijil,氣質,Hanja word: 氣質 (qìzhí),qìzhí,ki.ʥil.,Hanja,名詞
3541,기중기,gijunggi,起重機,Hanja word: 起重機 (qǐzhòngjī),qǐzhòngjī,ki.ʥuŋ.ɡi.,Hanja,名詞
3542,전반,jeonban,全般,"The whole, all, general",quánbān,ʨʌm.ban.,Hanja,名詞
3543,전반적,jeonbanjeok,全般的,"over-all,all",quánbānde·,ʨʌm.ban.ʥʌk̚.,Hanja,名詞
3544,전부,jeonbu,全部,"All, everything",quánbù,ʨʌm.bu.,Hanja,名詞
3545,견치,gyeonchi,犬齒,Hanja word: 犬齒 (quǎnchǐ),quǎnchǐ,kjʌn.ʨʰi.,Hanja,名詞
3546,권투,gwontu,拳鬪,Boxing or K1,quándòu,ku̯ʌn.tʰu.,Hanja,名詞
3547,권고,gwongo,勸告,Hanja word: 勸告 (quàngào),quàngào,ku̯ʌŋ.ɡo.,Hanja,名詞
3548,전국,jeonguk,全國,The whole country,quánguó,ʨʌŋ.ɡuk̚.,Hanja,名詞
3549,전국적,jeongukjeok,全國的,National,quánguóde·,ʨʌŋ.ɡuk̚.ʨ͈ʌk̚.,Hanja,名詞
3550,권화,gwonhwa,權化,Hanja word: 權化 (quánhuà),quánhuà,ku̯ʌn.hu̯a.,Hanja,名詞
3551,권리,gwonri,權利,A right or a claim to,quánlì,ku̯ʌl.li.,Hanja,名詞
3552,권력,gwonryeok,權力,Hanja word: 權力 (quánlì),quánlì,ku̯ʌl.ljʌk̚.,Hanja,名詞
3553,전라도,jeonrado,全羅道,South-western region of south korea,quánluódào,ʨʌl.la.do.,Hanja,專有名詞
3554,전멸,jeonmyeol,全滅,Hanja word: 全滅 (quánmiè),quánmiè,ʨʌm.mjʌl.,Hanja,名詞
3555,권능,gwonneung,權能,Hanja word: 權能 (quánnéng),quánnéng,ku̯ʌn.nɯŋ.,Hanja,名詞
3556,전성기,jeonseonggi,全盛期,Hanja word: 全盛期 (quánshèngqí),quánshèngqí,ʨʌn.sʌŋ.ɡi.,Hanja,名詞
3557,권세,gwonse,權勢,Hanja word: 權勢 (quánshì),quánshì,ku̯ʌn.se.,Hanja,名詞
3558,전체,jeonche,全體,"The whole, the entire section",quántǐ,ʨʌn.ʨʰe.,Hanja,名詞
3559,전체적,jeonchejeok,全體的,"entirely,generally",quántǐde·,ʨʌn.ʨʰe.ʥʌk̚.,Hanja,名詞
3560,권위,gwonwi,權威,1) Authority or power 2) dignity or prestige,quánwēi,ku̯ʌn.ɥi.,Hanja,名詞
3561,권한,gwonhan,權限,Hanja word: 權限 (quánxiàn),quánxiàn,ku̯ʌn.han.,Hanja,名詞
3562,권익,gwonik,權益,Hanja word: 權益 (quányì),quányì,ku̯ʌn.ik̚.,Hanja,名詞
3563,권유,gwonyu,勸誘,Hanja word: 勸誘 (quànyòu),quànyòu,ku̯ʌn.ju.,Hanja,名詞
3564,전장,jeonjang,全長,Hanja word: 全長 (quánzhǎng),quánzhǎng,ʨʌn.ʥaŋ.,Hanja,名詞
3565,전주,jeonju,全州,Junju,quánzhōu,ʨʌn.ʥu.,Hanja,專有名詞
3566,구별,gubyeol,區別,A distinction or a separation,qūbié,ku.bjʌl.,Hanja,名詞
3567,취재,chwijae,取材,"Selection, picking out of news articles (by a reporter)",qǔcái,ʨʰɥi.ʥɛ.,Hanja,名詞
3568,취득,chwideuk,取得,Hanja word: 取得 (qǔdé),qǔdé,ʨʰɥi.dɯk̚.,Hanja,名詞
3569,취조,chwijo,取調,Hanja word: 取調 (qǔdiào),qǔdiào,ʨʰɥi.ʥo.,Hanja,名詞
3570,곡조,gokjo,曲調,Hanja word: 曲調 (qūdiào),qūdiào,kok̚.ʨ͈o.,Hanja,名詞
3571,굴지성,guljiseong,屈地性,Hanja word: 屈地性 (qūdìxìng),qūdìxìng,kul.ʨ͈i.sʰʌŋ.,Hanja,名詞
3572,확보,hwakbo,確保,"security,insurance",quèbǎo,hu̯ak̚.p͈o.,Hanja,名詞
3573,결점,gyeoljeom,缺點,Hanja word: 缺點 (quēdiǎn),quēdiǎn,kjʌl.ʨ͈ʌm.,Hanja,名詞
3574,확정,hwakjeong,確定,"decision,settlement",quèdìng,hu̯ak̚.ʨ͈ʌŋ.,Hanja,名詞
3575,결핍,gyeolpip,缺乏,Hanja word: 缺乏 (quēfá),quēfá,kjʌl.pʰip̚.,Hanja,名詞
3576,확립,hwakrip,確立,Hanja word: 確立 (quèlì),quèlì,hu̯aŋ.nip̚.,Hanja,名詞
3577,확인,hwakin,確認,"A check,confirmation",quèrèn,hu̯aɡ.in.,Hanja,名詞
3578,결여,gyeolyeo,缺如,Hanja word: 缺如 (quērú),quērú,kjʌɾ.jʌ.,Hanja,名詞
3579,확실,hwaksil,確實,Hanja word: 確實 (quèshí),quèshí,hu̯ak̚.ɕʰil.,Hanja,名詞
3580,결손,gyeolson,缺損,Hanja word: 缺損 (quēsǔn),quēsǔn,kjʌl.s͈on.,Hanja,名詞
3581,결석,gyeolseok,缺席,Absent,quēxí,kjʌl.s͈ʌk̚.,Hanja,名詞
3582,각하,gakha,卻下,Hanja word: 卻下 (quèxià),quèxià,ka.kʰa.,Hanja,名詞
3583,확신,hwaksin,確信,"Conviction, firm belief",quèxìn,hu̯ak̚.ɕʰin.,Hanja,名詞
3584,확증,hwakjeung,確證,Hanja word: 確證 (quèzhèng),quèzhèng,hu̯ak̚.ʨ͈ɯŋ.,Hanja,名詞
3585,구분,gubun,區分,A division or section,qūfēn,ku.bun.,Hanja,名詞
3586,굴광성,gulgwangseong,屈光性,Hanja word: 屈光性 (qūguāngxìng),qūguāngxìng,kul.k͈u̯aŋ.sʌŋ.,Hanja,名詞
3587,구획,guhoek,區劃,Hanja word: 區劃 (qūhuà),qūhuà,ku.ɦu̯ek̚.,Hanja,名詞
3588,곡해,gokhae,曲解,Hanja word: 曲解 (qūjiě),qūjiě,ko.kʰɛ.,Hanja,名詞
3589,군도,gundo,群島,Hanja word: 群島 (qúndǎo),qúndǎo,kun.do.,Hanja,名詞
3590,군집,gunjip,群集,Hanja word: 群集 (qúnjí),qúnjí,kun.ʥip̚.,Hanja,名詞
3591,군중,gunjung,群衆,Hanja word: 群衆 (qúnzhòng),qúnzhòng,kun.ʥuŋ.,Hanja,名詞
3592,굴욕,gulyok,屈辱,Hanja word: 屈辱 (qūrù),qūrù,kuɾ.jok̚.,Hanja,名詞
3593,굴욕적,gulyokjeok,屈辱的,Hanja word: 屈辱的 (qūrùde·),qūrùde·,kuɾ.jok̚.ʨ͈ʌk̚.,Hanja,名詞
3594,거세,geose,去勢,Hanja word: 去勢 (qùshì),qùshì,kʌ.sʰe.,Hanja,名詞
3595,구사,gusa,驅使,Hanja word: 驅使 (qūshǐ),qūshǐ,ku.sʰa.,Hanja,名詞
3596,구청,gucheong,區廳,A ward or district office,qūtīng,ku.ʨʰʌŋ.,Hanja,名詞
3597,취미,chwimi,趣味,Hobby,qùwèi,ʨʰɥi.mi.,Hanja,名詞
3598,취급,chwigeup,取扱,Hanja word: 取扱 (qǔxī),qǔxī,ʨʰɥi.ɡɯp̚.,Hanja,名詞
3599,곡선,gokseon,曲線,Hanja word: 曲線 (qūxiàn),qūxiàn,kok̚.s͈ʌn.,Hanja,名詞
3600,취향,chwihyang,趣向,"Taste, liking, one’s inclinations",qùxiàng,ʨʰɥi.hjaŋ.,Hanja,名詞
3601,취소,chwiso,取消,"Cancellation, anulment",qǔxiāo,ʨʰɥi.sʰo.,Hanja,名詞
3602,곡예,gokye,曲藝,Hanja word: 曲藝 (qūyì),qūyì,koɡ.je.,Hanja,名詞
3603,구역,guyeok,區域,A zone or district,qūyù,ku.jʌk̚.,Hanja,名詞
3604,구축함,guchukham,驅逐艦,Hanja word: 驅逐艦 (qūzhújiàn),qūzhújiàn,ku.ʨʰu.kʰam.,Hanja,名詞
3605,양보,yangbo,讓步,"concession,compromise",ràngbù,jaŋ.bo.,Hanja,名詞
3606,연료,yeonryo,燃料,Hanja word: 燃料 (ránliào),ránliào,jʌl.ljo.,Hanja,名詞
3607,연소,yeonso,燃燒,Hanja word: 燃燒 (ránshāo),ránshāo,jʌn.so.,Hanja,名詞
3608,열병,yeolbyeong,熱病,Hanja word: 熱病 (rèbìng),rèbìng,jʌl.p͈jʌŋ.,Hanja,名詞
3609,열파,yeolpa,熱波,Hanja word: 熱波 (rèbō),rèbō,jʌl.pʰa.,Hanja,名詞
3610,열처리,yeolcheori,熱處理,Hanja word: 熱處理 (rèchǔlǐ),rèchǔlǐ,jʌl.ʨʰʌ.ɾi.,Hanja,名詞
3611,야단,yadan,惹端,"A clamro, uproar 2) a scolding",rěduān,ja.dan.,Hanja,名詞
3612,열광자,yeolgwangja,熱狂者,Hanja word: 熱狂者 (rèkuángzhě),rèkuángzhě,jʌl.k͈u̯aŋ.ʥa.,Hanja,名詞
3613,열역학,yeolyeokhak,熱力學,Hanja word: 熱力學 (rèlìxué),rèlìxué,jʌɾ.jʌ.kʰak̚.,Hanja,名詞
3614,인본주의,inbonjuui,人本主義,Hanja word: 人本主義 (rénběnzhǔyì),rénběnzhǔyì,im.bon.ʥu.e.,Hanja,名詞
3615,인재,injae,人材,A man of ability,réncái,in.ʥɛ.,Hanja,名詞
3616,인천,incheon,仁川,Incheon city,rénchuān,in.ʨʰʌn.,Hanja,專有名詞
3617,인천공항,incheongonghang,仁川空港,Incheon international airport,rénchuānkōnggǎng,in.ʨʰʌŋ.ɡoŋ.haŋ.,Hanja,專有名詞
3618,인자,inja,仁慈,Hanja word: 仁慈 (réncí),réncí,in.ʥa.,Hanja,名詞
3619,인종,injong,忍從,A human race,rěncóng,in.ʥoŋ.,Hanja,名詞
3620,인내,innae,靭帶,Hanja word: 靭帶 (rèndài),rèndài,in.nɛ.,Hanja,名詞
3621,인도,indo,人道,"pavement,sidewalk",réndào,in.do.,Hanja,名詞
3622,인정,injeong,認定,Hanja word: 認定 (rèndìng),rèndìng,in.ʥʌŋ.,Hanja,名詞
3623,인분,inbun,人分,How many people counter for at restaurants,rénfēn,im.bun.,Hanja,依存名詞
3624,인격,ingyeok,人格,"Personality, character",réngé,iŋ.ɡjʌk̚.,Hanja,名詞
3625,인공,ingong,人工,"Art, human skill",réngōng,iŋ.ɡoŋ.,Hanja,名詞
3626,임관,imgwan,任官,Hanja word: 任官 (rènguān),rènguān,im.ɡu̯an.,Hanja,名詞
3627,인간,ingan,人間,"A person, a human being",rénjiān,iŋ.ɡan.,Hanja,名詞
3628,인간적,inganjeok,人間的,Personal,rénjiānde·,iŋ.ɡan.ʥʌk̚.,Hanja,名詞
3629,인간관계,ingangwangye,人間關係,Human relations,rénjiānguānxi·,iŋ.ɡaŋ.ɡu̯aŋ.ɡje.,Hanja,名詞
3630,인간성,inganseong,人間性,Human nature,rénjiānxìng,iŋ.ɡan.sʌŋ.,Hanja,名詞
3631,인가,inga,認可,Hanja word: 認可 (rènkě),rènkě,iŋ.ɡa.,Hanja,名詞
3632,인구,ingu,人口,Population,rénkǒu,iŋ.ɡu.,Hanja,名詞
3633,인류,inryu,人類,The human race,rénlèi,il.lju.,Hanja,名詞
3634,인민,inmin,人民,Hanja word: 人民 (rénmín),rénmín,im.min.,Hanja,名詞
3635,임명,immyeong,任命,Hanja word: 任命 (rènmìng),rènmìng,im.mjʌŋ.,Hanja,名詞
3636,인내,innae,忍耐,Hanja word: 忍耐 (rěnnài),rěnnài,in.nɛ.,Hanja,名詞
3637,인기,ingi,人氣,Popularity,rénqì,iŋ.ɡi.,Hanja,名詞
3638,인정,injeong,人情,Hanja word: 人情 (rénqíng),rénqíng,in.ʥʌŋ.,Hanja,名詞
3639,인산인해,insaninhae,人山人海,Hanja word: 人山人海 (rénshānrénhǎi),rénshānrénhǎi,in.san.in.hɛ.,Hanja,名詞
3640,인삼,insam,人蔘,Ginseng,rénshēn,in.sam.,Hanja,名詞
3641,임신,imsin,妊娠,Pregnant,rènshēn,im.ɕʰin.,Hanja,名詞
3642,인삼차,insamcha,人蔘茶,Ginseng tea,rénshēnchá,in.sam.ʨʰa.,Hanja,名詞
3643,임신부,imsinbu,妊娠婦,An expectant mother,rènshēnfù,im.ɕʰim.bu.,Hanja,名詞
3644,인생,insaeng,人生,Life,rénshēng,in.sɛŋ.,Hanja,名詞
3645,인사,insa,人事,Greetings,rénshì,in.sa.,Hanja,名詞
3646,인사,insa,人士,Greetings,rénshì,in.sa.,Hanja,名詞
3647,인식,insik,認識,Hanja word: 認識 (rènshì),rènshì,in.ɕʰik̚.,Hanja,名詞
3648,인사과,insagwa,人事課,Hanja word: 人事課 (rénshìkè),rénshìkè,in.sa.ɡu̯a.,Hanja,名詞
3649,인체,inche,人體,The human body,réntǐ,in.ʨʰe.,Hanja,名詞
3650,인망,inmang,人望,Hanja word: 人望 (rénwàng),rénwàng,im.maŋ.,Hanja,名詞
3651,인물,inmul,人物,"A man, a person",rénwù,im.mul.,Hanja,名詞
3652,임무,immu,任務,"A duty, an office, a task",rènwù,im.mu.,Hanja,名詞
3653,인상,insang,人相,pulling/drawing up,rénxiāng,in.saŋ.,Hanja,名詞
3654,인상착의,insangchakui,人相着衣,Hanja word: 人相着衣 (rénxiāngzhe·yī),rénxiāngzhe·yī,in.saŋ.ʨʰaɡ.e.,Hanja,名詞
3655,인형,inhyeong,人形,A doll,rénxíng,in.hjʌŋ.,Hanja,名詞
3656,인성,inseong,人性,Hanja word: 人性 (rénxìng),rénxìng,in.sʌŋ.,Hanja,名詞
3657,인원,inwon,人員,The number of persons,rényuán,in.u̯ʌn.,Hanja,名詞
3658,인지,inji,認知,Hanja word: 認知 (rènzhī),rènzhī,in.ʥi.,Hanja,名詞
3659,인종,injong,人種,A human race,rénzhǒng,in.ʥoŋ.,Hanja,名詞
3660,열기,yeolgi,熱氣,"Heat, hot air",rèqì,jʌl.k͈i.,Hanja,名詞
3661,야기,yagi,惹起,Hanja word: 惹起 (rěqǐ),rěqǐ,ja.ɡi.,Hanja,名詞
3662,열정,yeoljeong,熱情,Passion,rèqíng,jʌl.ʨ͈ʌŋ.,Hanja,名詞
3663,열용량,yeolyongryang,熱容量,Hanja word: 熱容量 (rèróngliàng),rèróngliàng,jʌɾ.joŋ.njaŋ.,Hanja,名詞
3664,열선,yeolseon,熱線,Hanja word: 熱線 (rèxiàn),rèxiàn,jʌl.s͈ʌn.,Hanja,名詞
3665,열심,yeolsim,熱心,Hanja word: 熱心 (rèxīn),rèxīn,jʌl.ɕʰim.,Hanja,名詞
3666,열의,yeolui,熱意,Hanja word: 熱意 (rèyì),rèyì,jʌɾ.e.,Hanja,名詞
3667,열중,yeoljung,熱中,Hanja word: 熱中 (rèzhōng),rèzhōng,jʌl.ʨ͈uŋ.,Hanja,名詞
3668,일본,ilbon,日本,Japan,rìběn,il.p͈on.,Hanja,專有名詞
3669,일본인,ilbonin,日本人,Hanja word: 日本人 (rìběnrén),rìběnrén,il.p͈on.in.,Hanja,名詞
3670,일본어,ilboneo,日本語,Japanese,rìběnyǔ,il.p͈on.ʌ.,Hanja,名詞
3671,일상,ilsang,日常,"Everyday, usual, ordinary",rìcháng,il.s͈aŋ.,Hanja,名詞
3672,일상적,ilsangjeok,日常的,"Daily, of the everyday things",rìchángde·,il.s͈aŋ.ʥʌk̚.,Hanja,名詞
3673,일상생활,ilsangsaenghwal,日常生活,Everyday (daily) life,rìchángshēnghuó,il.s͈aŋ.sɛŋ.hu̯al.,Hanja,名詞
3674,일정,iljeong,日程,"To be fixed, settled, regular",rìchéng,il.ʨ͈ʌŋ.,Hanja,名詞
3675,일광,ilgwang,日光,Hanja word: 日光 (rìguāng),rìguāng,il.k͈u̯aŋ.,Hanja,名詞
3676,일기,ilgi,日記,"A diary, journal",rìjì,il.k͈i.,Hanja,名詞
3677,일몰,ilmol,日沒,Hanja word: 日沒 (rìméi),rìméi,il.mol.,Hanja,名詞
3678,일기,ilgi,日氣,"A diary, journal",rìqì,il.k͈i.,Hanja,名詞
3679,일사병,ilsabyeong,日射病,Hanja word: 日射病 (rìshèbìng),rìshèbìng,il.s͈a.bjʌŋ.,Hanja,名詞
3680,일식,ilsik,日食,Japanese food,rìshí,il.ɕʰik̚.,Hanja,名詞
3681,일요일,ilyoil,日曜日,Sunday,rìyàorì,iɾ.jo.il.,Hanja,名詞
3682,일자,ilja,日子,"A date, the number of days",rìzi·,il.ʨ͈a.,Hanja,名詞
3683,융점,yungjeom,融點,Hanja word: 融點 (róngdiǎn),róngdiǎn,juŋ.ʥʌm.,Hanja,名詞
3684,융단,yungdan,絨緞,Hanja word: 絨緞 (róngduàn),róngduàn,juŋ.dan.,Hanja,名詞
3685,영광,yeonggwang,榮光,Hanja word: 榮光 (róngguāng),róngguāng,jʌŋ.ɡu̯aŋ.,Hanja,名詞
3686,용제,yongje,溶劑,Hanja word: 溶劑 (róngjì),róngjì,joŋ.ʥe.,Hanja,名詞
3687,용적,yongjeok,容積,Hanja word: 容積 (róngjī),róngjī,joŋ.ʥʌk̚.,Hanja,名詞
3688,용해,yonghae,溶解,Hanja word: 溶解 (róngjiě),róngjiě,joŋ.hɛ.,Hanja,名詞
3689,융해,yunghae,融解,Hanja word: 融解 (róngjiě),róngjiě,juŋ.hɛ.,Hanja,名詞
3690,용해,yonghae,鎔解,Hanja word: 鎔解 (róngjiě),róngjiě,joŋ.hɛ.,Hanja,名詞
3691,용광로,yonggwangro,鎔鑛爐,Hanja word: 鎔鑛爐 (róngkuànglú),róngkuànglú,joŋ.ɡu̯aŋ.no.,Hanja,名詞
3692,용량,yongryang,容量,Hanja word: 容量 (róngliàng),róngliàng,joŋ.njaŋ.,Hanja,名詞
3693,용모,yongmo,容貌,Hanja word: 容貌 (róngmào),róngmào,joŋ.mo.,Hanja,名詞
3694,용매,yongmae,溶媒,Hanja word: 溶媒 (róngméi),róngméi,joŋ.mɛ.,Hanja,名詞
3695,용기,yonggi,容器,Bravery,róngqì,joŋ.ɡi.,Hanja,名詞
3696,용서,yongseo,容恕,"pardon,forgiveness",róngshù,joŋ.sʌ.,Hanja,名詞
3697,융통,yungtong,融通,Hanja word: 融通 (róngtōng),róngtōng,juŋ.tʰoŋ.,Hanja,名詞
3698,용암,yongam,熔岩,Hanja word: 熔岩 (róngyán),róngyán,joŋ.am.,Hanja,名詞
3699,용의자,yonguija,容疑者,Hanja word: 容疑者 (róngyízhě),róngyízhě,joŋ.i.ʥa.,Hanja,名詞
3700,유도,yudo,柔道,Hanja word: 柔道 (róudào),róudào,ju.do.,Hanja,名詞
3701,유약,yuyak,柔弱,Hanja word: 柔弱 (róuruò),róuruò,ju.jak̚.,Hanja,名詞
3702,육체,yukche,肉體,"The flesh, the body",ròutǐ,juk̚.ʨʰe.,Hanja,名詞
3703,육체적,yukchejeok,肉體的,"Corporeal, of the flesh",ròutǐde·,juk̚.ʨʰe.ʥʌk̚.,Hanja,名詞
3704,육안,yukan,肉眼,Hanja word: 肉眼 (ròuyǎn),ròuyǎn,juɡ.an.,Hanja,名詞
3705,육종,yukjong,肉腫,Hanja word: 肉腫 (ròuzhǒng),ròuzhǒng,juk̚.ʨ͈oŋ.,Hanja,名詞
3706,연두색,yeondusaek,軟豆色,Light green,ruǎndòusè,jʌn.du.sʰɛk̚.,Hanja,名詞
3707,연강,yeongang,軟鋼,Hanja word: 軟鋼 (ruǎngāng),ruǎngāng,jʌŋ.ɡaŋ.,Hanja,名詞
3708,연고,yeongo,軟膏,Hanja word: 軟膏 (ruǎngāo),ruǎngāo,jʌŋ.ɡo.,Hanja,名詞
3709,연골,yeongol,軟骨,Hanja word: 軟骨 (ruǎngǔ),ruǎngǔ,jʌŋ.ɡol.,Hanja,名詞
3710,연화,yeonhwa,軟化,Hanja word: 軟化 (ruǎnhuà),ruǎnhuà,jʌn.hu̯a.,Hanja,名詞
3711,연구개,yeongugae,軟口蓋,Hanja word: 軟口蓋 (ruǎnkǒugài),ruǎnkǒugài,jʌŋ.ɡu.ɡɛ.,Hanja,名詞
3712,연수,yeonsu,軟水,Hanja word: 軟水 (ruǎnshuǐ),ruǎnshuǐ,jʌn.su.,Hanja,名詞
3713,입장,ipjang,入場,"A position, situation",rùchǎng,ip̚.ʨ͈aŋ.,Hanja,名詞
3714,입대,ipdae,入隊,"Enlistment, enrollment",rùduì,ip̚.t͈ɛ.,Hanja,名詞
3715,유방,yubang,乳房,Hanja word: 乳房 (rǔfáng),rǔfáng,ju.baŋ.,Hanja,名詞
3716,여간,yeogan,如干,"just, a little. 여간 ~지 않다 means very very ~다",rúgān,jʌ.ɡan.,Hanja,名詞
3717,입국,ipguk,入國,Entering a country,rùguó,ip̚.k͈uk̚.,Hanja,名詞
3718,입국심사,ipguksimsa,入國審查,Hanja word: 入國審查 (rùguóshěnchá),rùguóshěnchá,ip̚.k͈uk̚.ɕʰim.sa.,Hanja,名詞
3719,유제,yuje,乳劑,Hanja word: 乳劑 (rǔjì),rǔjì,ju.ʥe.,Hanja,名詞
3720,유교,yugyo,儒敎,Confucianism,rújiào,ju.ɡjo.,Hanja,名詞
3721,입구,ipgu,入口,Entrance,rùkǒu,ip̚.k͈u.,Hanja,名詞
3722,입력,ipryeok,入力,Power input,rùlì,im.njʌk̚.,Hanja,名詞
3723,윤활유,yunhwalyu,潤滑油,Hanja word: 潤滑油 (rùnhuáyóu),rùnhuáyóu,jun.hu̯aɾ.ju.,Hanja,名詞
3724,윤년,yunnyeon,閏年,Hanja word: 閏年 (rùnnián),rùnnián,jun.njʌn.,Hanja,名詞
3725,윤택,yuntaek,潤澤,Hanja word: 潤澤 (rùnzé),rùnzé,jun.tʰɛk̚.,Hanja,名詞
3726,약점,yakjeom,弱點,"A weak point, a vulnerable point",ruòdiǎn,jak̚.ʨ͈ʌm.,Hanja,名詞
3727,약간,yakgan,若干,Somewhat,ruògān,jak̚.k͈an.,Hanja,副詞
3728,약육강식,yakyukgangsik,弱肉強食,Hanja word: 弱肉強食 (ruòròuqiángshí),ruòròuqiángshí,jaɡ.juk̚.k͈aŋ.ɕʰik̚.,Hanja,名詞
3729,여전,yeojeon,如前,Hanja word: 如前 (rúqián),rúqián,jʌ.ʥʌn.,Hanja,名詞
3730,입사,ipsa,入射,enter/join a company,rùshè,ip.s͈a.,Hanja,名詞
3731,입사,ipsa,入社,enter/join a company,rùshè,ip.s͈a.,Hanja,名詞
3732,입시,ipsi,入試,An entrance examination,rùshì,ip.ɕʰi.,Hanja,名詞
3733,입수,ipsu,入水,Hanja word: 入水 (rùshuǐ),rùshuǐ,ip.s͈u.,Hanja,名詞
3734,유산,yusan,乳酸,"An inheritence, property left behind",rǔsuān,ju.sʰan.,Hanja,名詞
3735,유당,yudang,乳糖,Hanja word: 乳糖 (rǔtáng),rǔtáng,ju.daŋ.,Hanja,名詞
3736,유선,yuseon,乳腺,Hanja word: 乳腺 (rǔxiàn),rǔxiàn,ju.sʰʌn.,Hanja,名詞
3737,유향,yuhyang,乳香,Hanja word: 乳香 (rǔxiāng),rǔxiāng,ju.hjaŋ.,Hanja,名詞
3738,유학,yuhak,儒學,Studying abroad,rúxué,ju.ɦak̚.,Hanja,名詞
3739,입학,iphak,入學,Admission into school,rùxué,i.pʰak̚.,Hanja,名詞
3740,입원,ipwon,入院,Hospitalization,rùyuàn,ib.u̯ʌn.,Hanja,名詞
3741,입찰,ipchal,入札,Hanja word: 入札 (rùzhá),rùzhá,ip̚.ʨʰal.,Hanja,名詞
3742,유제품,yujepum,乳製品,Hanja word: 乳製品 (rǔzhìpǐn),rǔzhìpǐn,ju.ʥe.pʰum.,Hanja,名詞
3743,살포,salpo,撒布,Hanja word: 撒布 (sābù),sābù,sʰal.pʰo.,Hanja,名詞
3744,산병,sanbyeong,散兵,Hanja word: 散兵 (sànbīng),sànbīng,sʰam.bjʌŋ.,Hanja,名詞
3745,산포,sanpo,散布,Hanja word: 散布 (sànbù),sànbù,sʰam.pʰo.,Hanja,名詞
3746,산책,sanchaek,散策,"A walk,stroll",sàncè,sʰan.ʨʰɛk̚.,Hanja,名詞
3747,삼촌,samchon,三寸,"An uncle (usually on the father's side)(외삼촌 a brother of the wife, an uncle on the mother's side)",sāncùn,sʰam.ʨʰon.,Hanja,名詞
3748,산발적,sanbaljeok,散發的,Hanja word: 散發的 (sànfāde·),sànfāde·,sʰam.bal.ʨ͈ʌk̚.,Hanja,名詞
3749,상실,sangsil,喪失,Hanja word: 喪失 (sàngshī),sàngshī,sʰaŋ.ɕʰil.,Hanja,名詞
3750,삼국,samguk,三國,Three countries,sānguó,sʰam.ɡuk̚.,Hanja,名詞
3751,삼각,samgak,三脚,Hanja word: 三脚 (sānjiǎo),sānjiǎo,sʰam.ɡak̚.,Hanja,名詞
3752,산란,sanran,散亂,Hanja word: 散亂 (sànluàn),sànluàn,sʰal.lan.,Hanja,名詞
3753,산만,sanman,散漫,Hanja word: 散漫 (sànmàn),sànmàn,sʰam.man.,Hanja,名詞
3754,삼십,samsip,三十,30,sānshí,sʰam.ɕʰip̚.,Hanja,數詞
3755,삼십이,samsipi,三十二,Hanja word: 三十二 (sānshíèr'),sānshíèr',sʰam.ɕʰib.i.,Hanja,名詞
3756,삼십오,samsipo,三十五,Hanja word: 三十五 (sānshíwǔ),sānshíwǔ,sʰam.ɕʰib.o.,Hanja,名詞
3757,삼십일,samsipil,三十一,Hanja word: 三十一 (sānshíyī),sānshíyī,sʰam.ɕʰib.il.,Hanja,名詞
3758,삼두근,samdugeun,三頭筋,Hanja word: 三頭筋 (sāntóujīn),sāntóujīn,sʰam.du.ɡɯn.,Hanja,名詞
3759,삼두정치,samdujeongchi,三頭政治,Hanja word: 三頭政治 (sāntóuzhèngzhì),sāntóuzhèngzhì,sʰam.du.ʥʌŋ.ʨʰi.,Hanja,名詞
3760,산문,sanmun,散文,Hanja word: 散文 (sànwén),sànwén,sʰam.mun.,Hanja,名詞
3761,삼월,samwol,三月,March,sānyuè,sʰam.u̯ʌl.,Hanja,名詞
3762,산재,sanjae,散在,Hanja word: 散在 (sànzài),sànzài,sʰan.ʥɛ.,Hanja,名詞
3763,소동,sodong,騷動,Hanja word: 騷動 (sāodòng),sāodòng,sʰo.doŋ.,Hanja,名詞
3764,소요,soyo,騷擾,Hanja word: 騷擾 (sāorǎo),sāorǎo,sʰo.jo.,Hanja,名詞
3765,소음,soeum,騷音,"A noise,cacaphony",sāoyīn,sʰo.ɯm.,Hanja,名詞
3766,색채,saekchae,色彩,Hanja word: 色彩 (sècǎi),sècǎi,sʰɛk̚.ʨʰɛ.,Hanja,名詞
3767,삼림,samrim,森林,Hanja word: 森林 (sēnlín),sēnlín,sʰam.nim.,Hanja,名詞
3768,색연필,saekyeonpil,色鉛筆,Colored pencil,sèqiānbǐ,sʰɛɡ.jʌm.pʰil.,Hanja,名詞
3769,색소,saekso,色素,Hanja word: 色素 (sèsù),sèsù,sʰɛk̚.s͈o.,Hanja,名詞
3770,색상,saeksang,色相,Hanja word: 色相 (sèxiāng),sèxiāng,sʰɛk̚.s͈aŋ.,Hanja,名詞
3771,쇄도,swaedo,殺到,Hanja word: 殺到 (shādào),shādào,sʰu̯ɛ.do.,Hanja,名詞
3772,사과,sagwa,沙果,An apple,shāguǒ,sʰa.ɡu̯a.,Hanja,名詞
3773,살해죄,salhaejoe,殺害罪,Hanja word: 殺害罪 (shāhàizuì),shāhàizuì,sʰaɾ.ɦɛ.ʥu̯e.,Hanja,名詞
3774,살균,salgyun,殺菌,Hanja word: 殺菌 (shājùn),shājùn,sʰal.k͈jun.,Hanja,名詞
3775,사막,samak,沙漠,Hanja word: 沙漠 (shāmò),shāmò,sʰa.mak̚.,Hanja,名詞
3776,찰나,chalna,刹那,Hanja word: 刹那 (shānà),shānà,ʨʰal.la.,Hanja,名詞
3777,선풍기,seonpunggi,扇風機,A fan,shànfēngjī,sʰʌm.pʰuŋ.ɡi.,Hanja,名詞
3778,상반기,sangbangi,上半期,"The first,upper half",shàngbànqí,sʰaŋ.baŋ.ɡi.,Hanja,名詞
3779,상반신,sangbansin,上半身,Hanja word: 上半身 (shàngbànshēn),shàngbànshēn,sʰaŋ.ban.ɕʰin.,Hanja,名詞
3780,상배,sangbae,賞杯,Hanja word: 賞杯 (shǎngbēi),shǎngbēi,sʰaŋ.bɛ.,Hanja,名詞
3781,상배,sangbae,賞盃,Hanja word: 賞盃 (shǎngbēi),shǎngbēi,sʰaŋ.bɛ.,Hanja,名詞
3782,상표,sangpyo,商標,"trademark, brand",shāngbiāo,sʰaŋ.pʰjo.,Hanja,名詞
3783,상처,sangcheo,傷處,Wound,shāngchù,sʰaŋ.ʨʰʌ.,Hanja,名詞
3784,상선,sangseon,商船,Hanja word: 商船 (shāngchuán),shāngchuán,sʰaŋ.sʌn.,Hanja,名詞
3785,상점,sangjeom,商店,"A shop,store",shāngdiàn,sʰaŋ.ʥʌm.,Hanja,名詞
3786,상법,sangbeop,商法,Hanja word: 商法 (shāngfǎ),shāngfǎ,sʰaŋ.bʌp̚.,Hanja,名詞
3787,상해,sanghae,傷害,Hanja word: 傷害 (shānghài),shānghài,sʰaŋ.hɛ.,Hanja,名詞
3788,상호,sangho,商號,Hanja word: 商號 (shānghào),shānghào,sʰaŋ.ho.,Hanja,名詞
3789,상회,sanghoe,商會,Hanja word: 商會 (shānghuì),shānghuì,sʰaŋ.hu̯e.,Hanja,名詞
3790,상금,sanggeum,賞金,Prize money,shǎngjīn,sʰaŋ.ɡɯm.,Hanja,名詞
3791,상류,sangryu,上流,"The upper classes,upstream",shàngliú,sʰaŋ.nju.,Hanja,名詞
3792,상륙,sangryuk,上陸,Hanja word: 上陸 (shànglù),shànglù,sʰaŋ.njuk̚.,Hanja,名詞
3793,상패,sangpae,賞牌,Hanja word: 賞牌 (shǎngpái),shǎngpái,sʰaŋ.pʰɛ.,Hanja,名詞
3794,상품,sangpum,賞品,Product,shǎngpǐn,sʰaŋ.pʰum.,Hanja,名詞
3795,상품,sangpum,商品,Product,shāngpǐn,sʰaŋ.pʰum.,Hanja,名詞
3796,상인,sangin,商人,"merchant,trader",shāngrén,sʰaŋ.in.,Hanja,名詞
3797,상사,sangsa,商社,Hanja word: 商社 (shāngshè),shāngshè,sʰaŋ.sa.,Hanja,名詞
3798,상승,sangseung,上昇,Hanja word: 上昇 (shàngshēng),shàngshēng,sʰaŋ.sɯŋ.,Hanja,名詞
3799,상승적,sangseungjeok,上昇的,Hanja word: 上昇的 (shàngshēngde·),shàngshēngde·,sʰaŋ.sɯŋ.ʥʌk̚.,Hanja,名詞
3800,상사,sangsa,上司,Hanja word: 上司 (shàngsī),shàngsī,sʰaŋ.sa.,Hanja,名詞
3801,상담,sangdam,商談,Consultation,shāngtán,sʰaŋ.dam.,Hanja,名詞
3802,섬광,seomgwang,閃光,Hanja word: 閃光 (shǎnguāng),shǎnguāng,sʰʌm.ɡu̯aŋ.,Hanja,名詞
3803,상미,sangmi,賞味,Hanja word: 賞味 (shǎngwèi),shǎngwèi,sʰaŋ.mi.,Hanja,名詞
3804,상석,sangseok,上席,Hanja word: 上席 (shàngxí),shàngxí,sʰaŋ.sʌk̚.,Hanja,名詞
3805,상업,sangeop,商業,"commerce,trade",shāngyè,sʰaŋ.ʌp̚.,Hanja,名詞
3806,산호,sanho,珊瑚,Hanja word: 珊瑚 (shānhú),shānhú,sʰan.ho.,Hanja,名詞
3807,선량,seonryang,善良,Hanja word: 善良 (shànliáng),shànliáng,sʰʌl.ljaŋ.,Hanja,名詞
3808,산맥,sanmaek,山脈,Hanja word: 山脈 (shānmài),shānmài,sʰam.mɛk̚.,Hanja,名詞
3809,선물,seonmul,膳物,"A present,gift",shànwù,sʰʌm.mul.,Hanja,名詞
3810,산계,sangye,山系,Hanja word: 山系 (shānxì),shānxì,sʰaŋ.ɡje.,Hanja,名詞
3811,산협,sanhyeop,山峽,Hanja word: 山峽 (shānxiá),shānxiá,sʰan.hjʌp̚.,Hanja,名詞
3812,산적,sanjeok,山賊,Hanja word: 山賊 (shānzéi),shānzéi,sʰan.ʥʌk̚.,Hanja,名詞
3813,소개,sogae,紹介,Introduction,shàojiè,sʰo.ɡɛ.,Hanja,名詞
3814,소주,soju,燒酒,Korean sake,shāojiǔ,sʰo.ʥu.,Hanja,名詞
3815,소년,sonyeon,少年,A boy,shǎonián,sʰo.njʌn.,Hanja,名詞
3816,소녀,sonyeo,少女,A young girl,shǎonǚ,sʰo.njʌ.,Hanja,名詞
3817,소각,sogak,燒卻,Hanja word: 燒卻 (shāoquè),shāoquè,sʰo.ɡak̚.,Hanja,名詞
3818,소수,sosu,少數,"A small number, a few",shǎoshù,sʰo.sʰu.,Hanja,名詞
3819,소위,sowi,少尉,What is called for,shǎowèi,sʰo.ɥi.,Hanja,副詞
3820,작약,jakyak,芍藥,Hanja word: 芍藥 (sháoyào),sháoyào,ʨaɡ.jak̚.,Hanja,名詞
3821,소이탄,soitan,燒夷彈,Hanja word: 燒夷彈 (shāoyítán),shāoyítán,sʰo.i.tʰan.,Hanja,名詞
3822,살인,salin,殺人,Murder,shārén,sʰaɾ.in.,Hanja,名詞
3823,살인범,salinbeom,殺人犯,Hanja word: 殺人犯 (shārénfàn),shārénfàn,sʰaɾ.im.bʌm.,Hanja,名詞
3824,살인자,salinja,殺人者,Hanja word: 殺人者 (shārénzhě),shārénzhě,sʰaɾ.in.ʥa.,Hanja,名詞
3825,살인죄,salinjoe,殺人罪,Hanja word: 殺人罪 (shārénzuì),shārénzuì,sʰaɾ.in.ʥu̯e.,Hanja,名詞
3826,사탕,satang,沙糖,Sugar,shātáng,sʰa.tʰaŋ.,Hanja,名詞
3827,사탕,satang,砂糖,Sugar,shātáng,sʰa.tʰaŋ.,Hanja,名詞
3828,사철,sacheol,砂鐵,Hanja word: 砂鐵 (shātiě),shātiě,sʰa.ʨʰʌl.,Hanja,名詞
3829,사암,saam,砂岩,Hanja word: 砂岩 (shāyán),shāyán,sʰa.am.,Hanja,名詞
3830,살조제,saljoje,殺藻劑,Hanja word: 殺藻劑 (shāzǎojì),shāzǎojì,sʰal.ʨ͈o.ʥe.,Hanja,名詞
3831,사주,saju,砂洲,Hanja word: 砂洲 (shāzhōu),shāzhōu,sʰa.ʥu.,Hanja,名詞
3832,설비,seolbi,設備,Hanja word: 設備 (shèbèi),shèbèi,sʰʌl.p͈i.,Hanja,名詞
3833,사치,sachi,奢侈,Hanja word: 奢侈 (shēchǐ),shēchǐ,sʰa.ʨʰi.,Hanja,名詞
3834,사출,sachul,射出,Hanja word: 射出 (shèchū),shèchū,sʰa.ʨʰul.,Hanja,名詞
3835,사회,sahoe,社會,"culture,society",shèhuì,sʰa.ɦu̯e.,Hanja,名詞
3836,사회적,sahoejeok,社會的,Socially,shèhuìde·,sʰa.ɦu̯e.ʥʌk̚.,Hanja,名詞
3837,사회생활,sahoesaenghwal,社會生活,Social life,shèhuìshēnghuó,sʰa.ɦu̯e.sʰɛŋ.hu̯al.,Hanja,名詞
3838,사회학,sahoehak,社會學,Social science,shèhuìxué,sʰa.ɦu̯e.ɦak̚.,Hanja,名詞
3839,사회주의,sahoejuui,社會主義,Socialism,shèhuìzhǔyì,sʰa.ɦu̯e.ʥu.e.,Hanja,名詞
3840,설계,seolgye,設計,Hanja word: 設計 (shèjì),shèjì,sʰʌl.k͈je.,Hanja,名詞
3841,설립,seolrip,設立,Hanja word: 設立 (shèlì),shèlì,sʰʌl.lip̚.,Hanja,名詞
3842,설령,seolryeong,設令,Hanja word: 設令 (shèlìng),shèlìng,sʰʌl.ljʌŋ.,Hanja,名詞
3843,심사,simsa,審查,"judgment,examination",shěnchá,ɕʰim.sa.,Hanja,名詞
3844,신전,sinjeon,神殿,Hanja word: 神殿 (shéndiàn),shéndiàn,ɕʰin.ʥʌn.,Hanja,名詞
3845,침전,chimjeon,沈澱,Hanja word: 沈澱 (shěndiàn),shěndiàn,ʨʰim.ʥʌn.,Hanja,名詞
3846,신분,sinbun,身分,Social position,shēnfèn,ɕʰim.bun.,Hanja,名詞
3847,신부,sinbu,神父,Bride,shénfù,ɕʰim.bu.,Hanja,名詞
3848,신고,singo,申告,"A statement,declaration",shēngào,ɕʰiŋ.ɡo.,Hanja,名詞
3849,신고서,singoseo,申告書,Hanja word: 申告書 (shēngàoshū),shēngàoshū,ɕʰiŋ.ɡo.sʰʌ.,Hanja,名詞
3850,생산,saengsan,生産,1) production 2)birth,shēngchǎn,sʰɛŋ.san.,Hanja,名詞
3851,생산력,saengsanryeok,生産力,Productive capacity,shēngchǎnlì,sʰɛŋ.sal.ljʌk̚.,Hanja,名詞
3852,생산자,saengsanja,生産者,A producer,shēngchǎnzhě,sʰɛŋ.san.ʥa.,Hanja,名詞
3853,생신,saengsin,生辰,A birthday,shēngchén,sʰɛŋ.ɕʰin.,Hanja,名詞
3854,생존,saengjon,生存,Hanja word: 生存 (shēngcún),shēngcún,sʰɛŋ.ʥon.,Hanja,名詞
3855,생존자,saengjonja,生存者,Hanja word: 生存者 (shēngcúnzhě),shēngcúnzhě,sʰɛŋ.ʥon.ʥa.,Hanja,名詞
3856,성지,seongji,聖地,Hanja word: 聖地 (shèngdì),shèngdì,sʰʌŋ.ʥi.,Hanja,名詞
3857,성전,seongjeon,聖典,Hanja word: 聖典 (shèngdiǎn),shèngdiǎn,sʰʌŋ.ʥʌn.,Hanja,名詞
3858,신격화,singyeokhwa,神格化,Hanja word: 神格化 (shéngéhuà),shéngéhuà,ɕʰiŋ.ɡjʌ.kʰu̯a.,Hanja,名詞
3859,생방송,saengbangsong,生放送,A live broadcast,shēngfàngsòng,sʰɛŋ.baŋ.soŋ.,Hanja,名詞
3860,승부,seungbu,勝負,"A contest,match",shèngfù,sʰɯŋ.bu.,Hanja,名詞
3861,성가,seongga,聖歌,Hanja word: 聖歌 (shènggē),shènggē,sʰʌŋ.ɡa.,Hanja,名詞
3862,승홍,seunghong,昇汞,Hanja word: 昇汞 (shēnggǒng),shēnggǒng,sʰɯŋ.hoŋ.,Hanja,名詞
3863,승화,seunghwa,昇華,Hanja word: 昇華 (shēnghuá),shēnghuá,sʰɯŋ.hu̯a.,Hanja,名詞
3864,생화학,saenghwahak,生化學,Hanja word: 生化學 (shēnghuàxué),shēnghuàxué,sʰɛŋ.hu̯a.ɦak̚.,Hanja,名詞
3865,생활,saenghwal,生活,"lifestyle,livelihood",shēnghuó,sʰɛŋ.hu̯al.,Hanja,名詞
3866,생활비,saenghwalbi,生活費,Cost of living,shēnghuófèi,sʰɛŋ.hu̯al.p͈i.,Hanja,名詞
3867,생활환경,saenghwalhwangyeong,生活環境,Life environment,shēnghuóhuánjìng,sʰɛŋ.hu̯aɾ.ɦu̯aŋ.ɡjʌŋ.,Hanja,名詞
3868,생활수준,saenghwalsujun,生活水準,The standard of living,shēnghuóshuǐzhǔn,sʰɛŋ.hu̯al.s͈u.ʥun.,Hanja,名詞
3869,생활용품,saenghwalyongpum,生活用品,Necessities for daily life,shēnghuóyòngpǐn,sʰɛŋ.hu̯aɾ.joŋ.pʰum.,Hanja,名詞
3870,생계,saenggye,生計,Hanja word: 生計 (shēngjì),shēngjì,sʰɛŋ.ɡje.,Hanja,名詞
3871,생강,saenggang,生薑,Hanja word: 生薑 (shēngjiāng),shēngjiāng,sʰɛŋ.ɡaŋ.,Hanja,名詞
3872,승강장,seunggangjang,昇降場,Hanja word: 昇降場 (shēngjiàngchǎng),shēngjiàngchǎng,sʰɯŋ.ɡaŋ.ʥaŋ.,Hanja,名詞
3873,승진,seungjin,昇進,"promotion,advancement",shēngjìn,sʰɯŋ.ʥin.,Hanja,名詞
3874,성경,seonggyeong,聖經,The Bible,shèngjīng,sʰʌŋ.ɡjʌŋ.,Hanja,名詞
3875,승리,seungri,勝利,A victory,shènglì,sʰɯŋ.ni.,Hanja,名詞
3876,승리자,seungrija,勝利者,Hanja word: 勝利者 (shènglìzhě),shènglìzhě,sʰɯŋ.ni.ʥa.,Hanja,名詞
3877,생략,saengryak,省略,Hanja word: 省略 (shěngluè),shěngluè,sʰɛŋ.njak̚.,Hanja,名詞
3878,성문,seongmun,聲門,Hanja word: 聲門 (shēngmén),shēngmén,sʰʌŋ.mun.,Hanja,名詞
3879,성명,seongmyeong,聲明,"A declaration,statement",shēngmíng,sʰʌŋ.mjʌŋ.,Hanja,名詞
3880,생명,saengmyeong,生命,Life,shēngmìng,sʰɛŋ.mjʌŋ.,Hanja,名詞
3881,생기,saenggi,生氣,"animation,life",shēngqì,sʰɛŋ.ɡi.,Hanja,名詞
3882,성인,seongin,聖人,An adult,shèngrén,sʰʌŋ.in.,Hanja,名詞
3883,생일,saengil,生日,A birthday,shēngrì,sʰɛŋ.il.,Hanja,名詞
3884,성서,seongseo,聖書,Hanja word: 聖書 (shèngshū),shèngshū,sʰʌŋ.sʌ.,Hanja,名詞
3885,성쇠,seongsoe,盛衰,Hanja word: 盛衰 (shèngshuāi),shèngshuāi,sʰʌŋ.su̯e.,Hanja,名詞
3886,성당,seongdang,聖堂,A church,shèngtáng,sʰʌŋ.daŋ.,Hanja,名詞
3887,생물,saengmul,生物,A living thing,shēngwù,sʰɛŋ.mul.,Hanja,名詞
3888,생물학,saengmulhak,生物學,Hanja word: 生物學 (shēngwùxué),shēngwùxué,sʰɛŋ.muɾ.ɦak̚.,Hanja,名詞
3889,생선,saengseon,生鮮,Raw fish,shēngxiān,sʰɛŋ.sʌn.,Hanja,名詞
3890,성상,seongsang,聖像,Hanja word: 聖像 (shèngxiàng),shèngxiàng,sʰʌŋ.saŋ.,Hanja,名詞
3891,생장,saengjang,生長,Hanja word: 生長 (shēngzhǎng),shēngzhǎng,sʰɛŋ.ʥaŋ.,Hanja,名詞
3892,성직,seongjik,聖職,Hanja word: 聖職 (shèngzhí),shèngzhí,sʰʌŋ.ʥik̚.,Hanja,名詞
3893,신화,sinhwa,神話,A myth,shénhuà,ɕʰin.hu̯a.,Hanja,名詞
3894,신경,singyeong,神經,Hanja word: 神經 (shénjīng),shénjīng,ɕʰiŋ.ɡjʌŋ.,Hanja,名詞
3895,삼계탕,samgyetang,蔘雞湯,Chicken soup,shēnjītāng,sʰam.ɡje.tʰaŋ.,Hanja,名詞
3896,심각,simgak,深刻,Hanja word: 深刻 (shēnkè),shēnkè,ɕʰim.ɡak̚.,Hanja,名詞
3897,심각성,simgakseong,深刻性,Hanja word: 深刻性 (shēnkèxìng),shēnkèxìng,ɕʰim.ɡak̚.s͈ʌŋ.,Hanja,名詞
3898,심리,simri,審理,A mental state,shěnlǐ,ɕʰim.ni.,Hanja,名詞
3899,심미적,simmijeok,審美的,Hanja word: 審美的 (shěnměide·),shěnměide·,ɕʰim.mi.ʥʌk̚.,Hanja,名詞
3900,신비,sinbi,神秘,Mystery,shénmì,ɕʰim.bi.,Hanja,名詞
3901,침묵,chimmuk,沈默,Silence,shěnmò,ʨʰim.muk̚.,Hanja,名詞
3902,심판,simpan,審判,"referencing,umpireship",shěnpàn,ɕʰim.pʰan.,Hanja,名詞
3903,신기,singi,神奇,Hanja word: 神奇 (shénqí),shénqí,ɕʰiŋ.ɡi.,Hanja,名詞
3904,신청,sincheong,申請,"application,request",shēnqǐng,ɕʰin.ʨʰʌŋ.,Hanja,名詞
3905,신청서,sincheongseo,申請書,"Application, application form",shēnqǐngshū,ɕʰin.ʨʰʌŋ.sʌ.,Hanja,名詞
3906,신성,sinseong,神聖,Hanja word: 神聖 (shénshèng),shénshèng,ɕʰin.sʌŋ.,Hanja,名詞
3907,신사,sinsa,紳士,A gentleman,shēnshì,ɕʰin.sa.,Hanja,名詞
3908,신사적,sinsajeok,紳士的,Hanja word: 紳士的 (shēnshìde·),shēnshìde·,ɕʰin.sa.ʥʌk̚.,Hanja,名詞
3909,신체,sinche,身體,The body,shēntǐ,ɕʰin.ʨʰe.,Hanja,名詞
3910,신체적,sinchejeok,身體的,Physical,shēntǐde·,ɕʰin.ʨʰe.ʥʌk̚.,Hanja,名詞
3911,심문,simmun,審問,Hanja word: 審問 (shěnwèn),shěnwèn,ɕʰim.mun.,Hanja,名詞
3912,침향,chimhyang,沈香,Hanja word: 沈香 (shěnxiāng),shěnxiāng,ʨʰim.hjaŋ.,Hanja,名詞
3913,신성,sinseong,神性,Hanja word: 神性 (shénxìng),shénxìng,ɕʰin.sʌŋ.,Hanja,名詞
3914,신학,sinhak,神學,Hanja word: 神學 (shénxué),shénxué,ɕʰin.hak̚.,Hanja,名詞
3915,심의,simui,審議,Hanja word: 審議 (shěnyì),shěnyì,ɕʰim.e.,Hanja,名詞
3916,신원,sinwon,身元,Hanja word: 身元 (shēnyuán),shēnyuán,ɕʰin.u̯ʌn.,Hanja,名詞
3917,신장,sinjang,腎臟,Hanja word: 腎臟 (shènzàng),shènzàng,ɕʰin.ʥaŋ.,Hanja,名詞
3918,신장,sinjang,伸張,Hanja word: 伸張 (shēnzhāng),shēnzhāng,ɕʰin.ʥaŋ.,Hanja,名詞
3919,침착,chimchak,沈着,Hanja word: 沈着 (shěnzhe·),shěnzhe·,ʨʰim.ʨʰak̚.,Hanja,名詞
3920,침체,chimche,沈滯,Hanja word: 沈滯 (shěnzhì),shěnzhì,ʨʰim.ʨʰe.,Hanja,名詞
3921,심지어,simjieo,甚至於,Hanja word: 甚至於 (shènzhìyú),shènzhìyú,ɕʰim.ʥi.ʌ.,Hanja,名詞
3922,신중,sinjung,慎重,Hanja word: 慎重 (shènzhòng),shènzhòng,ɕʰin.ʥuŋ.,Hanja,名詞
3923,섭씨,seopssi,攝氏,Celsius,shèshì,sʰʌp.ɕ͈i.,Hanja,名詞
3924,설사,seolsa,設使,Diarrhea,shèshǐ,sʰʌl.s͈a.,Hanja,副詞
3925,사수,sasu,射手,Hanja word: 射手 (shèshǒu),shèshǒu,sʰa.sʰu.,Hanja,名詞
3926,사설,saseol,社說,An editorial,shèshuō,sʰa.sʰʌl.,Hanja,名詞
3927,설문,seolmun,設問,questions like those on a questionnaire,shèwèn,sʰʌl.mun.,Hanja,名詞
3928,사문석,samunseok,蛇紋石,Hanja word: 蛇紋石 (shéwénshí),shéwénshí,sʰa.mun.sʌk̚.,Hanja,名詞
3929,사향,sahyang,麝香,Hanja word: 麝香 (shèxiāng),shèxiāng,sʰa.hjaŋ.,Hanja,名詞
3930,사원,sawon,社員,Company employee,shèyuán,sʰa.u̯ʌn.,Hanja,名詞
3931,사장,sajang,社長,Company boss,shèzhǎng,sʰa.ʥaŋ.,Hanja,名詞
3932,섭정,seopjeong,攝政,Hanja word: 攝政 (shèzhèng),shèzhèng,sʰʌp̚.ʨ͈ʌŋ.,Hanja,名詞
3933,설치,seolchi,設置,"establisment,institution",shèzhì,sʰʌl.ʨʰi.,Hanja,名詞
3934,실패,silpae,失敗,Failure,shībài,ɕʰil.pʰɛ.,Hanja,名詞
3935,시보,sibo,時報,Hanja word: 時報 (shíbào),shíbào,ɕʰi.bo.,Hanja,名詞
3936,식별,sikbyeol,識別,Hanja word: 識別 (shìbié),shìbié,ɕʰik̚.p͈jʌl.,Hanja,名詞
3937,석재,seokjae,石材,Hanja word: 石材 (shícái),shícái,sʰʌk̚.ʨ͈ɛ.,Hanja,名詞
3938,실책,silchaek,失策,Hanja word: 失策 (shīcè),shīcè,ɕʰil.ʨʰɛk̚.,Hanja,名詞
3939,시찰,sichal,視察,Hanja word: 視察 (shìchá),shìchá,ɕʰi.ʨʰal.,Hanja,名詞
3940,시차,sicha,視差,Hanja word: 視差 (shìchā),shìchā,ɕʰi.ʨʰa.,Hanja,名詞
3941,시장,sijang,市場,"market,fair",shìchǎng,ɕʰi.ʥaŋ.,Hanja,名詞
3942,식초,sikcho,食醋,Vinegar,shícò,ɕʰik̚.ʨʰo.,Hanja,名詞
3943,시종,sijong,侍從,Hanja word: 侍從 (shìcóng),shìcóng,ɕʰi.ʥoŋ.,Hanja,名詞
3944,시대,sidae,時代,"An age,period",shídài,ɕʰi.dɛ.,Hanja,名詞
3945,세대,sedae,世代,Generation,shìdài,sʰe.dɛ.,Hanja,名詞
3946,시대적,sidaejeok,時代的,Of the times,shídàide·,ɕʰi.dɛ.ʥʌk̚.,Hanja,名詞
3947,적당,jeokdang,適當,Hanja word: 適當 (shìdàng),shìdàng,ʨʌk̚.t͈aŋ.,Hanja,名詞
3948,시점,sijeom,時點,Point in time,shídiǎn,ɕʰi.ʥʌm.,Hanja,名詞
3949,식전,sikjeon,式典,Hanja word: 式典 (shìdiǎn),shìdiǎn,ɕʰik̚.ʨ͈ʌn.,Hanja,名詞
3950,십이,sipi,十二,Hanja word: 十二 (shíèr'),shíèr',ɕʰib.i.,Hanja,名詞
3951,십이월,sipiwol,十二月,December,shíèr'yuè,ɕʰib.i.u̯ʌl.,Hanja,名詞
3952,십이지장,sipijijang,十二指腸,Hanja word: 十二指腸 (shíèr'zhǐcháng),shíèr'zhǐcháng,ɕʰib.i.ʥi.ʥaŋ.,Hanja,名詞
3953,석방,seokbang,釋放,Hanja word: 釋放 (shìfàng),shìfàng,sʰʌk̚.p͈aŋ.,Hanja,名詞
3954,실감,silgam,實感,Actual feeling,shígǎn,ɕʰil.k͈am.,Hanja,名詞
3955,석고,seokgo,石膏,Hanja word: 石膏 (shígāo),shígāo,sʰʌk̚.k͈o.,Hanja,名詞
3956,적격,jeokgyeok,適格,Hanja word: 適格 (shìgé),shìgé,ʨʌk̚.k͈jʌk̚.,Hanja,名詞
3957,실격,silgyeok,失格,Hanja word: 失格 (shīgé),shīgé,ɕʰil.k͈jʌk̚.,Hanja,名詞
3958,석공,seokgong,石工,Hanja word: 石工 (shígōng),shígōng,sʰʌk̚.k͈oŋ.,Hanja,名詞
3959,사고,sago,事故,An accident,shìgù,sʰa.ɡo.,Hanja,名詞
3960,석관,seokgwan,石棺,Hanja word: 石棺 (shíguān),shíguān,sʰʌk̚.k͈u̯an.,Hanja,名詞
3961,기호,giho,嗜好,Taste or likes,shìhào,ki.ɦo.,Hanja,名詞
3962,시합,sihap,試合,"A contest,match",shìhé,ɕʰi.ɦap̚.,Hanja,名詞
3963,적합,jeokhap,適合,Hanja word: 適合 (shìhé),shìhé,ʨʌ.kʰap̚.,Hanja,名詞
3964,실제,silje,實際,"The truth, a fact",shíjì,ɕʰil.ʨ͈e.,Hanja,副詞
3965,시계,sigye,時計,"clock, timekeeper, timepiece",shíjì,ɕʰi.ɡje.,Hanja,名詞
3966,시기,sigi,時機,"An opportunity,chance",shíjī,ɕʰi.ɡi.,Hanja,名詞
3967,세기,segi,世紀,Century,shìjì,sʰe.ɡi.,Hanja,名詞
3968,시집,sijip,詩集,one’s husband’s home/family,shījí,ɕʰi.ʥip̚.,Hanja,名詞
3969,시가,siga,市價,Hanja word: 市價 (shìjià),shìjià,ɕʰi.ɡa.,Hanja,名詞
3970,실천,silcheon,實踐,Practice,shíjiàn,ɕʰil.ʨʰʌn.,Hanja,名詞
3971,시간,sigan,時間,Time,shíjiān,ɕʰi.ɡan.,Hanja,名詞
3972,사건,sageon,事件,"An event,incident",shìjiàn,sʰa.ɡʌn.,Hanja,名詞
3973,식견,sikgyeon,識見,Hanja word: 識見 (shìjiàn),shìjiàn,ɕʰik̚.k͈jʌn.,Hanja,名詞
3974,시각,sigak,視角,angle/point of view. 관점.,shìjiǎo,ɕʰi.ɡak̚.,Hanja,名詞
3975,시절,sijeol,時節,"season,time,occasion",shíjié,ɕʰi.ʥʌl.,Hanja,名詞
3976,세계,segye,世界,World,shìjiè,sʰe.ɡje.,Hanja,名詞
3977,사절,sajeol,使節,Hanja word: 使節 (shǐjié),shǐjié,sʰa.ʥʌl.,Hanja,名詞
3978,세계적,segyejeok,世界的,International,shìjiède·,sʰe.ɡje.ʥʌk̚.,Hanja,名詞
3979,세계관,segyegwan,世界觀,A worldview,shìjièguān,sʰe.ɡje.ɡu̯an.,Hanja,名詞
3980,시각,sigak,視覺,angle/point of view. 관점.,shìjué,ɕʰi.ɡak̚.,Hanja,名詞
3981,시굴자,sigulja,試掘者,Hanja word: 試掘者 (shìjuézhě),shìjuézhě,ɕʰi.ɡul.ʨ͈a.,Hanja,名詞
3982,시각,sigak,時刻,angle/point of view. 관점.,shíkè,ɕʰi.ɡak̚.,Hanja,名詞
3983,식구,sikgu,食口,"Members of a family, your immediate family members (those you live with, preferably)",shíkǒu,ɕʰik̚.k͈u.,Hanja,名詞
3984,실례,silrye,實例,"rudeness,impolite",shílì,ɕʰil.lje.,Hanja,名詞
3985,실력,silryeok,實力,"one’s real ability,talent",shílì,ɕʰil.ljʌk̚.,Hanja,名詞
3986,사례,sarye,事例,"thanks,gratitude",shìlì,sʰa.ɾje.,Hanja,名詞
3987,세력,seryeok,勢力,Hanja word: 勢力 (shìlì),shìlì,sʰe.ɾjʌk̚.,Hanja,名詞
3988,시력,siryeok,視力,Hanja word: 視力 (shìlì),shìlì,ɕʰi.ɾjʌk̚.,Hanja,名詞
3989,실례,silrye,失禮,"rudeness,impolite",shīlǐ,ɕʰil.lje.,Hanja,名詞
3990,시련,siryeon,試練,Hanja word: 試練 (shìliàn),shìliàn,ɕʰi.ɾjʌn.,Hanja,名詞
3991,식량,sikryang,食糧,"food, provisions",shíliáng,ɕʰiŋ.njaŋ.,Hanja,名詞
3992,식료품,sikryopum,食料品,Articles for food,shíliàopǐn,ɕʰiŋ.njo.pʰum.,Hanja,名詞
3993,석류,seokryu,石榴,Hanja word: 石榴 (shíliú),shíliú,sʰʌŋ.nju.,Hanja,名詞
3994,십육,sipyuk,十六,Hanja word: 十六 (shíliù),shíliù,ɕʰib.juk̚.,Hanja,名詞
3995,시론,siron,試論,Hanja word: 試論 (shìlùn),shìlùn,ɕʰi.ɾon.,Hanja,名詞
3996,석면,seokmyeon,石綿,Hanja word: 石綿 (shímián),shímián,sʰʌŋ.mjʌn.,Hanja,名詞
3997,시민,simin,市民,Residents of a city,shìmín,ɕʰi.min.,Hanja,名詞
3998,사명,samyeong,使命,Hanja word: 使命 (shǐmìng),shǐmìng,sʰa.mjʌŋ.,Hanja,名詞
3999,석묵,seokmuk,石墨,Hanja word: 石墨 (shímò),shímò,sʰʌŋ.muk̚.,Hanja,名詞
4000,사모,samo,師母,Hanja word: 師母 (shīmǔ),shīmǔ,sʰa.mo.,Hanja,名詞
4001,실내,silnae,室內,In the room,shìnèi,ɕʰil.lɛ.,Hanja,名詞
4002,시내,sinae,市內,The city,shìnèi,ɕʰi.nɛ.,Hanja,名詞
4003,시내버스,sinaebeoseu,市內bus,Inner-city bus,shìnèibus,ɕʰi.nɛ.bʌ.sʰɯ.,Hanja,名詞
4004,식품,sikpum,食品,Groceries,shípǐn,ɕʰik̚.pʰum.,Hanja,名詞
4005,식품점,sikpumjeom,食品店,Grocery store,shípǐndiàn,ɕʰik̚.pʰum.ʥʌm.,Hanja,名詞
4006,세평,sepyeong,世評,Hanja word: 世評 (shìpíng),shìpíng,sʰe.pʰjʌŋ.,Hanja,名詞
4007,시기,sigi,時期,"An opportunity,chance",shíqí,ɕʰi.ɡi.,Hanja,名詞
4008,식기,sikgi,食器,An eating vessel,shíqì,ɕʰik̚.k͈i.,Hanja,名詞
4009,사기,sagi,士氣,"morale,fighting spirit",shìqì,sʰa.ɡi.,Hanja,名詞
4010,습기,seupgi,濕氣,"moisture,humidity",shīqì,sʰɯp̚.k͈i.,Hanja,名詞
4011,사전,sajeon,事前,"beforehand,in advance",shìqián,sʰa.ʥʌn.,Hanja,名詞
4012,적절,jeokjeol,適切,Hanja word: 適切 (shìqiè),shìqiè,ʨʌk̚.ʨ͈ʌl.,Hanja,名詞
4013,실정,siljeong,實情,The actual situation,shíqíng,ɕʰil.ʨ͈ʌŋ.,Hanja,名詞
4014,사정,sajeong,事情,Circumstances,shìqíng,sʰa.ʥʌŋ.,Hanja,名詞
4015,식권,sikgwon,食券,Hanja word: 食券 (shíquàn),shíquàn,ɕʰik̚.k͈u̯ʌn.,Hanja,名詞
4016,시인,siin,是認,A poet,shìrèn,ɕʰi.in.,Hanja,名詞
4017,시인,siin,詩人,A poet,shīrén,ɕʰi.in.,Hanja,名詞
4018,시일,siil,時日,"time,days",shírì,ɕʰi.il.,Hanja,名詞
4019,십삽,sipsap,十三,Hanja word: 十三 (shísān),shísān,ɕʰip.s͈ap̚.,Hanja,名詞
4020,세상,sesang,世上,"The world,society",shìshàng,sʰe.sʰaŋ.,Hanja,名詞
4021,사상,sasang,史上,In history,shǐshàng,sʰa.sʰaŋ.,Hanja,名詞
4022,시설,siseol,施設,"establishment,institution",shīshè,ɕʰi.sʰʌl.,Hanja,名詞
4023,실사회,silsahoe,實社會,Hanja word: 實社會 (shíshèhuì),shíshèhuì,ɕʰil.s͈a.ɦu̯e.,Hanja,名詞
4024,식생활,siksaenghwal,食生活,Dietary life,shíshēnghuó,ɕʰik̚.s͈ɛŋ.hu̯al.,Hanja,名詞
4025,시세,sise,時世,Hanja word: 時世 (shíshì),shíshì,ɕʰi.sʰe.,Hanja,名詞
4026,식사,siksa,食事,A meal,shíshì,ɕʰik̚.s͈a.,Hanja,名詞
4027,실시,silsi,實施,"execution, enforcement",shíshī,ɕʰil.ɕʰi.,Hanja,名詞
4028,사실,sasil,事實,"The truth, a fact",shìshí,sʰa.ɕʰil.,Hanja,名詞
4029,사실상,sasilsang,事實上,"Actually, in truth",shìshíshàng,sʰa.ɕʰil.s͈aŋ.,Hanja,副詞
4030,실수,silsu,失手,A mistake,shīshǒu,ɕʰil.s͈u.,Hanja,名詞
4031,시속,sisok,時速,Hanja word: 時速 (shísù),shísù,ɕʰi.sʰok̚.,Hanja,名詞
4032,석순,seoksun,石筍,Hanja word: 石筍 (shísǔn),shísǔn,sʰʌk̚.s͈un.,Hanja,名詞
4033,실태,siltae,實態,"The actual conditions,reality",shítài,ɕʰil.tʰɛ.,Hanja,名詞
4034,실탄,siltan,實彈,Hanja word: 實彈 (shítán),shítán,ɕʰil.tʰan.,Hanja,名詞
4035,석탄,seoktan,石炭,Hanja word: 石炭 (shítàn),shítàn,sʰʌk̚.tʰan.,Hanja,名詞
4036,식당,sikdang,食堂,Restaurant,shítáng,ɕʰik̚.t͈aŋ.,Hanja,名詞
4037,석탄산,seoktansan,石炭酸,Hanja word: 石炭酸 (shítànsuān),shítànsuān,sʰʌk̚.tʰan.san.,Hanja,名詞
4038,실체,silche,實體,"substance,essence",shítǐ,ɕʰil.ʨʰe.,Hanja,名詞
4039,시청,sicheong,市廳,City hall,shìtīng,ɕʰi.ʨʰʌŋ.,Hanja,名詞
4040,시청률,sicheongryul,視聽率,Popularity rating,shìtīnglǜ,ɕʰi.ʨʰʌŋ.njul.,Hanja,名詞
4041,시청자,sicheongja,視聽者,TV audience member,shìtīngzhě,ɕʰi.ʨʰʌŋ.ʥa.,Hanja,名詞
4042,시도,sido,試圖,"An attempt,test",shìtú,ɕʰi.do.,Hanja,名詞
4043,사도,sado,使徒,Hanja word: 使徒 (shǐtú),shǐtú,sʰa.do.,Hanja,名詞
4044,사단,sadan,師團,Hanja word: 師團 (shītuán),shītuán,sʰa.dan.,Hanja,名詞
4045,시외,sioe,市外,"Outside the city, suberbs",shìwài,ɕʰi.u̯e.,Hanja,名詞
4046,시외버스,sioebeoseu,市外bus,Inter-city bus,shìwàibus,ɕʰi.u̯e.bʌ.sʰɯ.,Hanja,名詞
4047,십만,sipman,十萬,Hanja word: 十萬 (shíwàn),shíwàn,ɕʰim.man.,Hanja,名詞
4048,실망,silmang,失望,Disappointment,shīwàng,ɕʰil.maŋ.,Hanja,名詞
4049,시위,siwi,示威,A demonstration,shìwēi,ɕʰi.ɥi.,Hanja,名詞
4050,십오,sipo,十五,Hanja word: 十五 (shíwǔ),shíwǔ,ɕʰib.o.,Hanja,名詞
4051,사무,samu,事務,Office work,shìwù,sʰa.mu.,Hanja,名詞
4052,사물,samul,事物,"objects,things",shìwù,sʰa.mul.,Hanja,名詞
4053,사무실,samusil,事務室,Office,shìwùshì,sʰa.mu.ɕʰil.,Hanja,名詞
4054,사무소,samuso,事務所,Office,shìwùsuǒ,sʰa.mu.sʰo.,Hanja,名詞
4055,십오만,sipoman,十五萬,Hanja word: 十五萬 (shíwǔwàn),shíwǔwàn,ɕʰib.o.man.,Hanja,名詞
4056,사무직,samujik,事務職,Working in the office not in the factory,shìwùzhí,sʰa.mu.ʥik̚.,Hanja,名詞
4057,실습,silseup,實習,"Actual training,practice",shíxí,ɕʰil.s͈ɯp̚.,Hanja,名詞
4058,세습,seseup,世襲,Hanja word: 世襲 (shìxí),shìxí,sʰe.sʰɯp̚.,Hanja,名詞
4059,실현,silhyeon,實現,"realization,materialization",shíxiàn,ɕʰiɾ.ɦjʌn.,Hanja,名詞
4060,시선,siseon,視線,one's line of vision,shìxiàn,ɕʰi.sʰʌn.,Hanja,名詞
4061,실상,silsang,實像,Hanja word: 實像 (shíxiàng),shíxiàng,ɕʰil.s͈aŋ.,Hanja,名詞
4062,실효,silhyo,失效,Hanja word: 失效 (shīxiào),shīxiào,ɕʰiɾ.ɦjo.,Hanja,名詞
4063,실행,silhaeng,實行,Hanja word: 實行 (shíxíng),shíxíng,ɕʰiɾ.ɦɛŋ.,Hanja,名詞
4064,적성,jeokseong,適性,Aptitude,shìxìng,ʨʌk̚.s͈ʌŋ.,Hanja,名詞
4065,시형,sihyeong,詩形,Hanja word: 詩形 (shīxíng),shīxíng,ɕʰi.hjʌŋ.,Hanja,名詞
4066,실험,silheom,實驗,"An experiment, test",shíyàn,ɕʰiɾ.ɦʌm.,Hanja,名詞
4067,시험,siheom,試驗,A test,shìyàn,ɕʰi.ɦʌm.,Hanja,名詞
4068,실험적,silheomjeok,實驗的,Hanja word: 實驗的 (shíyànde·),shíyànde·,ɕʰiɾ.ɦʌm.ʥʌk̚.,Hanja,名詞
4069,시험관,siheomgwan,試驗管,Hanja word: 試驗管 (shìyànguǎn),shìyànguǎn,ɕʰi.ɦʌm.ɡu̯an.,Hanja,名詞
4070,시약,siyak,試藥,Hanja word: 試藥 (shìyào),shìyào,ɕʰi.jak̚.,Hanja,名詞
4071,실업,sileop,實業,Hanja word: 實業 (shíyè),shíyè,ɕʰiɾ.ʌp̚.,Hanja,名詞
4072,사업,saeop,事業,Business,shìyè,sʰa.ʌp̚.,Hanja,名詞
4073,시야,siya,視野,Visual field,shìyě,ɕʰi.ja.,Hanja,名詞
4074,사업가,saeopga,事業家,Businessman,shìyèjiā,sʰa.ʌp̚.k͈a.,Hanja,名詞
4075,사업자,saeopja,事業者,Businessman,shìyèzhě,sʰa.ʌp̚.ʨ͈a.,Hanja,名詞
4076,실업자,sileopja,失業者,Hanja word: 失業者 (shīyèzhě),shīyèzhě,ɕʰiɾ.ʌp̚.ʨ͈a.,Hanja,名詞
4077,십일,sipil,十一,Hanja word: 十一 (shíyī),shíyī,ɕʰib.il.,Hanja,名詞
4078,시의회,siuihoe,市議會,Hanja word: 市議會 (shìyìhuì),shìyìhuì,ɕʰi.i.ɦu̯e.,Hanja,名詞
4079,석영,seokyeong,石英,Hanja word: 石英 (shíyīng),shíyīng,sʰʌɡ.jʌŋ.,Hanja,名詞
4080,적응,jeokeung,適應,Adaptation,shìyìng,ʨʌɡ.ɯŋ.,Hanja,名詞
4081,십일월,sipilwol,十一月,November,shíyīyuè,ɕʰib.iɾ.u̯ʌl.,Hanja,名詞
4082,실용,silyong,實用,Hanja word: 實用 (shíyòng),shíyòng,ɕʰiɾ.joŋ.,Hanja,名詞
4083,적용,jeokyong,適用,Application,shìyòng,ʨʌɡ.joŋ.,Hanja,名詞
4084,사용,sayong,使用,"use,emply",shǐyòng,sʰa.joŋ.,Hanja,名詞
4085,실용적,silyongjeok,實用的,Hanja word: 實用的 (shíyòngde·),shíyòngde·,ɕʰiɾ.joŋ.ʥʌk̚.,Hanja,名詞
4086,식용유,sikyongyu,食用油,Food oil,shíyòngyóu,ɕʰiɡ.joŋ.ju.,Hanja,名詞
4087,사용자,sayongja,使用者,"A user,consumer,employer",shǐyòngzhě,sʰa.joŋ.ʥa.,Hanja,名詞
4088,석유,seokyu,石油,Petroleum,shíyóu,sʰʌɡ.ju.,Hanja,名詞
4089,석유업계,seokyueopgye,石油業系,Hanja word: 石油業系 (shíyóuyèxì),shíyóuyèxì,sʰʌɡ.ju.ʌp̚.k͈je.,Hanja,名詞
4090,식욕,sikyok,食慾,"appetite,desire",shíyù,ɕʰiɡ.jok̚.,Hanja,名詞
4091,시월,siwol,十月,October,shíyuè,ɕʰi.u̯ʌl.,Hanja,名詞
4092,시운전,siunjeon,試運轉,Hanja word: 試運轉 (shìyùnzhuǎn),shìyùnzhuǎn,ɕʰi.un.ʥʌn.,Hanja,名詞
4093,실재,siljae,實在,Hanja word: 實在 (shízài),shízài,ɕʰil.ʨ͈ɛ.,Hanja,名詞
4094,실장,siljang,室長,"boss,president",shìzhǎng,ɕʰil.ʨ͈aŋ.,Hanja,名詞
4095,시장,sijang,市長,"market,fair",shìzhǎng,ɕʰi.ʥaŋ.,Hanja,名詞
4096,사자,saja,使者,A lion,shǐzhě,sʰa.ʥa.,Hanja,名詞
4097,습진,seupjin,濕疹,Hanja word: 濕疹 (shīzhěn),shīzhěn,sʰɯp̚.ʨ͈in.,Hanja,名詞
4098,실정,siljeong,失政,The actual situation,shīzhèng,ɕʰil.ʨ͈ʌŋ.,Hanja,名詞
4099,실질,siljil,實質,Hanja word: 實質 (shízhí),shízhí,ɕʰil.ʨ͈il.,Hanja,名詞
4100,실직,siljik,失職,Hanja word: 失職 (shīzhí),shīzhí,ɕʰil.ʨ͈ik̚.,Hanja,名詞
4101,실질적,siljiljeok,實質的,"substantial,essential",shízhíde·,ɕʰil.ʨ͈il.ʨ͈ʌk̚.,Hanja,名詞
4102,실직자,siljikja,失職者,Hanja word: 失職者 (shīzhízhě),shīzhízhě,ɕʰil.ʨ͈ik̚.ʨ͈a.,Hanja,名詞
4103,시중,sijung,市中,In the city,shìzhōng,ɕʰi.ʥuŋ.,Hanja,名詞
4104,식중독,sikjungdok,食中毒,Hanja word: 食中毒 (shízhòngdú),shízhòngdú,ɕʰik̚.ʨ͈uŋ.dok̚.,Hanja,名詞
4105,식탁,siktak,食卓,Dinner table,shízhuō,ɕʰik̚.tʰak̚.,Hanja,名詞
4106,사자,saja,獅子,A lion,shīzi·,sʰa.ʥa.,Hanja,名詞
4107,십자가,sipjaga,十字架,Hanja word: 十字架 (shízìjià),shízìjià,ɕʰip̚.ʨ͈a.ɡa.,Hanja,名詞
4108,실종,siljong,失蹤,Hanja word: 失蹤 (shīzōng),shīzōng,ɕʰil.ʨ͈oŋ.,Hanja,名詞
4109,세종대왕,sejongdaewang,世宗大王,"King sejong, who invented Hangul",shìzōngdàwáng,sʰe.ʥoŋ.dɛ.u̯aŋ.,Hanja,專有名詞
4110,시조,sijo,始祖,Hanja word: 始祖 (shǐzǔ),shǐzǔ,ɕʰi.ʥo.,Hanja,名詞
4111,시작,sijak,始作,The beginning,shǐzuò,ɕʰi.ʥak̚.,Hanja,名詞
4112,수비,subi,守備,Hanja word: 守備 (shǒubèi),shǒubèi,sʰu.bi.,Hanja,名詞
4113,숙달,sukdal,熟達,Hanja word: 熟達 (shóudá),shóudá,sʰuk̚.t͈al.,Hanja,名詞
4114,수당,sudang,手當,Hanja word: 手當 (shǒudāng),shǒudāng,sʰu.daŋ.,Hanja,名詞
4115,수동,sudong,手動,Hanja word: 手動 (shǒudòng),shǒudòng,sʰu.doŋ.,Hanja,名詞
4116,수동적,sudongjeok,受動的,Passively,shòudòngde·,sʰu.doŋ.ʥʌk̚.,Hanja,名詞
4117,수동태,sudongtae,受動態,Hanja word: 受動態 (shòudòngtài),shòudòngtài,sʰu.doŋ.tʰɛ.,Hanja,名詞
4118,숙독,sukdok,熟讀,Hanja word: 熟讀 (shóudú),shóudú,sʰuk̚.t͈ok̚.,Hanja,名詞
4119,수도,sudo,首都,"the capital city, e.g. Seoul, of a country",shǒudū,sʰu.do.,Hanja,名詞
4120,수단,sudan,手段,"means,way",shǒuduàn,sʰu.dan.,Hanja,名詞
4121,수도권,sudogwon,首都圈,The Metropolitan area,shǒudūquān,sʰu.do.ɡu̯ʌn.,Hanja,名詞
4122,수하물,suhamul,手荷物,Hanja word: 手荷物 (shǒuhéwù),shǒuhéwù,sʰu.ɦa.mul.,Hanja,名詞
4123,수화기,suhwagi,受話器,Telephone receiver,shòuhuàqì,sʰu.ɦu̯a.ɡi.,Hanja,名詞
4124,수확,suhwak,收穫,Hanja word: 收穫 (shōuhuò),shōuhuò,sʰu.ɦu̯ak̚.,Hanja,名詞
4125,수기,sugi,手記,Hanja word: 手記 (shǒujì),shǒujì,sʰu.ɡi.,Hanja,名詞
4126,수집,sujip,收集,Collection,shōují,sʰu.ʥip̚.,Hanja,名詞
4127,수간,sugan,獸姦,Hanja word: 獸姦 (shòujiān),shòujiān,sʰu.ɡan.,Hanja,名詞
4128,수건,sugeon,手巾,Handkerchief,shǒujīn,sʰu.ɡʌn.,Hanja,名詞
4129,수정,sujeong,受精,Hanja word: 受精 (shòujīng),shòujīng,sʰu.ʥʌŋ.,Hanja,名詞
4130,숙고,sukgo,熟考,Hanja word: 熟考 (shóukǎo),shóukǎo,sʰuk̚.k͈o.,Hanja,名詞
4131,수류탄,suryutan,手榴彈,Hanja word: 手榴彈 (shǒuliúdàn),shǒuliúdàn,sʰu.ɾju.tʰan.,Hanja,名詞
4132,수명,sumyeong,壽命,Life span,shòumìng,sʰu.mjʌŋ.,Hanja,名詞
4133,수난,sunan,受難,Hanja word: 受難 (shòunán),shòunán,sʰu.nan.,Hanja,名詞
4134,수락,surak,受諾,Hanja word: 受諾 (shòunuò),shòunuò,sʰu.ɾak̚.,Hanja,名詞
4135,수표,supyo,手票,A check,shǒupiào,sʰu.pʰjo.,Hanja,名詞
4136,수전노,sujeonno,守錢奴,Hanja word: 守錢奴 (shǒuqiánnú),shǒuqiánnú,sʰu.ʥʌn.no.,Hanja,名詞
4137,수취,suchwi,受取,Hanja word: 受取 (shòuqǔ),shòuqǔ,sʰu.ʨʰɥi.,Hanja,名詞
4138,수입,suip,收入,Importing sth,shōurù,sʰu.ip̚.,Hanja,名詞
4139,수세,suse,守勢,Hanja word: 守勢 (shǒushì),shǒushì,sʰu.sʰe.,Hanja,名詞
4140,수술,susul,手術,Surgery,shǒushù,sʰu.sʰul.,Hanja,名詞
4141,수수료,susuryo,手數料,Hanja word: 手數料 (shǒushǔliào),shǒushǔliào,sʰu.sʰu.ɾjo.,Hanja,名詞
4142,수축,suchuk,收縮,Hanja word: 收縮 (shōusuō),shōusuō,sʰu.ʨʰuk̚.,Hanja,名詞
4143,수태,sutae,受胎,Hanja word: 受胎 (shòutāi),shòutāi,sʰu.tʰɛ.,Hanja,名詞
4144,수첩,sucheop,手帖,Hanja word: 手帖 (shǒutiē),shǒutiē,sʰu.ʨʰʌp̚.,Hanja,名詞
4145,수석,suseok,首席,The top seat,shǒuxí,sʰu.sʰʌk̚.,Hanja,名詞
4146,수상,susang,首相,The prime minister,shǒuxiàng,sʰu.sʰaŋ.,Hanja,名詞
4147,수세공,susegong,手細工,Hanja word: 手細工 (shǒuxìgōng),shǒuxìgōng,sʰu.sʰe.ɡoŋ.,Hanja,名詞
4148,수험생,suheomsaeng,受驗生,A student preparing for an examination,shòuyànshēng,sʰu.ɦʌm.sɛŋ.,Hanja,名詞
4149,수험자,suheomja,受驗者,Hanja word: 受驗者 (shòuyànzhě),shòuyànzhě,sʰu.ɦʌm.ʥa.,Hanja,名詞
4150,수업,sueop,授業,"school,teaching",shòuyè,sʰu.ʌp̚.,Hanja,名詞
4151,수의,suui,獸醫,Hanja word: 獸醫 (shòuyī),shòuyī,sʰu.e.,Hanja,名詞
4152,수예,suye,手藝,Hanja word: 手藝 (shǒuyì),shǒuyì,sʰu.je.,Hanja,名詞
4153,수익,suik,收益,Hanja word: 收益 (shōuyì),shōuyì,sʰu.ik̚.,Hanja,名詞
4154,수음,sueum,手淫,Hanja word: 手淫 (shǒuyín),shǒuyín,sʰu.ɯm.,Hanja,名詞
4155,숙어,sukeo,熟語,Hanja word: 熟語 (shóuyǔ),shóuyǔ,sʰuɡ.ʌ.,Hanja,名詞
4156,수여,suyeo,授與,Hanja word: 授與 (shòuyǔ),shòuyǔ,sʰu.jʌ.,Hanja,名詞
4157,수족,sujok,手足,Hanja word: 手足 (shǒuzú),shǒuzú,sʰu.ʥok̚.,Hanja,名詞
4158,쇠약,soeyak,衰弱,Hanja word: 衰弱 (shuāiruò),shuāiruò,sʰu̯e.jak̚.,Hanja,名詞
4159,쇠미,soemi,衰微,Hanja word: 衰微 (shuāiwēi),shuāiwēi,sʰu̯e.mi.,Hanja,名詞
4160,상쾌,sangkwae,爽快,Hanja word: 爽快 (shuǎngkuài),shuǎngkuài,sʰaŋ.kʰu̯ɛ.,Hanja,名詞
4161,쌍곡선,ssanggokseon,雙曲線,Hanja word: 雙曲線 (shuāngqūxiàn),shuāngqūxiàn,s͈aŋ.ɡok̚.s͈ʌn.,Hanja,名詞
4162,쇄신,swaesin,刷新,Hanja word: 刷新 (shuāxīn),shuāxīn,sʰu̯ɛ.ɕʰin.,Hanja,名詞
4163,수백,subaek,數百,Hundreds,shǔbǎi,sʰu.bɛk̚.,Hanja,冠形詞
4164,수출,suchul,輸出,Exporting sth,shūchū,sʰu.ʨʰul.,Hanja,名詞
4165,수사,susa,數詞,Hanja word: 數詞 (shǔcí),shǔcí,sʰu.sʰa.,Hanja,名詞
4166,서점,seojeom,書店,A bookstore,shūdiàn,sʰʌ.ʥʌm.,Hanja,名詞
4167,서법,seobeop,書法,Hanja word: 書法 (shūfǎ),shūfǎ,sʰʌ.bʌp̚.,Hanja,名詞
4168,속박,sokbak,束縛,Hanja word: 束縛 (shùfú),shùfú,sʰok̚.p͈ak̚.,Hanja,名詞
4169,속국,sokguk,屬國,Hanja word: 屬國 (shǔguó),shǔguó,sʰok̚.k͈uk̚.,Hanja,名詞
4170,소홀,sohol,疏忽,Hanja word: 疏忽 (shūhū),shūhū,sʰo.ɦol.,Hanja,名詞
4171,수병,subyeong,水兵,Hanja word: 水兵 (shuǐbīng),shuǐbīng,sʰu.bjʌŋ.,Hanja,名詞
4172,수돗,sudos,水道,Hanja word: 水道 (shuǐdào),shuǐdào,sʰu.dot̚.,Hanja,名詞
4173,수두,sudu,水痘,Hanja word: 水痘 (shuǐdòu),shuǐdòu,sʰu.du.,Hanja,名詞
4174,수분,subun,水分,Hanja word: 水分 (shuǐfēn),shuǐfēn,sʰu.bun.,Hanja,名詞
4175,수부,subu,水夫,Hanja word: 水夫 (shuǐfū),shuǐfū,sʰu.bu.,Hanja,名詞
4176,세관,segwan,稅關,Hanja word: 稅關 (shuìguān),shuìguān,sʰe.ɡu̯an.,Hanja,名詞
4177,세관원,segwanwon,稅關員,Hanja word: 稅關員 (shuìguānyuán),shuìguānyuán,sʰe.ɡu̯an.u̯ʌn.,Hanja,名詞
4178,세금,segeum,稅金,Tax,shuìjīn,sʰe.ɡɯm.,Hanja,名詞
4179,수정,sujeong,水晶,Hanja word: 水晶 (shuǐjīng),shuǐjīng,sʰu.ʥʌŋ.,Hanja,名詞
4180,수련,suryeon,睡蓮,Hanja word: 睡蓮 (shuìlián),shuìlián,sʰu.ɾjʌn.,Hanja,名詞
4181,수로,suro,水路,Hanja word: 水路 (shuǐlù),shuǐlù,sʰu.ɾo.,Hanja,名詞
4182,수문,sumun,水門,Hanja word: 水門 (shuǐmén),shuǐmén,sʰu.mun.,Hanja,名詞
4183,수면,sumyeon,睡眠,"sleep,slumber",shuìmián,sʰu.mjʌn.,Hanja,名詞
4184,세전,sejeon,稅前,Hanja word: 稅前 (shuìqián),shuìqián,sʰe.ʥʌn.,Hanja,名詞
4185,수구,sugu,水球,Hanja word: 水球 (shuǐqiú),shuǐqiú,sʰu.ɡu.,Hanja,名詞
4186,수요일,suyoil,水曜日,Wednesday,shuǐyàorì,sʰu.jo.il.,Hanja,名詞
4187,수영,suyeong,水泳,Swimming,shuǐyǒng,sʰu.jʌŋ.,Hanja,名詞
4188,수영장,suyeongjang,水泳場,Swimming pool,shuǐyǒngchǎng,sʰu.jʌŋ.ʥaŋ.,Hanja,名詞
4189,수원,suwon,水源,Hanja word: 水源 (shuǐyuán),shuǐyuán,sʰu.u̯ʌn.,Hanja,名詞
4190,수종,sujong,水腫,Hanja word: 水腫 (shuǐzhǒng),shuǐzhǒng,sʰu.ʥoŋ.,Hanja,名詞
4191,수준,sujun,水準,Level,shuǐzhǔn,sʰu.ʥun.,Hanja,名詞
4192,수족관,sujokgwan,水族館,Hanja word: 水族館 (shuǐzúguǎn),shuǐzúguǎn,sʰu.ʥok̚.k͈u̯an.,Hanja,名詞
4193,서적,seojeok,書籍,"books,publications",shūjí,sʰʌ.ʥʌk̚.,Hanja,名詞
4194,서기,seogi,書記,Hanja word: 書記 (shūjì),shūjì,sʰʌ.ɡi.,Hanja,名詞
4195,서가,seoga,書架,Hanja word: 書架 (shūjià),shūjià,sʰʌ.ɡa.,Hanja,名詞
4196,서간,seogan,書簡,Hanja word: 書簡 (shūjiǎn),shūjiǎn,sʰʌ.ɡan.,Hanja,名詞
4197,서류,seoryu,書類,"documents,papers",shūlèi,sʰʌ.ɾju.,Hanja,名詞
4198,수립,surip,樹立,Hanja word: 樹立 (shùlì),shùlì,sʰu.ɾip̚.,Hanja,名詞
4199,수량,suryang,數量,Hanja word: 數量 (shùliàng),shùliàng,sʰu.ɾjaŋ.,Hanja,名詞
4200,수리적,surijeok,數理的,Hanja word: 數理的 (shǔlǐde·),shǔlǐde·,sʰu.ɾi.ʥʌk̚.,Hanja,名詞
4201,수열,suyeol,數列,Hanja word: 數列 (shǔliè),shǔliè,sʰu.jʌl.,Hanja,名詞
4202,속령,sokryeong,屬領,Hanja word: 屬領 (shǔlǐng),shǔlǐng,sʰoŋ.njʌŋ.,Hanja,名詞
4203,수란관,surangwan,輸卵管,Hanja word: 輸卵管 (shūluǎnguǎn),shūluǎnguǎn,sʰu.ɾaŋ.ɡu̯an.,Hanja,名詞
4204,서민,seomin,庶民,Common people,shùmín,sʰʌ.min.,Hanja,名詞
4205,서명,seomyeong,署名,"signing,autographing",shǔmíng,sʰʌ.mjʌŋ.,Hanja,名詞
4206,순조,sunjo,順調,Hanja word: 順調 (shùndiào),shùndiào,sʰun.ʥo.,Hanja,名詞
4207,수년,sunyeon,數年,Several years,shǔnián,sʰu.njʌn.,Hanja,名詞
4208,수뇨관,sunyogwan,輸尿管,Hanja word: 輸尿管 (shūniàoguǎn),shūniàoguǎn,sʰu.njo.ɡu̯an.,Hanja,名詞
4209,순간,sungan,瞬間,"A moment,a second",shùnjiān,sʰuŋ.ɡan.,Hanja,名詞
4210,순간적,sunganjeok,瞬間的,"instanteous,momentary",shùnjiānde·,sʰuŋ.ɡan.ʥʌk̚.,Hanja,名詞
4211,순열,sunyeol,順列,Hanja word: 順列 (shùnliè),shùnliè,sʰun.jʌl.,Hanja,名詞
4212,숙녀,suknyeo,淑女,A lady,shūnǚ,sʰuŋ.njʌ.,Hanja,名詞
4213,순위,sunwi,順位,"order,ranking",shùnwèi,sʰun.ɥi.,Hanja,名詞
4214,순식간,sunsikgan,瞬息間,A brief instant,shùnxíjiān,sʰun.ɕʰik̚.k͈an.,Hanja,名詞
4215,순서,sunseo,順序,"system, order, sequence",shùnxù,sʰun.sʌ.,Hanja,名詞
4216,설득,seoldeuk,說得,Hanja word: 說得 (shuōdé),shuōdé,sʰʌl.t͈ɯk̚.,Hanja,名詞
4217,설득력,seoldeukryeok,說得力,Hanja word: 說得力 (shuōdélì),shuōdélì,sʰʌl.t͈ɯŋ.njʌk̚.,Hanja,名詞
4218,설명,seolmyeong,說明,Explanation,shuōmíng,sʰʌl.mjʌŋ.,Hanja,名詞
4219,설명서,seolmyeongseo,說明書,Hanja word: 說明書 (shuōmíngshū),shuōmíngshū,sʰʌl.mjʌŋ.sʌ.,Hanja,名詞
4220,석사,seoksa,碩士,Master,shuòshì,sʰʌk̚.s͈a.,Hanja,名詞
4221,서평,seopyeong,書評,Hanja word: 書評 (shūpíng),shūpíng,sʰʌ.pʰjʌŋ.,Hanja,名詞
4222,수천,sucheon,數千,Thousands,shǔqiān,sʰu.ʨʰʌn.,Hanja,冠形詞
4223,수입,suip,輸入,Importing sth,shūrù,sʰu.ip̚.,Hanja,名詞
4224,수입품,suippum,輸入品,An imported product,shūrùpǐn,sʰu.ip̚.pʰum.,Hanja,名詞
4225,수십,susip,數十,Tens of sth,shǔshí,sʰu.ɕʰip̚.,Hanja,冠形詞
4226,수송,susong,輸送,Hanja word: 輸送 (shūsòng),shūsòng,sʰu.sʰoŋ.,Hanja,名詞
4227,수만,suman,數萬,Tens of thousands,shǔwàn,sʰu.man.,Hanja,冠形詞
4228,서무,seomu,庶務,Hanja word: 庶務 (shùwù),shùwù,sʰʌ.mu.,Hanja,名詞
4229,속성,sokseong,屬性,Hanja word: 屬性 (shǔxìng),shǔxìng,sʰok̚.s͈ʌŋ.,Hanja,名詞
4230,수학,suhak,數學,Mathematics,shùxué,sʰu.ɦak̚.,Hanja,名詞
4231,수학자,suhakja,數學者,Hanja word: 數學者 (shùxuézhě),shùxuézhě,sʰu.ɦak̚.ʨ͈a.,Hanja,名詞
4232,수액,suaek,樹液,Hanja word: 樹液 (shùyì),shùyì,sʰu.ɛk̚.,Hanja,名詞
4233,술어,suleo,術語,Hanja word: 術語 (shùyǔ),shùyǔ,sʰuɾ.ʌ.,Hanja,名詞
4234,술어,suleo,述語,Hanja word: 述語 (shùyǔ),shùyǔ,sʰuɾ.ʌ.,Hanja,名詞
4235,소원,sowon,疏遠,one’s desire,shūyuǎn,sʰo.u̯ʌn.,Hanja,名詞
4236,서재,seojae,書齋,Hanja word: 書齋 (shūzhāi),shūzhāi,sʰʌ.ʥɛ.,Hanja,名詞
4237,수지,suji,樹脂,Hanja word: 樹脂 (shùzhī),shùzhī,sʰu.ʥi.,Hanja,名詞
4238,숫자,susja,數字,"A figure, number",shùzì,sʰut̚.ʨ͈a.,Hanja,名詞
4239,사별,sabyeol,死別,Hanja word: 死別 (sǐbié),sǐbié,sʰa.bjʌl.,Hanja,名詞
4240,사산,sasan,死産,Hanja word: 死産 (sǐchǎn),sǐchǎn,sʰa.sʰan.,Hanja,名詞
4241,사춘기,sachungi,思春期,"adolescence,puberty",sīchūnqí,sʰa.ʨʰuŋ.ɡi.,Hanja,名詞
4242,사촌,sachon,四寸,a cousin,sìcùn,sʰa.ʨʰon.,Hanja,名詞
4243,사법,sabeop,私法,Hanja word: 私法 (sīfǎ),sīfǎ,sʰa.bʌp̚.,Hanja,名詞
4244,사방,sabang,四方,The four directions,sìfāng,sʰa.baŋ.,Hanja,名詞
4245,시부모,sibumo,媤父母,one’s husband’s parents,sīfùmǔ,ɕʰi.bu.mo.,Hanja,名詞
4246,사개국어,sagaegukeo,四個國語,Hanja word: 四個國語 (sìgèguóyǔ),sìgèguóyǔ,sʰa.ɡɛ.ɡuɡ.ʌ.,Hanja,名詞
4247,사해,sahae,死海,Hanja word: 死海 (sǐhǎi),sǐhǎi,sʰa.ɦɛ.,Hanja,名詞
4248,사회자,sahoeja,司會者,"Host, MC, moderator",sīhuìzhě,sʰa.ɦu̯e.ʥa.,Hanja,名詞
4249,사제,saje,司祭,Hanja word: 司祭 (sījì),sījì,sʰa.ʥe.,Hanja,名詞
4250,사계절,sagyejeol,四季節,The four seasons,sìjìjié,sʰa.ɡje.ʥʌl.,Hanja,名詞
4251,사고,sago,思考,An accident,sīkǎo,sʰa.ɡo.,Hanja,名詞
4252,사리,sari,私利,Hanja word: 私利 (sīlì),sīlì,sʰa.ɾi.,Hanja,名詞
4253,사립,sarip,私立,Private,sīlì,sʰa.ɾip̚.,Hanja,名詞
4254,사료,saryo,飼料,Hanja word: 飼料 (sìliào),sìliào,sʰa.ɾjo.,Hanja,名詞
4255,사려,saryeo,思慮,Hanja word: 思慮 (sīlǜ),sīlǜ,sʰa.ɾjʌ.,Hanja,名詞
4256,사멸,samyeol,死滅,Hanja word: 死滅 (sǐmiè),sǐmiè,sʰa.mjʌl.,Hanja,名詞
4257,사구,sagu,四球,Hanja word: 四球 (sìqiú),sìqiú,sʰa.ɡu.,Hanja,名詞
4258,사권,sagwon,私權,Hanja word: 私權 (sīquán),sīquán,sʰa.ɡu̯ʌn.,Hanja,名詞
4259,사신,sasin,死神,Hanja word: 死神 (sǐshén),sǐshén,sʰa.ɕʰin.,Hanja,名詞
4260,사생활,sasaenghwal,私生活,Private life,sīshēnghuó,sʰa.sʰɛŋ.hu̯al.,Hanja,名詞
4261,사십,sasip,四十,40,sìshí,sʰa.ɕʰip̚.,Hanja,數詞
4262,사십오,sasipo,四十五,Hanja word: 四十五 (sìshíwǔ),sìshíwǔ,sʰa.ɕʰib.o.,Hanja,名詞
4263,사서,saseo,司書,Hanja word: 司書 (sīshū),sīshū,sʰa.sʰʌ.,Hanja,名詞
4264,사색,sasaek,思索,Hanja word: 思索 (sīsuǒ),sīsuǒ,sʰa.sʰɛk̚.,Hanja,名詞
4265,사망,samang,死亡,Death,sǐwáng,sʰa.maŋ.,Hanja,名詞
4266,사가,saga,賜暇,Hanja word: 賜暇 (sìxiá),sìxiá,sʰa.ɡa.,Hanja,名詞
4267,사상,sasang,思想,In history,sīxiǎng,sʰa.sʰaŋ.,Hanja,名詞
4268,사형,sahyeong,死刑,Hanja word: 死刑 (sǐxíng),sǐxíng,sʰa.hjʌŋ.,Hanja,名詞
4269,사육,sayuk,飼育,Hanja word: 飼育 (sìyù),sìyù,sʰa.juk̚.,Hanja,名詞
4270,사월,sawol,四月,April,sìyuè,sʰa.u̯ʌl.,Hanja,名詞
4271,시댁,sidaek,媤宅,one’s husband’s family/house,sīzhái,ɕʰi.dɛk̚.,Hanja,名詞
4272,사자,saja,嗣子,A lion,sìzi·,sʰa.ʥa.,Hanja,名詞
4273,송가,songga,頌歌,Hanja word: 頌歌 (sònggē),sònggē,sʰoŋ.ɡa.,Hanja,名詞
4274,송신,songsin,送信,Hanja word: 送信 (sòngxìn),sòngxìn,sʰoŋ.ɕʰin.,Hanja,名詞
4275,수사,susa,搜查,Hanja word: 搜查 (sōuchá),sōuchá,sʰu.sʰa.,Hanja,名詞
4276,수사대,susadae,搜查隊,Hanja word: 搜查隊 (sōucháduì),sōucháduì,sʰu.sʰa.dɛ.,Hanja,名詞
4277,수집,sujip,蒐集,Collection,sōují,sʰu.ʥip̚.,Hanja,名詞
4278,산패,sanpae,酸敗,Hanja word: 酸敗 (suānbài),suānbài,sʰam.pʰɛ.,Hanja,名詞
4279,산화,sanhwa,酸化,Hanja word: 酸化 (suānhuà),suānhuà,sʰan.hu̯a.,Hanja,名詞
4280,산화수소,sanhwasuso,酸化水素,Hanja word: 酸化水素 (suānhuàshuǐsù),suānhuàshuǐsù,sʰan.hu̯a.sʰu.sʰo.,Hanja,名詞
4281,산수,sansu,算數,Hanja word: 算數 (suànshù),suànshù,sʰan.su.,Hanja,名詞
4282,산소,sanso,酸素,Oxygen,suānsù,sʰan.so.,Hanja,名詞
4283,산성,sanseong,酸性,Hanja word: 酸性 (suānxìng),suānxìng,sʰan.sʌŋ.,Hanja,名詞
4284,숙박,sukbak,宿泊,Hanja word: 宿泊 (sùbó),sùbó,sʰuk̚.p͈ak̚.,Hanja,名詞
4285,숙박비,sukbakbi,宿泊費,Hanja word: 宿泊費 (sùbófèi),sùbófèi,sʰuk̚.p͈ak̚.p͈i.,Hanja,名詞
4286,소재,sojae,素材,"material, subject matter",sùcái,sʰo.ʥɛ.,Hanja,動詞
4287,속도,sokdo,速度,Speed,sùdù,sʰok̚.t͈o.,Hanja,名詞
4288,속도제한,sokdojehan,速度制限,Hanja word: 速度制限 (sùdùzhìxiàn),sùdùzhìxiàn,sʰok̚.t͈o.ʥe.ɦan.,Hanja,名詞
4289,속악,sokak,俗惡,Hanja word: 俗惡 (súè),súè,sʰoɡ.ak̚.,Hanja,名詞
4290,수필,supil,隨筆,An essay,suíbǐ,sʰu.pʰil.,Hanja,名詞
4291,수시,susi,隨時,Hanja word: 隨時 (suíshí),suíshí,sʰu.ɕʰi.,Hanja,名詞
4292,수행,suhaeng,遂行,Hanja word: 遂行 (suìxíng),suìxíng,sʰu.ɦɛŋ.,Hanja,名詞
4293,세월,sewol,歲月,"The times, things",suìyuè,sʰe.u̯ʌl.,Hanja,名詞
4294,속기,sokgi,速記,Hanja word: 速記 (sùjì),sùjì,sʰok̚.k͈i.,Hanja,名詞
4295,속력,sokryeok,速力,Hanja word: 速力 (sùlì),sùlì,sʰoŋ.njʌk̚.,Hanja,名詞
4296,소립자,soripja,素粒子,Hanja word: 素粒子 (sùlìzi·),sùlìzi·,sʰo.ɾip̚.ʨ͈a.,Hanja,名詞
4297,속명,sokmyeong,俗名,Hanja word: 俗名 (súmíng),súmíng,sʰoŋ.mjʌŋ.,Hanja,名詞
4298,숙명,sukmyeong,宿命,Hanja word: 宿命 (sùmìng),sùmìng,sʰuŋ.mjʌŋ.,Hanja,名詞
4299,손해,sonhae,損害,"damage,injury",sǔnhài,sʰon.hɛ.,Hanja,名詞
4300,손녀,sonnyeo,孫女,Granddaughter,sūnnǚ,sʰon.njʌ.,Hanja,名詞
4301,손상,sonsang,損傷,Hanja word: 損傷 (sǔnshāng),sǔnshāng,sʰon.saŋ.,Hanja,名詞
4302,손실,sonsil,損失,Loss,sǔnshī,sʰon.ɕʰil.,Hanja,名詞
4303,손자,sonja,孫子,Grandson,sūnzi·,sʰon.ʥa.,Hanja,名詞
4304,소지품,sojipum,所持品,one’s things,suǒchípǐn,sʰo.ʥi.pʰum.,Hanja,名詞
4305,소득,sodeuk,所得,"An income, earnings",suǒdé,sʰo.dɯk̚.,Hanja,名詞
4306,쇄골,swaegol,鎖骨,Hanja word: 鎖骨 (suǒgǔ),suǒgǔ,sʰu̯ɛ.ɡol.,Hanja,名詞
4307,소속,sosok,所屬,"Belong to, attached to",suǒshǔ,sʰo.sʰok̚.,Hanja,名詞
4308,소망,somang,所望,"desire,wish,hope",suǒwàng,sʰo.maŋ.,Hanja,名詞
4309,소위,sowi,所謂,What is called for,suǒwèi,sʰo.ɥi.,Hanja,副詞
4310,소문,somun,所聞,A rumor,suǒwén,sʰo.mun.,Hanja,名詞
4311,축소,chukso,縮小,"Reduction, a cutback",suōxiǎo,ʨʰuk̚.s͈o.,Hanja,名詞
4312,소요,soyo,所要,Hanja word: 所要 (suǒyào),suǒyào,sʰo.jo.,Hanja,名詞
4313,소용,soyong,所用,"use,usefulness",suǒyòng,sʰo.joŋ.,Hanja,名詞
4314,소유,soyu,所有,Possession,suǒyǒu,sʰo.ju.,Hanja,名詞
4315,소유자,soyuja,所有者,Possessor,suǒyǒuzhě,sʰo.ju.ʥa.,Hanja,名詞
4316,소유주,soyuju,所有主,Hanja word: 所有主 (suǒyǒuzhǔ),suǒyǒuzhǔ,sʰo.ju.ʥu.,Hanja,名詞
4317,소원,sowon,所願,one’s desire,suǒyuàn,sʰo.u̯ʌn.,Hanja,名詞
4318,소재,sojae,所在,"material, subject matter",suǒzài,sʰo.ʥɛ.,Hanja,動詞
4319,소중,sojung,所重,Hanja word: 所重 (suǒzhòng),suǒzhòng,sʰo.ʥuŋ.,Hanja,名詞
4320,소박,sobak,素朴,Hanja word: 素朴 (sùpò),sùpò,sʰo.bak̚.,Hanja,名詞
4321,속인,sokin,俗人,Hanja word: 俗人 (súrén),súrén,sʰoɡ.in.,Hanja,名詞
4322,소생,sosaeng,蘇生,Hanja word: 蘇生 (sūshēng),sūshēng,sʰo.sʰɛŋ.,Hanja,名詞
4323,소수,sosu,素數,"A small number, a few",sùshǔ,sʰo.sʰu.,Hanja,名詞
4324,대사,daesa,臺詞,"Speech, dialogue",táicí,tɛ.sʰa.,Hanja,名詞
4325,대지,daeji,臺地,Hanja word: 臺地 (táide·),táide·,tɛ.ʥi.,Hanja,名詞
4326,태도,taedo,態度,"attitude,comportment",tàidù,tʰɛ.do.,Hanja,名詞
4327,태아,taea,胎兒,"A fetus, an unborn child",tāiér',tʰɛ.a.,Hanja,名詞
4328,태풍,taepung,颱風,Typhoon,táifēng,tʰɛ.pʰuŋ.,Hanja,名詞
4329,태국,taeguk,泰國,Hanja word: 泰國 (tàiguó),tàiguó,tʰɛ.ɡuk̚.,Hanja,名詞
4330,태후,taehu,太后,Hanja word: 太后 (tàihòu),tàihòu,tʰɛ.ɦu.,Hanja,名詞
4331,태반,taeban,胎盤,Hanja word: 胎盤 (tāipán),tāipán,tʰɛ.ban.,Hanja,名詞
4332,태평양,taepyeongyang,太平洋,Hanja word: 太平洋 (tàipíngyáng),tàipíngyáng,tʰɛ.pʰjʌŋ.jaŋ.,Hanja,名詞
4333,태권도,taegwondo,跆拳道,Tae kwon do,táiquándào,tʰɛ.ɡu̯ʌn.do.,Hanja,名詞
4334,태수,taesu,太守,Hanja word: 太守 (tàishǒu),tàishǒu,tʰɛ.sʰu.,Hanja,名詞
4335,대만,daeman,臺灣,Taiwan,táiwān,tɛ.man.,Hanja,專有名詞
4336,태양,taeyang,太陽,The sun,tàiyáng,tʰɛ.jaŋ.,Hanja,名詞
4337,태양계,taeyanggye,太陽系,Hanja word: 太陽系 (tàiyángxì),tàiyángxì,tʰɛ.jaŋ.ɡje.,Hanja,名詞
4338,대지,daeji,臺紙,Hanja word: 臺紙 (táizhǐ),táizhǐ,tɛ.ʥi.,Hanja,名詞
4339,대좌,daejwa,臺座,Hanja word: 臺座 (táizuò),táizuò,tɛ.ʥu̯a.,Hanja,名詞
4340,타율,tayul,他律,Hanja word: 他律 (tālǜ),tālǜ,tʰa.jul.,Hanja,名詞
4341,탄층,tancheung,炭層,Hanja word: 炭層 (tàncéng),tàncéng,tʰan.ʨʰɯŋ.,Hanja,名詞
4342,당황,danghwang,唐慌,Hanja word: 唐慌 (tánghuāng),tánghuāng,taŋ.hu̯aŋ.,Hanja,名詞
4343,당류,dangryu,糖類,Hanja word: 糖類 (tánglèi),tánglèi,taŋ.nju.,Hanja,名詞
4344,당밀,dangmil,糖蜜,Hanja word: 糖蜜 (tángmì),tángmì,taŋ.mil.,Hanja,名詞
4345,당뇨병,dangnyobyeong,糖尿病,Hanja word: 糖尿病 (tángniàobìng),tángniàobìng,taŋ.njo.bjʌŋ.,Hanja,名詞
4346,당당,dangdang,堂堂,Hanja word: 堂堂 (tángtáng),tángtáng,taŋ.daŋ.,Hanja,名詞
4347,담화,damhwa,談話,Hanja word: 談話 (tánhuà),tánhuà,tam.hu̯a.,Hanja,名詞
4348,탄화,tanhwa,炭化,Hanja word: 炭化 (tànhuà),tànhuà,tʰan.hu̯a.,Hanja,名詞
4349,탐구,tamgu,探究,Hanja word: 探究 (tànjiù),tànjiù,tʰam.ɡu.,Hanja,名詞
4350,탄갱,tangaeng,炭坑,Hanja word: 炭坑 (tànkēng),tànkēng,tʰaŋ.ɡɛŋ.,Hanja,名詞
4351,탄광,tangwang,炭鑛,Hanja word: 炭鑛 (tànkuàng),tànkuàng,tʰaŋ.ɡu̯aŋ.,Hanja,名詞
4352,탄력,tanryeok,彈力,Hanja word: 彈力 (tánlì),tánlì,tʰal.ljʌk̚.,Hanja,名詞
4353,탄막,tanmak,彈幕,Hanja word: 彈幕 (tánmù),tánmù,tʰam.mak̚.,Hanja,名詞
4354,탄수화물,tansuhwamul,炭水化物,Hanja word: 炭水化物 (tànshuǐhuàwù),tànshuǐhuàwù,tʰan.su.ɦu̯a.mul.,Hanja,名詞
4355,탄산,tansan,炭酸,Hanja word: 炭酸 (tànsuān),tànsuān,tʰan.san.,Hanja,名詞
4356,탄전,tanjeon,炭田,Hanja word: 炭田 (tàntián),tàntián,tʰan.ʥʌn.,Hanja,名詞
4357,탄환,tanhwan,彈丸,Hanja word: 彈丸 (tánwán),tánwán,tʰan.hu̯an.,Hanja,名詞
4358,탄식,tansik,歎息,Hanja word: 歎息 (tànxí),tànxí,tʰan.ɕʰik̚.,Hanja,名詞
4359,탐험,tamheom,探險,Hanja word: 探險 (tànxiǎn),tànxiǎn,tʰam.hʌm.,Hanja,名詞
4360,탐욕,tamyok,貪慾,Hanja word: 貪慾 (tānyù),tānyù,tʰam.jok̚.,Hanja,名詞
4361,탄원,tanwon,歎願,Hanja word: 歎願 (tànyuàn),tànyuàn,tʰan.u̯ʌn.,Hanja,名詞
4362,도피,dopi,逃避,Hanja word: 逃避 (táobì),táobì,to.pʰi.,Hanja,名詞
4363,도자기,dojagi,陶瓷器,Porcelain,táocíqì,to.ʥa.ɡi.,Hanja,名詞
4364,도공,dogong,陶工,Hanja word: 陶工 (táogōng),táogōng,to.ɡoŋ.,Hanja,名詞
4365,토론,toron,討論,"A debate, discussion",tǎolùn,tʰo.ɾon.,Hanja,名詞
4366,토론회,toronhoe,討論會,A debating society/contest,tǎolùnhuì,tʰo.ɾon.hu̯e.,Hanja,名詞
4367,토론자,toronja,討論者,"A debator, a disputant",tǎolùnzhě,tʰo.ɾon.ʥa.,Hanja,名詞
4368,도기,dogi,陶器,Hanja word: 陶器 (táoqì),táoqì,to.ɡi.,Hanja,名詞
4369,도망,domang,逃亡,Escape,táowáng,to.maŋ.,Hanja,名詞
4370,도망자,domangja,逃亡者,Hanja word: 逃亡者 (táowángzhě),táowángzhě,to.maŋ.ʥa.,Hanja,名詞
4371,도예,doye,陶藝,Hanja word: 陶藝 (táoyì),táoyì,to.je.,Hanja,名詞
4372,토의,toui,討議,Hanja word: 討議 (tǎoyì),tǎoyì,tʰo.e.,Hanja,名詞
4373,도주,doju,逃走,Hanja word: 逃走 (táozǒu),táozǒu,to.ʥu.,Hanja,名詞
4374,도취,dochwi,陶醉,Hanja word: 陶醉 (táozuì),táozuì,to.ʨʰɥi.,Hanja,名詞
4375,특별,teukbyeol,特別,"Be special, extraordinary",tèbié,tʰɯk̚.p͈jʌl.,Hanja,名詞
4376,특전,teukjeon,特典,Hanja word: 特典 (tèdiǎn),tèdiǎn,tʰɯk̚.ʨ͈ʌn.,Hanja,名詞
4377,특정,teukjeong,特定,Hanja word: 特定 (tèdìng),tèdìng,tʰɯk̚.ʨ͈ʌŋ.,Hanja,名詞
4378,특급,teukgeup,特級,In a special class,tèjí,tʰɯk̚.k͈ɯp̚.,Hanja,名詞
4379,등귀,deunggwi,騰貴,Hanja word: 騰貴 (téngguì),téngguì,tɯŋ.ɡɥi.,Hanja,名詞
4380,특권,teukgwon,特權,Hanja word: 特權 (tèquán),tèquán,tʰɯk̚.k͈u̯ʌn.,Hanja,名詞
4381,특색,teuksaek,特色,Hanja word: 特色 (tèsè),tèsè,tʰɯk̚.s͈ɛk̚.,Hanja,名詞
4382,특사,teuksa,特赦,Hanja word: 特赦 (tèshè),tèshè,tʰɯk̚.s͈a.,Hanja,名詞
4383,특수,teuksu,特殊,"characteristic,distinct,unique",tèshū,tʰɯk̚.s͈u.,Hanja,名詞
4384,특수성,teuksuseong,特殊性,"Particularity, distinctiveness",tèshūxìng,tʰɯk̚.s͈u.sʰʌŋ.,Hanja,名詞
4385,특성,teukseong,特性,"A special/unique characteristic (individuality making, peculiarity)",tèxìng,tʰɯk̚.s͈ʌŋ.,Hanja,名詞
4386,특허,teukheo,特許,Hanja word: 特許 (tèxǔ),tèxǔ,tʰɯ.kʰʌ.,Hanja,名詞
4387,특이,teuki,特異,Hanja word: 特異 (tèyì),tèyì,tʰɯɡ.i.,Hanja,名詞
4388,특징,teukjing,特徵,"A special feature, a distinguishing feature",tèzhēng,tʰɯk̚.ʨ͈iŋ.,Hanja,名詞
4389,특질,teukjil,特質,Hanja word: 特質 (tèzhí),tèzhí,tʰɯk̚.ʨ͈il.,Hanja,名詞
4390,제안,jean,提案,"A proposal,suggestion",tíàn,ʨe.an.,Hanja,名詞
4391,천재,cheonjae,天才,"genius,talent",tiāncái,ʨʰʌn.ʥɛ.,Hanja,名詞
4392,천재적,cheonjaejeok,天才的,Hanja word: 天才的 (tiāncáide·),tiāncáide·,ʨʰʌn.ʥɛ.ʥʌk̚.,Hanja,名詞
4393,천칭,cheonching,天秤,Hanja word: 天秤 (tiānchèng),tiānchèng,ʨʰʌn.ʨʰiŋ.,Hanja,名詞
4394,천정,cheonjeong,天頂,Hanja word: 天頂 (tiāndǐng),tiāndǐng,ʨʰʌn.ʥʌŋ.,Hanja,名詞
4395,천벌,cheonbeol,天罰,Hanja word: 天罰 (tiānfá),tiānfá,ʨʰʌm.bʌl.,Hanja,名詞
4396,천개,cheongae,天蓋,Hanja word: 天蓋 (tiāngài),tiāngài,ʨʰʌŋ.ɡɛ.,Hanja,名詞
4397,천국,cheonguk,天國,Heaven,tiānguó,ʨʰʌŋ.ɡuk̚.,Hanja,名詞
4398,천랑성,cheonrangseong,天狼星,Hanja word: 天狼星 (tiānlángxīng),tiānlángxīng,ʨʰʌl.laŋ.sʌŋ.,Hanja,名詞
4399,천리,cheonri,天理,Hanja word: 天理 (tiānlǐ),tiānlǐ,ʨʰʌl.li.,Hanja,名詞
4400,천명,cheonmyeong,天命,Hanja word: 天命 (tiānmìng),tiānmìng,ʨʰʌm.mjʌŋ.,Hanja,名詞
4401,천계,cheongye,天啓,Hanja word: 天啓 (tiānqǐ),tiānqǐ,ʨʰʌŋ.ɡje.,Hanja,名詞
4402,천구,cheongu,天球,Hanja word: 天球 (tiānqiú),tiānqiú,ʨʰʌŋ.ɡu.,Hanja,名詞
4403,천연두,cheonyeondu,天然痘,Hanja word: 天然痘 (tiānrándòu),tiānrándòu,ʨʰʌn.jʌn.du.,Hanja,名詞
4404,천체,cheonche,天體,Hanja word: 天體 (tiāntǐ),tiāntǐ,ʨʰʌn.ʨʰe.,Hanja,名詞
4405,천상의,cheonsangui,天象儀,Hanja word: 天象儀 (tiānxiàngyí),tiānxiàngyí,ʨʰʌn.saŋ.e.,Hanja,名詞
4406,천성,cheonseong,天性,Hanja word: 天性 (tiānxìng),tiānxìng,ʨʰʌn.sʌŋ.,Hanja,名詞
4407,첨삭,cheomsak,添削,Hanja word: 添削 (tiānxuè),tiānxuè,ʨʰʌm.sak̚.,Hanja,名詞
4408,전원,jeonwon,田園,Hanja word: 田園 (tiányuán),tiányuán,ʨʌn.u̯ʌn.,Hanja,名詞
4409,천재,cheonjae,天災,"genius,talent",tiānzāi,ʨʰʌn.ʥɛ.,Hanja,名詞
4410,천장,cheonjang,天障,The ceiling,tiānzhàng,ʨʰʌn.ʥaŋ.,Hanja,名詞
4411,제안자,jeanja,提案者,Hanja word: 提案者 (tíànzhě),tíànzhě,ʨe.an.ʥa.,Hanja,名詞
4412,천직,cheonjik,天職,Hanja word: 天職 (tiānzhí),tiānzhí,ʨʰʌn.ʥik̚.,Hanja,名詞
4413,조화,johwa,調和,Hanja word: 調和 (tiáohé),tiáohé,ʨo.ɦu̯a.,Hanja,名詞
4414,조건,jogeon,條件,"condition,stipulation",tiáojiàn,ʨo.ɡʌn.,Hanja,名詞
4415,조절,jojeol,調節,"regulation,adjustment",tiáojié,ʨo.ʥʌl.,Hanja,名詞
4416,조목,jomok,條目,Hanja word: 條目 (tiáomù),tiáomù,ʨo.mok̚.,Hanja,名詞
4417,조정,jojeong,調停,"regulation,control,coordination",tiáotíng,ʨo.ʥʌŋ.,Hanja,名詞
4418,조망,jomang,眺望,Hanja word: 眺望 (tiàowàng),tiàowàng,ʨo.maŋ.,Hanja,名詞
4419,조미,jomi,調味,Hanja word: 調味 (tiáowèi),tiáowèi,ʨo.mi.,Hanja,名詞
4420,조미료,jomiryo,調味料,"seasoning, condiment",tiáowèiliào,ʨo.mi.ɾjo.,Hanja,名詞
4421,조항,johang,條項,Hanja word: 條項 (tiáoxiàng),tiáoxiàng,ʨo.ɦaŋ.,Hanja,名詞
4422,조약,joyak,條約,Hanja word: 條約 (tiáoyuē),tiáoyuē,ʨo.jak̚.,Hanja,名詞
4423,도약,doyak,跳躍,Hanja word: 跳躍 (tiàoyuè),tiàoyuè,to.jak̚.,Hanja,名詞
4424,도전,dojeon,挑戰,"Challenge, defiance",tiǎozhàn,to.ʥʌn.,Hanja,名詞
4425,도전자,dojeonja,挑戰者,Hanja word: 挑戰者 (tiǎozhànzhě),tiǎozhànzhě,to.ʥʌn.ʥa.,Hanja,名詞
4426,조정,jojeong,調整,"regulation,control,coordination",tiáozhěng,ʨo.ʥʌŋ.,Hanja,名詞
4427,체재,chejae,體裁,Hanja word: 體裁 (tǐcái),tǐcái,ʨʰe.ʥɛ.,Hanja,名詞
4428,체조,chejo,體操,Gymnastics,tǐcāo,ʨʰe.ʥo.,Hanja,名詞
4429,제출,jechul,提出,"presentation,submission",tíchū,ʨe.ʨʰul.,Hanja,名詞
4430,제출자,jechulja,提出者,Hanja word: 提出者 (tíchūzhě),tíchūzhě,ʨe.ʨʰul.ʨ͈a.,Hanja,名詞
4431,제독,jedok,提督,Hanja word: 提督 (tídū),tídū,ʨe.dok̚.,Hanja,名詞
4432,철필,cheolpil,鐵筆,Hanja word: 鐵筆 (tiěbǐ),tiěbǐ,ʨʰʌl.pʰil.,Hanja,名詞
4433,철도,cheoldo,鐵道,Railroad,tiědào,ʨʰʌl.t͈o.,Hanja,名詞
4434,철분,cheolbun,鐵分,Hanja word: 鐵分 (tiěfēn),tiěfēn,ʨʰʌl.p͈un.,Hanja,名詞
4435,철공,cheolgong,鐵工,Hanja word: 鐵工 (tiěgōng),tiěgōng,ʨʰʌl.k͈oŋ.,Hanja,名詞
4436,철기,cheolgi,鐵器,Hanja word: 鐵器 (tiěqì),tiěqì,ʨʰʌl.k͈i.,Hanja,名詞
4437,제방,jebang,堤防,Hanja word: 堤防 (tífáng),tífáng,ʨe.baŋ.,Hanja,名詞
4438,체격,chegyeok,體格,Hanja word: 體格 (tǐgé),tǐgé,ʨʰe.ɡjʌk̚.,Hanja,名詞
4439,제공,jegong,提供,An offer,tígōng,ʨe.ɡoŋ.,Hanja,名詞
4440,체적,chejeok,體積,Hanja word: 體積 (tǐjī),tǐjī,ʨʰe.ʥʌk̚.,Hanja,名詞
4441,체력,cheryeok,體力,Physical strength,tǐlì,ʨʰe.ɾjʌk̚.,Hanja,名詞
4442,제목,jemok,題目,"A subject, theme",tímù,ʨe.mok̚.,Hanja,名詞
4443,정거장,jeonggeojang,停車場,A railroad station,tíngchēchǎng,ʨʌŋ.ɡʌ.ʥaŋ.,Hanja,名詞
4444,정전,jeongjeon,停電,Hanja word: 停電 (tíngdiàn),tíngdiàn,ʨʌŋ.ʥʌn.,Hanja,名詞
4445,정돈,jeongdon,停頓,Hanja word: 停頓 (tíngdùn),tíngdùn,ʨʌŋ.don.,Hanja,名詞
4446,정류장,jeongryujang,停留場,"stop,a station,bus-stop",tíngliúchǎng,ʨʌŋ.nju.ʥaŋ.,Hanja,名詞
4447,청취,cheongchwi,聽取,Hanja word: 聽取 (tīngqǔ),tīngqǔ,ʨʰʌŋ.ʨʰɥi.,Hanja,名詞
4448,정원,jeongwon,庭園,Garden,tíngyuán,ʨʌŋ.u̯ʌn.,Hanja,名詞
4449,정장,jeongjang,艇長,"Full dress, uniform",tǐngzhǎng,ʨʌŋ.ʥaŋ.,Hanja,名詞
4450,청진,cheongjin,聽診,Hanja word: 聽診 (tīngzhěn),tīngzhěn,ʨʰʌŋ.ʥin.,Hanja,名詞
4451,정지,jeongji,停止,"stop,an interruption",tíngzhǐ,ʨʌŋ.ʥi.,Hanja,名詞
4452,청중,cheongjung,聽衆,Hanja word: 聽衆 (tīngzhòng),tīngzhòng,ʨʰʌŋ.ʥuŋ.,Hanja,名詞
4453,제기,jegi,提起,Hanja word: 提起 (tíqǐ),tíqǐ,ʨe.ɡi.,Hanja,名詞
4454,제시,jesi,提示,Presentation,tíshì,ʨe.ɕʰi.,Hanja,名詞
4455,체온,cheon,體溫,Body temperature,tǐwēn,ʨʰe.on.,Hanja,名詞
4456,체계,chegye,體系,Hanja word: 體系 (tǐxì),tǐxì,ʨʰe.ɡje.,Hanja,名詞
4457,체현,chehyeon,體現,Hanja word: 體現 (tǐxiàn),tǐxiàn,ʨʰe.hjʌn.,Hanja,名詞
4458,체계적,chegyejeok,體系的,"Systematic, organizational",tǐxìde·,ʨʰe.ɡje.ʥʌk̚.,Hanja,名詞
4459,체험,cheheom,體驗,An experience,tǐyàn,ʨʰe.ɦʌm.,Hanja,名詞
4460,제의,jeui,提議,"A proposal,an offer",tíyì,ʨe.e.,Hanja,名詞
4461,체육,cheyuk,體育,Physical education,tǐyù,ʨʰe.juk̚.,Hanja,名詞
4462,체육관,cheyukgwan,體育館,Gymnasium,tǐyùguǎn,ʨʰe.juk̚.k͈u̯an.,Hanja,名詞
4463,체제,cheje,體制,Hanja word: 體制 (tǐzhì),tǐzhì,ʨʰe.ʥe.,Hanja,名詞
4464,체중,chejung,體重,Body weight,tǐzhòng,ʨʰe.ʥuŋ.,Hanja,名詞
4465,동반,dongban,同伴,Hanja word: 同伴 (tóngbàn),tóngbàn,toŋ.ban.,Hanja,名詞
4466,동반자,dongbanja,同伴者,Hanja word: 同伴者 (tóngbànzhě),tóngbànzhě,toŋ.ban.ʥa.,Hanja,名詞
4467,동포,dongpo,同胞,Hanja word: 同胞 (tóngbāo),tóngbāo,toŋ.pʰo.,Hanja,名詞
4468,통보,tongbo,通報,Hanja word: 通報 (tōngbào),tōngbào,tʰoŋ.bo.,Hanja,名詞
4469,동등,dongdeung,同等,Hanja word: 同等 (tóngděng),tóngděng,toŋ.dɯŋ.,Hanja,名詞
4470,동조,dongjo,同調,Hanja word: 同調 (tóngdiào),tóngdiào,toŋ.ʥo.,Hanja,名詞
4471,동조자,dongjoja,同調者,Hanja word: 同調者 (tóngdiàozhě),tóngdiàozhě,toŋ.ʥo.ʥa.,Hanja,名詞
4472,통분,tongbun,通分,Hanja word: 通分 (tōngfēn),tōngfēn,tʰoŋ.bun.,Hanja,名詞
4473,통풍,tongpung,通風,Hanja word: 通風 (tōngfēng),tōngfēng,tʰoŋ.pʰuŋ.,Hanja,名詞
4474,통과,tonggwa,通過,Passage,tōngguò,tʰoŋ.ɡu̯a.,Hanja,名詞
4475,통합,tonghap,統合,"Unity, unification",tǒnghé,tʰoŋ.hap̚.,Hanja,名詞
4476,동화,donghwa,同化,Hanja word: 同化 (tónghuà),tónghuà,toŋ.hu̯a.,Hanja,名詞
4477,동화,donghwa,童話,Hanja word: 童話 (tónghuà),tónghuà,toŋ.hu̯a.,Hanja,名詞
4478,통화,tonghwa,通話,Conversation by telephone,tōnghuà,tʰoŋ.hu̯a.,Hanja,名詞
4479,동화책,donghwachaek,童話冊,A fairy tale,tónghuàcè,toŋ.hu̯a.ʨʰɛk̚.,Hanja,名詞
4480,동화작용,donghwajakyong,同化作用,Hanja word: 同化作用 (tónghuàzuòyòng),tónghuàzuòyòng,toŋ.hu̯a.ʥaɡ.joŋ.,Hanja,名詞
4481,통화,tonghwa,通貨,Conversation by telephone,tōnghuò,tʰoŋ.hu̯a.,Hanja,名詞
4482,통계,tonggye,統計,Statistics,tǒngjì,tʰoŋ.ɡje.,Hanja,名詞
4483,통계적,tonggyejeok,統計的,Hanja word: 統計的 (tǒngjìde·),tǒngjìde·,tʰoŋ.ɡje.ʥʌk̚.,Hanja,名詞
4484,동공,donggong,瞳孔,Hanja word: 瞳孔 (tóngkǒng),tóngkǒng,toŋ.ɡoŋ.,Hanja,名詞
4485,동류,dongryu,同類,Hanja word: 同類 (tónglèi),tónglèi,toŋ.nju.,Hanja,名詞
4486,동료,dongryo,同僚,Hanja word: 同僚 (tóngliáo),tóngliáo,toŋ.njo.,Hanja,名詞
4487,통로,tongro,通路,"A passage, a way, an aisle",tōnglù,tʰoŋ.no.,Hanja,名詞
4488,동맹,dongmaeng,同盟,Hanja word: 同盟 (tóngméng),tóngméng,toŋ.mɛŋ.,Hanja,名詞
4489,통모,tongmo,通謀,Hanja word: 通謀 (tōngmóu),tōngmóu,tʰoŋ.mo.,Hanja,名詞
4490,동서,dongseo,同棲,Hanja word: 同棲 (tóngqī),tóngqī,toŋ.sʌ.,Hanja,名詞
4491,동전,dongjeon,銅錢,Hanja word: 銅錢 (tóngqián),tóngqián,toŋ.ʥʌn.,Hanja,名詞
4492,동정,dongjeong,同情,Hanja word: 同情 (tóngqíng),tóngqíng,toŋ.ʥʌŋ.,Hanja,名詞
4493,동정심,dongjeongsim,同情心,Hanja word: 同情心 (tóngqíngxīn),tóngqíngxīn,toŋ.ʥʌŋ.ɕʰim.,Hanja,名詞
4494,동상,dongsang,同上,Hanja word: 同上 (tóngshàng),tóngshàng,toŋ.saŋ.,Hanja,名詞
4495,통상,tongsang,通商,Hanja word: 通商 (tōngshāng),tōngshāng,tʰoŋ.saŋ.,Hanja,名詞
4496,통신,tongsin,通信,"communications,correspondance",tōngxìn,tʰoŋ.ɕʰin.,Hanja,名詞
4497,동형,donghyeong,同型,Hanja word: 同型 (tóngxíng),tóngxíng,toŋ.hjʌŋ.,Hanja,名詞
4498,통행,tonghaeng,通行,Hanja word: 通行 (tōngxíng),tōngxíng,tʰoŋ.hɛŋ.,Hanja,名詞
4499,통행금지,tonghaenggeumji,通行禁止,Hanja word: 通行禁止 (tōngxíngjìnzhǐ),tōngxíngjìnzhǐ,tʰoŋ.hɛŋ.ɡɯm.ʥi.,Hanja,名詞
4500,동요,dongyo,童謠,Hanja word: 童謠 (tóngyáo),tóngyáo,toŋ.jo.,Hanja,名詞
4501,동의,dongui,同意,Hanja word: 同意 (tóngyì),tóngyì,toŋ.e.,Hanja,名詞
4502,동일,dongil,同一,Hanja word: 同一 (tóngyī),tóngyī,toŋ.il.,Hanja,名詞
4503,통일,tongil,統一,Unification,tǒngyī,tʰoŋ.il.,Hanja,名詞
4504,통역,tongyeok,通譯,Interpreting,tōngyì,tʰoŋ.jʌk̚.,Hanja,名詞
4505,동의자,donguija,同意者,Hanja word: 同意者 (tóngyìzhě),tóngyìzhě,toŋ.i.ʥa.,Hanja,名詞
4506,동유,dongyu,桐油,Hanja word: 桐油 (tóngyóu),tóngyóu,toŋ.ju.,Hanja,名詞
4507,통장,tongjang,通帳,A bankbook (check register),tōngzhàng,tʰoŋ.ʥaŋ.,Hanja,名詞
4508,통증,tongjeung,痛症,"An ache, pain",tòngzhèng,tʰoŋ.ʥɯŋ.,Hanja,名詞
4509,동질,dongjil,同質,Hanja word: 同質 (tóngzhí),tóngzhí,toŋ.ʥil.,Hanja,名詞
4510,동지,dongji,同志,Hanja word: 同志 (tóngzhì),tóngzhì,toŋ.ʥi.,Hanja,名詞
4511,통제,tongje,統制,"control, regulation",tǒngzhì,tʰoŋ.ʥe.,Hanja,名詞
4512,통치,tongchi,統治,Hanja word: 統治 (tǒngzhì),tǒngzhì,tʰoŋ.ʨʰi.,Hanja,名詞
4513,통지,tongji,通知,Hanja word: 通知 (tōngzhī),tōngzhī,tʰoŋ.ʥi.,Hanja,名詞
4514,통치자,tongchija,統治者,Hanja word: 統治者 (tǒngzhìzhě),tǒngzhìzhě,tʰoŋ.ʨʰi.ʥa.,Hanja,名詞
4515,동자,dongja,瞳子,Hanja word: 瞳子 (tóngzi·),tóngzi·,toŋ.ʥa.,Hanja,名詞
4516,두개,dugae,頭蓋,Hanja word: 頭蓋 (tóugài),tóugài,tu.ɡɛ.,Hanja,名詞
4517,두개골,dugaegol,頭蓋骨,Hanja word: 頭蓋骨 (tóugàigǔ),tóugàigǔ,tu.ɡɛ.ɡol.,Hanja,名詞
4518,투고,tugo,投稿,Hanja word: 投稿 (tóugǎo),tóugǎo,tʰu.ɡo.,Hanja,名詞
4519,투광기,tugwanggi,投光器,Hanja word: 投光器 (tóuguāngqì),tóuguāngqì,tʰu.ɡu̯aŋ.ɡi.,Hanja,名詞
4520,투기,tugi,投機,Hanja word: 投機 (tóujī),tóujī,tʰu.ɡi.,Hanja,名詞
4521,투명,tumyeong,透明,Hanja word: 透明 (tòumíng),tòumíng,tʰu.mjʌŋ.,Hanja,名詞
4522,두목,dumok,頭目,Hanja word: 頭目 (tóumù),tóumù,tu.mok̚.,Hanja,名詞
4523,두뇌,dunoe,頭腦,Hanja word: 頭腦 (tóunǎo),tóunǎo,tu.nu̯e.,Hanja,名詞
4524,투표,tupyo,投票,"vote,voting",tóupiào,tʰu.pʰjo.,Hanja,名詞
4525,투표자,tupyoja,投票者,Hanja word: 投票者 (tóupiàozhě),tóupiàozhě,tʰu.pʰjo.ʥa.,Hanja,名詞
4526,투구,tugu,投球,Hanja word: 投球 (tóuqiú),tóuqiú,tʰu.ɡu.,Hanja,名詞
4527,투시,tusi,透視,Hanja word: 透視 (tòushì),tòushì,tʰu.ɕʰi.,Hanja,名詞
4528,투수,tusu,投手,Hanja word: 投手 (tóushǒu),tóushǒu,tʰu.sʰu.,Hanja,名詞
4529,두통,dutong,頭痛,Hanja word: 頭痛 (tóutòng),tóutòng,tu.tʰoŋ.,Hanja,名詞
4530,투하,tuha,投下,Hanja word: 投下 (tóuxià),tóuxià,tʰu.ɦa.,Hanja,名詞
4531,투사,tusa,透寫,Hanja word: 透寫 (tòuxiě),tòuxiě,tʰu.sʰa.,Hanja,名詞
4532,투약,tuyak,投藥,Hanja word: 投藥 (tóuyào),tóuyào,tʰu.jak̚.,Hanja,名詞
4533,투옥,tuok,投獄,Hanja word: 投獄 (tóuyù),tóuyù,tʰu.ok̚.,Hanja,名詞
4534,두운,duun,頭韻,Hanja word: 頭韻 (tóuyùn),tóuyùn,tu.un.,Hanja,名詞
4535,두주,duju,頭註,Hanja word: 頭註 (tóuzhù),tóuzhù,tu.ʥu.,Hanja,名詞
4536,투자,tuja,投資,Investment,tóuzī,tʰu.ʥa.,Hanja,名詞
4537,단지,danji,團地,"Simple, merely",tuánde·,tan.ʥi.,Hanja,副詞
4538,단결,dangyeol,團結,Hanja word: 團結 (tuánjié),tuánjié,taŋ.ɡjʌl.,Hanja,名詞
4539,단체,danche,團體,"A corps, a group",tuántǐ,tan.ʨʰe.,Hanja,名詞
4540,도표,dopyo,圖表,Hanja word: 圖表 (túbiǎo),túbiǎo,to.pʰjo.,Hanja,名詞
4541,돌출,dolchul,突出,Hanja word: 突出 (tūchū),tūchū,tol.ʨʰul.,Hanja,名詞
4542,도당,dodang,徒黨,Hanja word: 徒黨 (túdǎng),túdǎng,to.daŋ.,Hanja,名詞
4543,도제,doje,徒弟,Hanja word: 徒弟 (túdì),túdì,to.ʥe.,Hanja,名詞
4544,토지,toji,土地,Hanja word: 土地 (tǔdì),tǔdì,tʰo.ʥi.,Hanja,名詞
4545,돌풍,dolpung,突風,Hanja word: 突風 (tūfēng),tūfēng,tol.pʰuŋ.,Hanja,名詞
4546,추측,chucheuk,推測,"Guess, conjecture",tuīcè,ʨʰu.ʨʰɯk̚.,Hanja,名詞
4547,퇴장,toejang,退場,Hanja word: 退場 (tuìchǎng),tuìchǎng,tʰu̯e.ʥaŋ.,Hanja,名詞
4548,추정,chujeong,推定,Hanja word: 推定 (tuīdìng),tuīdìng,ʨʰu.ʥʌŋ.,Hanja,名詞
4549,퇴화,toehwa,退化,Hanja word: 退化 (tuìhuà),tuìhuà,tʰu̯e.ɦu̯a.,Hanja,名詞
4550,추천,chucheon,推薦,A recommendation,tuījiàn,ʨʰu.ʨʰʌn.,Hanja,名詞
4551,추진,chujin,推進,"Propulsion, drive",tuījìn,ʨʰu.ʥin.,Hanja,名詞
4552,추리,churi,推理,Hanja word: 推理 (tuīlǐ),tuīlǐ,ʨʰu.ɾi.,Hanja,名詞
4553,퇴근,toegeun,退勤,"Leaving one’s office, coming home from work",tuìqín,tʰu̯e.ɡɯn.,Hanja,名詞
4554,퇴거,toegeo,退去,Hanja word: 退去 (tuìqù),tuìqù,tʰu̯e.ɡʌ.,Hanja,名詞
4555,퇴각,toegak,退卻,Hanja word: 退卻 (tuìquè),tuìquè,tʰu̯e.ɡak̚.,Hanja,名詞
4556,퇴위,toewi,退位,Hanja word: 退位 (tuìwèi),tuìwèi,tʰu̯e.ɥi.,Hanja,名詞
4557,퇴원,toewon,退院,Leaving the hospital,tuìyuàn,tʰu̯e.u̯ʌn.,Hanja,名詞
4558,퇴직금,toejikgeum,退職金,Retirement grants,tuìzhíjīn,tʰu̯e.ʥik̚.k͈ɯm.,Hanja,名詞
4559,퇴직자,toejikja,退職者,Hanja word: 退職者 (tuìzhízhě),tuìzhízhě,tʰu̯e.ʥik̚.ʨ͈a.,Hanja,名詞
4560,퇴짜,toejja,退字,Hanja word: 退字 (tuìzì),tuìzì,tʰu̯e.ʨ͈a.,Hanja,名詞
4561,돌진,doljin,突進,Hanja word: 突進 (tūjìn),tūjìn,tol.ʨ͈in.,Hanja,名詞
4562,도료,doryo,塗料,Hanja word: 塗料 (túliào),túliào,to.ɾjo.,Hanja,名詞
4563,도면,domyeon,圖面,Hanja word: 圖面 (túmiàn),túmiàn,to.mjʌn.,Hanja,名詞
4564,탈출,talchul,脫出,Hanja word: 脫出 (tuōchū),tuōchū,tʰal.ʨʰul.,Hanja,名詞
4565,타당,tadang,妥當,Hanja word: 妥當 (tuǒdàng),tuǒdàng,tʰa.daŋ.,Hanja,名詞
4566,탁아소,takaso,託兒所,Hanja word: 託兒所 (tuōér'suǒ),tuōér'suǒ,tʰaɡ.a.sʰo.,Hanja,名詞
4567,타조,tajo,駝鳥,Hanja word: 駝鳥 (tuóniǎo),tuóniǎo,tʰa.ʥo.,Hanja,名詞
4568,탁송,taksong,託送,Hanja word: 託送 (tuōsòng),tuōsòng,tʰak̚.s͈oŋ.,Hanja,名詞
4569,타협,tahyeop,妥協,Hanja word: 妥協 (tuǒxié),tuǒxié,tʰa.hjʌp̚.,Hanja,名詞
4570,타액,taaek,唾液,Hanja word: 唾液 (tuòyì),tuòyì,tʰa.ɛk̚.,Hanja,名詞
4571,타원,tawon,橢圓,Hanja word: 橢圓 (tuǒyuán),tuǒyuán,tʰa.u̯ʌn.,Hanja,名詞
4572,외부,oebu,外部,"The exterior, the outside",wàibù,u̯e.bu.,Hanja,名詞
4573,외출,oechul,外出,"Going out, an outing",wàichū,u̯e.ʨʰul.,Hanja,名詞
4574,외이,oei,外耳,Hanja word: 外耳 (wàiěr'),wàiěr',u̯e.i.,Hanja,名詞
4575,외관,oegwan,外觀,Hanja word: 外觀 (wàiguān),wàiguān,u̯e.ɡu̯an.,Hanja,名詞
4576,외국,oeguk,外國,A foreign country,wàiguó,u̯e.ɡuk̚.,Hanja,名詞
4577,외국인,oegukin,外國人,"A foreigner, a foreign national",wàiguórén,u̯e.ɡuɡ.in.,Hanja,名詞
4578,외국어,oegukeo,外國語,"A foreign language; sometimes, only means English",wàiguóyǔ,u̯e.ɡuɡ.ʌ.,Hanja,名詞
4579,외교,oegyo,外交,Diplomacy,wàijiāo,u̯e.ɡjo.,Hanja,名詞
4580,외교관,oegyogwan,外交官,A diplomat,wàijiāoguān,u̯e.ɡjo.ɡu̯an.,Hanja,名詞
4581,외과,oegwa,外科,Surgery,wàikē,u̯e.ɡu̯a.,Hanja,名詞
4582,외모,oemo,外貌,Outward appearance,wàimào,u̯e.mo.,Hanja,名詞
4583,외면,oemyeon,外面,Hanja word: 外面 (wàimiàn),wàimiàn,u̯e.mjʌn.,Hanja,名詞
4584,외근,oegeun,外勤,Hanja word: 外勤 (wàiqín),wàiqín,u̯e.ɡɯn.,Hanja,名詞
4585,왜곡,waegok,歪曲,Hanja word: 歪曲 (wāiqū),wāiqū,u̯ɛ.ɡok̚.,Hanja,名詞
4586,외삼촌,oesamchon,外三寸,An uncle on one’s mother’s side,wàisāncùn,u̯e.sʰam.ʨʰon.,Hanja,名詞
4587,외식,oesik,外食,Hanja word: 外食 (wàishí),wàishí,u̯e.ɕʰik̚.,Hanja,名詞
4588,외투,oetu,外套,Hanja word: 外套 (wàitào),wàitào,u̯e.tʰu.,Hanja,名詞
4589,외모,oemo,外務,Outward appearance,wàiwù,u̯e.mo.,Hanja,名詞
4590,외향성,oehyangseong,外向性,Hanja word: 外向性 (wàixiàngxìng),wàixiàngxìng,u̯e.hjaŋ.sʌŋ.,Hanja,名詞
4591,외심,oesim,外心,Hanja word: 外心 (wàixīn),wàixīn,u̯e.ɕʰim.,Hanja,名詞
4592,외연,oeyeon,外延,Hanja word: 外延 (wàiyán),wàiyán,u̯e.jʌn.,Hanja,名詞
4593,외야,oeya,外野,Hanja word: 外野 (wàiyě),wàiyě,u̯e.ja.,Hanja,名詞
4594,외채,oechae,外債,Hanja word: 外債 (wàizhài),wàizhài,u̯e.ʨʰɛ.,Hanja,名詞
4595,외제,oeje,外製,Of foreign manufacture,wàizhì,u̯e.ʥe.,Hanja,名詞
4596,외자,oeja,外資,Hanja word: 外資 (wàizī),wàizī,u̯e.ʥa.,Hanja,名詞
4597,완벽,wanbyeok,完璧,Hanja word: 完璧 (wánbì),wánbì,u̯am.bjʌk̚.,Hanja,名詞
4598,만찬,manchan,晚餐,Hanja word: 晚餐 (wǎncān),wǎncān,mᵇan.ʨʰan.,Hanja,名詞
4599,완성,wanseong,完成,"completion,accomplishment",wánchéng,u̯an.sʌŋ.,Hanja,名詞
4600,만이천,manicheon,萬二千,Hanja word: 萬二千 (wànèr'qiān),wànèr'qiān,mᵇan.i.ʨʰʌn.,Hanja,名詞
4601,왕조,wangjo,王朝,Hanja word: 王朝 (wángcháo),wángcháo,u̯aŋ.ʥo.,Hanja,名詞
4602,만가,manga,挽歌,Hanja word: 挽歌 (wǎngē),wǎngē,mᵇaŋ.ɡa.,Hanja,名詞
4603,망은,mangeun,忘恩,Hanja word: 忘恩 (wàngēn),wàngēn,mᵇaŋ.ɯn.,Hanja,名詞
4604,왕비,wangbi,王妃,Queen,wángfēi,u̯aŋ.bi.,Hanja,名詞
4605,왕관,wanggwan,王冠,Hanja word: 王冠 (wángguàn),wángguàn,u̯aŋ.ɡu̯an.,Hanja,名詞
4606,왕국,wangguk,王國,Hanja word: 王國 (wángguó),wángguó,u̯aŋ.ɡuk̚.,Hanja,名詞
4607,왕래,wangrae,往來,Hanja word: 往來 (wǎnglái),wǎnglái,u̯aŋ.nɛ.,Hanja,名詞
4608,망령,mangryeong,亡靈,Hanja word: 亡靈 (wánglíng),wánglíng,mᵇaŋ.njʌŋ.,Hanja,名詞
4609,망루,mangru,望樓,Hanja word: 望樓 (wànglóu),wànglóu,mᵇaŋ.nu.,Hanja,名詞
4610,망명,mangmyeong,亡命,Hanja word: 亡命 (wángmìng),wángmìng,mᵇaŋ.mjʌŋ.,Hanja,名詞
4611,망명자,mangmyeongja,亡命者,Hanja word: 亡命者 (wángmìngzhě),wángmìngzhě,mᵇaŋ.mjʌŋ.ʥa.,Hanja,名詞
4612,왕녀,wangnyeo,王女,Hanja word: 王女 (wángnǚ),wángnǚ,u̯aŋ.njʌ.,Hanja,名詞
4613,왕권,wanggwon,王權,Hanja word: 王權 (wángquán),wángquán,u̯aŋ.ɡu̯ʌn.,Hanja,名詞
4614,완고,wango,頑固,Hanja word: 頑固 (wángù),wángù,u̯aŋ.ɡo.,Hanja,名詞
4615,왕위,wangwi,王位,Hanja word: 王位 (wángwèi),wángwèi,u̯aŋ.ɥi.,Hanja,名詞
4616,망원경,mangwongyeong,望遠鏡,Telescope,wàngyuǎnjìng,mᵇaŋ.u̯ʌŋ.ɡjʌŋ.,Hanja,名詞
4617,왕진,wangjin,往診,Hanja word: 往診 (wǎngzhěn),wǎngzhěn,u̯aŋ.ʥin.,Hanja,名詞
4618,왕자,wangja,王子,Prince,wángzi·,u̯aŋ.ʥa.,Hanja,名詞
4619,왕좌,wangjwa,王座,Hanja word: 王座 (wángzuò),wángzuò,u̯aŋ.ʥu̯a.,Hanja,名詞
4620,만화경,manhwagyeong,萬華鏡,Hanja word: 萬華鏡 (wànhuájìng),wànhuájìng,mᵇan.hu̯a.ɡjʌŋ.,Hanja,名詞
4621,완료,wanryo,完了,Hanja word: 完了 (wánle·),wánle·,u̯al.ljo.,Hanja,名詞
4622,만리장성,manrijangseong,萬里長城,Hanja word: 萬里長城 (wànlǐzhǎngchéng),wànlǐzhǎngchéng,mᵇal.li.ʥaŋ.sʌŋ.,Hanja,名詞
4623,만년필,mannyeonpil,萬年筆,Hanja word: 萬年筆 (wànniánbǐ),wànniánbǐ,mᵇan.njʌm.pʰil.,Hanja,名詞
4624,만천,mancheon,萬千,Hanja word: 萬千 (wànqiān),wànqiān,mᵇan.ʨʰʌn.,Hanja,名詞
4625,만곡,mangok,彎曲,Hanja word: 彎曲 (wānqū),wānqū,mᵇaŋ.ɡok̚.,Hanja,名詞
4626,만약,manyak,萬若,If,wànruò,mᵇan.jak̚.,Hanja,名詞
4627,만사,mansa,萬事,Hanja word: 萬事 (wànshì),wànshì,mᵇan.sa.,Hanja,名詞
4628,만수무강,mansumugang,萬壽無疆,Hanja word: 萬壽無疆 (wànshòuwújiāng),wànshòuwújiāng,mᵇan.su.mu.ɡaŋ.,Hanja,名詞
4629,만세,manse,萬歲,"10,000 years",wànsuì,mᵇan.se.,Hanja,名詞
4630,환약,hwanyak,丸藥,Hanja word: 丸藥 (wányào),wányào,hu̯an.jak̚.,Hanja,名詞
4631,만일,manil,萬一,"If, suppose",wànyī,mᵇan.il.,Hanja,名詞
4632,위안,wian,慰安,Hanja word: 慰安 (wèiān),wèiān,ɥi.an.,Hanja,名詞
4633,미안,mian,未安,Hanja word: 未安 (wèiān),wèiān,mᵇi.an.,Hanja,名詞
4634,위안자,wianja,慰安者,Hanja word: 慰安者 (wèiānzhě),wèiānzhě,ɥi.an.ʥa.,Hanja,名詞
4635,위배,wibae,違背,Hanja word: 違背 (wéibèi),wéibèi,ɥi.bɛ.,Hanja,名詞
4636,미진,mijin,微塵,Hanja word: 微塵 (wēichén),wēichén,mᵇi.ʥin.,Hanja,名詞
4637,유지,yuji,維持,Hanja word: 維持 (wéichí),wéichí,ju.ʥi.,Hanja,名詞
4638,위대,widae,偉大,Hanja word: 偉大 (wěidà),wěidà,ɥi.dɛ.,Hanja,名詞
4639,위법,wibeop,違法,"illegality,a breach of the law",wéifǎ,ɥi.bʌp̚.,Hanja,名詞
4640,위반,wiban,違反,"Violation, infringement",wéifǎn,ɥi.ban.,Hanja,名詞
4641,위관,wigwan,尉官,Hanja word: 尉官 (wèiguān),wèiguān,ɥi.ɡu̯an.,Hanja,名詞
4642,위해,wihae,危害,Hanja word: 危害 (wēihài),wēihài,ɥi.ɦɛ.,Hanja,名詞
4643,미혼,mihon,未婚,Unmarried,wèihūn,mᵇi.ɦon.,Hanja,名詞
4644,미혼모,mihonmo,未婚母,Hanja word: 未婚母 (wèihūnmǔ),wèihūnmǔ,mᵇi.ɦom.mo.,Hanja,名詞
4645,위기,wigi,危機,"A crisis,an emergency situation",wēijī,ɥi.ɡi.,Hanja,名詞
4646,미천,micheon,微賤,Hanja word: 微賤 (wēijiàn),wēijiàn,mᵇi.ʨʰʌn.,Hanja,名詞
4647,위자,wija,慰藉,Hanja word: 慰藉 (wèijiè),wèijiè,ɥi.ʥa.,Hanja,名詞
4648,위경,wigyeong,胃鏡,Hanja word: 胃鏡 (wèijìng),wèijìng,ɥi.ɡjʌŋ.,Hanja,名詞
4649,미각,migak,味覺,Hanja word: 味覺 (wèijué),wèijué,mᵇi.ɡak̚.,Hanja,名詞
4650,미래,mirae,未來,Future,wèilái,mᵇi.ɾɛ.,Hanja,名詞
4651,위로,wiro,慰勞,"consolation,solace",wèiláo,ɥi.ɾo.,Hanja,名詞
4652,위력,wiryeok,偉力,Hanja word: 偉力 (wěilì),wěilì,ɥi.ɾjʌk̚.,Hanja,名詞
4653,미립자,miripja,微粒子,Hanja word: 微粒子 (wēilìzi·),wēilìzi·,mᵇi.ɾip̚.ʨ͈a.,Hanja,名詞
4654,미만,miman,未滿,"under,below ; less than",wèimǎn,mᵇi.man.,Hanja,名詞
4655,위임,wiim,委任,Hanja word: 委任 (wěirèn),wěirèn,ɥi.im.,Hanja,名詞
4656,위선,wiseon,僞善,Hanja word: 僞善 (wèishàn),wèishàn,ɥi.sʰʌn.,Hanja,名詞
4657,울산,ulsan,蔚山,"Ulsan, home of hyundai car company and hyundai shipbuilding in kyungsamnamdo",wèishān,ul.s͈an.,Hanja,專有名詞
4658,미생물,misaengmul,微生物,Hanja word: 微生物 (wēishēngwù),wēishēngwù,mᵇi.sʰɛŋ.mul.,Hanja,名詞
4659,미숙,misuk,未熟,Hanja word: 未熟 (wèishóu),wèishóu,mᵇi.sʰuk̚.,Hanja,名詞
4660,위축,wichuk,萎縮,Hanja word: 萎縮 (wēisuō),wēisuō,ɥi.ʨʰuk̚.,Hanja,名詞
4661,위통,witong,胃痛,Hanja word: 胃痛 (wèitòng),wèitòng,ɥi.tʰoŋ.,Hanja,名詞
4662,위탁,witak,委託,Hanja word: 委託 (wěituō),wěituō,ɥi.tʰak̚.,Hanja,名詞
4663,미망인,mimangin,未亡人,Hanja word: 未亡人 (wèiwángrén),wèiwángrén,mᵇi.maŋ.in.,Hanja,名詞
4664,위하수,wihasu,胃下垂,Hanja word: 胃下垂 (wèixiàchuí),wèixiàchuí,ɥi.ɦa.sʰu.,Hanja,名詞
4665,위선,wiseon,緯線,Hanja word: 緯線 (wěixiàn),wěixiàn,ɥi.sʰʌn.,Hanja,名詞
4666,위험,wiheom,危險,Danger,wēixiǎn,ɥi.ɦʌm.,Hanja,名詞
4667,위험성,wiheomseong,危險性,"riskiness,jeapordy",wēixiǎnxìng,ɥi.ɦʌm.sʌŋ.,Hanja,名詞
4668,미소,miso,微笑,Smile,wēixiào,mᵇi.sʰo.,Hanja,名詞
4669,외설,oeseol,猥褻,Hanja word: 猥褻 (wěixiè),wěixiè,u̯e.sʰʌl.,Hanja,名詞
4670,위협,wihyeop,威脅,"Menace, threat, intimidation",wēixié,ɥi.hjʌp̚.,Hanja,名詞
4671,위성,wiseong,衛星,A satellite,wèixīng,ɥi.sʰʌŋ.,Hanja,名詞
4672,미행,mihaeng,尾行,Hanja word: 尾行 (wěixíng),wěixíng,mᵇi.ɦɛŋ.,Hanja,名詞
4673,미행자,mihaengja,尾行者,Hanja word: 尾行者 (wěixíngzhě),wěixíngzhě,mᵇi.ɦɛŋ.ʥa.,Hanja,名詞
4674,유심론,yusimron,唯心論,Hanja word: 唯心論 (wéixīnlùn),wéixīnlùn,ju.ɕʰim.non.,Hanja,名詞
4675,위염,wiyeom,胃炎,Hanja word: 胃炎 (wèiyán),wèiyán,ɥi.jʌm.,Hanja,名詞
4676,위엄,wieom,威嚴,Hanja word: 威嚴 (wēiyán),wēiyán,ɥi.ʌm.,Hanja,名詞
4677,위액,wiaek,胃液,Hanja word: 胃液 (wèiyì),wèiyì,ɥi.ɛk̚.,Hanja,名詞
4678,위원,wiwon,委員,A member of a committee,wěiyuán,ɥi.u̯ʌn.,Hanja,名詞
4679,위원장,wiwonjang,委員長,A chairman of a committee,wěiyuánzhǎng,ɥi.u̯ʌn.ʥaŋ.,Hanja,名詞
4680,위조,wijo,僞造,Hanja word: 僞造 (wèizào),wèizào,ɥi.ʥo.,Hanja,名詞
4681,위증,wijeung,僞證,Hanja word: 僞證 (wèizhèng),wèizhèng,ɥi.ʥɯŋ.,Hanja,名詞
4682,위치,wichi,位置,"A position, a location",wèizhì,ɥi.ʨʰi.,Hanja,名詞
4683,위주,wiju,為主,Put first in importance,wéizhǔ,ɥi.ʥu.,Hanja,名詞
4684,위장,wijang,僞裝,Hanja word: 僞裝 (wèizhuāng),wèizhuāng,ɥi.ʥaŋ.,Hanja,名詞
4685,문답,mundap,問答,Hanja word: 問答 (wèndá),wèndá,mᵇun.dap̚.,Hanja,名詞
4686,문전,munjeon,文典,Hanja word: 文典 (wéndiǎn),wéndiǎn,mᵇun.ʥʌn.,Hanja,名詞
4687,온도,ondo,溫度,Temperature,wēndù,on.do.,Hanja,名詞
4688,문법,munbeop,文法,Grammar,wénfǎ,mᵇum.bʌp̚.,Hanja,名詞
4689,문화,munhwa,文化,culture,wénhuà,mᵇun.hu̯a.,Hanja,名詞
4690,문화재,munhwajae,文化財,Cultural assets,wénhuàcái,mᵇun.hu̯a.ʥɛ.,Hanja,名詞
4691,문화적,munhwajeok,文化的,Cultural,wénhuàde·,mᵇun.hu̯a.ʥʌk̚.,Hanja,名詞
4692,문걸,mungeol,文傑,Hanja word: 文傑 (wénjié),wénjié,mᵇuŋ.ɡʌl.,Hanja,名詞
4693,문구,mungu,文句,"passage,paragraph",wénjù,mᵇuŋ.ɡu.,Hanja,名詞
4694,문맥,munmaek,文脈,Hanja word: 文脈 (wénmài),wénmài,mᵇum.mɛk̚.,Hanja,名詞
4695,문맹,munmaeng,文盲,Hanja word: 文盲 (wénmáng),wénmáng,mᵇum.mɛŋ.,Hanja,名詞
4696,문명,munmyeong,文明,Hanja word: 文明 (wénmíng),wénmíng,mᵇum.mjʌŋ.,Hanja,名詞
4697,온난화,onnanhwa,溫暖化,Hanja word: 溫暖化 (wēnnuǎnhuà),wēnnuǎnhuà,on.nan.hu̯a.,Hanja,名詞
4698,문서,munseo,文書,A document,wénshū,mᵇun.sʌ.,Hanja,名詞
4699,문제,munje,問題,"question,problem",wèntí,mᵇun.ʥe.,Hanja,名詞
4700,문제점,munjejeom,問題點,The point at issue,wèntídiǎn,mᵇun.ʥe.ʥʌm.,Hanja,名詞
4701,온돌,ondol,溫突,The korean under-floor heating system,wēntū,on.dol.,Hanja,名詞
4702,문헌,munheon,文獻,Hanja word: 文獻 (wénxiàn),wénxiàn,mᵇun.hʌn.,Hanja,名詞
4703,문학,munhak,文學,Literature,wénxué,mᵇun.hak̚.,Hanja,名詞
4704,문학적,munhakjeok,文學的,Literary,wénxuéde·,mᵇun.hak̚.ʨ͈ʌk̚.,Hanja,名詞
4705,문예,munye,文藝,Hanja word: 文藝 (wényì),wényì,mᵇun.je.,Hanja,名詞
4706,문의,munui,問議,Hanja word: 問議 (wènyì),wènyì,mᵇun.e.,Hanja,名詞
4707,문장,munjang,文章,"writing,composition",wénzhāng,mᵇun.ʥaŋ.,Hanja,名詞
4708,문자,munja,文字,"letters,character",wénzì,mᵇun.ʥa.,Hanja,名詞
4709,악수,aksu,握手,Handshake,wòshǒu,ak̚.s͈u.,Hanja,名詞
4710,오백,obaek,五百,Hanja word: 五百 (wǔbǎi),wǔbǎi,o.bɛk̚.,Hanja,名詞
4711,오백만,obaekman,五百萬,Hanja word: 五百萬 (wǔbǎiwàn),wǔbǎiwàn,o.bɛŋ.man.,Hanja,名詞
4712,오보,obo,誤報,Hanja word: 誤報 (wùbào),wùbào,o.bo.,Hanja,名詞
4713,무빙,mubing,霧氷,Hanja word: 霧氷 (wùbīng),wùbīng,mᵇu.biŋ.,Hanja,名詞
4714,오찬,ochan,午餐,Hanja word: 午餐 (wǔcān),wǔcān,o.ʨʰan.,Hanja,名詞
4715,오차,ocha,誤差,Hanja word: 誤差 (wùchā),wùchā,o.ʨʰa.,Hanja,名詞
4716,무취,muchwi,無臭,Hanja word: 無臭 (wúchòu),wúchòu,mᵇu.ʨʰɥi.,Hanja,名詞
4717,오전,ojeon,誤傳,Morning,wùchuán,o.ʥʌn.,Hanja,名詞
4718,무도,mudo,武道,Hanja word: 武道 (wǔdào),wǔdào,mᵇu.do.,Hanja,名詞
4719,무도,mudo,舞蹈,Hanja word: 舞蹈 (wǔdǎo),wǔdǎo,mᵇu.do.,Hanja,名詞
4720,오점,ojeom,汚點,Hanja word: 汚點 (wūdiǎn),wūdiǎn,o.ʥʌm.,Hanja,名詞
4721,오번로,obeonro,五番路,Hanja word: 五番路 (wǔfānlù),wǔfānlù,o.bʌl.lo.,Hanja,名詞
4722,무법자,mubeopja,無法者,Hanja word: 無法者 (wúfǎzhě),wúfǎzhě,mᵇu.bʌp̚.ʨ͈a.,Hanja,名詞
4723,오분,obun,五分,Hanja word: 五分 (wǔfēn),wǔfēn,o.bun.,Hanja,名詞
4724,무분별,mubunbyeol,無分別,Hanja word: 無分別 (wúfēnbié),wúfēnbié,mᵇu.bum.bjʌl.,Hanja,名詞
4725,무풍,mupung,無風,Hanja word: 無風 (wúfēng),wúfēng,mᵇu.pʰuŋ.,Hanja,名詞
4726,무관심,mugwansim,無關心,"Indifference, unconcern",wúguānxīn,mᵇu.ɡu̯an.ɕʰim.,Hanja,名詞
4727,오후,ohu,午後,The afternoon,wǔhòu,o.ɦu.,Hanja,名詞
4728,무화과,muhwagwa,無花果,Hanja word: 無花果 (wúhuāguǒ),wúhuāguǒ,mᵇu.ɦu̯a.ɡu̯a.,Hanja,名詞
4729,물가,mulga,物價,Prices of products,wùjià,mᵇul.k͈a.,Hanja,名詞
4730,물건,mulgeon,物件,A thing,wùjiàn,mᵇul.k͈ʌn.,Hanja,名詞
4731,오해,ohae,誤解,Misunderstanding,wùjiě,o.ɦɛ.,Hanja,名詞
4732,무리,muri,無理,Be unreasonable,wúlǐ,mᵇu.ɾi.,Hanja,名詞
4733,무례,murye,無禮,Hanja word: 無禮 (wúlǐ),wúlǐ,mᵇu.ɾje.,Hanja,名詞
4734,무력,muryeok,武力,Hanja word: 武力 (wǔlì),wǔlì,mᵇu.ɾjʌk̚.,Hanja,名詞
4735,무료,muryo,無料,Free,wúliào,mᵇu.ɾjo.,Hanja,名詞
4736,물리학,mulrihak,物理學,Physics,wùlǐxué,mᵇul.li.ɦak̚.,Hanja,名詞
4737,물리학자,mulrihakja,物理學者,Hanja word: 物理學者 (wùlǐxuézhě),wùlǐxuézhě,mᵇul.li.ɦak̚.ʨ͈a.,Hanja,名詞
4738,무려,muryeo,無慮,"As many as, no less than",wúlǜ,mᵇu.ɾjʌ.,Hanja,副詞
4739,물론,mulron,勿論,Of course,wùlùn,mᵇul.lon.,Hanja,副詞
4740,모멸,momyeol,侮蔑,Hanja word: 侮蔑 (wǔmiè),wǔmiè,mᵇo.mjʌl.,Hanja,名詞
4741,무명,mumyeong,無名,Hanja word: 無名 (wúmíng),wúmíng,mᵇu.mjʌŋ.,Hanja,名詞
4742,오명,omyeong,汚名,Hanja word: 汚名 (wūmíng),wūmíng,o.mjʌŋ.,Hanja,名詞
4743,무능,muneung,無能,Hanja word: 無能 (wúnéng),wúnéng,mᵇu.nɯŋ.,Hanja,名詞
4744,무능력,muneungryeok,無能力,Hanja word: 無能力 (wúnénglì),wúnénglì,mᵇu.nɯŋ.njʌk̚.,Hanja,名詞
4745,무능력자,muneungryeokja,無能力者,Hanja word: 無能力者 (wúnénglìzhě),wúnénglìzhě,mᵇu.nɯŋ.njʌk̚.ʨ͈a.,Hanja,名詞
4746,물품,mulpum,物品,Hanja word: 物品 (wùpǐn),wùpǐn,mᵇul.pʰum.,Hanja,名詞
4747,무기,mugi,武器,Weapon,wǔqì,mᵇu.ɡi.,Hanja,名詞
4748,무연,muyeon,無鉛,Hanja word: 無鉛 (wúqiān),wúqiān,mᵇu.jʌn.,Hanja,名詞
4749,오전,ojeon,午前,Morning,wǔqián,o.ʥʌn.,Hanja,名詞
4750,무기력,mugiryeok,無氣力,Hanja word: 無氣力 (wúqìlì),wúqìlì,mᵇu.ɡi.ɾjʌk̚.,Hanja,名詞
4751,무정,mujeong,無情,Hanja word: 無情 (wúqíng),wúqíng,mᵇu.ʥʌŋ.,Hanja,名詞
4752,무궁,mugung,無窮,Hanja word: 無窮 (wúqióng),wúqióng,mᵇu.ɡuŋ.,Hanja,名詞
4753,무궁화,mugunghwa,無窮花,The rose of Sharon,wúqiónghuā,mᵇu.ɡuŋ.hu̯a.,Hanja,名詞
4754,물권,mulgwon,物權,Hanja word: 物權 (wùquán),wùquán,mᵇul.k͈u̯ʌn.,Hanja,名詞
4755,오염,oyeom,汚染,"Contamination, pollution",wūrǎn,o.jʌm.,Hanja,名詞
4756,모욕,moyok,侮辱,Hanja word: 侮辱 (wǔrù),wǔrù,mᵇo.jok̚.,Hanja,名詞
4757,옥상,oksang,屋上,On the roof,wūshàng,ok̚.s͈aŋ.,Hanja,名詞
4758,무신경,musingyeong,無神經,Hanja word: 無神經 (wúshénjīng),wúshénjīng,mᵇu.ɕʰiŋ.ɡjʌŋ.,Hanja,名詞
4759,무신론,musinron,無神論,Hanja word: 無神論 (wúshénlùn),wúshénlùn,mᵇu.ɕʰil.lon.,Hanja,名詞
4760,무사,musa,無事,Hanja word: 無事 (wúshì),wúshì,mᵇu.sʰa.,Hanja,名詞
4761,무시,musi,無視,Hanja word: 無視 (wúshì),wúshì,mᵇu.ɕʰi.,Hanja,名詞
4762,오십,osip,五十,Fifty,wǔshí,o.ɕʰip̚.,Hanja,數詞
4763,오십만,osipman,五十萬,Hanja word: 五十萬 (wǔshíwàn),wǔshíwàn,o.ɕʰim.man.,Hanja,名詞
4764,무술,musul,武術,Hanja word: 武術 (wǔshù),wǔshù,mᵇu.sʰul.,Hanja,名詞
4765,오산,osan,誤算,Hanja word: 誤算 (wùsuàn),wùsuàn,o.sʰan.,Hanja,名詞
4766,무대,mudae,舞臺,Stage,wǔtái,mᵇu.dɛ.,Hanja,名詞
4767,물체,mulche,物體,A material body,wùtǐ,mᵇul.ʨʰe.,Hanja,名詞
4768,무조건,mujogeon,無條件,Unconditional,wútiáojiàn,mᵇu.ʥo.ɡʌn.,Hanja,副詞
4769,오만,oman,五萬,Hanja word: 五萬 (wǔwàn),wǔwàn,o.man.,Hanja,名詞
4770,무위,muwi,無為,Hanja word: 無為 (wúwéi),wúwéi,mᵇu.ɥi.,Hanja,名詞
4771,오물,omul,汚物,Hanja word: 汚物 (wūwù),wūwù,o.mul.,Hanja,名詞
4772,무언극,mueongeuk,無言劇,Hanja word: 無言劇 (wúyánjù),wúyánjù,mᵇu.ʌŋ.ɡɯk̚.,Hanja,名詞
4773,무의미,muuimi,無意味,Hanja word: 無意味 (wúyìwèi),wúyìwèi,mᵇu.i.mi.,Hanja,名詞
4774,무용,muyong,無用,"dancing,a dance",wúyòng,mᵇu.joŋ.,Hanja,名詞
4775,무용,muyong,舞踊,"dancing,a dance",wǔyǒng,mᵇu.joŋ.,Hanja,名詞
4776,무용가,muyongga,舞踊家,Dancer,wǔyǒngjiā,mᵇu.joŋ.ɡa.,Hanja,名詞
4777,오월,owol,五月,May,wǔyuè,o.u̯ʌl.,Hanja,名詞
4778,무책임,muchaekim,無責任,Hanja word: 無責任 (wúzérèn),wúzérèn,mᵇu.ʨʰɛɡ.im.,Hanja,名詞
4779,무정부,mujeongbu,無政府,Hanja word: 無政府 (wúzhèngfǔ),wúzhèngfǔ,mᵇu.ʥʌŋ.bu.,Hanja,名詞
4780,하반기,habangi,下半期,The second half of the year,xiàbànqí,ha.baŋ.ɡi.,Hanja,名詞
4781,협곡,hyeopgok,峽谷,Hanja word: 峽谷 (xiágǔ),xiágǔ,çjʌp̚.k͈ok̚.,Hanja,名詞
4782,하강,hagang,下降,Hanja word: 下降 (xiàjiàng),xiàjiàng,ha.ɡaŋ.,Hanja,名詞
4783,선배,seonbae,先輩,one's senior,xiānbèi,sʰʌm.bɛ.,Hanja,名詞
4784,현장,hyeonjang,現場,"on site, on location, at the site in question",xiànchǎng,çjʌn.ʥaŋ.,Hanja,名詞
4785,헌정,heonjeong,獻呈,Hanja word: 獻呈 (xiànchéng),xiànchéng,hʌn.ʥʌŋ.,Hanja,名詞
4786,현창,hyeonchang,舷窗,Hanja word: 舷窗 (xiánchuāng),xiánchuāng,çjʌn.ʨʰaŋ.,Hanja,名詞
4787,현존,hyeonjon,現存,Hanja word: 現存 (xiàncún),xiàncún,çjʌn.ʥon.,Hanja,名詞
4788,현대,hyeondae,現代,"The present age, times",xiàndài,çjʌn.dɛ.,Hanja,名詞
4789,현대적,hyeondaejeok,現代的,Modern (adj),xiàndàide·,çjʌn.dɛ.ʥʌk̚.,Hanja,名詞
4790,현대인,hyeondaein,現代人,A modern person,xiàndàirén,çjʌn.dɛ.in.,Hanja,名詞
4791,현지,hyeonji,現地,"The actual place, the very spot",xiànde·,çjʌn.ʥi.,Hanja,名詞
4792,한정,hanjeong,限定,Hanja word: 限定 (xiàndìng),xiàndìng,han.ʥʌŋ.,Hanja,名詞
4793,한정판,hanjeongpan,限定版,Hanja word: 限定版 (xiàndìngbǎn),xiàndìngbǎn,han.ʥʌŋ.pʰan.,Hanja,名詞
4794,한정적,hanjeongjeok,限定的,Hanja word: 限定的 (xiàndìngde·),xiàndìngde·,han.ʥʌŋ.ʥʌk̚.,Hanja,名詞
4795,한도,hando,限度,Hanja word: 限度 (xiàndù),xiàndù,han.do.,Hanja,名詞
4796,선단,seondan,先端,Hanja word: 先端 (xiānduān),xiānduān,sʰʌn.dan.,Hanja,名詞
4797,혐오,hyeomo,嫌惡,Hanja word: 嫌惡 (xiánè),xiánè,çjʌm.o.,Hanja,名詞
4798,헌법,heonbeop,憲法,Hanja word: 憲法 (xiànfǎ),xiànfǎ,hʌm.bʌp̚.,Hanja,名詞
4799,상당,sangdang,相當,"proper,fit,suitable",xiāngdāng,sʰaŋ.daŋ.,Hanja,名詞
4800,상당수,sangdangsu,相當數,plenty/a lot of,xiāngdāngshǔ,sʰaŋ.daŋ.su.,Hanja,名詞
4801,상대,sangdae,相對,"counterpart,companion,rival",xiāngduì,sʰaŋ.dɛ.,Hanja,名詞
4802,상대편,sangdaepyeon,相對便,The other party,xiāngduìbiàn,sʰaŋ.dɛ.pʰjʌn.,Hanja,名詞
4803,상대적,sangdaejeok,相對的,"relatively, correlatively",xiāngduìde·,sʰaŋ.dɛ.ʥʌk̚.,Hanja,名詞
4804,상대방,sangdaebang,相對方,Conversation partner,xiāngduìfāng,sʰaŋ.dɛ.baŋ.,Hanja,名詞
4805,상대성,sangdaeseong,相對性,Relativity,xiāngduìxìng,sʰaŋ.dɛ.sʰʌŋ.,Hanja,名詞
4806,상관,sanggwan,相關,"Concern, relation",xiāngguān,sʰaŋ.ɡu̯an.,Hanja,名詞
4807,상관적,sanggwanjeok,相關的,Hanja word: 相關的 (xiāngguānde·),xiāngguānde·,sʰaŋ.ɡu̯an.ʥʌk̚.,Hanja,名詞
4808,향료,hyangryo,香料,Hanja word: 香料 (xiāngliào),xiāngliào,çjaŋ.njo.,Hanja,名詞
4809,향로,hyangro,香爐,Hanja word: 香爐 (xiānglú),xiānglú,çjaŋ.no.,Hanja,名詞
4810,항목,hangmok,項目,Hanja word: 項目 (xiàngmù),xiàngmù,haŋ.mok̚.,Hanja,名詞
4811,상기,sanggi,想起,Hanja word: 想起 (xiǎngqǐ),xiǎngqǐ,sʰaŋ.ɡi.,Hanja,名詞
4812,향기,hyanggi,香氣,"fragrance,aroma,perfume",xiāngqì,çjaŋ.ɡi.,Hanja,名詞
4813,향상,hyangsang,向上,"Improve; elevation,rise",xiàngshàng,çjaŋ.saŋ.,Hanja,名詞
4814,향수,hyangsu,香水,A perfume,xiāngshuǐ,çjaŋ.su.,Hanja,名詞
4815,상사,sangsa,相似,Hanja word: 相似 (xiāngsì),xiāngsì,sʰaŋ.sa.,Hanja,名詞
4816,상담,sangdam,相談,Consultation,xiāngtán,sʰaŋ.dam.,Hanja,名詞
4817,상상,sangsang,想像,Imagination,xiǎngxiàng,sʰaŋ.saŋ.,Hanja,名詞
4818,상상력,sangsangryeok,想像力,Imaginative powers,xiǎngxiànglì,sʰaŋ.saŋ.njʌk̚.,Hanja,名詞
4819,상형문자,sanghyeongmunja,象形文字,Hanja word: 象形文字 (xiàngxíngwénzì),xiàngxíngwénzì,sʰaŋ.hjʌŋ.mun.ʥa.,Hanja,名詞
4820,상속,sangsok,相續,Hanja word: 相續 (xiāngxù),xiāngxù,sʰaŋ.sok̚.,Hanja,名詞
4821,상아,sanga,象牙,Hanja word: 象牙 (xiàngyá),xiàngyá,sʰaŋ.a.,Hanja,名詞
4822,향유,hyangyu,香油,Hanja word: 香油 (xiāngyóu),xiāngyóu,çjaŋ.ju.,Hanja,名詞
4823,상징,sangjing,象徵,Hanja word: 象徵 (xiàngzhēng),xiàngzhēng,sʰaŋ.ʥiŋ.,Hanja,名詞
4824,상징적,sangjingjeok,象徵的,"symbolic,emblematic",xiàngzhēngde·,sʰaŋ.ʥiŋ.ʥʌk̚.,Hanja,名詞
4825,상자,sangja,箱子,"A box,case",xiāngzi·,sʰaŋ.ʥa.,Hanja,名詞
4826,한계,hangye,限界,"Boundary, limits",xiànjiè,haŋ.ɡje.,Hanja,名詞
4827,현금,hyeongeum,現金,"Cash, ready funds, not a credit card",xiànjīn,çjʌŋ.ɡɯm.,Hanja,名詞
4828,선진,seonjin,先進,"seniority,advance",xiānjìn,sʰʌn.ʥin.,Hanja,名詞
4829,함정,hamjeong,陷阱,Hanja word: 陷阱 (xiànjǐng),xiànjǐng,ham.ʥʌŋ.,Hanja,名詞
4830,선경,seongyeong,仙境,Hanja word: 仙境 (xiānjìng),xiānjìng,sʰʌŋ.ɡjʌŋ.,Hanja,名詞
4831,선진국,seonjinguk,先進國,A developed country,xiānjìnguó,sʰʌn.ʥiŋ.ɡuk̚.,Hanja,名詞
4832,선례,seonrye,先例,Hanja word: 先例 (xiānlì),xiānlì,sʰʌl.lje.,Hanja,名詞
4833,선로,seonro,線路,Hanja word: 線路 (xiànlù),xiànlù,sʰʌl.lo.,Hanja,名詞
4834,함락,hamrak,陷落,Hanja word: 陷落 (xiànluò),xiànluò,ham.nak̚.,Hanja,名詞
4835,함몰,hammol,陷沒,Hanja word: 陷沒 (xiànméi),xiànméi,ham.mol.,Hanja,名詞
4836,현명,hyeonmyeong,賢明,Hanja word: 賢明 (xiánmíng),xiánmíng,çjʌm.mjʌŋ.,Hanja,名詞
4837,선명,seonmyeong,鮮明,Hanja word: 鮮明 (xiānmíng),xiānmíng,sʰʌm.mjʌŋ.,Hanja,名詞
4838,형모양처,hyeongmoyangcheo,賢母良妻,Hanja word: 賢母良妻 (xiánmǔliángqī),xiánmǔliángqī,çjʌŋ.mo.jaŋ.ʨʰʌ.,Hanja,名詞
4839,헌납,heonnap,獻納,Hanja word: 獻納 (xiànnà),xiànnà,hʌn.nap̚.,Hanja,名詞
4840,선녀,seonnyeo,仙女,Hanja word: 仙女 (xiānnǚ),xiānnǚ,sʰʌn.njʌ.,Hanja,名詞
4841,선취,seonchwi,先取,Hanja word: 先取 (xiānqǔ),xiānqǔ,sʰʌn.ʨʰɥi.,Hanja,名詞
4842,선구자,seonguja,先驅者,Hanja word: 先驅者 (xiānqūzhě),xiānqūzhě,sʰʌŋ.ɡu.ʥa.,Hanja,名詞
4843,선인장,seoninjang,仙人掌,Hanja word: 仙人掌 (xiānrénzhǎng),xiānrénzhǎng,sʰʌn.in.ʥaŋ.,Hanja,名詞
4844,선입관,seonipgwan,先入觀,Hanja word: 先入觀 (xiānrùguān),xiānrùguān,sʰʌn.ip̚.k͈u̯an.,Hanja,名詞
4845,선심,seonsim,線審,Hanja word: 線審 (xiànshěn),xiànshěn,sʰʌn.ɕʰim.,Hanja,名詞
4846,헌신,heonsin,獻身,Hanja word: 獻身 (xiànshēn),xiànshēn,hʌn.ɕʰin.,Hanja,名詞
4847,헌신적,heonsinjeok,獻身的,Hanja word: 獻身的 (xiànshēnde·),xiànshēnde·,hʌn.ɕʰin.ʥʌk̚.,Hanja,名詞
4848,선생,seonsaeng,先生,Teacher,xiānshēng,sʰʌn.sɛŋ.,Hanja,名詞
4849,현실,hyeonsil,現實,"Actuality, reality",xiànshí,çjʌn.ɕʰil.,Hanja,名詞
4850,현실적,hyeonsiljeok,現實的,"Down to earth, Realistic",xiànshíde·,çjʌn.ɕʰil.ʨ͈ʌk̚.,Hanja,名詞
4851,현실화,hyeonsilhwa,現實化,Hanja word: 現實化 (xiànshíhuà),xiànshíhuà,çjʌn.ɕʰiɾ.ɦu̯a.,Hanja,名詞
4852,산탄,santan,霰彈,Hanja word: 霰彈 (xiàntán),xiàntán,sʰan.tʰan.,Hanja,名詞
4853,선천적,seoncheonjeok,先天的,Hanja word: 先天的 (xiāntiānde·),xiāntiānde·,sʰʌn.ʨʰʌn.ʥʌk̚.,Hanja,名詞
4854,한가,hanga,閑暇,Hanja word: 閑暇 (xiánxiá),xiánxiá,haŋ.ɡa.,Hanja,名詞
4855,현상,hyeonsang,現象,"The present situation, state",xiànxiàng,çjʌn.saŋ.,Hanja,名詞
4856,선행,seonhaeng,先行,Hanja word: 先行 (xiānxíng),xiānxíng,sʰʌn.hɛŋ.,Hanja,名詞
4857,현영,hyeonyeong,絃瑛,Hanja word: 絃瑛 (xiányīng),xiányīng,çjʌn.jʌŋ.,Hanja,名詞
4858,현재,hyeonjae,現在,"The present time, now, at present",xiànzài,çjʌn.ʥɛ.,Hanja,副詞
4859,소포,sopo,小包,"A parcel,package",xiǎobāo,sʰo.pʰo.,Hanja,名詞
4860,소변,sobyeon,小便,Hanja word: 小便 (xiǎobiàn),xiǎobiàn,sʰo.bjʌn.,Hanja,名詞
4861,소조,sojo,小潮,Hanja word: 小潮 (xiǎocháo),xiǎocháo,sʰo.ʥo.,Hanja,名詞
4862,소총,sochong,小銃,Hanja word: 小銃 (xiǎochòng),xiǎochòng,sʰo.ʨʰoŋ.,Hanja,名詞
4863,효도,hyodo,孝道,Filial piety,xiàodào,çjo.do.,Hanja,名詞
4864,교정,gyojeong,校訂,Hanja word: 校訂 (xiàodìng),xiàodìng,kjo.ʥʌŋ.,Hanja,名詞
4865,소독,sodok,消毒,Hanja word: 消毒 (xiāodú),xiāodú,sʰo.dok̚.,Hanja,名詞
4866,소도시,sodosi,小都市,Hanja word: 小都市 (xiǎodūshì),xiǎodūshì,sʰo.do.ɕʰi.,Hanja,名詞
4867,소아과,soagwa,小兒科,Pediatrics,xiǎoér'kē,sʰo.a.ɡu̯a.,Hanja,名詞
4868,소방관,sobanggwan,消防官,Hanja word: 消防官 (xiāofángguān),xiāofángguān,sʰo.baŋ.ɡu̯an.,Hanja,名詞
4869,소방서,sobangseo,消防署,Hanja word: 消防署 (xiāofángshǔ),xiāofángshǔ,sʰo.baŋ.sʌ.,Hanja,名詞
4870,소비,sobi,消費,Consumption,xiāofèi,sʰo.bi.,Hanja,名詞
4871,소비자,sobija,消費者,A consumer,xiāofèizhě,sʰo.bi.ʥa.,Hanja,名詞
4872,소풍,sopung,逍風,Picnic,xiāofēng,sʰo.pʰuŋ.,Hanja,名詞
4873,교복,gyobok,校服,School uniform,xiàofú,kjo.bok̚.,Hanja,名詞
4874,소규모,sogyumo,小規模,Small scale,xiǎoguīmó,sʰo.ɡju.mo.,Hanja,名詞
4875,효과,hyogwa,效果,"Effect, effectiveness",xiàoguǒ,çjo.ɡu̯a.,Hanja,名詞
4876,효과적,hyogwajeok,效果的,Effective,xiàoguǒde·,çjo.ɡu̯a.ʥʌk̚.,Hanja,名詞
4877,소모,somo,消耗,Hanja word: 消耗 (xiāohào),xiāohào,sʰo.mo.,Hanja,名詞
4878,소화,sohwa,消化,Digestion,xiāohuà,sʰo.ɦu̯a.,Hanja,名詞
4879,소계,sogye,小計,Hanja word: 小計 (xiǎojì),xiǎojì,sʰo.ɡje.,Hanja,名詞
4880,소극적,sogeukjeok,消極的,"Passivity,passiveness",xiāojíde·,sʰo.ɡɯk̚.ʨ͈ʌk̚.,Hanja,名詞
4881,소극,sogeuk,笑劇,Hanja word: 笑劇 (xiàojù),xiàojù,sʰo.ɡɯk̚.,Hanja,名詞
4882,효력,hyoryeok,效力,Hanja word: 效力 (xiàolì),xiàolì,çjo.ɾjʌk̚.,Hanja,名詞
4883,효율적,hyoyuljeok,效率的,"The utility factor, efficiency",xiàolǜde·,çjo.jul.ʨ͈ʌk̚.,Hanja,名詞
4884,소매,somae,小賣,1)a sleeve 2) a retail sale,xiǎomài,sʰo.mɛ.,Hanja,名詞
4885,교문,gyomun,校門,A school gate,xiàomén,kjo.mun.,Hanja,名詞
4886,소멸,somyeol,消滅,Hanja word: 消滅 (xiāomiè),xiāomiè,sʰo.mjʌl.,Hanja,名詞
4887,효모,hyomo,酵母,Hanja word: 酵母 (xiàomǔ),xiàomǔ,çjo.mo.,Hanja,名詞
4888,소뇌,sonoe,小腦,Hanja word: 小腦 (xiǎonǎo),xiǎonǎo,sʰo.nu̯e.,Hanja,名詞
4889,교내,gyonae,校內,Inside the school,xiàonèi,kjo.nɛ.,Hanja,名詞
4890,효능,hyoneung,效能,Hanja word: 效能 (xiàonéng),xiàonéng,çjo.nɯŋ.,Hanja,名詞
4891,소거,sogeo,消去,Hanja word: 消去 (xiāoqù),xiāoqù,sʰo.ɡʌ.,Hanja,名詞
4892,소산,sosan,消散,Hanja word: 消散 (xiāosàn),xiāosàn,sʰo.sʰan.,Hanja,名詞
4893,교시,gyosi,校時,Teach or instruct or enlighten,xiàoshí,kjo.ɕʰi.,Hanja,依存名詞
4894,초석,choseok,硝石,Hanja word: 硝石 (xiāoshí),xiāoshí,ʨʰo.sʰʌk̚.,Hanja,名詞
4895,소실,sosil,消失,Hanja word: 消失 (xiāoshī),xiāoshī,sʰo.ɕʰil.,Hanja,名詞
4896,소석회,soseokhoe,消石灰,Hanja word: 消石灰 (xiāoshíhuī),xiāoshíhuī,sʰo.sʰʌ.kʰu̯e.,Hanja,名詞
4897,소설,soseol,小說,"A novel, fiction story",xiǎoshuō,sʰo.sʰʌl.,Hanja,名詞
4898,소설책,soseolchaek,小說冊,Hanja word: 小說冊 (xiǎoshuōcè),xiǎoshuōcè,sʰo.sʰʌl.ʨʰɛk̚.,Hanja,名詞
4899,소설가,soseolga,小說家,Novelist,xiǎoshuōjiā,sʰo.sʰʌl.k͈a.,Hanja,名詞
4900,효소,hyoso,酵素,Hanja word: 酵素 (xiàosù),xiàosù,çjo.sʰo.,Hanja,名詞
4901,효소학,hyosohak,酵素學,Hanja word: 酵素學 (xiàosùxué),xiàosùxué,çjo.sʰo.ɦak̚.,Hanja,名詞
4902,소식,sosik,消息,"News, information",xiāoxí,sʰo.ɕʰik̚.,Hanja,名詞
4903,초상,chosang,肖像,Hanja word: 肖像 (xiàoxiàng),xiàoxiàng,ʨʰo.sʰaŋ.,Hanja,名詞
4904,초상화,chosanghwa,肖像畫,"A portrait, a picture",xiàoxiànghuà,ʨʰo.sʰaŋ.hu̯a.,Hanja,名詞
4905,소형,sohyeong,小型,Small size,xiǎoxíng,sʰo.hjʌŋ.,Hanja,名詞
4906,소인,soin,消印,Hanja word: 消印 (xiāoyìn),xiāoyìn,sʰo.in.,Hanja,名詞
4907,효용,hyoyong,效用,Hanja word: 效用 (xiàoyòng),xiàoyòng,çjo.joŋ.,Hanja,名詞
4908,소우주,souju,小宇宙,Hanja word: 小宇宙 (xiǎoyǔzhòu),xiǎoyǔzhòu,sʰo.u.ʥu.,Hanja,名詞
4909,교장,gyojang,校長,Principal,xiàozhǎng,kjo.ʥaŋ.,Hanja,名詞
4910,효자,hyoja,孝子,A dutiful son,xiàozi·,çjo.ʥa.,Hanja,名詞
4911,하수,hasu,下水,Hanja word: 下水 (xiàshuǐ),xiàshuǐ,ha.sʰu.,Hanja,名詞
4912,하수구,hasugu,下水溝,Hanja word: 下水溝 (xiàshuǐgōu),xiàshuǐgōu,ha.sʰu.ɡu.,Hanja,名詞
4913,하숙,hasuk,下宿,Hanja word: 下宿 (xiàsù),xiàsù,ha.sʰuk̚.,Hanja,名詞
4914,협심증,hyeopsimjeung,狹心症,Hanja word: 狹心症 (xiáxīnzhèng),xiáxīnzhèng,çjʌp.ɕʰim.ʥɯŋ.,Hanja,名詞
4915,하순,hasun,下旬,The final third of the month,xiàxún,ha.sʰun.,Hanja,名詞
4916,하원,hawon,下院,Hanja word: 下院 (xiàyuàn),xiàyuàn,ha.u̯ʌn.,Hanja,名詞
4917,협착,hyeopchak,狹窄,Hanja word: 狹窄 (xiázhǎi),xiázhǎi,çjʌp̚.ʨʰak̚.,Hanja,名詞
4918,서반구,seobangu,西半球,Hanja word: 西半球 (xībànqiú),xībànqiú,sʰʌ.baŋ.ɡu.,Hanja,名詞
4919,세포분열,sepobunyeol,細胞分裂,Hanja word: 細胞分裂 (xìbāofēnliè),xìbāofēnliè,sʰe.pʰo.bun.jʌl.,Hanja,名詞
4920,세부,sebu,細部,Hanja word: 細部 (xìbù),xìbù,sʰe.bu.,Hanja,名詞
4921,서부,seobu,西部,The western part,xībù,sʰʌ.bu.,Hanja,名詞
4922,세차,secha,洗車,Hanja word: 洗車 (xǐchē),xǐchē,sʰe.ʨʰa.,Hanja,名詞
4923,휴대,hyudae,携帶,Hanja word: 携帶 (xīdài),xīdài,çju.dɛ.,Hanja,名詞
4924,휴대폰,hyudaepon,攜帶phone,Hanja word: 攜帶phone (xīdàiphone),xīdàiphone,çju.dɛ.pʰon.,Hanja,名詞
4925,해조,haejo,諧調,Hanja word: 諧調 (xiédiào),xiédiào,hɛ.ʥo.,Hanja,名詞
4926,협정,hyeopjeong,協定,Hanja word: 協定 (xiédìng),xiédìng,çjʌp̚.ʨ͈ʌŋ.,Hanja,名詞
4927,혈관,hyeolgwan,血管,Hanja word: 血管 (xiěguǎn),xiěguǎn,çjʌl.k͈u̯an.,Hanja,名詞
4928,사과,sagwa,謝過,An apple,xièguò,sʰa.ɡu̯a.,Hanja,名詞
4929,협회,hyeophoe,協會,Hanja word: 協會 (xiéhuì),xiéhuì,çjʌ.pʰu̯e.,Hanja,名詞
4930,혈장,hyeoljang,血漿,Hanja word: 血漿 (xiějiāng),xiějiāng,çjʌl.ʨ͈aŋ.,Hanja,名詞
4931,혈괴,hyeolgoe,血塊,Hanja word: 血塊 (xiěkuài),xiěkuài,çjʌl.k͈u̯e.,Hanja,名詞
4932,협력,hyeopryeok,協力,"Cooperation, cooperate with",xiélì,çjʌm.njʌk̚.,Hanja,名詞
4933,협박,hyeopbak,脅迫,Hanja word: 脅迫 (xiépò),xiépò,çjʌp̚.p͈ak̚.,Hanja,名詞
4934,협박적,hyeopbakjeok,脅迫的,Hanja word: 脅迫的 (xiépòde·),xiépòde·,çjʌp̚.p͈ak̚.ʨ͈ʌk̚.,Hanja,名詞
4935,협박자,hyeopbakja,脅迫者,Hanja word: 脅迫者 (xiépòzhě),xiépòzhě,çjʌp̚.p͈ak̚.ʨ͈a.,Hanja,名詞
4936,혈청,hyeolcheong,血清,Hanja word: 血清 (xiěqīng),xiěqīng,çjʌl.ʨʰʌŋ.,Hanja,名詞
4937,혈구,hyeolgu,血球,Hanja word: 血球 (xiěqiú),xiěqiú,çjʌl.k͈u.,Hanja,名詞
4938,협살,hyeopsal,挾殺,Hanja word: 挾殺 (xiéshā),xiéshā,çjʌp.s͈al.,Hanja,名詞
4939,협상,hyeopsang,協商,Hanja word: 協商 (xiéshāng),xiéshāng,çjʌp.s͈aŋ.,Hanja,名詞
4940,사소,saso,些少,Hanja word: 些少 (xiēshǎo),xiēshǎo,sʰa.sʰo.,Hanja,名詞
4941,혈전,hyeoljeon,血栓,Hanja word: 血栓 (xiěshuān),xiěshuān,çjʌl.ʨ͈ʌn.,Hanja,名詞
4942,협동,hyeopdong,協同,Hanja word: 協同 (xiétóng),xiétóng,çjʌp̚.t͈oŋ.,Hanja,名詞
4943,혈통,hyeoltong,血統,Hanja word: 血統 (xiětǒng),xiětǒng,çjʌl.tʰoŋ.,Hanja,名詞
4944,사혈,sahyeol,瀉血,Hanja word: 瀉血 (xièxiě),xièxiě,sʰa.hjʌl.,Hanja,名詞
4945,혈압,hyeolap,血壓,Hanja word: 血壓 (xiěyā),xiěyā,çjʌɾ.ap̚.,Hanja,名詞
4946,협의,hyeopui,協議,Hanja word: 協議 (xiéyì),xiéyì,çjʌb.e.,Hanja,名詞
4947,혈액,hyeolaek,血液,Blood,xiěyì,çjʌɾ.ɛk̚.,Hanja,名詞
4948,협약,hyeopyak,協約,Hanja word: 協約 (xiéyuē),xiéyuē,çjʌb.jak̚.,Hanja,名詞
4949,사진,sajin,寫真,Picture,xiězhēn,sʰa.ʥin.,Hanja,名詞
4950,사진기,sajingi,寫真機,Camera,xiězhēnjī,sʰa.ʥiŋ.ɡi.,Hanja,名詞
4951,협주곡,hyeopjugok,協奏曲,Hanja word: 協奏曲 (xiézòuqū),xiézòuqū,çjʌp̚.ʨ͈u.ɡok̚.,Hanja,名詞
4952,사죄,sajoe,謝罪,Hanja word: 謝罪 (xièzuì),xièzuì,sʰa.ʥu̯e.,Hanja,名詞
4953,슬개골,seulgaegol,膝蓋骨,Hanja word: 膝蓋骨 (xīgàigǔ),xīgàigǔ,sʰɯl.k͈ɛ.ɡol.,Hanja,名詞
4954,세공,segong,細工,Hanja word: 細工 (xìgōng),xìgōng,sʰe.ɡoŋ.,Hanja,名詞
4955,계곡,gyegok,溪谷,A valley or gorge,xīgǔ,kje.ɡok̚.,Hanja,名詞
4956,습관,seupgwan,習慣,Habit,xíguàn,sʰɯp̚.k͈u̯an.,Hanja,名詞
4957,세제,seje,洗劑,"detergent,cleaning material",xǐjì,sʰe.ʥe.,Hanja,名詞
4958,희극,huigeuk,喜劇,Hanja word: 喜劇 (xǐjù),xǐjù,hi.ɡɯk̚.,Hanja,名詞
4959,세균,segyun,細菌,Hanja word: 細菌 (xìjùn),xìjùn,sʰe.ɡjun.,Hanja,名詞
4960,석간,seokgan,夕刊,Hanja word: 夕刊 (xìkān),xìkān,sʰʌk̚.k͈an.,Hanja,名詞
4961,세공,segong,細孔,Hanja word: 細孔 (xìkǒng),xìkǒng,sʰe.ɡoŋ.,Hanja,名詞
4962,세례,serye,洗禮,Hanja word: 洗禮 (xǐlǐ),xǐlǐ,sʰe.ɾje.,Hanja,名詞
4963,세련,seryeon,洗練,Hanja word: 洗練 (xǐliàn),xǐliàn,sʰe.ɾjʌn.,Hanja,名詞
4964,세면도구,semyeondogu,洗面道具,Hanja word: 洗面道具 (xǐmiàndàojù),xǐmiàndàojù,sʰe.mjʌn.do.ɡu.,Hanja,名詞
4965,세뇌,senoe,洗腦,Hanja word: 洗腦 (xǐnǎo),xǐnǎo,sʰe.nu̯e.,Hanja,名詞
4966,신참자,sinchamja,新參者,Hanja word: 新參者 (xīncēnzhě),xīncēnzhě,ɕʰin.ʨʰam.ʥa.,Hanja,名詞
4967,신진대사,sinjindaesa,新陳代謝,Hanja word: 新陳代謝 (xīnchéndàixiè),xīnchéndàixiè,ɕʰin.ʥin.dɛ.sʰa.,Hanja,名詞
4968,심전계,simjeongye,心電計,Hanja word: 心電計 (xīndiànjì),xīndiànjì,ɕʰim.ʥʌŋ.ɡje.,Hanja,名詞
4969,심방,simbang,心房,Hanja word: 心房 (xīnfáng),xīnfáng,ɕʰim.baŋ.,Hanja,名詞
4970,신부,sinbu,新婦,Bride,xīnfù,ɕʰim.bu.,Hanja,名詞
4971,형편,hyeongpyeon,形便,"The situation, the state of things (esp. financial)",xíngbiàn,çjʌŋ.pʰjʌn.,Hanja,名詞
4972,성별,seongbyeol,性別,Sex distinction,xìngbié,sʰʌŋ.bjʌl.,Hanja,名詞
4973,형성,hyeongseong,形成,Formation,xíngchéng,çjʌŋ.sʌŋ.,Hanja,名詞
4974,성적,seongjeok,性的,"A result,grade",xìngde·,sʰʌŋ.ʥʌk̚.,Hanja,名詞
4975,행동,haengdong,行動,"Action, behavior",xíngdòng,hɛŋ.doŋ.,Hanja,名詞
4976,형벌,hyeongbeol,刑罰,Hanja word: 刑罰 (xíngfá),xíngfá,çjʌŋ.bʌl.,Hanja,名詞
4977,형법,hyeongbeop,刑法,Hanja word: 刑法 (xíngfǎ),xíngfǎ,çjʌŋ.bʌp̚.,Hanja,名詞
4978,흥분,heungbun,興奮,"excitement,excitation",xīngfèn,hɯŋ.bun.,Hanja,名詞
4979,행복,haengbok,幸福,Happiness,xìngfú,hɛŋ.bok̚.,Hanja,名詞
4980,성격,seonggyeok,性格,"Personality ; character, nature",xìnggé,sʰʌŋ.ɡjʌk̚.,Hanja,名詞
4981,성홍열,seonghongyeol,猩紅熱,Hanja word: 猩紅熱 (xīnghóngrè),xīnghóngrè,sʰʌŋ.hoŋ.jʌl.,Hanja,名詞
4982,형적,hyeongjeok,形跡,Hanja word: 形跡 (xíngjī),xíngjī,çjʌŋ.ʥʌk̚.,Hanja,名詞
4983,행진,haengjin,行進,Hanja word: 行進 (xíngjìn),xíngjìn,hɛŋ.ʥin.,Hanja,名詞
4984,행군,haenggun,行軍,Hanja word: 行軍 (xíngjūn),xíngjūn,hɛŋ.ɡun.,Hanja,名詞
4985,행상,haengsang,行商,Hanja word: 行商 (xíngshāng),xíngshāng,hɛŋ.saŋ.,Hanja,名詞
4986,형사,hyeongsa,刑事,"A criminal, penal case",xíngshì,çjʌŋ.sa.,Hanja,名詞
4987,형세,hyeongse,形勢,Hanja word: 形勢 (xíngshì),xíngshì,çjʌŋ.se.,Hanja,名詞
4988,형식,hyeongsik,形式,"A form, formality, mold",xíngshì,çjʌŋ.ɕʰik̚.,Hanja,名詞
4989,행사,haengsa,行使,"An event, a function",xíngshǐ,hɛŋ.sa.,Hanja,名詞
4990,형식적,hyeongsikjeok,形式的,Related to the form,xíngshìde·,çjʌŋ.ɕʰik̚.ʨ͈ʌk̚.,Hanja,名詞
4991,형태,hyeongtae,形態,"Form, shape",xíngtài,çjʌŋ.tʰɛ.,Hanja,名詞
4992,신관,singwan,信管,Hanja word: 信管 (xìnguǎn),xìnguǎn,ɕʰiŋ.ɡu̯an.,Hanja,名詞
4993,신규,singyu,新規,"A new regulation, a new project, sth new on a big scale ; work being done anew",xīnguī,ɕʰiŋ.ɡju.,Hanja,名詞
4994,행위,haengwi,行為,"An act, deed, behavior",xíngwéi,hɛŋ.ɥi.,Hanja,名詞
4995,흥미,heungmi,興味,"interest,zeal",xīngwèi,hɯŋ.mi.,Hanja,名詞
4996,형무소,hyeongmuso,刑務所,Hanja word: 刑務所 (xíngwùsuǒ),xíngwùsuǒ,çjʌŋ.mu.sʰo.,Hanja,名詞
4997,성함,seongham,姓銜,Your (his) esteemed name,xìngxián,sʰʌŋ.ham.,Hanja,名詞
4998,행성,haengseong,行星,Hanja word: 行星 (xíngxīng),xíngxīng,hɛŋ.sʌŋ.,Hanja,名詞
4999,행운,haengun,幸運,"Good luck, good fortune",xìngyùn,hɛŋ.un.,Hanja,名詞
5000,성운,seongun,星雲,Hanja word: 星雲 (xīngyún),xīngyún,sʰʌŋ.un.,Hanja,名詞
5001,행정,haengjeong,行政,Hanja word: 行政 (xíngzhèng),xíngzhèng,hɛŋ.ʥʌŋ.,Hanja,名詞
5002,성질,seongjil,性質,"naure,disposition",xìngzhí,sʰʌŋ.ʥil.,Hanja,名詞
5003,성좌,seongjwa,星座,Hanja word: 星座 (xīngzuò),xīngzuò,sʰʌŋ.ʥu̯a.,Hanja,名詞
5004,신호,sinho,信號,"A signal,signaling",xìnhào,ɕʰin.ho.,Hanja,名詞
5005,신호등,sinhodeung,信號燈,"Signal light, blinker",xìnhàodēng,ɕʰin.ho.dɯŋ.,Hanja,名詞
5006,신혼부부,sinhonbubu,新婚夫婦,Newlyweds,xīnhūnfūfù,ɕʰin.hom.bu.bu.,Hanja,名詞
5007,신혼여행,sinhonyeohaeng,新婚旅行,the honeymoon (the trip after the wedding),xīnhūnlǚxíng,ɕʰin.hon.jʌ.ɦɛŋ.,Hanja,名詞
5008,신기축,singichuk,新機軸,Hanja word: 新機軸 (xīnjīzhóu),xīnjīzhóu,ɕʰiŋ.ɡi.ʨʰuk̚.,Hanja,名詞
5009,신뢰,sinroe,信賴,Hanja word: 信賴 (xìnlài),xìnlài,ɕʰil.lu̯e.,Hanja,名詞
5010,신랑,sinrang,新郎,A bridegroom,xīnláng,ɕʰil.laŋ.,Hanja,名詞
5011,심리,simri,心理,A mental state,xīnlǐ,ɕʰim.ni.,Hanja,名詞
5012,심리적,simrijeok,心理的,Psychological,xīnlǐde·,ɕʰim.ni.ʥʌk̚.,Hanja,名詞
5013,심리학,simrihak,心理學,Hanja word: 心理學 (xīnlǐxué),xīnlǐxué,ɕʰim.ni.ɦak̚.,Hanja,名詞
5014,심리학자,simrihakja,心理學者,Hanja word: 心理學者 (xīnlǐxuézhě),xīnlǐxuézhě,ɕʰim.ni.ɦak̚.ʨ͈a.,Hanja,名詞
5015,신라,sinra,新羅,One dynasty in ancient korea,xīnluó,ɕʰil.la.,Hanja,專有名詞
5016,신념,sinnyeom,信念,"belief,faith",xìnniàn,ɕʰin.njʌm.,Hanja,名詞
5017,신기,singi,新奇,Hanja word: 新奇 (xīnqí),xīnqí,ɕʰiŋ.ɡi.,Hanja,名詞
5018,심정,simjeong,心情,"one’s heart, one’s feelings",xīnqíng,ɕʰim.ʥʌŋ.,Hanja,名詞
5019,신임,sinim,信任,Hanja word: 信任 (xìnrèn),xìnrèn,ɕʰin.im.,Hanja,名詞
5020,신인,sinin,新人,A new man,xīnrén,ɕʰin.in.,Hanja,名詞
5021,신입생,sinipsaeng,新入生,A new student,xīnrùshēng,ɕʰin.ip.s͈ɛŋ.,Hanja,名詞
5022,신설,sinseol,新設,A new theory,xīnshè,ɕʰin.sʌl.,Hanja,名詞
5023,심실,simsil,心室,Hanja word: 心室 (xīnshì),xīnshì,ɕʰim.ɕʰil.,Hanja,名詞
5024,신세대,sinsedae,新世代,The new generation,xīnshìdài,ɕʰin.se.dɛ.,Hanja,名詞
5025,신천옹,sincheonong,信天翁,Hanja word: 信天翁 (xìntiānwēng),xìntiānwēng,ɕʰin.ʨʰʌn.oŋ.,Hanja,名詞
5026,신조,sinjo,信條,Hanja word: 信條 (xìntiáo),xìntiáo,ɕʰin.ʥo.,Hanja,名詞
5027,신체제,sincheje,新體制,Hanja word: 新體制 (xīntǐzhì),xīntǐzhì,ɕʰin.ʨʰe.ʥe.,Hanja,名詞
5028,신탁,sintak,信託,Hanja word: 信託 (xìntuō),xìntuō,ɕʰin.tʰak̚.,Hanja,名詞
5029,신문,sinmun,新聞,A newspaper,xīnwén,ɕʰim.mun.,Hanja,名詞
5030,신문가판대,sinmungapandae,新聞街販臺,Hanja word: 新聞街販臺 (xīnwénjiēfàntái),xīnwénjiēfàntái,ɕʰim.muŋ.ɡa.pʰan.dɛ.,Hanja,名詞
5031,신문사,sinmunsa,新聞社,Newspaper company,xīnwénshè,ɕʰim.mun.sa.,Hanja,名詞
5032,신문지,sinmunji,新聞紙,Newspaper paper,xīnwénzhǐ,ɕʰim.mun.ʥi.,Hanja,名詞
5033,신선,sinseon,新鮮,Hanja word: 新鮮 (xīnxiān),xīnxiān,ɕʰin.sʌn.,Hanja,名詞
5034,심혈,simhyeol,心血,Hanja word: 心血 (xīnxiě),xīnxiě,ɕʰim.hjʌl.,Hanja,名詞
5035,신성,sinseong,新星,Hanja word: 新星 (xīnxīng),xīnxīng,ɕʰin.sʌŋ.,Hanja,名詞
5036,심안,siman,心眼,Hanja word: 心眼 (xīnyǎn),xīnyǎn,ɕʰim.an.,Hanja,名詞
5037,신앙,sinang,信仰,Hanja word: 信仰 (xìnyǎng),xìnyǎng,ɕʰin.aŋ.,Hanja,名詞
5038,신의,sinui,信義,Hanja word: 信義 (xìnyì),xìnyì,ɕʰin.e.,Hanja,名詞
5039,신용,sinyong,信用,"confidence,trust",xìnyòng,ɕʰin.joŋ.,Hanja,名詞
5040,신용카드,sinyongkadeu,信用card,Hanja word: 信用card (xìnyòngcard),xìnyòngcard,ɕʰin.joŋ.kʰa.dɯ.,Hanja,名詞
5041,심장,simjang,心臟,The heart,xīnzàng,ɕʰim.ʥaŋ.,Hanja,名詞
5042,심장병,simjangbyeong,心臟病,Hanja word: 心臟病 (xīnzàngbìng),xīnzàngbìng,ɕʰim.ʥaŋ.bjʌŋ.,Hanja,名詞
5043,심장질환,simjangjilhwan,心臟疾患,Hanja word: 心臟疾患 (xīnzàngjíhuàn),xīnzàngjíhuàn,ɕʰim.ʥaŋ.ʥiɾ.ɦu̯an.,Hanja,名詞
5044,심장마비,simjangmabi,心臟麻痺,Hanja word: 心臟麻痺 (xīnzàngmábì),xīnzàngmábì,ɕʰim.ʥaŋ.ma.bi.,Hanja,名詞
5045,신자,sinja,信者,Hanja word: 信者 (xìnzhě),xìnzhě,ɕʰin.ʥa.,Hanja,名詞
5046,신제품,sinjepum,新製品,A new product,xīnzhìpǐn,ɕʰin.ʥe.pʰum.,Hanja,名詞
5047,흉벽,hyungbyeok,胸壁,Hanja word: 胸壁 (xiōngbì),xiōngbì,çjuŋ.bjʌk̚.,Hanja,名詞
5048,웅변,ungbyeon,雄弁,Hanja word: 雄弁 (xióngbiàn),xióngbiàn,uŋ.bjʌn.,Hanja,名詞
5049,웅변,ungbyeon,雄辯,Hanja word: 雄辯 (xióngbiàn),xióngbiàn,uŋ.bjʌn.,Hanja,名詞
5050,흉부,hyungbu,胸部,Hanja word: 胸部 (xiōngbù),xiōngbù,çjuŋ.bu.,Hanja,名詞
5051,웅대,ungdae,雄大,Hanja word: 雄大 (xióngdà),xióngdà,uŋ.dɛ.,Hanja,名詞
5052,형제,hyeongje,兄弟,Brothers and sisters,xiōngdì,çjʌŋ.ʥe.,Hanja,名詞
5053,형부,hyeongbu,兄夫,A husband of a girl’s older sister,xiōngfū,çjʌŋ.bu.,Hanja,名詞
5054,흉골,hyunggol,胸骨,Hanja word: 胸骨 (xiōnggǔ),xiōnggǔ,çjuŋ.ɡol.,Hanja,名詞
5055,흉곽,hyunggwak,胸郭,Hanja word: 胸郭 (xiōngguō),xiōngguō,çjuŋ.ɡu̯ak̚.,Hanja,名詞
5056,형수,hyeongsu,兄嫂,The wife of one’s older brother,xiōngsǎo,çjʌŋ.su.,Hanja,名詞
5057,서구,seogu,西歐,Western Europe,xīōu,sʰʌ.ɡu.,Hanja,名詞
5058,희곡,huigok,戲曲,"A drama, a play",xìqū,hi.ɡok̚.,Hanja,名詞
5059,흡입,heupip,吸入,Hanja word: 吸入 (xīrù),xīrù,hɯb.ip̚.,Hanja,名詞
5060,희생,huisaeng,犧牲,A sacrifice,xīshēn,hi.sʰɛŋ.,Hanja,名詞
5061,희석,huiseok,稀釋,Hanja word: 稀釋 (xīshì),xīshì,hi.sʰʌk̚.,Hanja,名詞
5062,세수,sesu,洗手,Hand-washing,xǐshǒu,sʰe.sʰu.,Hanja,名詞
5063,흡수,heupsu,吸收,Hanja word: 吸收 (xīshōu),xīshōu,hɯp.s͈u.,Hanja,名詞
5064,습속,seupsok,習俗,Hanja word: 習俗 (xísú),xísú,sʰɯp.s͈ok̚.,Hanja,名詞
5065,계통,gyetong,系統,Hanja word: 系統 (xìtǒng),xìtǒng,kje.tʰoŋ.,Hanja,名詞
5066,계도,gyedo,系圖,Hanja word: 系圖 (xìtú),xìtú,kje.do.,Hanja,名詞
5067,휴회,hyuhoe,休會,Hanja word: 休會 (xiūhuì),xiūhuì,çju.ɦu̯e.,Hanja,名詞
5068,수리,suri,修理,Hanja word: 修理 (xiūlǐ),xiūlǐ,sʰu.ɾi.,Hanja,名詞
5069,수리비,suribi,修理費,Hanja word: 修理費 (xiūlǐfèi),xiūlǐfèi,sʰu.ɾi.bi.,Hanja,名詞
5070,휴게,hyuge,休憩,Hanja word: 休憩 (xiūqì),xiūqì,çju.ɡe.,Hanja,名詞
5071,휴일,hyuil,休日,"A day off of work, a holiday",xiūrì,çju.il.,Hanja,名詞
5072,수신,susin,修身,Hanja word: 修身 (xiūshēn),xiūshēn,sʰu.ɕʰin.,Hanja,名詞
5073,수산,susan,蓚酸,Hanja word: 蓚酸 (xiūsuān),xiūsuān,sʰu.sʰan.,Hanja,名詞
5074,휴식,hyusik,休息,"Rest, take a rest",xiūxí,çju.ɕʰik̚.,Hanja,名詞
5075,휴가,hyuga,休暇,"holidays,vacation",xiūxiá,çju.ɡa.,Hanja,名詞
5076,수학,suhak,修學,Mathematics,xiūxué,sʰu.ɦak̚.,Hanja,名詞
5077,휴양,hyuyang,休養,Hanja word: 休養 (xiūyǎng),xiūyǎng,çju.jaŋ.,Hanja,名詞
5078,수양,suyang,修養,Hanja word: 修養 (xiūyǎng),xiūyǎng,sʰu.jaŋ.,Hanja,名詞
5079,휴업,hyueop,休業,Hanja word: 休業 (xiūyè),xiūyè,çju.ʌp̚.,Hanja,名詞
5080,수업,sueop,修業,"school,teaching",xiūyè,sʰu.ʌp̚.,Hanja,名詞
5081,휴전,hyujeon,休戰,Hanja word: 休戰 (xiūzhàn),xiūzhàn,çju.ʥʌn.,Hanja,名詞
5082,수정,sujeong,修整,Hanja word: 修整 (xiūzhěng),xiūzhěng,sʰu.ʥʌŋ.,Hanja,名詞
5083,휴지,hyuji,休止,Toilet paper,xiūzhǐ,çju.ʥi.,Hanja,名詞
5084,휴지,hyuji,休紙,Toilet paper,xiūzhǐ,çju.ʥi.,Hanja,名詞
5085,휴지통,hyujitong,休紙桶,Waste paper basket,xiūzhǐtǒng,çju.ʥi.tʰoŋ.,Hanja,名詞
5086,희망,huimang,希望,"Hope, wish",xīwàng,hi.maŋ.,Hanja,名詞
5087,흡혈귀,heuphyeolgwi,吸血鬼,Hanja word: 吸血鬼 (xīxiěguǐ),xīxiěguǐ,hɯ.pʰjʌl.k͈ɥi.,Hanja,名詞
5088,석양,seokyang,夕陽,Hanja word: 夕陽 (xìyáng),xìyáng,sʰʌɡ.jaŋ.,Hanja,名詞
5089,서양,seoyang,西洋,The Western countries,xīyáng,sʰʌ.jaŋ.,Hanja,名詞
5090,서양인,seoyangin,西洋人,A Westerner,xīyángrén,sʰʌ.jaŋ.in.,Hanja,名詞
5091,흡연구역,heupyeonguyeok,吸菸區域,Hanja word: 吸菸區域 (xīyānqūyù),xīyānqūyù,hɯb.jʌŋ.ɡu.jʌk̚.,Hanja,名詞
5092,세탁,setak,洗濯,Laundry,xǐzhuó,sʰe.tʰak̚.,Hanja,名詞
5093,세탁기,setakgi,洗濯機,Washing machine,xǐzhuójī,sʰe.tʰak̚.k͈i.,Hanja,名詞
5094,세탁소,setakso,洗濯所,Laundromat,xǐzhuósuǒ,sʰe.tʰak̚.s͈o.,Hanja,名詞
5095,습자,seupja,習字,Hanja word: 習字 (xízì),xízì,sʰɯp̚.ʨ͈a.,Hanja,名詞
5096,선발,seonbal,選拔,Hanja word: 選拔 (xuǎnbá),xuǎnbá,sʰʌm.bal.,Hanja,名詞
5097,선포,seonpo,宣布,Hanja word: 宣布 (xuānbù),xuānbù,sʰʌm.pʰo.,Hanja,名詞
5098,선전,seonjeon,宣傳,Propaganda,xuānchuán,sʰʌn.ʥʌn.,Hanja,名詞
5099,선정,seonjeong,選定,Hanja word: 選定 (xuǎndìng),xuǎndìng,sʰʌn.ʥʌŋ.,Hanja,名詞
5100,선풍,seonpung,旋風,Hanja word: 旋風 (xuánfēng),xuánfēng,sʰʌm.pʰuŋ.,Hanja,名詞
5101,선고,seongo,宣告,Hanja word: 宣告 (xuāngào),xuāngào,sʰʌŋ.ɡo.,Hanja,名詞
5102,현관,hyeongwan,玄關,"The porch, the entrance",xuánguān,çjʌŋ.ɡu̯an.,Hanja,名詞
5103,현관문,hyeongwanmun,玄關門,The front door,xuánguānmén,çjʌŋ.ɡu̯am.mun.,Hanja,名詞
5104,선호,seonho,選好,Hanja word: 選好 (xuǎnhǎo),xuǎnhǎo,sʰʌn.ho.,Hanja,名詞
5105,선회,seonhoe,旋回,Hanja word: 旋回 (xuánhuí),xuánhuí,sʰʌn.hu̯e.,Hanja,名詞
5106,선거,seongeo,選擧,An election,xuǎnjǔ,sʰʌŋ.ɡʌ.,Hanja,名詞
5107,선율,seonyul,旋律,Hanja word: 旋律 (xuánlǜ),xuánlǜ,sʰʌn.jul.,Hanja,名詞
5108,선반,seonban,旋盤,Hanja word: 旋盤 (xuánpán),xuánpán,sʰʌm.ban.,Hanja,名詞
5109,선임,seonim,選任,Hanja word: 選任 (xuǎnrèn),xuǎnrèn,sʰʌn.im.,Hanja,名詞
5110,선수,seonsu,選手,An athlete,xuǎnshǒu,sʰʌn.su.,Hanja,名詞
5111,현무암,hyeonmuam,玄武岩,Hanja word: 玄武岩 (xuánwǔyán),xuánwǔyán,çjʌm.mu.am.,Hanja,名詞
5112,현학,hyeonhak,炫學,Hanja word: 炫學 (xuànxué),xuànxué,çjʌn.hak̚.,Hanja,名詞
5113,선언,seoneon,宣言,Hanja word: 宣言 (xuānyán),xuānyán,sʰʌn.ʌn.,Hanja,名詞
5114,선택,seontaek,選擇,A choice,xuǎnzé,sʰʌn.tʰɛk̚.,Hanja,名詞
5115,선택권,seontaekgwon,選擇權,Hanja word: 選擇權 (xuǎnzéquán),xuǎnzéquán,sʰʌn.tʰɛk̚.k͈u̯ʌn.,Hanja,名詞
5116,축전지,chukjeonji,蓄電池,Hanja word: 蓄電池 (xùdiànchí),xùdiànchí,ʨʰuk̚.ʨ͈ʌn.ʥi.,Hanja,名詞
5117,삭제,sakje,削除,Hanja word: 削除 (xuèchú),xuèchú,sʰak̚.ʨ͈e.,Hanja,名詞
5118,학점,hakjeom,學點,"A unit, a point, a credit",xuédiǎn,hak̚.ʨ͈ʌm.,Hanja,名詞
5119,학번,hakbeon,學番,Year of graduation,xuéfān,hak̚.p͈ʌn.,Hanja,名詞
5120,학비,hakbi,學費,Tuition,xuéfèi,hak̚.p͈i.,Hanja,名詞
5121,학부모,hakbumo,學父母,Mothers of the students,xuéfùmǔ,hak̚.p͈u.mo.,Hanja,名詞
5122,학급,hakgeup,學級,A class (school),xuéjí,hak̚.k͈ɯp̚.,Hanja,名詞
5123,학구적,hakgujeok,學究的,Hanja word: 學究的 (xuéjiùde·),xuéjiùde·,hak̚.k͈u.ʥʌk̚.,Hanja,名詞
5124,학과,hakgwa,學課,A department in a college,xuékè,hak̚.k͈u̯a.,Hanja,名詞
5125,학과,hakgwa,學科,A department in a college,xuékē,hak̚.k͈u̯a.,Hanja,名詞
5126,학력,hakryeok,學歷,"Academic background, formal schooling",xuélì,haŋ.njʌk̚.,Hanja,名詞
5127,학령,hakryeong,學齡,Hanja word: 學齡 (xuélíng),xuélíng,haŋ.njʌŋ.,Hanja,名詞
5128,학년,haknyeon,學年,A school year,xuénián,haŋ.njʌn.,Hanja,名詞
5129,학기,hakgi,學期,An educational term,xuéqí,hak̚.k͈i.,Hanja,名詞
5130,학생,haksaeng,學生,Student,xuéshēng,hak̚.s͈ɛŋ.,Hanja,名詞
5131,학생증,haksaengjeung,學生證,Student identification,xuéshēngzhèng,hak̚.s͈ɛŋ.ʥɯŋ.,Hanja,名詞
5132,학사,haksa,學士,Hanja word: 學士 (xuéshì),xuéshì,hak̚.s͈a.,Hanja,名詞
5133,학식,haksik,學識,Hanja word: 學識 (xuéshì),xuéshì,hak̚.ɕʰik̚.,Hanja,名詞
5134,학술,haksul,學術,"Science, learning, scolarship",xuéshù,hak̚.s͈ul.,Hanja,名詞
5135,설탕,seoltang,雪糖,Sugar,xuětáng,sʰʌl.tʰaŋ.,Hanja,名詞
5136,학위,hakwi,學位,Academic rank,xuéwèi,haɡ.ɥi.,Hanja,名詞
5137,학문,hakmun,學問,Hanja word: 學問 (xuéwèn),xuéwèn,haŋ.mun.,Hanja,名詞
5138,학습,hakseup,學習,"Learning, education",xuéxí,hak̚.s͈ɯp̚.,Hanja,名詞
5139,학교,hakgyo,學校,School,xuéxiào,hak̚.k͈jo.,Hanja,名詞
5140,학교별,hakgyobyeol,學校別,Hanja word: 學校別 (xuéxiàobié),xuéxiàobié,hak̚.k͈jo.bjʌl.,Hanja,名詞
5141,학교생활,hakgyosaenghwal,學校生活,Student,xuéxiàoshēnghuó,hak̚.k͈jo.sʰɛŋ.hu̯al.,Hanja,名詞
5142,학용품,hakyongpum,學用品,"School things, supplies",xuéyòngpǐn,haɡ.joŋ.pʰum.,Hanja,名詞
5143,학원,hakwon,學園,Learning institute,xuéyuán,haɡ.u̯ʌn.,Hanja,名詞
5144,학원,hakwon,學院,Learning institute,xuéyuàn,haɡ.u̯ʌn.,Hanja,名詞
5145,설원,seolwon,雪原,Hanja word: 雪原 (xuěyuán),xuěyuán,sʰʌɾ.u̯ʌn.,Hanja,名詞
5146,설악산,seolaksan,雪嶽山,Famous mountain,xuěyuèshān,sʰʌɾ.ak̚.s͈an.,Hanja,專有名詞
5147,학자,hakja,學者,Scholar,xuézhě,hak̚.ʨ͈a.,Hanja,名詞
5148,축적,chukjeok,蓄積,Hanja word: 蓄積 (xùjī),xùjī,ʨʰuk̚.ʨ͈ʌk̚.,Hanja,名詞
5149,허가,heoga,許可,"Permission, grant, leave",xǔkě,hʌ.ɡa.,Hanja,名詞
5150,서론,seoron,序論,Hanja word: 序論 (xùlùn),xùlùn,sʰʌ.ɾon.,Hanja,名詞
5151,순항,sunhang,巡航,Hanja word: 巡航 (xúnháng),xúnháng,sʰun.haŋ.,Hanja,名詞
5152,순환,sunhwan,循環,Hanja word: 循環 (xúnhuán),xúnhuán,sʰun.hu̯an.,Hanja,名詞
5153,훈계,hungye,訓戒,Hanja word: 訓戒 (xùnjiè),xùnjiè,huŋ.ɡje.,Hanja,名詞
5154,순례,sunrye,巡禮,Hanja word: 巡禮 (xúnlǐ),xúnlǐ,sʰul.lje.,Hanja,名詞
5155,훈련,hunryeon,訓練,Training,xùnliàn,hul.ljʌn.,Hanja,名詞
5156,훈령,hunryeong,訓令,Hanja word: 訓令 (xùnlìng),xùnlìng,hul.ljʌŋ.,Hanja,名詞
5157,순례자,sunryeja,巡禮者,Hanja word: 巡禮者 (xúnlǐzhě),xúnlǐzhě,sʰul.lje.ʥa.,Hanja,名詞
5158,순록,sunrok,馴鹿,Hanja word: 馴鹿 (xùnlù),xùnlù,sʰul.lok̚.,Hanja,名詞
5159,축농증,chuknongjeung,蓄膿症,Hanja word: 蓄膿症 (xùnóngzhèng),xùnóngzhèng,ʨʰuŋ.noŋ.ʥɯŋ.,Hanja,名詞
5160,신속,sinsok,迅速,Hanja word: 迅速 (xùnsù),xùnsù,ɕʰin.sok̚.,Hanja,名詞
5161,압도,apdo,壓倒,Hanja word: 壓倒 (yādǎo),yādǎo,ap̚.t͈o.,Hanja,名詞
5162,압도적,apdojeok,壓倒的,Hanja word: 壓倒的 (yādǎode·),yādǎode·,ap̚.t͈o.ʥʌk̚.,Hanja,名詞
5163,아호,aho,雅號,Hanja word: 雅號 (yǎhào),yǎhào,a.ɦo.,Hanja,名詞
5164,압력,apryeok,壓力,"pressure, stress",yālì,am.njʌk̚.,Hanja,名詞
5165,아량,aryang,雅量,Hanja word: 雅量 (yǎliàng),yǎliàng,a.ɾjaŋ.,Hanja,名詞
5166,아인산,ainsan,亞燐酸,Hanja word: 亞燐酸 (yǎlínsuān),yǎlínsuān,a.in.san.,Hanja,名詞
5167,아류,aryu,亞流,Hanja word: 亞流 (yǎliú),yǎliú,a.ɾju.,Hanja,名詞
5168,아마,ama,亞麻,Probably,yǎmá,a.ma.,Hanja,副詞
5169,연안,yeonan,沿岸,Hanja word: 沿岸 (yánàn),yánàn,jʌn.an.,Hanja,名詞
5170,연장,yeonjang,延長,"Extension, prolongation",yáncháng,jʌn.ʥaŋ.,Hanja,名詞
5171,연출,yeonchul,演出,"Production, presentation",yǎnchū,jʌn.ʨʰul.,Hanja,名詞
5172,암상,amsang,岩床,Hanja word: 岩床 (yánchuáng),yánchuáng,am.saŋ.,Hanja,名詞
5173,양전기,yangjeongi,陽電氣,Hanja word: 陽電氣 (yángdiànqì),yángdiànqì,jaŋ.ʥʌŋ.ɡi.,Hanja,名詞
5174,양전자,yangjeonja,陽電子,Hanja word: 陽電子 (yángdiànzǐ),yángdiànzǐ,jaŋ.ʥʌn.ʥa.,Hanja,名詞
5175,엄격,eomgyeok,嚴格,Hanja word: 嚴格 (yángé),yángé,ʌm.ɡjʌk̚.,Hanja,名詞
5176,연혁,yeonhyeok,沿革,Hanja word: 沿革 (yángé),yángé,jʌn.hjʌk̚.,Hanja,名詞
5177,양봉,yangbong,養蜂,Hanja word: 養蜂 (yǎngfēng),yǎngfēng,jaŋ.boŋ.,Hanja,名詞
5178,양복,yangbok,洋服,Western European style clothing,yángfú,jaŋ.bok̚.,Hanja,名詞
5179,양극,yanggeuk,陽極,Hanja word: 陽極 (yángjí),yángjí,jaŋ.ɡɯk̚.,Hanja,名詞
5180,양주,yangju,洋酒,Foreign wine/liquors,yángjiǔ,jaŋ.ʥu.,Hanja,名詞
5181,양로원,yangrowon,養老院,Hanja word: 養老院 (yǎnglǎoyuàn),yǎnglǎoyuàn,jaŋ.no.u̯ʌn.,Hanja,名詞
5182,양력,yangryeok,陽曆,The solar calendar,yánglì,jaŋ.njʌk̚.,Hanja,名詞
5183,양녀,yangnyeo,養女,Hanja word: 養女 (yǎngnǚ),yǎngnǚ,jaŋ.njʌ.,Hanja,名詞
5184,양식,yangsik,洋食,"A mode, a style, an order, a modality",yángshí,jaŋ.ɕʰik̚.,Hanja,名詞
5185,양식,yangsik,樣式,"A mode, a style, an order, a modality",yàngshì,jaŋ.ɕʰik̚.,Hanja,名詞
5186,양말,yangmal,洋襪,A sock,yángwà,jaŋ.mal.,Hanja,名詞
5187,양상,yangsang,樣相,Hanja word: 樣相 (yàngxiāng),yàngxiāng,jaŋ.saŋ.,Hanja,名詞
5188,양육,yangyuk,養育,Hanja word: 養育 (yǎngyù),yǎngyù,jaŋ.juk̚.,Hanja,名詞
5189,양식,yangsik,養殖,"A mode, a style, an order, a modality",yǎngzhí,jaŋ.ɕʰik̚.,Hanja,名詞
5190,엄호,eomho,掩護,Hanja word: 掩護 (yǎnhù),yǎnhù,ʌm.ho.,Hanja,名詞
5191,연회,yeonhoe,宴會,Hanja word: 宴會 (yànhuì),yànhuì,jʌn.hu̯e.,Hanja,名詞
5192,언급,eongeup,言及,Hanja word: 言及 (yánjí),yánjí,ʌŋ.ɡɯp̚.,Hanja,名詞
5193,연기,yeongi,演技,"performance, acting",yǎnjì,jʌŋ.ɡi.,Hanja,名詞
5194,안경,angyeong,眼鏡,Glasses,yǎnjìng,aŋ.ɡjʌŋ.,Hanja,名詞
5195,연구,yeongu,研究,Research,yánjiù,jʌŋ.ɡu.,Hanja,名詞
5196,연구실,yeongusil,研究室,A laboratory,yánjiùshì,jʌŋ.ɡu.ɕʰil.,Hanja,名詞
5197,연구소,yeonguso,研究所,A research institute,yánjiùsuǒ,jʌŋ.ɡu.sʰo.,Hanja,名詞
5198,연구원,yeonguwon,研究員,Researcher,yánjiùyuán,jʌŋ.ɡu.u̯ʌn.,Hanja,名詞
5199,연구자,yeonguja,研究者,Researcher,yánjiùzhě,jʌŋ.ɡu.ʥa.,Hanja,名詞
5200,연기자,yeongija,演技者,"A performer, an actor",yǎnjìzhě,jʌŋ.ɡi.ʥa.,Hanja,名詞
5201,연극,yeongeuk,演劇,"drama,a play",yǎnjù,jʌŋ.ɡɯk̚.,Hanja,名詞
5202,안과,angwa,眼科,Ophthalmology,yǎnkē,aŋ.ɡu̯a.,Hanja,名詞
5203,안료,anryo,顏料,Hanja word: 顏料 (yánliào),yánliào,al.ljo.,Hanja,名詞
5204,언론,eonron,言論,"A speech, discussion",yánlùn,ʌl.lon.,Hanja,名詞
5205,연기,yeongi,延期,"performance, acting",yánqí,jʌŋ.ɡi.,Hanja,名詞
5206,연기,yeongi,煙氣,"performance, acting",yānqì,jʌŋ.ɡi.,Hanja,名詞
5207,안구,angu,眼球,Hanja word: 眼球 (yǎnqiú),yǎnqiú,aŋ.ɡu.,Hanja,名詞
5208,안색,ansaek,顏色,Hanja word: 顏色 (yánsè),yánsè,an.sɛk̚.,Hanja,名詞
5209,암석,amseok,岩石,Hanja word: 岩石 (yánshí),yánshí,am.sʌk̚.,Hanja,名詞
5210,연사,yeonsa,演士,Hanja word: 演士 (yǎnshì),yǎnshì,jʌn.sa.,Hanja,名詞
5211,안식,ansik,眼識,Hanja word: 眼識 (yǎnshì),yǎnshì,an.ɕʰik̚.,Hanja,名詞
5212,연설,yeonseol,演說,A public speech,yǎnshuō,jʌn.sʌl.,Hanja,名詞
5213,연설가,yeonseolga,演說家,Hanja word: 演說家 (yǎnshuōjiā),yǎnshuōjiā,jʌn.sʌl.k͈a.,Hanja,名詞
5214,엄숙,eomsuk,嚴肅,Hanja word: 嚴肅 (yánsù),yánsù,ʌm.suk̚.,Hanja,名詞
5215,염산,yeomsan,鹽酸,Hanja word: 鹽酸 (yánsuān),yánsuān,jʌm.san.,Hanja,名詞
5216,연단,yeondan,演壇,Hanja word: 演壇 (yǎntán),yǎntán,jʌn.dan.,Hanja,名詞
5217,염전,yeomjeon,鹽田,Hanja word: 鹽田 (yántián),yántián,jʌm.ʥʌn.,Hanja,名詞
5218,인두,indu,咽頭,Hanja word: 咽頭 (yāntóu),yāntóu,in.du.,Hanja,名詞
5219,연예인,yeonyein,演藝人,"A performer, an entertainer",yǎnyìrén,jʌn.je.in.,Hanja,名詞
5220,언어,eoneo,言語,"language,speech",yányǔ,ʌn.ʌ.,Hanja,名詞
5221,염증,yeomjeung,炎症,Hanja word: 炎症 (yánzhèng),yánzhèng,jʌm.ʥɯŋ.,Hanja,名詞
5222,언질,eonjil,言質,Hanja word: 言質 (yánzhí),yánzhí,ʌn.ʥil.,Hanja,名詞
5223,연주,yeonju,演奏,A musical performance,yǎnzòu,jʌn.ʥu.,Hanja,名詞
5224,요부,yobu,腰部,Hanja word: 腰部 (yāobù),yāobù,jo.bu.,Hanja,名詞
5225,요충,yochung,要衝,Hanja word: 要衝 (yàochōng),yàochōng,jo.ʨʰuŋ.,Hanja,名詞
5226,요점,yojeom,要點,Hanja word: 要點 (yàodiǎn),yàodiǎn,jo.ʥʌm.,Hanja,名詞
5227,요괴,yogoe,妖怪,Hanja word: 妖怪 (yāoguài),yāoguài,jo.ɡu̯e.,Hanja,名詞
5228,약제,yakje,藥劑,Hanja word: 藥劑 (yàojì),yàojì,jak̚.ʨ͈e.,Hanja,名詞
5229,요정,yojeong,妖精,Hanja word: 妖精 (yāojīng),yāojīng,jo.ʥʌŋ.,Hanja,名詞
5230,약국,yakguk,藥局,Pharmacy,yàojú,jak̚.k͈uk̚.,Hanja,名詞
5231,약품,yakpum,藥品,"Medicines, medical supplies",yàopǐn,jak̚.pʰum.,Hanja,名詞
5232,요청,yocheong,要請,"request,demand,claim",yàoqǐng,jo.ʨʰʌŋ.,Hanja,名詞
5233,요구,yogu,要求,"A demand, claim, request",yāoqiú,jo.ɡu.,Hanja,名詞
5234,요구자,yoguja,要求者,Hanja word: 要求者 (yāoqiúzhě),yāoqiúzhě,jo.ɡu.ʥa.,Hanja,名詞
5235,요일,yoil,曜日,A day of the week not the weekend,yàorì,jo.il.,Hanja,名詞
5236,요새,yosae,要塞,"recently,lately",yàosāi,jo.sʰɛ.,Hanja,名詞
5237,약수,yaksu,藥水,"Medicinal water, mineral water",yàoshuǐ,jak̚.s͈u.,Hanja,名詞
5238,요소,yoso,要素,Hanja word: 要素 (yàosù),yàosù,jo.sʰo.,Hanja,名詞
5239,요통,yotong,腰痛,Hanja word: 腰痛 (yāotòng),yāotòng,jo.tʰoŋ.,Hanja,名詞
5240,약학,yakhak,藥學,Hanja word: 藥學 (yàoxué),yàoxué,ja.kʰak̚.,Hanja,名詞
5241,요업,yoeop,窯業,Hanja word: 窯業 (yáoyè),yáoyè,jo.ʌp̚.,Hanja,名詞
5242,요원,yowon,要員,Hanja word: 要員 (yàoyuán),yàoyuán,jo.u̯ʌn.,Hanja,名詞
5243,요약,yoyak,要約,Hanja word: 要約 (yàoyuē),yàoyuē,jo.jak̚.,Hanja,名詞
5244,압박,apbak,壓迫,Hanja word: 壓迫 (yāpò),yāpò,ap̚.p͈ak̚.,Hanja,名詞
5245,압수,apsu,押收,Hanja word: 押收 (yāshōu),yāshōu,ap.s͈u.,Hanja,名詞
5246,아영,ayeong,雅瑛,Hanja word: 雅瑛 (yǎyīng),yǎyīng,a.jʌŋ.,Hanja,名詞
5247,압제,apje,壓制,Hanja word: 壓制 (yāzhì),yāzhì,ap̚.ʨ͈e.,Hanja,名詞
5248,압제적,apjejeok,壓制的,Hanja word: 壓制的 (yāzhìde·),yāzhìde·,ap̚.ʨ͈e.ʥʌk̚.,Hanja,名詞
5249,압제자,apjeja,壓制者,Hanja word: 壓制者 (yāzhìzhě),yāzhìzhě,ap̚.ʨ͈e.ʥa.,Hanja,名詞
5250,야비,yabi,野卑,Hanja word: 野卑 (yěbēi),yěbēi,ja.bi.,Hanja,名詞
5251,야채,yachae,野菜,Vegetables,yěcài,ja.ʨʰɛ.,Hanja,名詞
5252,야회,yahoe,夜會,Hanja word: 夜會 (yèhuì),yèhuì,ja.ɦu̯e.,Hanja,名詞
5253,야간,yagan,夜間,The night time,yèjiān,ja.ɡan.,Hanja,名詞
5254,야포,yapo,野砲,Hanja word: 野砲 (yěpào),yěpào,ja.pʰo.,Hanja,名詞
5255,야근,yageun,夜勤,Hanja word: 夜勤 (yèqín),yèqín,ja.ɡɯn.,Hanja,名詞
5256,야근비,yageunbi,夜勤費,Hanja word: 夜勤費 (yèqínfèi),yèqínfèi,ja.ɡɯm.bi.,Hanja,名詞
5257,야구,yagu,野球,Baseball,yěqiú,ja.ɡu.,Hanja,名詞
5258,야구장,yagujang,野球場,Baseball field,yěqiúchǎng,ja.ɡu.ʥaŋ.,Hanja,名詞
5259,엽서,yeopseo,葉書,A postcard,yèshū,jʌp.s͈ʌ.,Hanja,名詞
5260,업체,eopche,業體,A business enterprise,yètǐ,ʌp̚.ʨʰe.,Hanja,名詞
5261,야외,yaoe,野外,"The fields, the outskirts",yěwài,ja.u̯e.,Hanja,名詞
5262,업무,eopmu,業務,"Buisness, duty",yèwù,ʌm.mu.,Hanja,名詞
5263,업무상,eopmusang,業務上,Hanja word: 業務上 (yèwùshàng),yèwùshàng,ʌm.mu.sʰaŋ.,Hanja,名詞
5264,업무협정,eopmuhyeopjeong,業務協定,Hanja word: 業務協定 (yèwùxiédìng),yèwùxiédìng,ʌm.mu.hjʌp̚.ʨ͈ʌŋ.,Hanja,名詞
5265,야상곡,yasanggok,夜想曲,Hanja word: 夜想曲 (yèxiǎngqū),yèxiǎngqū,ja.sʰaŋ.ɡok̚.,Hanja,名詞
5266,야심,yasim,野心,Hanja word: 野心 (yěxīn),yěxīn,ja.ɕʰim.,Hanja,名詞
5267,혈암,hyeolam,頁岩,Hanja word: 頁岩 (yèyán),yèyán,çjʌɾ.am.,Hanja,名詞
5268,야영,yayeong,野營,Hanja word: 野營 (yěyíng),yěyíng,ja.jʌŋ.,Hanja,名詞
5269,업종,eopjong,業種,Types of industry,yèzhǒng,ʌp̚.ʨ͈oŋ.,Hanja,名詞
5270,일반,ilban,一般,"universal,common,usual",yìbān,il.p͈an.,Hanja,名詞
5271,일반적,ilbanjeok,一般的,"Universal, general",yìbānde·,il.p͈an.ʥʌk̚.,Hanja,名詞
5272,일반인,ilbanin,一般人,Of the general public,yìbānrén,il.p͈an.in.,Hanja,名詞
5273,일반석,ilbanseok,一般席,Hanja word: 一般席 (yìbānxí),yìbānxí,il.p͈an.sʌk̚.,Hanja,名詞
5274,역병,yeokbyeong,疫病,Hanja word: 疫病 (yìbìng),yìbìng,jʌk̚.p͈jʌŋ.,Hanja,名詞
5275,일부,ilbu,一部,"A part, a portion",yíbù,il.p͈u.,Hanja,名詞
5276,억측,eokcheuk,臆測,Hanja word: 臆測 (yìcè),yìcè,ʌk̚.ʨʰɯk̚.,Hanja,名詞
5277,유산,yusan,遺産,"An inheritence, property left behind",yíchǎn,ju.sʰan.,Hanja,名詞
5278,이상,isang,異常,"More than, above",yìcháng,i.sʰaŋ.,Hanja,名詞
5279,유전,yujeon,遺傳,Hanja word: 遺傳 (yíchuán),yíchuán,ju.ʥʌn.,Hanja,名詞
5280,의존,uijon,依存,Hanja word: 依存 (yīcún),yīcún,ɰi.ʥon.,Hanja,名詞
5281,일대,ildae,一大,One great/large,yídà,il.t͈ɛ.,Hanja,冠形詞
5282,의대,uidae,醫大,Hanja word: 醫大 (yīdà),yīdà,ɰi.dɛ.,Hanja,名詞
5283,일단,ildan,一旦,Temporarily,yīdàn,il.t͈an.,Hanja,副詞
5284,일등,ildeung,一等,"First class, first class/grade",yīděng,il.t͈ɯŋ.,Hanja,名詞
5285,일등석,ildeungseok,一等席,Hanja word: 一等席 (yīděngxí),yīděngxí,il.t͈ɯŋ.sʌk̚.,Hanja,名詞
5286,일정,iljeong,一定,"To be fixed, settled, regular",yídìng,il.ʨ͈ʌŋ.,Hanja,名詞
5287,이동,idong,移動,"movement,migration,drift",yídòng,i.doŋ.,Hanja,名詞
5288,이단,idan,異端,Hanja word: 異端 (yìduān),yìduān,i.dan.,Hanja,名詞
5289,일방적,ilbangjeok,一方的,Hanja word: 一方的 (yīfāngde·),yīfāngde·,il.p͈aŋ.ʥʌk̚.,Hanja,名詞
5290,일번가,ilbeonga,一番街,Hanja word: 一番街 (yīfānjiē),yīfānjiē,il.p͈ʌŋ.ɡa.,Hanja,名詞
5291,일번로,ilbeonro,一番路,Hanja word: 一番路 (yīfānlù),yīfānlù,il.p͈ʌl.lo.,Hanja,名詞
5292,의복,uibok,衣服,"Clothes, garments",yīfú,ɰi.bok̚.,Hanja,名詞
5293,역할,yeokhal,役割,"A part, a role",yìgē,jʌ.kʰal.,Hanja,名詞
5294,유골,yugol,遺骨,Hanja word: 遺骨 (yígǔ),yígǔ,ju.ɡol.,Hanja,名詞
5295,예광탄,yegwangtan,曳光彈,Hanja word: 曳光彈 (yìguāngtán),yìguāngtán,je.ɡu̯aŋ.tʰan.,Hanja,名詞
5296,유해,yuhae,遺骸,Hanja word: 遺骸 (yíhái),yíhái,ju.ɦɛ.,Hanja,名詞
5297,유감,yugam,遺憾,Hanja word: 遺憾 (yíhàn),yíhàn,ju.ɡam.,Hanja,名詞
5298,유한,yuhan,遺恨,Hanja word: 遺恨 (yíhèn),yíhèn,ju.ɦan.,Hanja,名詞
5299,이후,ihu,以後,After that,yǐhòu,i.ɦu.,Hanja,名詞
5300,액화,aekhwa,液化,Hanja word: 液化 (yìhuà),yìhuà,ɛ.kʰu̯a.,Hanja,名詞
5301,일화,ilhwa,逸話,Hanja word: 逸話 (yìhuà),yìhuà,iɾ.ɦu̯a.,Hanja,名詞
5302,의회,uihoe,議會,Hanja word: 議會 (yìhuì),yìhuì,ɰi.ɦu̯e.,Hanja,名詞
5303,일회용,ilhoeyong,一回用,For one time use,yìhuíyòng,iɾ.ɦu̯e.joŋ.,Hanja,名詞
5304,일회용품,ilhoeyongpum,一回用品,A product to be used only once,yìhuíyòngpǐn,iɾ.ɦu̯e.joŋ.pʰum.,Hanja,名詞
5305,의혹,uihok,疑惑,Hanja word: 疑惑 (yíhuò),yíhuò,ɰi.ɦok̚.,Hanja,名詞
5306,유적,yujeok,遺跡,"Remains, relics,ruins",yíjī,ju.ʥʌk̚.,Hanja,名詞
5307,의견,uigyeon,意見,"An opinion,a suggestion",yìjiàn,ɰi.ɡjʌn.,Hanja,名詞
5308,일견,ilgyeon,一見,Hanja word: 一見 (yījiàn),yījiàn,il.k͈jʌn.,Hanja,名詞
5309,유적지,yujeokji,遺跡地,Place where remains/cultural-historical remnants are,yíjīde·,ju.ʥʌk̚.ʨ͈i.,Hanja,名詞
5310,의결,uigyeol,議決,Hanja word: 議決 (yìjué),yìjué,ɰi.ɡjʌl.,Hanja,名詞
5311,일구이언,ilguieon,一口二言,Hanja word: 一口二言 (yīkǒuèr'yán),yīkǒuèr'yán,il.k͈u.i.ʌn.,Hanja,名詞
5312,이래,irae,以來,"Since, after that, hereafter",yǐlái,i.ɾɛ.,Hanja,依存名詞
5313,의류,uiryu,衣類,"Clothes, dresses; clothing",yīlèi,ɰi.ɾju.,Hanja,名詞
5314,액량,aekryang,液量,Hanja word: 液量 (yìliàng),yìliàng,ɛŋ.njaŋ.,Hanja,名詞
5315,의례적,uiryejeok,儀禮的,Hanja word: 儀禮的 (yílǐde·),yílǐde·,ɰi.ɾje.ʥʌk̚.,Hanja,名詞
5316,억류,eokryu,抑留,Hanja word: 抑留 (yìliú),yìliú,ʌŋ.nju.,Hanja,名詞
5317,억류자,eokryuja,抑留者,Hanja word: 抑留者 (yìliúzhě),yìliúzhě,ʌŋ.nju.ʥa.,Hanja,名詞
5318,일률,ilryul,一律,Hanja word: 一律 (yílǜ),yílǜ,il.ljul.,Hanja,名詞
5319,일란성,ilranseong,一卵性,Hanja word: 一卵性 (yīluǎnxìng),yīluǎnxìng,il.lan.sʌŋ.,Hanja,名詞
5320,의논,uinon,議論,"consultation,conference",yìlùn,ɰi.non.,Hanja,名詞
5321,역마차,yeokmacha,驛馬車,Hanja word: 驛馬車 (yìmǎchē),yìmǎchē,jʌŋ.ma.ʨʰa.,Hanja,名詞
5322,일문,ilmun,一門,Hanja word: 一門 (yìmén),yìmén,il.mun.,Hanja,名詞
5323,이민,imin,移民,Emigration,yímín,i.min.,Hanja,名詞
5324,이모,imo,姨母,A maternal aunt,yímǔ,i.mo.,Hanja,名詞
5325,은폐,eunpye,隱蔽,Hanja word: 隱蔽 (yǐnbì),yǐnbì,ɯm.pʰje.,Hanja,名詞
5326,음편,eumpyeon,音便,Hanja word: 音便 (yīnbiàn),yīnbiàn,ɯm.pʰjʌn.,Hanja,名詞
5327,음파,eumpa,音波,Hanja word: 音波 (yīnbō),yīnbō,ɯm.pʰa.,Hanja,名詞
5328,음차,eumcha,音叉,Hanja word: 音叉 (yīnchā),yīnchā,ɯm.ʨʰa.,Hanja,名詞
5329,음순,eumsun,陰脣,Hanja word: 陰脣 (yīnchún),yīnchún,ɯm.sun.,Hanja,名詞
5330,음전자,eumjeonja,陰電子,Hanja word: 陰電子 (yīndiànzǐ),yīndiànzǐ,ɯm.ʥʌn.ʥa.,Hanja,名詞
5331,인도,indo,印度,"pavement,sidewalk",yìndù,in.do.,Hanja,名詞
5332,이내,inae,以內,"soon,right away",yǐnèi,i.nɛ.,Hanja,副詞
5333,영창,yeongchang,營倉,Hanja word: 營倉 (yíngcāng),yíngcāng,jʌŋ.ʨʰaŋ.,Hanja,名詞
5334,응징,eungjing,膺懲,Hanja word: 膺懲 (yīngchéng),yīngchéng,ɯŋ.ʥiŋ.,Hanja,名詞
5335,응수,eungsu,應酬,Hanja word: 應酬 (yìngchóu),yìngchóu,ɯŋ.su.,Hanja,名詞
5336,응답,eungdap,應答,Hanja word: 應答 (yìngdá),yìngdá,ɯŋ.dap̚.,Hanja,名詞
5337,경도,gyeongdo,硬度,Hanja word: 硬度 (yìngdù),yìngdù,kjʌŋ.do.,Hanja,名詞
5338,영국,yeongguk,英國,England,yīngguó,jʌŋ.ɡuk̚.,Hanja,專有名詞
5339,영화,yeonghwa,映畫,A movie,yìnghuà,jʌŋ.hu̯a.,Hanja,名詞
5340,영화관,yeonghwagwan,映畫館,Movie theater,yìnghuàguǎn,jʌŋ.hu̯a.ɡu̯an.,Hanja,名詞
5341,영화제,yeonghwaje,映畫祭,Movie festival,yìnghuàjì,jʌŋ.hu̯a.ʥe.,Hanja,名詞
5342,영화배우,yeonghwabaeu,映畫俳優,Movie actor,yìnghuàpáiyōu,jʌŋ.hu̯a.bɛ.u.,Hanja,名詞
5343,경화,gyeonghwa,硬貨,Hanja word: 硬貨 (yìnghuò),yìnghuò,kjʌŋ.hu̯a.,Hanja,名詞
5344,응접,eungjeop,應接,Hanja word: 應接 (yìngjiē),yìngjiē,ɯŋ.ʥʌp̚.,Hanja,名詞
5345,경구개,gyeonggugae,硬口蓋,Hanja word: 硬口蓋 (yìngkǒugài),yìngkǒugài,kjʌŋ.ɡu.ɡɛ.,Hanja,名詞
5346,영리적,yeongrijeok,營利的,Hanja word: 營利的 (yínglìde·),yínglìde·,jʌŋ.ni.ʥʌk̚.,Hanja,名詞
5347,응모,eungmo,應募,Hanja word: 應募 (yìngmù),yìngmù,ɯŋ.mo.,Hanja,名詞
5348,응모자,eungmoja,應募者,Hanja word: 應募者 (yìngmùzhě),yìngmùzhě,ɯŋ.mo.ʥa.,Hanja,名詞
5349,형석,hyeongseok,螢石,Hanja word: 螢石 (yíngshí),yíngshí,çjʌŋ.sʌk̚.,Hanja,名詞
5350,경수,gyeongsu,硬水,Hanja word: 硬水 (yìngshuǐ),yìngshuǐ,kjʌŋ.su.,Hanja,名詞
5351,영상,yeongsang,映像,"An image [picture], reflection (moving pictures, movies)",yìngxiàng,jʌŋ.saŋ.,Hanja,名詞
5352,영향,yeonghyang,影響,"Influence, consequences",yǐngxiǎng,jʌŋ.hjaŋ.,Hanja,名詞
5353,영향력,yeonghyangryeok,影響力,"Influence, power to influence",yǐngxiǎnglì,jʌŋ.hjaŋ.njʌk̚.,Hanja,名詞
5354,영사,yeongsa,映寫,Hanja word: 映寫 (yìngxiě),yìngxiě,jʌŋ.sa.,Hanja,名詞
5355,영웅,yeongung,英雄,"A hero, a great man",yīngxióng,jʌŋ.uŋ.,Hanja,名詞
5356,영웅적,yeongungjeok,英雄的,Hanja word: 英雄的 (yīngxióngde·),yīngxióngde·,jʌŋ.uŋ.ʥʌk̚.,Hanja,名詞
5357,영양,yeongyang,營養,Nutrition,yíngyǎng,jʌŋ.jaŋ.,Hanja,名詞
5358,영업,yeongeop,營業,"business, doing business",yíngyè,jʌŋ.ʌp̚.,Hanja,名詞
5359,영업부,yeongeopbu,營業部,Hanja word: 營業部 (yíngyèbù),yíngyèbù,jʌŋ.ʌp̚.p͈u.,Hanja,名詞
5360,영업부서,yeongeopbuseo,營業部署,Hanja word: 營業部署 (yíngyèbùshǔ),yíngyèbùshǔ,jʌŋ.ʌp̚.p͈u.sʰʌ.,Hanja,名詞
5361,응용,eungyong,應用,Hanja word: 應用 (yìngyòng),yìngyòng,ɯŋ.joŋ.,Hanja,名詞
5362,경옥,gyeongok,硬玉,Hanja word: 硬玉 (yìngyù),yìngyù,kjʌŋ.ok̚.,Hanja,名詞
5363,영어,yeongeo,英語,The english language,yīngyǔ,jʌŋ.ʌ.,Hanja,名詞
5364,은행,eunhaeng,銀行,A bank,yínháng,ɯn.hɛŋ.,Hanja,名詞
5365,은하,eunha,銀河,Hanja word: 銀河 (yínhé),yínhé,ɯn.ha.,Hanja,名詞
5366,음핵,eumhaek,陰核,Hanja word: 陰核 (yīnhé),yīnhé,ɯm.hɛk̚.,Hanja,名詞
5367,음절,eumjeol,音節,Hanja word: 音節 (yīnjié),yīnjié,ɯm.ʥʌl.,Hanja,名詞
5368,음경,eumgyeong,陰莖,Hanja word: 陰莖 (yīnjīng),yīnjīng,ɯm.ɡjʌŋ.,Hanja,名詞
5369,음주,eumju,飲酒,Drinking (alcohol),yǐnjiǔ,ɯm.ʥu.,Hanja,名詞
5370,은거,eungeo,隱居,Hanja word: 隱居 (yǐnjū),yǐnjū,ɯŋ.ɡʌ.,Hanja,名詞
5371,음력,eumryeok,陰曆,The lunar calendar,yīnlì,ɯm.njʌk̚.,Hanja,名詞
5372,음료,eumryo,飲料,"A beverage, a drink",yǐnliào,ɯm.njo.,Hanja,名詞
5373,음료수,eumryosu,飲料水,Drinking water,yǐnliàoshuǐ,ɯm.njo.sʰu.,Hanja,名詞
5374,음모,eummo,陰毛,Hanja word: 陰毛 (yīnmáo),yīnmáo,ɯm.mo.,Hanja,名詞
5375,음모,eummo,陰謀,Hanja word: 陰謀 (yīnmóu),yīnmóu,ɯm.mo.,Hanja,名詞
5376,은닉,eunnik,隱匿,Hanja word: 隱匿 (yǐnnì),yǐnnì,ɯn.nik̚.,Hanja,名詞
5377,음반,eumban,音盤,A phonograph record,yīnpán,ɯm.ban.,Hanja,名詞
5378,은색,eunsaek,銀色,Hanja word: 銀色 (yínsè),yínsè,ɯn.sɛk̚.,Hanja,名詞
5379,음색,eumsaek,音色,Hanja word: 音色 (yīnsè),yīnsè,ɯm.sɛk̚.,Hanja,名詞
5380,인상,insang,引上,pulling/drawing up,yǐnshàng,in.saŋ.,Hanja,名詞
5381,음성,eumseong,音聲,A voice,yīnshēng,ɯm.sʌŋ.,Hanja,名詞
5382,음성학,eumseonghak,音聲學,Hanja word: 音聲學 (yīnshēngxué),yīnshēngxué,ɯm.sʌŋ.hak̚.,Hanja,名詞
5383,음식,eumsik,飲食,Food,yǐnshí,ɯm.ɕʰik̚.,Hanja,名詞
5384,음식점,eumsikjeom,飲食店,Restaurant,yǐnshídiàn,ɯm.ɕʰik̚.ʨ͈ʌm.,Hanja,名詞
5385,음식물,eumsikmul,飲食物,Anything to eat or drink,yǐnshíwù,ɯm.ɕʰiŋ.mul.,Hanja,名詞
5386,인쇄,inswae,印刷,"printing,typography",yìnshuā,in.su̯ɛ.,Hanja,名詞
5387,인쇄술,inswaesul,印刷術,Hanja word: 印刷術 (yìnshuāshù),yìnshuāshù,in.su̯ɛ.sʰul.,Hanja,名詞
5388,은퇴,euntoe,隱退,Hanja word: 隱退 (yǐntuì),yǐntuì,ɯn.tʰu̯e.,Hanja,名詞
5389,음미,eummi,吟味,Hanja word: 吟味 (yínwèi),yínwèi,ɯm.mi.,Hanja,名詞
5390,인습,inseup,因習,Hanja word: 因習 (yīnxí),yīnxí,in.sɯp̚.,Hanja,名詞
5391,인하,inha,引下,"reduction,lowering",yǐnxià,in.ha.,Hanja,名詞
5392,인상,insang,印象,pulling/drawing up,yìnxiàng,in.saŋ.,Hanja,名詞
5393,음향,eumhyang,音響,Hanja word: 音響 (yīnxiǎng),yīnxiǎng,ɯm.hjaŋ.,Hanja,名詞
5394,인상적,insangjeok,印象的,Impressive,yìnxiàngde·,in.saŋ.ʥʌk̚.,Hanja,名詞
5395,은은,euneun,隱隱,Hanja word: 隱隱 (yǐnyǐn),yǐnyǐn,ɯn.ɯn.,Hanja,名詞
5396,인용,inyong,引用,Hanja word: 引用 (yǐnyòng),yǐnyòng,in.joŋ.,Hanja,名詞
5397,은어,euneo,隱語,Hanja word: 隱語 (yǐnyǔ),yǐnyǔ,ɯn.ʌ.,Hanja,名詞
5398,음울,eumul,陰鬱,Hanja word: 陰鬱 (yīnyù),yīnyù,ɯm.ul.,Hanja,名詞
5399,음역,eumyeok,音域,Hanja word: 音域 (yīnyù),yīnyù,ɯm.jʌk̚.,Hanja,名詞
5400,인연,inyeon,因緣,Cause and occasion,yīnyuán,in.jʌn.,Hanja,名詞
5401,음악,eumak,音樂,Music,yīnyuè,ɯm.ak̚.,Hanja,名詞
5402,음악가,eumakga,音樂家,A musician,yīnyuèjiā,ɯm.ak̚.k͈a.,Hanja,名詞
5403,인장,injang,印章,Hanja word: 印章 (yìnzhāng),yìnzhāng,in.ʥaŋ.,Hanja,名詞
5404,은자,eunja,隱者,Hanja word: 隱者 (yǐnzhě),yǐnzhě,ɯn.ʥa.,Hanja,名詞
5405,인자,inja,因子,Hanja word: 因子 (yīnzi·),yīnzi·,in.ʥa.,Hanja,名詞
5406,일편단심,ilpyeondansim,一片丹心,Hanja word: 一片丹心 (yípiàndānxīn),yípiàndānxīn,il.pʰjʌn.dan.ɕʰim.,Hanja,名詞
5407,일품,ilpum,一品,Hanja word: 一品 (yīpǐn),yīpǐn,il.pʰum.,Hanja,名詞
5408,유기,yugi,遺棄,Hanja word: 遺棄 (yíqì),yíqì,ju.ɡi.,Hanja,名詞
5409,이전,ijeon,以前,Former days/times,yǐqián,i.ʥʌn.,Hanja,名詞
5410,일체,ilche,一切,"All, everything,the whole",yīqiè,il.ʨʰe.,Hanja,名詞
5411,이인,iin,異人,Hanja word: 異人 (yìrén),yìrén,i.in.,Hanja,名詞
5412,일인실,ilinsil,一人室,Hanja word: 一人室 (yīrénshì),yīrénshì,iɾ.in.ɕʰil.,Hanja,名詞
5413,이상,isang,以上,"More than, above",yǐshàng,i.sʰaŋ.,Hanja,名詞
5414,의상,uisang,衣裳,Hanja word: 衣裳 (yīshang),yīshang,ɰi.sʰaŋ.,Hanja,名詞
5415,일생,ilsaeng,一生,one’s lifetime,yìshēng,il.s͈ɛŋ.,Hanja,名詞
5416,의식,uisik,儀式,A ceremony,yíshì,ɰi.ɕʰik̚.,Hanja,名詞
5417,역시,yeoksi,亦是,"As expected, likewise",yìshì,jʌk̚.ɕʰi.,Hanja,副詞
5418,의식,uisik,意識,A ceremony,yìshì,ɰi.ɕʰik̚.,Hanja,名詞
5419,역사,yeoksa,驛士,History,yìshì,jʌk̚.s͈a.,Hanja,名詞
5420,의사,uisa,醫師,"A doctor, a physician",yīshī,ɰi.sʰa.,Hanja,名詞
5421,의식적,uisikjeok,儀式的,Hanja word: 儀式的 (yíshìde·),yíshìde·,ɰi.ɕʰik̚.ʨ͈ʌk̚.,Hanja,名詞
5422,일시적,ilsijeok,一時的,Of a day,yìshíde·,il.ɕʰi.ʥʌk̚.,Hanja,名詞
5423,일석이조,ilseokijo,一石二鳥,Hanja word: 一石二鳥 (yīshíèr'niǎo),yīshíèr'niǎo,il.s͈ʌɡ.i.ʥo.,Hanja,名詞
5424,예술,yesul,藝術,"Art, an art",yìshù,je.sʰul.,Hanja,名詞
5425,의술,uisul,醫術,Hanja word: 醫術 (yīshù),yīshù,ɰi.sʰul.,Hanja,名詞
5426,예술적,yesuljeok,藝術的,Artistic,yìshùde·,je.sʰul.ʨ͈ʌk̚.,Hanja,名詞
5427,예술가,yesulga,藝術家,An artist,yìshùjiā,je.sʰul.k͈a.,Hanja,名詞
5428,의사,uisa,意思,"A doctor, a physician",yìsi·,ɰi.sʰa.,Hanja,名詞
5429,의사소통,uisasotong,意思疏通,Hanja word: 意思疏通 (yìsi·shūtōng),yìsi·shūtōng,ɰi.sʰa.sʰo.tʰoŋ.,Hanja,名詞
5430,이송,isong,移送,Hanja word: 移送 (yísòng),yísòng,i.sʰoŋ.,Hanja,名詞
5431,일산화탄소,ilsanhwatanso,一酸化炭素,Hanja word: 一酸化炭素 (yīsuānhuàtànsù),yīsuānhuàtànsù,il.s͈an.hu̯a.tʰan.so.,Hanja,名詞
5432,의제,uije,議題,Hanja word: 議題 (yìtí),yìtí,ɰi.ʥe.,Hanja,名詞
5433,액체,aekche,液體,Hanja word: 液體 (yìtǐ),yìtǐ,ɛk̚.ʨʰe.,Hanja,名詞
5434,의도,uido,意圖,"An intention, an aim",yìtú,ɰi.do.,Hanja,名詞
5435,의도적,uidojeok,意圖的,Purposefully,yìtúde·,ɰi.do.ʥʌk̚.,Hanja,名詞
5436,의외,uioe,意外,Hanja word: 意外 (yìwài),yìwài,ɰi.u̯e.,Hanja,名詞
5437,이외,ioe,以外,"Except, apart from",yǐwài,i.u̯e.,Hanja,名詞
5438,의미,uimi,意味,"A meaning, a sense",yìwèi,ɰi.mi.,Hanja,名詞
5439,의문,uimun,疑問,"A question, a doubt",yíwèn,ɰi.mun.,Hanja,名詞
5440,유물,yumul,遺物,"A relic, cultural remains",yíwù,ju.mul.,Hanja,名詞
5441,의무,uimu,義務,"A duty, an obligation",yìwù,ɰi.mu.,Hanja,名詞
5442,의무적,uimujeok,義務的,Hanja word: 義務的 (yìwùde·),yìwùde·,ɰi.mu.ʥʌk̚.,Hanja,名詞
5443,이사,isa,移徙,House-moving,yíxǐ,i.sʰa.,Hanja,名詞
5444,이하,iha,以下,"Less than, below",yǐxià,i.ɦa.,Hanja,名詞
5445,이항,ihang,移項,Hanja word: 移項 (yíxiàng),yíxiàng,i.ɦaŋ.,Hanja,名詞
5446,의향,uihyang,意向,Hanja word: 意向 (yìxiàng),yìxiàng,ɰi.hjaŋ.,Hanja,名詞
5447,의심,uisim,疑心,A doubt,yíxīn,ɰi.ɕʰim.,Hanja,名詞
5448,일신,ilsin,一新,Hanja word: 一新 (yīxīn),yīxīn,il.ɕʰin.,Hanja,名詞
5449,이성,iseong,異性,"Reason, reasoning",yìxìng,i.sʰʌŋ.,Hanja,名詞
5450,일행,ilhaeng,一行,"A party, a troupe; a row, a line",yīxíng,iɾ.ɦɛŋ.,Hanja,名詞
5451,의학,uihak,醫學,Medical science,yīxué,ɰi.ɦak̚.,Hanja,名詞
5452,억양,eokyang,抑揚,Hanja word: 抑揚 (yìyáng),yìyáng,ʌɡ.jaŋ.,Hanja,名詞
5453,유언자,yueonja,遺言者,Hanja word: 遺言者 (yíyánzhě),yíyánzhě,ju.ʌn.ʥa.,Hanja,名詞
5454,의의,uiui,意義,Hanja word: 意義 (yìyì),yìyì,ɰi.e.,Hanja,名詞
5455,이의,iui,異議,Hanja word: 異議 (yìyì),yìyì,i.e.,Hanja,名詞
5456,의옥,uiok,疑獄,Hanja word: 疑獄 (yíyù),yíyù,ɰi.ok̚.,Hanja,名詞
5457,의욕,uiyok,意欲,"volition,will,desire",yìyù,ɰi.jok̚.,Hanja,名詞
5458,억울,eokul,抑鬱,Hanja word: 抑鬱 (yìyù),yìyù,ʌɡ.ul.,Hanja,名詞
5459,의원,uiwon,議員,A member,yìyuán,ɰi.u̯ʌn.,Hanja,名詞
5460,일월,ilwol,一月,January,yīyuè,iɾ.u̯ʌl.,Hanja,名詞
5461,유증,yujeung,遺贈,Hanja word: 遺贈 (yízèng),yízèng,ju.ʥɯŋ.,Hanja,名詞
5462,의장,uijang,議長,Hanja word: 議長 (yìzhǎng),yìzhǎng,ɰi.ʥaŋ.,Hanja,名詞
5463,역자,yeokja,譯者,Hanja word: 譯者 (yìzhě),yìzhě,jʌk̚.ʨ͈a.,Hanja,名詞
5464,일치,ilchi,一致,"Agreement, accord",yízhì,il.ʨʰi.,Hanja,名詞
5465,의지,uiji,意志,"will,volition",yìzhì,ɰi.ʥi.,Hanja,名詞
5466,억제,eokje,抑制,Hanja word: 抑制 (yìzhì),yìzhì,ʌk̚.ʨ͈e.,Hanja,名詞
5467,의지,uiji,依支,"will,volition",yīzhī,ɰi.ʥi.,Hanja,名詞
5468,일종,iljong,一種,"A kind, a sort, a species",yīzhǒng,il.ʨ͈oŋ.,Hanja,名詞
5469,일주일,iljuil,一週日,One whole day,yìzhōurì,il.ʨ͈u.il.,Hanja,名詞
5470,이주,iju,移住,Hanja word: 移住 (yízhù),yízhù,i.ʥu.,Hanja,名詞
5471,의자,uija,椅子,A chair,yǐzi·,ɰi.ʥa.,Hanja,名詞
5472,영존,yeongjon,永存,Hanja word: 永存 (yǒngcún),yǒngcún,jʌŋ.ʥon.,Hanja,名詞
5473,용지,yongji,用地,Hanja word: 用地 (yòngde·),yòngde·,joŋ.ʥi.,Hanja,名詞
5474,용감,yonggam,勇敢,Hanja word: 勇敢 (yǒnggǎn),yǒnggǎn,joŋ.ɡam.,Hanja,名詞
5475,용건,yonggeon,用件,Hanja word: 用件 (yòngjiàn),yòngjiàn,joŋ.ɡʌn.,Hanja,名詞
5476,영구,yeonggu,永久,Hanja word: 永久 (yǒngjiǔ),yǒngjiǔ,jʌŋ.ɡu.,Hanja,名詞
5477,용구,yonggu,用具,Hanja word: 用具 (yòngjù),yòngjù,joŋ.ɡu.,Hanja,名詞
5478,영면,yeongmyeon,永眠,Hanja word: 永眠 (yǒngmián),yǒngmián,jʌŋ.mjʌn.,Hanja,名詞
5479,용기,yonggi,勇氣,Bravery,yǒngqì,joŋ.ɡi.,Hanja,名詞
5480,용사,yongsa,勇士,Hanja word: 勇士 (yǒngshì),yǒngshì,joŋ.sa.,Hanja,名詞
5481,용도,yongdo,用途,"use,service",yòngtú,joŋ.do.,Hanja,名詞
5482,영속,yeongsok,永續,Hanja word: 永續 (yǒngxù),yǒngxù,jʌŋ.sok̚.,Hanja,名詞
5483,용의,yongui,用意,Hanja word: 用意 (yòngyì),yòngyì,joŋ.e.,Hanja,名詞
5484,용어,yongeo,用語,Technical terminology,yòngyǔ,joŋ.ʌ.,Hanja,名詞
5485,영원,yeongwon,永遠,Hanja word: 永遠 (yǒngyuǎn),yǒngyuǎn,jʌŋ.u̯ʌn.,Hanja,名詞
5486,유폐,yupye,幽閉,Hanja word: 幽閉 (yōubì),yōubì,ju.pʰje.,Hanja,名詞
5487,우편,upyeon,郵便,"post,mail",yóubiàn,u.pʰjʌn.,Hanja,名詞
5488,우편함,upyeonham,郵便函,Hanja word: 郵便函 (yóubiànhán),yóubiànhán,u.pʰjʌn.ham.,Hanja,名詞
5489,유충,yuchung,幼蟲,Hanja word: 幼蟲 (yòuchóng),yòuchóng,ju.ʨʰuŋ.,Hanja,名詞
5490,우대,udae,優待,Hanja word: 優待 (yōudài),yōudài,u.dɛ.,Hanja,名詞
5491,유도,yudo,誘導,Hanja word: 誘導 (yòudǎo),yòudǎo,ju.do.,Hanja,名詞
5492,우체부,uchebu,郵遞夫,Hanja word: 郵遞夫 (yóudìfū),yóudìfū,u.ʨʰe.bu.,Hanja,名詞
5493,우체국,ucheguk,郵遞局,A post office,yóudìjú,u.ʨʰe.ɡuk̚.,Hanja,名詞
5494,유아,yua,幼兒,Hanja word: 幼兒 (yòuér'),yòuér',ju.a.,Hanja,名詞
5495,유발,yubal,誘發,Hanja word: 誘發 (yòufā),yòufā,ju.bal.,Hanja,名詞
5496,유급,yugeup,有給,Hanja word: 有給 (yǒugěi),yǒugěi,ju.ɡɯp̚.,Hanja,名詞
5497,우호적,uhojeok,友好的,Hanja word: 友好的 (yǒuhǎode·),yǒuhǎode·,u.ɦo.ʥʌk̚.,Hanja,名詞
5498,우회전,uhoejeon,右回轉,Hanja word: 右回轉 (yòuhuízhuǎn),yòuhuízhuǎn,u.ɦu̯e.ʥʌn.,Hanja,名詞
5499,유혹,yuhok,誘惑,Hanja word: 誘惑 (yòuhuò),yòuhuò,ju.ɦok̚.,Hanja,名詞
5500,유래,yurae,由來,Hanja word: 由來 (yóulái),yóulái,ju.ɾɛ.,Hanja,名詞
5501,유람선,yuramseon,遊覽船,Hanja word: 遊覽船 (yóulǎnchuán),yóulǎnchuán,ju.ɾam.sʌn.,Hanja,名詞
5502,유리,yuri,有利,A glass pane,yǒulì,ju.ɾi.,Hanja,名詞
5503,유료,yuryo,有料,Hanja word: 有料 (yǒuliào),yǒuliào,ju.ɾjo.,Hanja,名詞
5504,유령,yuryeong,幽靈,Hanja word: 幽靈 (yōulíng),yōulíng,ju.ɾjʌŋ.,Hanja,名詞
5505,유력자,yuryeokja,有力者,Hanja word: 有力者 (yǒulìzhě),yǒulìzhě,ju.ɾjʌk̚.ʨ͈a.,Hanja,名詞
5506,우려,uryeo,憂慮,"worry, anxiety, fear",yōulǜ,u.ɾjʌ.,Hanja,名詞
5507,우미,umi,優美,Hanja word: 優美 (yōuměi),yōuměi,u.mi.,Hanja,名詞
5508,유문,yumun,幽門,Hanja word: 幽門 (yōumén),yōumén,ju.mun.,Hanja,名詞
5509,유명,yumyeong,有名,"fame,celebrity status",yǒumíng,ju.mjʌŋ.,Hanja,名詞
5510,유명인,yumyeongin,有名人,Hanja word: 有名人 (yǒumíngrén),yǒumíngrén,ju.mjʌŋ.in.,Hanja,名詞
5511,유능,yuneung,有能,Hanja word: 有能 (yǒunéng),yǒunéng,ju.nɯŋ.,Hanja,名詞
5512,유년,yunyeon,幼年,Hanja word: 幼年 (yòunián),yòunián,ju.njʌn.,Hanja,名詞
5513,우표,upyo,郵票,A postage stamp,yóupiào,u.pʰjo.,Hanja,名詞
5514,우정,ujeong,友情,Feeling of friendship,yǒuqíng,u.ʥʌŋ.,Hanja,名詞
5515,유권자,yugwonja,有權者,Hanja word: 有權者 (yǒuquánzhě),yǒuquánzhě,ju.ɡu̯ʌn.ʥa.,Hanja,名詞
5516,유소,yuso,幼少,Hanja word: 幼少 (yòushǎo),yòushǎo,ju.sʰo.,Hanja,名詞
5517,유생,yusaeng,幼生,Hanja word: 幼生 (yòushēng),yòushēng,ju.sʰɛŋ.,Hanja,名詞
5518,우승,useung,優勝,First place,yōushèng,u.sʰɯŋ.,Hanja,名詞
5519,우생학,usaenghak,優生學,Hanja word: 優生學 (yōushēngxué),yōushēngxué,u.sʰɛŋ.hak̚.,Hanja,名詞
5520,유신론,yusinron,有神論,Hanja word: 有神論 (yǒushénlùn),yǒushénlùn,ju.ɕʰil.lon.,Hanja,名詞
5521,우세,use,優勢,Hanja word: 優勢 (yōushì),yōushì,u.sʰe.,Hanja,名詞
5522,우송,usong,郵送,Hanja word: 郵送 (yóusòng),yóusòng,u.sʰoŋ.,Hanja,名詞
5523,우현,uhyeon,右舷,Hanja word: 右舷 (yòuxián),yòuxián,u.hjʌn.,Hanja,名詞
5524,유효,yuhyo,有效,Hanja word: 有效 (yǒuxiào),yǒuxiào,ju.hjo.,Hanja,名詞
5525,유성,yuseong,遊星,Hanja word: 遊星 (yóuxīng),yóuxīng,ju.sʰʌŋ.,Hanja,名詞
5526,우성,useong,優性,Hanja word: 優性 (yōuxìng),yōuxìng,u.sʰʌŋ.,Hanja,名詞
5527,유휴,yuhyu,遊休,Hanja word: 遊休 (yóuxiū),yóuxiū,ju.hju.,Hanja,名詞
5528,우수,usu,優秀,Hanja word: 優秀 (yōuxiù),yōuxiù,u.sʰu.,Hanja,名詞
5529,우아,ua,優雅,Hanja word: 優雅 (yōuyǎ),yōuyǎ,u.a.,Hanja,名詞
5530,유약,yuyak,釉藥,Hanja word: 釉藥 (yòuyào),yòuyào,ju.jak̚.,Hanja,名詞
5531,유익,yuik,有益,Hanja word: 有益 (yǒuyì),yǒuyì,ju.ik̚.,Hanja,名詞
5532,유인,yuin,誘引,Hanja word: 誘引 (yòuyǐn),yòuyǐn,ju.in.,Hanja,名詞
5533,유인,yuin,誘因,Hanja word: 誘因 (yòuyīn),yòuyīn,ju.in.,Hanja,名詞
5534,우울,uul,憂鬱,Hanja word: 憂鬱 (yōuyù),yōuyù,u.ul.,Hanja,名詞
5535,유지,yuji,有志,Hanja word: 有志 (yǒuzhì),yǒuzhì,ju.ʥi.,Hanja,名詞
5536,유치원,yuchiwon,幼稚園,Kindergarten,yòuzhìyuán,ju.ʨʰi.u̯ʌn.,Hanja,名詞
5537,원본,wonbon,原本,Hanja word: 原本 (yuánběn),yuánběn,u̯ʌm.bon.,Hanja,名詞
5538,원동력,wondongryeok,原動力,Hanja word: 原動力 (yuándònglì),yuándònglì,u̯ʌn.doŋ.njʌk̚.,Hanja,名詞
5539,원고,wongo,原告,A manuscript,yuángào,u̯ʌŋ.ɡo.,Hanja,名詞
5540,원고,wongo,原稿,A manuscript,yuángǎo,u̯ʌŋ.ɡo.,Hanja,名詞
5541,원한,wonhan,怨恨,Hanja word: 怨恨 (yuànhèn),yuànhèn,u̯ʌn.han.,Hanja,名詞
5542,엔화,enhwa,円貨,Hanja word: 円貨 (yuánhuò),yuánhuò,en.hu̯a.,Hanja,名詞
5543,원가,wonga,原價,Hanja word: 原價 (yuánjià),yuánjià,u̯ʌŋ.ɡa.,Hanja,名詞
5544,원금,wongeum,元金,Hanja word: 元金 (yuánjīn),yuánjīn,u̯ʌŋ.ɡɯm.,Hanja,名詞
5545,원광,wongwang,原鑛,Hanja word: 原鑛 (yuánkuàng),yuánkuàng,u̯ʌŋ.ɡu̯aŋ.,Hanja,名詞
5546,원래,wonrae,原來,"originally,primarily",yuánlái,u̯ʌl.lɛ.,Hanja,名詞
5547,원리,wonri,原理,Hanja word: 原理 (yuánlǐ),yuánlǐ,u̯ʌl.li.,Hanja,名詞
5548,원료,wonryo,原料,Hanja word: 原料 (yuánliào),yuánliào,u̯ʌl.ljo.,Hanja,名詞
5549,원반,wonban,圓盤,Hanja word: 圓盤 (yuánpán),yuánpán,u̯ʌm.ban.,Hanja,名詞
5550,원기,wongi,元氣,Hanja word: 元氣 (yuánqì),yuánqì,u̯ʌŋ.ɡi.,Hanja,名詞
5551,원천,woncheon,源泉,Hanja word: 源泉 (yuánquán),yuánquán,u̯ʌn.ʨʰʌn.,Hanja,名詞
5552,원숙,wonsuk,圓熟,Hanja word: 圓熟 (yuánshóu),yuánshóu,u̯ʌn.suk̚.,Hanja,名詞
5553,원서,wonseo,願書,"An application, a written request",yuànshū,u̯ʌn.sʌ.,Hanja,名詞
5554,원통,wontong,圓筒,Hanja word: 圓筒 (yuántǒng),yuántǒng,u̯ʌn.tʰoŋ.,Hanja,名詞
5555,원심분리기,wonsimbunrigi,遠心分離機,Hanja word: 遠心分離機 (yuǎnxīnfēnlíjī),yuǎnxīnfēnlíjī,u̯ʌn.ɕʰim.bul.li.ɡi.,Hanja,名詞
5556,원형,wonhyeong,原型,Hanja word: 原型 (yuánxíng),yuánxíng,u̯ʌn.hjʌŋ.,Hanja,名詞
5557,원형질,wonhyeongjil,原形質,Hanja word: 原形質 (yuánxíngzhí),yuánxíngzhí,u̯ʌn.hjʌŋ.ʥil.,Hanja,名詞
5558,원심력,wonsimryeok,遠心力,Hanja word: 遠心力 (yuǎnxīnlì),yuǎnxīnlì,u̯ʌn.ɕʰim.njʌk̚.,Hanja,名詞
5559,원예,wonye,園藝,Hanja word: 園藝 (yuányì),yuányì,u̯ʌn.je.,Hanja,名詞
5560,원인,wonin,原因,"A cause,a factor",yuányīn,u̯ʌn.in.,Hanja,名詞
5561,원어민,woneomin,原語民,Hanja word: 原語民 (yuányǔmín),yuányǔmín,u̯ʌn.ʌ.min.,Hanja,名詞
5562,원칙,wonchik,原則,Hanja word: 原則 (yuánzé),yuánzé,u̯ʌn.ʨʰik̚.,Hanja,名詞
5563,원장,wonjang,院長,The chief/head (of a 학원),yuànzhǎng,u̯ʌn.ʥaŋ.,Hanja,名詞
5564,원진,wonjin,圓陣,Hanja word: 圓陣 (yuánzhèn),yuánzhèn,u̯ʌn.ʥin.,Hanja,名詞
5565,원주,wonju,圓柱,Hanja word: 圓柱 (yuánzhù),yuánzhù,u̯ʌn.ʥu.,Hanja,名詞
5566,원주민,wonjumin,原住民,Hanja word: 原住民 (yuánzhùmín),yuánzhùmín,u̯ʌn.ʥu.min.,Hanja,名詞
5567,원탁,wontak,圓卓,Hanja word: 圓卓 (yuánzhuō),yuánzhuō,u̯ʌn.tʰak̚.,Hanja,名詞
5568,원자,wonja,原子,Hanja word: 原子 (yuánzi·),yuánzi·,u̯ʌn.ʥa.,Hanja,名詞
5569,예보,yebo,豫報,"forecast,predict",yùbào,je.bo.,Hanja,名詞
5570,예비,yebi,豫備,"Preparation, reserve",yùbèi,je.bi.,Hanja,名詞
5571,여병,yeobyeong,餘病,Hanja word: 餘病 (yúbìng),yúbìng,jʌ.bjʌŋ.,Hanja,名詞
5572,여파,yeopa,餘波,Hanja word: 餘波 (yúbō),yúbō,jʌ.pʰa.,Hanja,名詞
5573,욕조,yokjo,浴槽,Hanja word: 浴槽 (yùcáo),yùcáo,jok̚.ʨ͈o.,Hanja,名詞
5574,예측,yecheuk,豫測,Hanja word: 豫測 (yùcè),yùcè,je.ʨʰɯk̚.,Hanja,名詞
5575,어장,eojang,漁場,Hanja word: 漁場 (yúchǎng),yúchǎng,ʌ.ʥaŋ.,Hanja,名詞
5576,어선,eoseon,漁船,Hanja word: 漁船 (yúchuán),yúchuán,ʌ.sʰʌn.,Hanja,名詞
5577,여당,yeodang,與黨,Hanja word: 與黨 (yǔdǎng),yǔdǎng,jʌ.daŋ.,Hanja,名詞
5578,여지,yeoji,餘地,Hanja word: 餘地 (yúdì),yúdì,jʌ.ʥi.,Hanja,名詞
5579,어조,eojo,語調,Hanja word: 語調 (yǔdiào),yǔdiào,ʌ.ʥo.,Hanja,名詞
5580,예정,yejeong,豫定,"A program, schedule",yùdìng,je.ʥʌŋ.,Hanja,名詞
5581,우둔,udun,愚鈍,Hanja word: 愚鈍 (yúdùn),yúdùn,u.dun.,Hanja,名詞
5582,약정,yakjeong,約定,Hanja word: 約定 (yuēdìng),yuēdìng,jak̚.ʨ͈ʌŋ.,Hanja,名詞
5583,월급,wolgeup,月給,Monthly salary,yuègěi,u̯ʌl.k͈ɯp̚.,Hanja,名詞
5584,약혼녀,yakhonnyeo,約婚女,A girl who is engaged,yuēhūnnǚ,ja.kʰon.njʌ.,Hanja,名詞
5585,약혼자,yakhonja,約婚者,"A fiance, an engaged person",yuēhūnzhě,ja.kʰon.ʥa.,Hanja,名詞
5586,악기,akgi,樂器,Musical instrument,yuèqì,ak̚.k͈i.,Hanja,名詞
5587,육아,yuka,育兒,Hanja word: 育兒 (yùér'),yùér',juɡ.a.,Hanja,名詞
5588,월식,wolsik,月蝕,Hanja word: 月蝕 (yuèshí),yuèshí,u̯ʌl.ɕʰik̚.,Hanja,名詞
5589,월세,wolse,月貰,Monthly rent,yuèshì,u̯ʌl.s͈e.,Hanja,名詞
5590,약속,yaksok,約束,A promise,yuēshù,jak̚.s͈ok̚.,Hanja,名詞
5591,약속시간,yaksoksigan,約束時間,Hanja word: 約束時間 (yuēshùshíjiān),yuēshùshíjiān,jak̚.s͈ok̚.ɕʰi.ɡan.,Hanja,名詞
5592,월요일,wolyoil,月曜日,Monday,yuèyàorì,u̯ʌɾ.jo.il.,Hanja,名詞
5593,예방,yebang,豫防,"Prevention, protection",yùfáng,je.baŋ.,Hanja,名詞
5594,여분,yeobun,餘份,Hanja word: 餘份 (yúfèn),yúfèn,jʌ.bun.,Hanja,名詞
5595,어분,eobun,魚粉,Hanja word: 魚粉 (yúfěn),yúfěn,ʌ.bun.,Hanja,名詞
5596,어부,eobu,漁夫,Hanja word: 漁夫 (yúfū),yúfū,ʌ.bu.,Hanja,名詞
5597,예감,yegam,豫感,"A presentiment, a premonition",yùgǎn,je.ɡam.,Hanja,名詞
5598,예고,yego,豫告,Hanja word: 豫告 (yùgào),yùgào,je.ɡo.,Hanja,名詞
5599,예후,yehu,豫後,Hanja word: 豫後 (yùhòu),yùhòu,je.ɦu.,Hanja,名詞
5600,우화,uhwa,寓話,Hanja word: 寓話 (yùhuà),yùhuà,u.ɦu̯a.,Hanja,名詞
5601,어휘,eohwi,語彙,Hanja word: 語彙 (yǔhuì),yǔhuì,ʌ.ɦɥi.,Hanja,名詞
5602,우회로,uhoero,迂廻路,Hanja word: 迂廻路 (yūhuílù),yūhuílù,u.ɦu̯e.ɾo.,Hanja,名詞
5603,어획,eohoek,漁獲,Hanja word: 漁獲 (yúhuò),yúhuò,ʌ.ɦu̯ek̚.,Hanja,名詞
5604,여기,yeogi,餘技,A hobby,yújì,jʌ.ɡi.,Hanja,代名詞
5605,여건,yeogeon,與件,"A postulate, a given condition",yǔjiàn,jʌ.ɡʌn.,Hanja,名詞
5606,여각,yeogak,餘角,Hanja word: 餘角 (yújiǎo),yújiǎo,jʌ.ɡak̚.,Hanja,名詞
5607,어개,eogae,魚介,Hanja word: 魚介 (yújiè),yújiè,ʌ.ɡɛ.,Hanja,名詞
5608,여신,yeosin,餘燼,Hanja word: 餘燼 (yújìn),yújìn,jʌ.ɕʰin.,Hanja,名詞
5609,예금,yegeum,預金,Deposit money,yùjīn,je.ɡɯm.,Hanja,名詞
5610,예금자,yegeumja,預金者,Hanja word: 預金者 (yùjīnzhě),yùjīnzhě,je.ɡɯm.ʥa.,Hanja,名詞
5611,오락,orak,娛樂,Entertainment,yúlè,o.ɾak̚.,Hanja,名詞
5612,어뢰,eoroe,魚雷,Hanja word: 魚雷 (yúléi),yúléi,ʌ.ɾu̯e.,Hanja,名詞
5613,어룡,eoryong,魚龍,Hanja word: 魚龍 (yúlóng),yúlóng,ʌ.ɾjoŋ.,Hanja,名詞
5614,여론,yeoron,輿論,"Public opinion, public sentiment towards sth",yúlùn,jʌ.ɾon.,Hanja,名詞
5615,예매,yemae,預買,Hanja word: 預買 (yùmǎi),yùmǎi,je.mɛ.,Hanja,名詞
5616,운반,unban,運搬,"conveyance,transport",yùnbān,um.ban.,Hanja,名詞
5617,운동,undong,運動,"Motion, movement",yùndòng,un.doŋ.,Hanja,名詞
5618,운동장,undongjang,運動場,"Stadium, playground",yùndòngchǎng,un.doŋ.ʥaŋ.,Hanja,名詞
5619,운동복,undongbok,運動服,Exercise clothes,yùndòngfú,un.doŋ.bok̚.,Hanja,名詞
5620,운동화,undonghwa,運動靴,Sports shoes,yùndòngxuē,un.doŋ.hu̯a.,Hanja,名詞
5621,운하,unha,運河,Hanja word: 運河 (yùnhé),yùnhé,un.ha.,Hanja,名詞
5622,운율,unyul,韻律,Hanja word: 韻律 (yùnlǜ),yùnlǜ,un.jul.,Hanja,名詞
5623,운명,unmyeong,運命,"fate, fortune",yùnmìng,um.mjʌŋ.,Hanja,名詞
5624,운모,unmo,雲母,Hanja word: 雲母 (yúnmǔ),yúnmǔ,um.mo.,Hanja,名詞
5625,운석,unseok,隕石,Hanja word: 隕石 (yǔnshí),yǔnshí,un.sʌk̚.,Hanja,名詞
5626,운문,unmun,韻文,Hanja word: 韻文 (yùnwén),yùnwén,um.mun.,Hanja,名詞
5627,운행,unhaeng,運行,"movement,revolution",yùnxíng,un.hɛŋ.,Hanja,名詞
5628,운영,unyeong,運營,Hanja word: 運營 (yùnyíng),yùnyíng,un.jʌŋ.,Hanja,名詞
5629,운전,unjeon,運轉,Driving,yùnzhuǎn,un.ʥʌn.,Hanja,名詞
5630,운전기사,unjeongisa,運轉技士,The driver,yùnzhuǎnjìshì,un.ʥʌŋ.ɡi.sʰa.,Hanja,名詞
5631,운전면허,unjeonmyeonheo,運轉免許,Hanja word: 運轉免許 (yùnzhuǎnmiǎnxǔ),yùnzhuǎnmiǎnxǔ,un.ʥʌm.mjʌn.hʌ.,Hanja,名詞
5632,운전면허시험,unjeonmyeonheosiheom,運轉免許試驗,Hanja word: 運轉免許試驗 (yùnzhuǎnmiǎnxǔshìyàn),yùnzhuǎnmiǎnxǔshìyàn,un.ʥʌm.mjʌn.hʌ.ɕʰi.ɦʌm.,Hanja,名詞
5633,운전면허증,unjeonmyeonheojeung,運轉免許證,Hanja word: 運轉免許證 (yùnzhuǎnmiǎnxǔzhèng),yùnzhuǎnmiǎnxǔzhèng,un.ʥʌm.mjʌn.hʌ.ʥɯŋ.,Hanja,名詞
5634,운전사,unjeonsa,運轉士,The driver (of a taxi),yùnzhuǎnshì,un.ʥʌn.sa.,Hanja,名詞
5635,운전자,unjeonja,運轉者,The driver,yùnzhuǎnzhě,un.ʥʌn.ʥa.,Hanja,名詞
5636,예기,yegi,豫期,Hanja word: 豫期 (yùqí),yùqí,je.ɡi.,Hanja,名詞
5637,우기,ugi,雨期,Hanja word: 雨期 (yǔqí),yǔqí,u.ɡi.,Hanja,名詞
5638,욕구,yokgu,慾求,Hanja word: 慾求 (yùqiú),yùqiú,jok̚.k͈u.,Hanja,名詞
5639,여열,yeoyeol,餘熱,Hanja word: 餘熱 (yúrè),yúrè,jʌ.jʌl.,Hanja,名詞
5640,어색,eosaek,語塞,Hanja word: 語塞 (yǔsāi),yǔsāi,ʌ.sʰɛk̚.,Hanja,名詞
5641,우산,usan,雨傘,An umbrella,yǔsǎn,u.sʰan.,Hanja,名詞
5642,여세,yeose,餘勢,Hanja word: 餘勢 (yúshì),yúshì,jʌ.sʰe.,Hanja,名詞
5643,욕실,yoksil,浴室,"A bathroom,a bath",yùshì,jok̚.ɕʰil.,Hanja,名詞
5644,예시,yesi,豫示,Hanja word: 豫示 (yùshì),yùshì,je.ɕʰi.,Hanja,名詞
5645,어시장,eosijang,魚市場,Hanja word: 魚市場 (yúshìchǎng),yúshìchǎng,ʌ.ɕʰi.ʥaŋ.,Hanja,名詞
5646,어순,eosun,語順,Hanja word: 語順 (yǔshùn),yǔshùn,ʌ.sʰun.,Hanja,名詞
5647,예산,yesan,預算,"An estimate, budget",yùsuàn,je.sʰan.,Hanja,名詞
5648,여담,yeodam,餘談,Hanja word: 餘談 (yútán),yútán,jʌ.dam.,Hanja,名詞
5649,어망,eomang,魚網,Hanja word: 魚網 (yúwǎng),yúwǎng,ʌ.maŋ.,Hanja,名詞
5650,욕망,yokmang,慾望,Hanja word: 慾望 (yùwàng),yùwàng,joŋ.maŋ.,Hanja,名詞
5651,예습,yeseup,豫習,Preparation of lessons,yùxí,je.sʰɯp̚.,Hanja,名詞
5652,여가,yeoga,餘暇,"leisure,spare time",yúxiá,jʌ.ɡa.,Hanja,名詞
5653,우선,useon,于先,"First of all, before everything",yúxiān,u.sʰʌn.,Hanja,副詞
5654,예상,yesang,豫想,"Expectation, anticipation; forecast, preconception, prenotion",yùxiǎng,je.sʰaŋ.,Hanja,名詞
5655,욕심,yoksim,慾心,"Greed, selfishness",yùxīn,jok̚.ɕʰim.,Hanja,名詞
5656,여흥,yeoheung,餘興,Hanja word: 餘興 (yúxīng),yúxīng,jʌ.ɦɯŋ.,Hanja,名詞
5657,예선,yeseon,豫選,A preliminary match/election,yùxuǎn,je.sʰʌn.,Hanja,名詞
5658,어학,eohak,語學,Hanja word: 語學 (yǔxué),yǔxué,ʌ.ɦak̚.,Hanja,名詞
5659,예언,yeeon,豫言,Hanja word: 豫言 (yùyán),yùyán,je.ʌn.,Hanja,名詞
5660,예언자,yeeonja,預言者,Hanja word: 預言者 (yùyánzhě),yùyánzhě,je.ʌn.ʥa.,Hanja,名詞
5661,어유,eoyu,魚油,Hanja word: 魚油 (yúyóu),yúyóu,ʌ.ju.,Hanja,名詞
5662,여유,yeoyu,餘裕,"reserve, surplus",yúyù,jʌ.ju.,Hanja,名詞
5663,예약,yeyak,預約,"Pre-engagement, reservation",yùyuē,je.jak̚.,Hanja,名詞
5664,예약자,yeyakja,豫約者,Hanja word: 豫約者 (yùyuēzhě),yùyuēzhě,je.jak̚.ʨ͈a.,Hanja,名詞
5665,여진,yeojin,餘震,Hanja word: 餘震 (yúzhèn),yúzhèn,jʌ.ʥin.,Hanja,名詞
5666,예지,yeji,豫知,Hanja word: 豫知 (yùzhī),yùzhī,je.ʥi.,Hanja,名詞
5667,잡초,japcho,雜草,Hanja word: 雜草 (zácǎo),zácǎo,ʨap̚.ʨʰo.,Hanja,名詞
5668,잡화,japhwa,雜貨,Hanja word: 雜貨 (záhuò),záhuò,ʨa.pʰu̯a.,Hanja,名詞
5669,재출발,jaechulbal,再出發,Hanja word: 再出發 (zàichūfā),zàichūfā,ʨɛ.ʨʰul.p͈al.,Hanja,名詞
5670,재발,jaebal,再發,Hanja word: 再發 (zàifā),zàifā,ʨɛ.bal.,Hanja,名詞
5671,재할인,jaehalin,再割引,Hanja word: 再割引 (zàigēyǐn),zàigēyǐn,ʨɛ.ɦaɾ.in.,Hanja,名詞
5672,재귀,jaegwi,再歸,Hanja word: 再歸 (zàiguī),zàiguī,ʨɛ.ɡɥi.,Hanja,名詞
5673,재해,jaehae,災害,Hanja word: 災害 (zāihài),zāihài,ʨɛ.ɦɛ.,Hanja,名詞
5674,재회,jaehoe,再會,Hanja word: 再會 (zàihuì),zàihuì,ʨɛ.ɦu̯e.,Hanja,名詞
5675,재활용,jaehwalyong,再活用,Recycling,zàihuóyòng,ʨɛ.ɦu̯aɾ.joŋ.,Hanja,名詞
5676,재활용품,jaehwalyongpum,再活用品,A recycled product,zàihuóyòngpǐn,ʨɛ.ɦu̯aɾ.joŋ.pʰum.,Hanja,名詞
5677,재건,jaegeon,再建,Hanja word: 再建 (zàijiàn),zàijiàn,ʨɛ.ɡʌn.,Hanja,名詞
5678,재건설,jaegeonseol,再建設,Hanja word: 再建設 (zàijiànshè),zàijiànshè,ʨɛ.ɡʌn.sʌl.,Hanja,名詞
5679,재검토,jaegeomto,再檢討,Hanja word: 再檢討 (zàijiǎntǎo),zàijiǎntǎo,ʨɛ.ɡʌm.tʰo.,Hanja,名詞
5680,재교부,jaegyobu,再交付,Hanja word: 再交付 (zàijiāofù),zàijiāofù,ʨɛ.ɡjo.bu.,Hanja,名詞
5681,재군비,jaegunbi,再軍備,Hanja word: 再軍備 (zàijūnbèi),zàijūnbèi,ʨɛ.ɡum.bi.,Hanja,名詞
5682,재고,jaego,再考,Hanja word: 再考 (zàikǎo),zàikǎo,ʨɛ.ɡo.,Hanja,名詞
5683,재고,jaego,在庫,Hanja word: 在庫 (zàikù),zàikù,ʨɛ.ɡo.,Hanja,名詞
5684,재난,jaenan,災難,Hanja word: 災難 (zāinàn),zāinàn,ʨɛ.nan.,Hanja,名詞
5685,재배,jaebae,栽培,Hanja word: 栽培 (zāipéi),zāipéi,ʨɛ.bɛ.,Hanja,名詞
5686,재평가,jaepyeongga,再評價,Hanja word: 再評價 (zàipíngjià),zàipíngjià,ʨɛ.pʰjʌŋ.ɡa.,Hanja,名詞
5687,재확인,jaehwakin,再確認,Hanja word: 再確認 (zàiquèrèn),zàiquèrèn,ʨɛ.ɦu̯aɡ.in.,Hanja,名詞
5688,재심,jaesim,再審,Hanja word: 再審 (zàishěn),zàishěn,ʨɛ.ɕʰim.,Hanja,名詞
5689,재생,jaesaeng,再生,"revival,restoration to life",zàishēng,ʨɛ.sʰɛŋ.,Hanja,名詞
5690,재생산,jaesaengsan,再生産,Hanja word: 再生産 (zàishēngchǎn),zàishēngchǎn,ʨɛ.sʰɛŋ.san.,Hanja,名詞
5691,재투자,jaetuja,再投資,Hanja word: 再投資 (zàitóuzī),zàitóuzī,ʨɛ.tʰu.ʥa.,Hanja,名詞
5692,재무장,jaemujang,再武裝,Hanja word: 再武裝 (zàiwǔzhuāng),zàiwǔzhuāng,ʨɛ.mu.ʥaŋ.,Hanja,名詞
5693,재현,jaehyeon,再現,Hanja word: 再現 (zàixiàn),zàixiàn,ʨɛ.hjʌn.,Hanja,名詞
5694,재학,jaehak,在學,"To be in school, be attending school",zàixué,ʨɛ.ɦak̚.,Hanja,名詞
5695,재음미,jaeeummi,再吟味,Hanja word: 再吟味 (zàiyínwèi),zàiyínwèi,ʨɛ.ɯm.mi.,Hanja,名詞
5696,재작년,jaejaknyeon,再昨年,The year before last,zàizuónián,ʨɛ.ʥaŋ.njʌn.,Hanja,名詞
5697,찬성,chanseong,贊成,"approval,assent",zànchéng,ʨʰan.sʌŋ.,Hanja,名詞
5698,찬성자,chanseongja,贊成者,Hanja word: 贊成者 (zànchéngzhě),zànchéngzhě,ʨʰan.sʌŋ.ʥa.,Hanja,名詞
5699,찬가,changa,讚歌,Hanja word: 讚歌 (zàngē),zàngē,ʨʰaŋ.ɡa.,Hanja,名詞
5700,장례,jangrye,葬禮,A funeral,zànglǐ,ʨaŋ.nje.,Hanja,名詞
5701,장례식,jangryesik,葬禮式,A funeral,zànglǐshì,ʨaŋ.nje.ɕʰik̚.,Hanja,名詞
5702,찬미,chanmi,讚美,Hanja word: 讚美 (zànměi),zànměi,ʨʰam.mi.,Hanja,名詞
5703,잠시,jamsi,暫時,For a little while,zànshí,ʨam.ɕʰi.,Hanja,副詞
5704,조폐,jopye,造幣,Hanja word: 造幣 (zàobì),zàobì,ʨo.pʰje.,Hanja,名詞
5705,조선,joseon,造船,Name for ancient korea culture,zàochuán,ʨo.sʰʌn.,Hanja,專有名詞
5706,조화,johwa,造花,Hanja word: 造花 (zàohuā),zàohuā,ʨo.ɦu̯a.,Hanja,名詞
5707,조기,jogi,早期,"An early stage,period",zǎoqí,ʨo.ɡi.,Hanja,名詞
5708,조식,josik,早食,Hanja word: 早食 (zǎoshí),zǎoshí,ʨo.ɕʰik̚.,Hanja,名詞
5709,조만간,jomangan,早晚間,Hanja word: 早晚間 (zǎowǎnjiān),zǎowǎnjiān,ʨo.maŋ.ɡan.,Hanja,名詞
5710,착암기,chakamgi,鑿岩機,Hanja word: 鑿岩機 (záoyánjī),záoyánjī,ʨʰaɡ.am.ɡi.,Hanja,名詞
5711,조원,jowon,造園,Hanja word: 造園 (zàoyuán),zàoyuán,ʨo.u̯ʌn.,Hanja,名詞
5712,잡음,japeum,雜音,Hanja word: 雜音 (záyīn),záyīn,ʨab.ɯm.,Hanja,名詞
5713,잡지,japji,雜誌,A magazine,zázhì,ʨap̚.ʨ͈i.,Hanja,名詞
5714,잡종,japjong,雜種,Hanja word: 雜種 (zázhǒng),zázhǒng,ʨap̚.ʨ͈oŋ.,Hanja,名詞
5715,증정,jeungjeong,贈呈,Hanja word: 贈呈 (zèngchéng),zèngchéng,ʨɯŋ.ʥʌŋ.,Hanja,名詞
5716,증오,jeungo,憎惡,Hanja word: 憎惡 (zēngè),zēngè,ʨɯŋ.o.,Hanja,名詞
5717,증가,jeungga,增加,"An increase,augmentation",zēngjiā,ʨɯŋ.ɡa.,Hanja,名詞
5718,증수회,jeungsuhoe,贈收賄,Hanja word: 贈收賄 (zèngshōuhuì),zèngshōuhuì,ʨɯŋ.su.ɦu̯e.,Hanja,名詞
5719,책임,chaekim,責任,Responsibility,zérèn,ʨʰɛɡ.im.,Hanja,名詞
5720,책임감,chaekimgam,責任感,Feeling of responsibility,zérèngǎn,ʨʰɛɡ.im.ɡam.,Hanja,名詞
5721,책임자,chaekimja,責任者,Person responsible,zérènzhě,ʨʰɛɡ.im.ʥa.,Hanja,名詞
5722,재계,jaegye,齋戒,Hanja word: 齋戒 (zhāijiè),zhāijiè,ʨɛ.ɡje.,Hanja,名詞
5723,택배,taekbae,宅配,Hanja word: 宅配 (zháipèi),zháipèi,tʰɛk̚.p͈ɛ.,Hanja,名詞
5724,채권자,chaegwonja,債權者,Hanja word: 債權者 (zhàiquánzhě),zhàiquánzhě,ʨʰɛ.ɡu̯ʌn.ʥa.,Hanja,名詞
5725,적요,jeokyo,摘要,Hanja word: 摘要 (zhāiyào),zhāiyào,ʨʌɡ.jo.,Hanja,名詞
5726,전위,jeonwi,戰場,Hanja word: 戰場 (zhànchǎng),zhànchǎng,ʨʌn.ɥi.,Hanja,名詞
5727,전투,jeontu,戰鬪,Hanja word: 戰鬪 (zhàndòu),zhàndòu,ʨʌn.tʰu.,Hanja,名詞
5728,장애인,jangaein,障礙人,A handicapped person,zhàngàirén,ʨaŋ.ɛ.in.,Hanja,名詞
5729,장본인,jangbonin,帳本人,Hanja word: 帳本人 (zhàngběnrén),zhàngběnrén,ʨaŋ.bon.in.,Hanja,名詞
5730,장벽,jangbyeok,障壁,Hanja word: 障壁 (zhàngbì),zhàngbì,ʨaŋ.bjʌk̚.,Hanja,名詞
5731,장력,jangryeok,張力,Hanja word: 張力 (zhānglì),zhānglì,ʨaŋ.njʌk̚.,Hanja,名詞
5732,장모,jangmo,丈母,A man’s mother in law,zhàngmǔ,ʨaŋ.mo.,Hanja,名詞
5733,장뇌,jangnoe,樟腦,Hanja word: 樟腦 (zhāngnǎo),zhāngnǎo,ʨaŋ.nu̯e.,Hanja,名詞
5734,장인,jangin,丈人,"A man’s father in law, the wife\'s father",zhàngrén,ʨaŋ.in.,Hanja,名詞
5735,장문,jangmun,掌紋,Hanja word: 掌紋 (zhǎngwén),zhǎngwén,ʨaŋ.mun.,Hanja,名詞
5736,장갑,janggap,掌匣,A pair of gloves,zhǎngxiá,ʨaŋ.ɡap̚.,Hanja,名詞
5737,전함,jeonham,戰艦,Hanja word: 戰艦 (zhànjiàn),zhànjiàn,ʨʌn.ham.,Hanja,名詞
5738,전개,jeongae,展開,"unfolding,development,expansion",zhǎnkāi,ʨʌŋ.ɡɛ.,Hanja,名詞
5739,점령,jeomryeong,占領,Hanja word: 占領 (zhànlǐng),zhànlǐng,ʨʌm.njʌŋ.,Hanja,名詞
5740,전리품,jeonripum,戰利品,Hanja word: 戰利品 (zhànlìpǐn),zhànlìpǐn,ʨʌl.li.pʰum.,Hanja,名詞
5741,전략,jeonryak,戰略,Hanja word: 戰略 (zhànluè),zhànluè,ʨʌl.ljak̚.,Hanja,名詞
5742,잔교,jangyo,棧橋,Hanja word: 棧橋 (zhànqiáo),zhànqiáo,ʨaŋ.ɡjo.,Hanja,名詞
5743,전사,jeonsa,戰士,Hanja word: 戰士 (zhànshì),zhànshì,ʨʌn.sa.,Hanja,名詞
5744,전시,jeonsi,展示,"exhibition,display",zhǎnshì,ʨʌn.ɕʰi.,Hanja,名詞
5745,전시장,jeonsijang,展示場,An exhibition hall,zhǎnshìchǎng,ʨʌn.ɕʰi.ʥaŋ.,Hanja,名詞
5746,전시회,jeonsihoe,展示會,"An exhibition, show, display",zhǎnshìhuì,ʨʌn.ɕʰi.ɦu̯e.,Hanja,名詞
5747,전술,jeonsul,戰術,Hanja word: 戰術 (zhànshù),zhànshù,ʨʌn.sul.,Hanja,名詞
5748,전망,jeonmang,展望,"A view, prospect",zhǎnwàng,ʨʌm.maŋ.,Hanja,名詞
5749,전선,jeonseon,戰線,The battle line,zhànxiàn,ʨʌn.sʌn.,Hanja,名詞
5750,전성,jeonseong,展性,Hanja word: 展性 (zhǎnxìng),zhǎnxìng,ʨʌn.sʌŋ.,Hanja,名詞
5751,점성술,jeomseongsul,占星術,Hanja word: 占星術 (zhànxīngshù),zhànxīngshù,ʨʌm.sʌŋ.sul.,Hanja,名詞
5752,전운,jeonun,戰雲,Hanja word: 戰雲 (zhànyún),zhànyún,ʨʌn.un.,Hanja,名詞
5753,전쟁,jeonjaeng,戰爭,War,zhànzhēng,ʨʌn.ʥɛŋ.,Hanja,名詞
5754,조사,josa,照查,"investigation,inquiry",zhàochá,ʨo.sʰa.,Hanja,名詞
5755,초대,chodae,招待,An invitation,zhāodài,ʨʰo.dɛ.,Hanja,名詞
5756,조도,jodo,照度,Hanja word: 照度 (zhàodù),zhàodù,ʨo.do.,Hanja,名詞
5757,소환,sohwan,召還,Hanja word: 召還 (zhāohái),zhāohái,sʰo.ɦu̯an.,Hanja,名詞
5758,소환,sohwan,召喚,Hanja word: 召喚 (zhāohuàn),zhāohuàn,sʰo.ɦu̯an.,Hanja,名詞
5759,조회,johoe,照會,Hanja word: 照會 (zhàohuì),zhàohuì,ʨo.ɦu̯e.,Hanja,名詞
5760,조명,jomyeong,照明,"lighting,illumination",zhàomíng,ʨo.mjʌŋ.,Hanja,名詞
5761,초빙,chobing,招聘,Hanja word: 招聘 (zhāopìn),zhāopìn,ʨʰo.biŋ.,Hanja,名詞
5762,초청,chocheong,招請,An invitation,zhāoqǐng,ʨʰo.ʨʰʌŋ.,Hanja,名詞
5763,초청장,chocheongjang,招請狀,An invitation (card),zhāoqǐngzhuàng,ʨʰo.ʨʰʌŋ.ʥaŋ.,Hanja,名詞
5764,소택,sotaek,沼澤,Hanja word: 沼澤 (zhǎozé),zhǎozé,sʰo.tʰɛk̚.,Hanja,名詞
5765,사기,sagi,詐欺,"morale,fighting spirit",zhàqī,sʰa.ɡi.,Hanja,名詞
5766,착취,chakchwi,搾取,Hanja word: 搾取 (zhàqǔ),zhàqǔ,ʨʰak̚.ʨʰɥi.,Hanja,名詞
5767,사취,sachwi,詐取,Hanja word: 詐取 (zhàqǔ),zhàqǔ,sʰa.ʨʰɥi.,Hanja,名詞
5768,저술,jeosul,著述,Hanja word: 著述 (zhe·shù),zhe·shù,ʨʌ.sʰul.,Hanja,名詞
5769,착석,chakseok,着席,Hanja word: 着席 (zhe·xí),zhe·xí,ʨʰak̚.s͈ʌk̚.,Hanja,名詞
5770,착용,chakyong,着用,Hanja word: 着用 (zhe·yòng),zhe·yòng,ʨʰaɡ.joŋ.,Hanja,名詞
5771,저자,jeoja,著者,"A writer,author",zhe·zhě,ʨʌ.ʥa.,Hanja,名詞
5772,절반,jeolban,折半,Half,zhébàn,ʨʌl.p͈an.,Hanja,名詞
5773,차단,chadan,遮斷,Hanja word: 遮斷 (zhēduàn),zhēduàn,ʨʰa.dan.,Hanja,名詞
5774,저번,jeobeon,這番,"Last time, the other day",zhèfān,ʨʌ.bʌn.,Hanja,名詞
5775,철리,cheolri,哲理,Hanja word: 哲理 (zhélǐ),zhélǐ,ʨʰʌl.li.,Hanja,名詞
5776,정조,jeongjo,貞操,Hanja word: 貞操 (zhēncāo),zhēncāo,ʨʌŋ.ʥo.,Hanja,名詞
5777,진찰,jinchal,診察,"A medical diagnosis, investigation",zhěnchá,ʨin.ʨʰal.,Hanja,名詞
5778,정찰,jeongchal,偵察,Hanja word: 偵察 (zhēnchá),zhēnchá,ʨʌŋ.ʨʰal.,Hanja,名詞
5779,진지,jinji,陣地,Hanja word: 陣地 (zhènde·),zhènde·,ʨin.ʥi.,Hanja,名詞
5780,진동,jindong,振動,"vibration,shake",zhèndòng,ʨin.doŋ.,Hanja,名詞
5781,진동,jindong,震動,"vibration,shake",zhèndòng,ʨin.doŋ.,Hanja,名詞
5782,진단,jindan,診斷,Diagnosis,zhěnduàn,ʨin.dan.,Hanja,名詞
5783,정비,jeongbi,整備,maintaining equipment in good working order,zhěngbèi,ʨʌŋ.bi.,Hanja,名詞
5784,정비례,jeongbirye,正比例,Hanja word: 正比例 (zhèngbǐlì),zhèngbǐlì,ʨʌŋ.bi.ɾje.,Hanja,名詞
5785,정책,jeongchaek,政策,Hanja word: 政策 (zhèngcè),zhèngcè,ʨʌŋ.ʨʰɛk̚.,Hanja,名詞
5786,정상,jeongsang,正常,"The top, summit",zhèngcháng,ʨʌŋ.saŋ.,Hanja,名詞
5787,정상화,jeongsanghwa,正常化,Hanja word: 正常化 (zhèngchánghuà),zhèngchánghuà,ʨʌŋ.saŋ.hu̯a.,Hanja,名詞
5788,정답,jeongdap,正答,The right answer,zhèngdá,ʨʌŋ.dap̚.,Hanja,名詞
5789,정당,jeongdang,政黨,A political party,zhèngdǎng,ʨʌŋ.daŋ.,Hanja,名詞
5790,정당,jeongdang,正當,A political party,zhèngdāng,ʨʌŋ.daŋ.,Hanja,名詞
5791,징발,jingbal,徵發,Hanja word: 徵發 (zhēngfā),zhēngfā,ʨiŋ.bal.,Hanja,名詞
5792,정반대,jeongbandae,正反對,"Direct opposition, the exact reverse",zhèngfǎnduì,ʨʌŋ.ban.dɛ.,Hanja,名詞
5793,정범자,jeongbeomja,正犯者,Hanja word: 正犯者 (zhèngfànzhě),zhèngfànzhě,ʨʌŋ.bʌm.ʥa.,Hanja,名詞
5794,정부,jeongbu,政府,Government,zhèngfǔ,ʨʌŋ.bu.,Hanja,名詞
5795,정복,jeongbok,征服,Hanja word: 征服 (zhēngfú),zhēngfú,ʨʌŋ.bok̚.,Hanja,名詞
5796,증후,jeunghu,症候,Hanja word: 症候 (zhènghòu),zhènghòu,ʨɯŋ.hu.,Hanja,名詞
5797,징후,jinghu,徵候,Hanja word: 徵候 (zhēnghòu),zhēnghòu,ʨiŋ.hu.,Hanja,名詞
5798,증후군,jeunghugun,症候群,Hanja word: 症候群 (zhènghòuqún),zhènghòuqún,ʨɯŋ.hu.ɡun.,Hanja,名詞
5799,정화,jeonghwa,正貨,Hanja word: 正貨 (zhènghuò),zhènghuò,ʨʌŋ.hu̯a.,Hanja,名詞
5800,증거,jeunggeo,證據,"evidence,proof",zhèngjù,ʨɯŋ.ɡʌ.,Hanja,名詞
5801,정각,jeonggak,正刻,Hanja word: 正刻 (zhèngkè),zhèngkè,ʨʌŋ.ɡak̚.,Hanja,名詞
5802,정리,jeongri,整理,"arrangment,regulation,adjustment",zhěnglǐ,ʨʌŋ.ni.,Hanja,名詞
5803,정류,jeongryu,整流,Hanja word: 整流 (zhěngliú),zhěngliú,ʨʌŋ.nju.,Hanja,名詞
5804,정략,jeongryak,政略,Hanja word: 政略 (zhèngluè),zhèngluè,ʨʌŋ.njak̚.,Hanja,名詞
5805,정문,jeongmun,正門,"The front gate,main entrance",zhèngmén,ʨʌŋ.mun.,Hanja,名詞
5806,정면,jeongmyeon,正面,"The front, the facade",zhèngmiàn,ʨʌŋ.mjʌn.,Hanja,名詞
5807,증명,jeungmyeong,證明,Hanja word: 證明 (zhèngmíng),zhèngmíng,ʨɯŋ.mjʌŋ.,Hanja,名詞
5808,징모,jingmo,徵募,Hanja word: 徵募 (zhēngmù),zhēngmù,ʨiŋ.mo.,Hanja,名詞
5809,증권,jeunggwon,證券,"securities, document,deed",zhèngquàn,ʨɯŋ.ɡu̯ʌn.,Hanja,名詞
5810,증권사,jeunggwonsa,證券社,Securities corporation,zhèngquànshè,ʨɯŋ.ɡu̯ʌn.sa.,Hanja,名詞
5811,정확,jeonghwak,正確,Hanja word: 正確 (zhèngquè),zhèngquè,ʨʌŋ.hu̯ak̚.,Hanja,名詞
5812,정식,jeongsik,正式,"Formality, due form",zhèngshì,ʨʌŋ.ɕʰik̚.,Hanja,名詞
5813,증세,jeungse,症勢,"Symptoms, a patient’s condition",zhèngshì,ʨɯŋ.se.,Hanja,名詞
5814,증서,jeungseo,證書,Hanja word: 證書 (zhèngshū),zhèngshū,ʨɯŋ.sʌ.,Hanja,名詞
5815,정체,jeongche,政體,Hanja word: 政體 (zhèngtǐ),zhèngtǐ,ʨʌŋ.ʨʰe.,Hanja,名詞
5816,정오,jeongo,正午,Noon,zhèngwǔ,ʨʌŋ.o.,Hanja,名詞
5817,증언,jeungeon,證言,Hanja word: 證言 (zhèngyán),zhèngyán,ʨɯŋ.ʌn.,Hanja,名詞
5818,정의,jeongui,正義,Hanja word: 正義 (zhèngyì),zhèngyì,ʨʌŋ.e.,Hanja,名詞
5819,정직,jeongjik,正直,Hanja word: 正直 (zhèngzhí),zhèngzhí,ʨʌŋ.ʥik̚.,Hanja,名詞
5820,정치,jeongchi,政治,Politics,zhèngzhì,ʨʌŋ.ʨʰi.,Hanja,名詞
5821,정치적,jeongchijeok,政治的,Political,zhèngzhìde·,ʨʌŋ.ʨʰi.ʥʌk̚.,Hanja,名詞
5822,정치가,jeongchiga,政治家,Hanja word: 政治家 (zhèngzhìjiā),zhèngzhìjiā,ʨʌŋ.ʨʰi.ɡa.,Hanja,名詞
5823,정치권,jeongchigwon,政治權,Political rights,zhèngzhìquán,ʨʌŋ.ʨʰi.ɡu̯ʌn.,Hanja,名詞
5824,정치인,jeongchiin,政治人,Politician,zhèngzhìrén,ʨʌŋ.ʨʰi.in.,Hanja,名詞
5825,정치학,jeongchihak,政治學,Political science,zhèngzhìxué,ʨʌŋ.ʨʰi.ɦak̚.,Hanja,名詞
5826,증상,jeungsang,症狀,Symptoms,zhèngzhuàng,ʨɯŋ.saŋ.,Hanja,名詞
5827,정장,jeongjang,正裝,"Full dress, uniform",zhèngzhuāng,ʨʌŋ.ʥaŋ.,Hanja,名詞
5828,진정,jinjeong,鎮靜,Hanja word: 鎮靜 (zhènjìng),zhènjìng,ʨin.ʥʌŋ.,Hanja,名詞
5829,진공,jingong,真空,Hanja word: 真空 (zhēnkōng),zhēnkōng,ʨiŋ.ɡoŋ.,Hanja,名詞
5830,진리,jinri,真理,"A truth, a fact",zhēnlǐ,ʨil.li.,Hanja,名詞
5831,진료,jinryo,診療,Medical examination and treatment,zhěnliáo,ʨil.ljo.,Hanja,名詞
5832,침로,chimro,針路,Hanja word: 針路 (zhēnlù),zhēnlù,ʨʰim.no.,Hanja,名詞
5833,진용,jinyong,陣容,Hanja word: 陣容 (zhènróng),zhènróng,ʨin.joŋ.,Hanja,名詞
5834,진실,jinsil,真實,"Truth, sincerity",zhēnshí,ʨin.ɕʰil.,Hanja,名詞
5835,진실성,jinsilseong,真實性,Hanja word: 真實性 (zhēnshíxìng),zhēnshíxìng,ʨin.ɕʰil.s͈ʌŋ.,Hanja,名詞
5836,침술,chimsul,鍼術,Hanja word: 鍼術 (zhēnshù),zhēnshù,ʨʰim.sul.,Hanja,名詞
5837,정숙,jeongsuk,貞淑,Hanja word: 貞淑 (zhēnshū),zhēnshū,ʨʌŋ.suk̚.,Hanja,名詞
5838,진수,jinsu,真髓,Hanja word: 真髓 (zhēnsuí),zhēnsuí,ʨin.su.,Hanja,名詞
5839,진통,jintong,陣痛,"Labor pains, travail",zhèntòng,ʨin.tʰoŋ.,Hanja,名詞
5840,진심,jinsim,真心,"The whole heart, sincerity",zhēnxīn,ʨin.ɕʰim.,Hanja,名詞
5841,진압,jinap,鎮壓,Hanja word: 鎮壓 (zhènyā),zhènyā,ʨin.ap̚.,Hanja,名詞
5842,진언,jineon,真言,Hanja word: 真言 (zhēnyán),zhēnyán,ʨin.ʌn.,Hanja,名詞
5843,진앙,jinang,震央,Hanja word: 震央 (zhènyāng),zhènyāng,ʨin.aŋ.,Hanja,名詞
5844,진지,jinji,真摯,Hanja word: 真摯 (zhēnzhì),zhēnzhì,ʨin.ʥi.,Hanja,名詞
5845,짐작,jimjak,斟酌,"guess,conjecture",zhēnzhuó,ʨim.ʥak̚.,Hanja,名詞
5846,철인,cheolin,哲人,Hanja word: 哲人 (zhérén),zhérén,ʨʰʌɾ.in.,Hanja,名詞
5847,자당,jadang,蔗糖,Hanja word: 蔗糖 (zhètáng),zhètáng,ʨa.daŋ.,Hanja,名詞
5848,철학,cheolhak,哲學,Philosophy,zhéxué,ʨʰʌɾ.ɦak̚.,Hanja,名詞
5849,철학적,cheolhakjeok,哲學的,Philosophical,zhéxuéde·,ʨʰʌɾ.ɦak̚.ʨ͈ʌk̚.,Hanja,名詞
5850,철학자,cheolhakja,哲學者,Philosopher,zhéxuézhě,ʨʰʌɾ.ɦak̚.ʨ͈a.,Hanja,名詞
5851,절충,jeolchung,折衷,Hanja word: 折衷 (zhézhōng),zhézhōng,ʨʌl.ʨʰuŋ.,Hanja,名詞
5852,지폐,jipye,紙幣,Paper money,zhǐbì,ʨi.pʰje.,Hanja,名詞
5853,지표,jipyo,指標,Hanja word: 指標 (zhǐbiāo),zhǐbiāo,ʨi.pʰjo.,Hanja,名詞
5854,제재,jejae,制裁,Hanja word: 制裁 (zhìcái),zhìcái,ʨe.ʥɛ.,Hanja,名詞
5855,직장,jikjang,直腸,one's work place,zhícháng,ʨik̚.ʨ͈aŋ.,Hanja,名詞
5856,직장,jikjang,職場,one's work place,zhíchǎng,ʨik̚.ʨ͈aŋ.,Hanja,名詞
5857,직장인,jikjangin,職場人,A worker,zhíchǎngrén,ʨik̚.ʨ͈aŋ.in.,Hanja,名詞
5858,지지,jiji,支持,"support,backing",zhīchí,ʨi.ʥi.,Hanja,名詞
5859,지출,jichul,支出,"Expenses, expenditure",zhīchū,ʨi.ʨʰul.,Hanja,名詞
5860,지도,jido,指導,"Map, atlas",zhǐdǎo,ʨi.do.,Hanja,名詞
5861,지도자,jidoja,指導者,Leader,zhǐdǎozhě,ʨi.do.ʥa.,Hanja,名詞
5862,질적,jiljeok,質的,Qualitative,zhíde·,ʨil.ʨ͈ʌk̚.,Hanja,名詞
5863,지적,jijeok,知的,"Pointing out, indication",zhīde·,ʨi.ʥʌk̚.,Hanja,名詞
5864,지점,jijeom,支店,"A spot, point",zhīdiàn,ʨi.ʥʌm.,Hanja,名詞
5865,제정,jejeong,制定,Hanja word: 制定 (zhìdìng),zhìdìng,ʨe.ʥʌŋ.,Hanja,名詞
5866,지정,jijeong,指定,Hanja word: 指定 (zhǐdìng),zhǐdìng,ʨi.ʥʌŋ.,Hanja,名詞
5867,제도,jedo,制度,Hanja word: 制度 (zhìdù),zhìdù,ʨe.do.,Hanja,名詞
5868,제도적,jedojeok,制度的,Systematic,zhìdùde·,ʨe.do.ʥʌk̚.,Hanja,名詞
5869,지방,jibang,脂肪,"A locality, district",zhīfáng,ʨi.baŋ.,Hanja,名詞
5870,지복,jibok,至福,Hanja word: 至福 (zhìfú),zhìfú,ʨi.bok̚.,Hanja,名詞
5871,지불,jibul,支拂,Hanja word: 支拂 (zhīfú),zhīfú,ʨi.bul.,Hanja,名詞
5872,지고,jigo,至高,Hanja word: 至高 (zhìgāo),zhìgāo,ʨi.ɡo.,Hanja,名詞
5873,지급,jigeup,支給,"supply,pay",zhīgěi,ʨi.ɡɯp̚.,Hanja,名詞
5874,제과점,jegwajeom,製菓店,Confectionary store,zhìguǒdiàn,ʨe.ɡu̯a.ʥʌm.,Hanja,名詞
5875,직항,jikhang,直航,Hanja word: 直航 (zhíháng),zhíháng,ʨi.kʰaŋ.,Hanja,名詞
5876,치핵,chihaek,痔核,Hanja word: 痔核 (zhìhé),zhìhé,ʨʰi.ɦɛk̚.,Hanja,名詞
5877,직후,jikhu,直後,Immediately after,zhíhòu,ʨi.kʰu.,Hanja,名詞
5878,지혜,jihye,智慧,"Wisdom, wits",zhìhuì,ʨi.hje.,Hanja,名詞
5879,지휘,jihwi,指揮,Hanja word: 指揮 (zhǐhuī),zhǐhuī,ʨi.ɦɥi.,Hanja,名詞
5880,지휘자,jihwija,指揮者,Hanja word: 指揮者 (zhǐhuīzhě),zhǐhuīzhě,ʨi.ɦɥi.ʥa.,Hanja,名詞
5881,치질,chijil,痔疾,Hanja word: 痔疾 (zhìjí),zhìjí,ʨʰi.ʥil.,Hanja,名詞
5882,지극,jigeuk,至極,Hanja word: 至極 (zhìjí),zhìjí,ʨi.ɡɯk̚.,Hanja,名詞
5883,직기,jikgi,織機,Hanja word: 織機 (zhījī),zhījī,ʨik̚.k͈i.,Hanja,名詞
5884,직각,jikgak,直角,Hanja word: 直角 (zhíjiǎo),zhíjiǎo,ʨik̚.k͈ak̚.,Hanja,名詞
5885,직접,jikjeop,直接,Directly,zhíjiē,ʨik̚.ʨ͈ʌp̚.,Hanja,副詞
5886,직접적,jikjeopjeok,直接的,"Directly, immediately",zhíjiēde·,ʨik̚.ʨ͈ʌp̚.ʨ͈ʌk̚.,Hanja,名詞
5887,지금,jigeum,只今,Now,zhǐjīn,ʨi.ɡɯm.,Hanja,副詞
5888,직경,jikgyeong,直徑,Hanja word: 直徑 (zhíjìng),zhíjìng,ʨik̚.k͈jʌŋ.,Hanja,名詞
5889,지각,jigak,知覺,"perception,consciousness",zhījué,ʨi.ɡak̚.,Hanja,名詞
5890,치료,chiryo,治療,"Medical treatment, medical care",zhìliáo,ʨʰi.ɾjo.,Hanja,名詞
5891,치료법,chiryobeop,治療法,A curative means,zhìliáofǎ,ʨʰi.ɾjo.bʌp̚.,Hanja,名詞
5892,지령,jiryeong,指令,Hanja word: 指令 (zhǐlìng),zhǐlìng,ʨi.ɾjʌŋ.,Hanja,名詞
5893,직류,jikryu,直流,Hanja word: 直流 (zhíliú),zhíliú,ʨiŋ.nju.,Hanja,名詞
5894,지류,jiryu,支流,Hanja word: 支流 (zhīliú),zhīliú,ʨi.ɾju.,Hanja,名詞
5895,지맥,jimaek,支脈,Hanja word: 支脈 (zhīmài),zhīmài,ʨi.mɛk̚.,Hanja,名詞
5896,직면,jikmyeon,直面,Hanja word: 直面 (zhímiàn),zhímiàn,ʨiŋ.mjʌn.,Hanja,名詞
5897,식민지,sikminji,植民地,Hanja word: 植民地 (zhímínde·),zhímínde·,ɕʰiŋ.min.ʥi.,Hanja,名詞
5898,지명,jimyeong,指名,Hanja word: 指名 (zhǐmíng),zhǐmíng,ʨi.mjʌŋ.,Hanja,名詞
5899,치명적,chimyeongjeok,致命的,Hanja word: 致命的 (zhìmìngde·),zhìmìngde·,ʨʰi.mjʌŋ.ʥʌk̚.,Hanja,名詞
5900,지능,jineung,智能,"intelligence,intellect, raw intelligence",zhìnéng,ʨi.nɯŋ.,Hanja,名詞
5901,지능,jineung,知能,"intelligence,intellect, raw intelligence",zhīnéng,ʨi.nɯŋ.,Hanja,名詞
5902,지배,jibae,支配,Hanja word: 支配 (zhīpèi),zhīpèi,ʨi.bɛ.,Hanja,名詞
5903,지배적,jibaejeok,支配的,Hanja word: 支配的 (zhīpèide·),zhīpèide·,ʨi.bɛ.ʥʌk̚.,Hanja,名詞
5904,지배인,jibaein,支配人,Hanja word: 支配人 (zhīpèirén),zhīpèirén,ʨi.bɛ.in.,Hanja,名詞
5905,지배자,jibaeja,支配者,Hanja word: 支配者 (zhīpèizhě),zhīpèizhě,ʨi.bɛ.ʥa.,Hanja,名詞
5906,제품,jepum,製品,Manufactured goods,zhìpǐn,ʨe.pʰum.,Hanja,名詞
5907,직전,jikjeon,直前,Just immediately before,zhíqián,ʨik̚.ʨ͈ʌn.,Hanja,名詞
5908,직권,jikgwon,職權,Hanja word: 職權 (zhíquán),zhíquán,ʨik̚.k͈u̯ʌn.,Hanja,名詞
5909,지영,jiyeong,志榮,Hanja word: 志榮 (zhìróng),zhìróng,ʨi.jʌŋ.,Hanja,名詞
5910,집사,jipsa,執事,Hanja word: 執事 (zhíshì),zhíshì,ʨip.s͈a.,Hanja,名詞
5911,치세,chise,治世,Hanja word: 治世 (zhìshì),zhìshì,ʨʰi.sʰe.,Hanja,名詞
5912,지시,jisi,指示,"Directions, orders",zhǐshì,ʨi.ɕʰi.,Hanja,名詞
5913,지식,jisik,知識,"Knowledge, information",zhīshì,ʨi.ɕʰik̚.,Hanja,名詞
5914,지식인,jisikin,知識人,An intellectual,zhīshìrén,ʨi.ɕʰiɡ.in.,Hanja,名詞
5915,지수,jisu,指數,Hanja word: 指數 (zhǐshù),zhǐshù,ʨi.sʰu.,Hanja,名詞
5916,지서,jiseo,支署,Hanja word: 支署 (zhīshǔ),zhīshǔ,ʨi.sʰʌ.,Hanja,名詞
5917,치수,chisu,治水,Hanja word: 治水 (zhìshuǐ),zhìshuǐ,ʨʰi.sʰu.,Hanja,名詞
5918,치사적,chisajeok,致死的,Hanja word: 致死的 (zhìsǐde·),zhìsǐde·,ʨʰi.sʰa.ʥʌk̚.,Hanja,名詞
5919,제도,jedo,製圖,Hanja word: 製圖 (zhìtú),zhìtú,ʨe.do.,Hanja,名詞
5920,치외법권,chioebeopgwon,治外法權,Hanja word: 治外法權 (zhìwàifǎquán),zhìwàifǎquán,ʨʰi.u̯e.bʌp̚.k͈u̯ʌn.,Hanja,名詞
5921,질문,jilmun,質問,"A question, a query",zhíwèn,ʨil.mun.,Hanja,名詞
5922,지문,jimun,指紋,Hanja word: 指紋 (zhǐwén),zhǐwén,ʨi.mun.,Hanja,名詞
5923,질문자,jilmunja,質問者,Hanja word: 質問者 (zhíwènzhě),zhíwènzhě,ʨil.mun.ʥa.,Hanja,名詞
5924,식물,sikmul,植物,"food,provisions",zhíwù,ɕʰiŋ.mul.,Hanja,名詞
5925,직무,jikmu,職務,Hanja word: 職務 (zhíwù),zhíwù,ʨiŋ.mu.,Hanja,名詞
5926,직물,jikmul,織物,Hanja word: 織物 (zhīwù),zhīwù,ʨiŋ.mul.,Hanja,名詞
5927,식물학,sikmulhak,植物學,Hanja word: 植物學 (zhíwùxué),zhíwùxué,ɕʰiŋ.muɾ.ɦak̚.,Hanja,名詞
5928,질식,jilsik,窒息,Hanja word: 窒息 (zhìxí),zhìxí,ʨil.ɕʰik̚.,Hanja,名詞
5929,지갑,jigap,紙匣,"A purse,wallet",zhǐxiá,ʨi.ɡap̚.,Hanja,名詞
5930,직선,jikseon,直線,A straight line,zhíxiàn,ʨik̚.s͈ʌn.,Hanja,名詞
5931,제한,jehan,制限,"limits,bounds",zhìxiàn,ʨe.ɦan.,Hanja,名詞
5932,지상,jisang,志祥,Hanja word: 志祥 (zhìxiáng),zhìxiáng,ʨi.sʰaŋ.,Hanja,名詞
5933,집행,jiphaeng,執行,Hanja word: 執行 (zhíxíng),zhíxíng,ʨi.pʰɛŋ.,Hanja,名詞
5934,지성,jiseong,知性,Hanja word: 知性 (zhīxìng),zhīxìng,ʨi.sʰʌŋ.,Hanja,名詞
5935,질서,jilseo,秩序,"Order, system",zhìxù,ʨil.s͈ʌ.,Hanja,名詞
5936,직언,jikeon,直言,Hanja word: 直言 (zhíyán),zhíyán,ʨiɡ.ʌn.,Hanja,名詞
5937,직업,jikeop,職業,"An occupation, calling",zhíyè,ʨiɡ.ʌp̚.,Hanja,名詞
5938,직업적,jikeopjeok,職業的,Hanja word: 職業的 (zhíyède·),zhíyède·,ʨiɡ.ʌp̚.ʨ͈ʌk̚.,Hanja,名詞
5939,지리산,jirisan,智異山,"Chili mountain, very beautiful",zhìyìshān,ʨi.ɾi.sʰan.,Hanja,專有名詞
5940,제약,jeyak,制御,"A condition,restriction",zhìyù,ʨe.jak̚.,Hanja,名詞
5941,치유,chiyu,治癒,Hanja word: 治癒 (zhìyù),zhìyù,ʨʰi.ju.,Hanja,名詞
5942,직원,jikwon,職員,Staff,zhíyuán,ʨiɡ.u̯ʌn.,Hanja,名詞
5943,지원,jiwon,支援,"helping, supporting, aiding",zhīyuán,ʨi.u̯ʌn.,Hanja,名詞
5944,제약,jeyak,制約,"A condition,restriction",zhìyuē,ʨe.jak̚.,Hanja,名詞
5945,제어력,jeeoryeok,制御力,Hanja word: 制御力 (zhìyùlì),zhìyùlì,ʨe.ʌ.ɾjʌk̚.,Hanja,名詞
5946,제조,jejo,製造,Hanja word: 製造 (zhìzào),zhìzào,ʨe.ʥo.,Hanja,名詞
5947,지적,jijeok,指摘,"Pointing out, indication",zhǐzhāi,ʨi.ʥʌk̚.,Hanja,名詞
5948,지장,jijang,支障,Hanja word: 支障 (zhīzhàng),zhīzhàng,ʨi.ʥaŋ.,Hanja,名詞
5949,지침,jichim,指針,Hanja word: 指針 (zhǐzhēn),zhǐzhēn,ʨi.ʨʰim.,Hanja,名詞
5950,체증,chejeung,滯症,Hanja word: 滯症 (zhìzhèng),zhìzhèng,ʨʰe.ʥɯŋ.,Hanja,名詞
5951,제지,jeji,制止,Hanja word: 制止 (zhìzhǐ),zhìzhǐ,ʨe.ʥi.,Hanja,名詞
5952,지주,jiju,支柱,Hanja word: 支柱 (zhīzhù),zhīzhù,ʨi.ʥu.,Hanja,名詞
5953,집착,jipchak,執着,Hanja word: 執着 (zhízhuó),zhízhuó,ʨip̚.ʨʰak̚.,Hanja,名詞
5954,제작,jejak,製作,"manufacture,production",zhìzuò,ʨe.ʥak̚.,Hanja,名詞
5955,종별,jongbyeol,種別,Hanja word: 種別 (zhǒngbié),zhǒngbié,ʨoŋ.bjʌl.,Hanja,名詞
5956,중부,jungbu,中部,"The center, middle part",zhōngbù,ʨuŋ.bu.,Hanja,名詞
5957,중재,jungjae,仲裁,Hanja word: 仲裁 (zhòngcái),zhòngcái,ʨuŋ.ʥɛ.,Hanja,名詞
5958,중조,jungjo,重曹,Hanja word: 重曹 (zhòngcáo),zhòngcáo,ʨuŋ.ʥo.,Hanja,名詞
5959,충성,chungseong,忠誠,Hanja word: 忠誠 (zhōngchéng),zhōngchéng,ʨʰuŋ.sʌŋ.,Hanja,名詞
5960,중대,jungdae,重大,Hanja word: 重大 (zhòngdà),zhòngdà,ʨuŋ.dɛ.,Hanja,名詞
5961,중점,jungjeom,中點,Hanja word: 中點 (zhōngdiǎn),zhōngdiǎn,ʨuŋ.ʥʌm.,Hanja,名詞
5962,종점,jongjeom,終點,Hanja word: 終點 (zhōngdiǎn),zhōngdiǎn,ʨoŋ.ʥʌm.,Hanja,名詞
5963,종두,jongdu,種痘,Hanja word: 種痘 (zhǒngdòu),zhǒngdòu,ʨoŋ.du.,Hanja,名詞
5964,중독,jungdok,中毒,Poison,zhòngdú,ʨuŋ.dok̚.,Hanja,名詞
5965,중단,jungdan,中斷,"interruption,suspension",zhōngduàn,ʨuŋ.dan.,Hanja,名詞
5966,중이,jungi,中耳,Hanja word: 中耳 (zhōngěr'),zhōngěr',ʨuŋ.i.,Hanja,名詞
5967,중풍,jungpung,中風,Hanja word: 中風 (zhòngfēng),zhòngfēng,ʨuŋ.pʰuŋ.,Hanja,名詞
5968,충고,chunggo,忠告,"Advice, counsel, suggestion",zhōnggào,ʨʰuŋ.ɡo.,Hanja,名詞
5969,중공,junggong,中共,Hanja word: 中共 (zhōnggòng),zhōnggòng,ʨuŋ.ɡoŋ.,Hanja,名詞
5970,중고,junggo,中古,Hanja word: 中古 (zhōnggǔ),zhōnggǔ,ʨuŋ.ɡo.,Hanja,名詞
5971,중국,jungguk,中國,China,zhōngguó,ʨuŋ.ɡuk̚.,Hanja,專有名詞
5972,중국인,junggukin,中國人,Hanja word: 中國人 (zhōngguórén),zhōngguórén,ʨuŋ.ɡuɡ.in.,Hanja,名詞
5973,중국어,junggukeo,中國語,Chinese,zhōngguóyǔ,ʨuŋ.ɡuɡ.ʌ.,Hanja,名詞
5974,중화,junghwa,中和,Hanja word: 中和 (zhōnghé),zhōnghé,ʨuŋ.hu̯a.,Hanja,名詞
5975,중계,junggye,中繼,Hanja word: 中繼 (zhōngjì),zhōngjì,ʨuŋ.ɡje.,Hanja,名詞
5976,중간,junggan,中間,In the middle,zhōngjiān,ʨuŋ.ɡan.,Hanja,名詞
5977,중간자,jungganja,中間子,Hanja word: 中間子 (zhōngjiānzi·),zhōngjiānzi·,ʨuŋ.ɡan.ʥa.,Hanja,名詞
5978,중개,junggae,仲介,Hanja word: 仲介 (zhòngjiè),zhòngjiè,ʨuŋ.ɡɛ.,Hanja,名詞
5979,충절,chungjeol,忠節,Hanja word: 忠節 (zhōngjié),zhōngjié,ʨʰuŋ.ʥʌl.,Hanja,名詞
5980,종결,jonggyeol,終結,Hanja word: 終結 (zhōngjié),zhōngjié,ʨoŋ.ɡjʌl.,Hanja,名詞
5981,중계방송,junggyebangsong,中繼放送,"A relay, a hookup",zhōngjìfàngsòng,ʨuŋ.ɡje.baŋ.soŋ.,Hanja,名詞
5982,종국,jongguk,終局,Hanja word: 終局 (zhōngjú),zhōngjú,ʨoŋ.ɡuk̚.,Hanja,名詞
5983,중절,jungjeol,中絶,Hanja word: 中絶 (zhōngjué),zhōngjué,ʨuŋ.ʥʌl.,Hanja,名詞
5984,종류,jongryu,種類,"kind,sort,species",zhǒnglèi,ʨoŋ.nju.,Hanja,名詞
5985,중력,jungryeok,重力,Hanja word: 重力 (zhònglì),zhònglì,ʨuŋ.njʌk̚.,Hanja,名詞
5986,중량,jungryang,重量,Hanja word: 重量 (zhòngliàng),zhòngliàng,ʨuŋ.njaŋ.,Hanja,名詞
5987,종루,jongru,鐘樓,Hanja word: 鐘樓 (zhōnglóu),zhōnglóu,ʨoŋ.nu.,Hanja,名詞
5988,종로,jongro,鍾路,Famous street in Seoul,zhōnglù,ʨoŋ.no.,Hanja,專有名詞
5989,종마,jongma,種馬,Hanja word: 種馬 (zhǒngmǎ),zhǒngmǎ,ʨoŋ.ma.,Hanja,名詞
5990,중미,jungmi,中米,Hanja word: 中米 (zhōngmǐ),zhōngmǐ,ʨuŋ.mi.,Hanja,名詞
5991,종목,jongmok,種目,Hanja word: 種目 (zhǒngmù),zhǒngmù,ʨoŋ.mok̚.,Hanja,名詞
5992,중뇌,jungnoe,中腦,Hanja word: 中腦 (zhōngnǎo),zhōngnǎo,ʨuŋ.nu̯e.,Hanja,名詞
5993,중년,jungnyeon,中年,Middle-aged,zhōngnián,ʨuŋ.njʌn.,Hanja,名詞
5994,중농주의자,jungnongjuuija,重農主義者,Hanja word: 重農主義者 (zhòngnóngzhǔyìzhě),zhòngnóngzhǔyìzhě,ʨuŋ.noŋ.ʥu.i.ʥa.,Hanja,名詞
5995,중반,jungban,中盤,"At the middle stage (of a game or contest, or otherwise)",zhōngpán,ʨuŋ.ban.,Hanja,名詞
5996,종피,jongpi,種皮,Hanja word: 種皮 (zhǒngpí),zhǒngpí,ʨoŋ.pʰi.,Hanja,名詞
5997,충청도,chungcheongdo,忠清道,Area around daejon city,zhōngqīngdào,ʨʰuŋ.ʨʰʌŋ.do.,Hanja,專有名詞
5998,종일,jongil,終日,"All day, throughout the whole day",zhōngrì,ʨoŋ.il.,Hanja,名詞
5999,종유석,jongyuseok,鍾乳石,Hanja word: 鍾乳石 (zhōngrǔshí),zhōngrǔshí,ʨoŋ.ju.sʰʌk̚.,Hanja,名詞
6000,중상,jungsang,中傷,Hanja word: 中傷 (zhòngshāng),zhòngshāng,ʨuŋ.saŋ.,Hanja,名詞
6001,중상주의,jungsangjuui,重商主義,Hanja word: 重商主義 (zhòngshāngzhǔyì),zhòngshāngzhǔyì,ʨuŋ.saŋ.ʥu.e.,Hanja,名詞
6002,중생대,jungsaengdae,中生代,Hanja word: 中生代 (zhōngshēngdài),zhōngshēngdài,ʨuŋ.sɛŋ.dɛ.,Hanja,名詞
6003,중식,jungsik,中食,Chinese food,zhōngshí,ʨuŋ.ɕʰik̚.,Hanja,名詞
6004,충실,chungsil,忠實,Hanja word: 忠實 (zhōngshí),zhōngshí,ʨʰuŋ.ɕʰil.,Hanja,名詞
6005,중세,jungse,中世,The middle ages,zhōngshì,ʨuŋ.se.,Hanja,名詞
6006,중수,jungsu,重水,Hanja word: 重水 (zhòngshuǐ),zhòngshuǐ,ʨuŋ.su.,Hanja,名詞
6007,중수소,jungsuso,重水素,Hanja word: 重水素 (zhòngshuǐsù),zhòngshuǐsù,ʨuŋ.su.sʰo.,Hanja,名詞
6008,중위,jungwi,中尉,Hanja word: 中尉 (zhōngwèi),zhōngwèi,ʨuŋ.ɥi.,Hanja,名詞
6009,중소기업,jungsogieop,中小企業,Small and medium enterprises,zhōngxiǎoqìyè,ʨuŋ.so.ɡi.ʌp̚.,Hanja,名詞
6010,중심,jungsim,中心,"The nucleus, the focus, the heart",zhōngxīn,ʨuŋ.ɕʰim.,Hanja,名詞
6011,중심지,jungsimji,中心地,A central place,zhōngxīnde·,ʨuŋ.ɕʰim.ʥi.,Hanja,名詞
6012,중성,jungseong,中性,Hanja word: 中性 (zhōngxìng),zhōngxìng,ʨuŋ.sʌŋ.,Hanja,名詞
6013,중형차,junghyeongcha,中型車,Hanja word: 中型車 (zhōngxíngchē),zhōngxíngchē,ʨuŋ.hjʌŋ.ʨʰa.,Hanja,名詞
6014,중성자,jungseongja,中性子,Hanja word: 中性子 (zhōngxìngzi·),zhōngxìngzi·,ʨuŋ.sʌŋ.ʥa.,Hanja,名詞
6015,중학생,junghaksaeng,中學生,Middle school student,zhōngxuéshēng,ʨuŋ.hak̚.s͈ɛŋ.,Hanja,名詞
6016,중학교,junghakgyo,中學校,Middle school,zhōngxuéxiào,ʨuŋ.hak̚.k͈jo.,Hanja,名詞
6017,중순,jungsun,中旬,The second 10 days in a month,zhōngxún,ʨuŋ.sun.,Hanja,名詞
6018,중앙,jungang,中央,The middle and the heart,zhōngyāng,ʨuŋ.aŋ.,Hanja,名詞
6019,중앙유럽,jungangyureop,中央Europe,Hanja word: 中央Europe (zhōngyāngEurope),zhōngyāngEurope,ʨuŋ.aŋ.ju.ɾʌp̚.,Hanja,名詞
6020,중앙역,jungangyeok,中央驛,Hanja word: 中央驛 (zhōngyāngyì),zhōngyāngyì,ʨuŋ.aŋ.jʌk̚.,Hanja,名詞
6021,중요,jungyo,重要,"importance,consequence",zhòngyào,ʨuŋ.jo.,Hanja,名詞
6022,중요시,jungyosi,重要視,Hanja word: 重要視 (zhòngyàoshì),zhòngyàoshì,ʨuŋ.jo.ɕʰi.,Hanja,名詞
6023,중요성,jungyoseong,重要性,"importance,gravity",zhòngyàoxìng,ʨuŋ.jo.sʰʌŋ.,Hanja,名詞
6024,중역,jungyeok,重役,Hanja word: 重役 (zhòngyì),zhòngyì,ʨuŋ.jʌk̚.,Hanja,名詞
6025,중역,jungyeok,重譯,Hanja word: 重譯 (zhòngyì),zhòngyì,ʨuŋ.jʌk̚.,Hanja,名詞
6026,중용,jungyong,中庸,Hanja word: 中庸 (zhōngyōng),zhōngyōng,ʨuŋ.joŋ.,Hanja,名詞
6027,중유,jungyu,重油,Hanja word: 重油 (zhòngyóu),zhòngyóu,ʨuŋ.ju.,Hanja,名詞
6028,종지,jongji,終止,Hanja word: 終止 (zhōngzhǐ),zhōngzhǐ,ʨoŋ.ʥi.,Hanja,名詞
6029,종종,jongjong,種種,A variety of things,zhǒngzhǒng,ʨoŋ.ʥoŋ.,Hanja,副詞
6030,종자,jongja,種子,Hanja word: 種子 (zhǒngzi·),zhǒngzi·,ʨoŋ.ʥa.,Hanja,名詞
6031,종족,jongjok,種族,Hanja word: 種族 (zhǒngzú),zhǒngzú,ʨoŋ.ʥok̚.,Hanja,名詞
6032,중죄,jungjoe,重罪,Hanja word: 重罪 (zhòngzuì),zhòngzuì,ʨuŋ.ʥu̯e.,Hanja,名詞
6033,주변,jubyeon,周邊,A circumference,zhōubiān,ʨu.bjʌn.,Hanja,名詞
6034,주파,jupa,周波,Hanja word: 周波 (zhōubō),zhōubō,ʨu.pʰa.,Hanja,名詞
6035,주간,jugan,晝間,Hanja word: 晝間 (zhòujiān),zhòujiān,ʨu.ɡan.,Hanja,名詞
6036,주말,jumal,週末,Weekend,zhōumò,ʨu.mal.,Hanja,名詞
6037,주년,junyeon,周年,One whole year,zhōunián,ʨu.njʌn.,Hanja,依存名詞
6038,주기,jugi,週期,Hanja word: 週期 (zhōuqí),zhōuqí,ʨu.ɡi.,Hanja,名詞
6039,주일,juil,週日,A week,zhōurì,ʨu.il.,Hanja,依存名詞
6040,주위,juwi,周圍,"The circumference,the girth",zhōuwéi,ʨu.ɥi.,Hanja,名詞
6041,주문,jumun,呪文,"An order, a request",zhòuwén,ʨu.mun.,Hanja,名詞
6042,주선,juseon,周旋,Hanja word: 周旋 (zhōuxuán),zhōuxuán,ʨu.sʰʌn.,Hanja,名詞
6043,전와,jeonwa,轉訛,Hanja word: 轉訛 (zhuǎné),zhuǎné,ʨʌn.u̯a.,Hanja,名詞
6044,장비,jangbi,裝備,"equipment,fittings",zhuāngbèi,ʨaŋ.bi.,Hanja,名詞
6045,장관,janggwan,壯觀,A government cabinet minister,zhuàngguān,ʨaŋ.ɡu̯an.,Hanja,名詞
6046,상황,sanghwang,狀況,State of things,zhuàngkuàng,sʰaŋ.hu̯aŋ.,Hanja,名詞
6047,전공,jeongong,專攻,Specialty,zhuāngōng,ʨʌŋ.ɡoŋ.,Hanja,名詞
6048,당구,danggu,撞球,Hanja word: 撞球 (zhuàngqiú),zhuàngqiú,taŋ.ɡu.,Hanja,名詞
6049,장식,jangsik,裝飾,Decoration,zhuāngshì,ʨaŋ.ɕʰik̚.,Hanja,名詞
6050,장식적,jangsikjeok,裝飾的,Hanja word: 裝飾的 (zhuāngshìde·),zhuāngshìde·,ʨaŋ.ɕʰik̚.ʨ͈ʌk̚.,Hanja,名詞
6051,상태,sangtae,狀態,"condition,state",zhuàngtài,sʰaŋ.tʰɛ.,Hanja,名詞
6052,장엄,jangeom,莊嚴,Hanja word: 莊嚴 (zhuāngyán),zhuāngyán,ʨaŋ.ʌm.,Hanja,名詞
6053,장원,jangwon,莊園,Hanja word: 莊園 (zhuāngyuán),zhuāngyuán,ʨaŋ.u̯ʌn.,Hanja,名詞
6054,당착,dangchak,撞着,Hanja word: 撞着 (zhuàngzhe·),zhuàngzhe·,taŋ.ʨʰak̚.,Hanja,名詞
6055,장치,jangchi,裝置,Hanja word: 裝置 (zhuāngzhì),zhuāngzhì,ʨaŋ.ʨʰi.,Hanja,名詞
6056,전환,jeonhwan,轉換,"To exchange, convert, change",zhuǎnhuàn,ʨʌn.hu̯an.,Hanja,名詞
6057,전차,jeoncha,轉借,Hanja word: 轉借 (zhuǎnjiè),zhuǎnjiè,ʨʌn.ʨʰa.,Hanja,名詞
6058,전매,jeonmae,轉賣,Hanja word: 轉賣 (zhuǎnmài),zhuǎnmài,ʨʌm.mɛ.,Hanja,名詞
6059,전문,jeonmun,專門,A specialty,zhuānmén,ʨʌm.mun.,Hanja,名詞
6060,전문적,jeonmunjeok,專門的,Of a specialist nature,zhuānménde·,ʨʌm.mun.ʥʌk̚.,Hanja,名詞
6061,전문점,jeonmunjeom,專門店,Exclusive store,zhuānméndiàn,ʨʌm.mun.ʥʌm.,Hanja,名詞
6062,전문가,jeonmunga,專門家,A specialist,zhuānménjiā,ʨʌm.muŋ.ɡa.,Hanja,名詞
6063,전문직,jeonmunjik,專門職,Specialty job,zhuānménzhí,ʨʌm.mun.ʥik̚.,Hanja,名詞
6064,전위,jeonwi,轉位,Hanja word: 轉位 (zhuǎnwèi),zhuǎnwèi,ʨʌn.ɥi.,Hanja,名詞
6065,전향,jeonhyang,轉向,Hanja word: 轉向 (zhuǎnxiàng),zhuǎnxiàng,ʨʌn.hjaŋ.,Hanja,名詞
6066,전사,jeonsa,轉寫,Hanja word: 轉寫 (zhuǎnxiě),zhuǎnxiě,ʨʌn.sa.,Hanja,名詞
6067,전이,jeoni,轉移,Hanja word: 轉移 (zhuǎnyí),zhuǎnyí,ʨʌn.i.,Hanja,名詞
6068,전용,jeonyong,專用,Exclusive or private use,zhuānyòng,ʨʌn.joŋ.,Hanja,名詞
6069,축배,chukbae,祝杯,Hanja word: 祝杯 (zhùbēi),zhùbēi,ʨʰuk̚.p͈ɛ.,Hanja,名詞
6070,저장,jeojang,貯藏,Hanja word: 貯藏 (zhǔcáng),zhǔcáng,ʨʌ.ʥaŋ.,Hanja,名詞
6071,주창,juchang,主唱,Hanja word: 主唱 (zhǔchàng),zhǔchàng,ʨu.ʨʰaŋ.,Hanja,名詞
6072,주차,jucha,駐車,Parking,zhùchē,ʨu.ʨʰa.,Hanja,名詞
6073,주차장,juchajang,駐車場,Parking lot,zhùchēchǎng,ʨu.ʨʰa.ʥaŋ.,Hanja,名詞
6074,축성,chukseong,築城,Hanja word: 築城 (zhúchéng),zhúchéng,ʨʰuk̚.s͈ʌŋ.,Hanja,名詞
6075,제도,jedo,諸島,Hanja word: 諸島 (zhūdǎo),zhūdǎo,ʨe.do.,Hanja,名詞
6076,축전,chukjeon,祝典,Hanja word: 祝典 (zhùdiǎn),zhùdiǎn,ʨʰuk̚.ʨ͈ʌn.,Hanja,名詞
6077,조동사,jodongsa,助動詞,Hanja word: 助動詞 (zhùdòngcí),zhùdòngcí,ʨo.doŋ.sa.,Hanja,名詞
6078,주범,jubeom,主犯,Hanja word: 主犯 (zhǔfàn),zhǔfàn,ʨu.bʌm.,Hanja,名詞
6079,축복,chukbok,祝福,Hanja word: 祝福 (zhùfú),zhùfú,ʨʰuk̚.p͈ok̚.,Hanja,名詞
6080,주부,jubu,主婦,A wife,zhǔfù,ʨu.bu.,Hanja,名詞
6081,주강,jugang,鑄鋼,Hanja word: 鑄鋼 (zhùgāng),zhùgāng,ʨu.ɡaŋ.,Hanja,名詞
6082,주공,jugong,住公,Hanja word: 住公 (zhùgōng),zhùgōng,ʨu.ɡoŋ.,Hanja,名詞
6083,주관적,jugwanjeok,主觀的,Subjective,zhǔguānde·,ʨu.ɡu̯an.ʥʌk̚.,Hanja,名詞
6084,촉광,chokgwang,燭光,Hanja word: 燭光 (zhúguāng),zhúguāng,ʨʰok̚.k͈u̯aŋ.,Hanja,名詞
6085,주한,juhan,駐韓,Residing in korea,zhùhán,ʨu.ɦan.,Hanja,名詞
6086,축하,chukha,祝賀,"Congratulation, celebration",zhùhè,ʨʰu.kʰa.,Hanja,名詞
6087,추백,chubaek,追白,Hanja word: 追白 (zhuībái),zhuībái,ʨʰu.bɛk̚.,Hanja,名詞
6088,추종,chujong,追從,Hanja word: 追從 (zhuīcóng),zhuīcóng,ʨʰu.ʥoŋ.,Hanja,名詞
6089,추방,chubang,追放,Hanja word: 追放 (zhuīfàng),zhuīfàng,ʨʰu.baŋ.,Hanja,名詞
6090,추적,chujeok,追跡,Hanja word: 追跡 (zhuījī),zhuījī,ʨʰu.ʥʌk̚.,Hanja,名詞
6091,추가,chuga,追加,An addition,zhuījiā,ʨʰu.ɡa.,Hanja,名詞
6092,추적자,chujeokja,追跡者,Hanja word: 追跡者 (zhuījīzhě),zhuījīzhě,ʨʰu.ʥʌk̚.ʨ͈a.,Hanja,名詞
6093,추락,churak,墜落,Hanja word: 墜落 (zhuìluò),zhuìluò,ʨʰu.ɾak̚.,Hanja,名詞
6094,추인,chuin,追認,Hanja word: 追認 (zhuīrèn),zhuīrèn,ʨʰu.in.,Hanja,名詞
6095,추신,chusin,追伸,Hanja word: 追伸 (zhuīshēn),zhuīshēn,ʨʰu.ɕʰin.,Hanja,名詞
6096,추돌,chudol,追突,Hanja word: 追突 (zhuītū),zhuītū,ʨʰu.dol.,Hanja,名詞
6097,추억,chueok,追憶,Memory,zhuīyì,ʨʰu.ʌk̚.,Hanja,名詞
6098,철자,cheolja,綴字,Hanja word: 綴字 (zhuìzì),zhuìzì,ʨʰʌl.ʨ͈a.,Hanja,名詞
6099,축제,chukje,祝祭,a festival,zhùjì,ʨʰuk̚.ʨ͈e.,Hanja,動詞
6100,주해,juhae,註解,Hanja word: 註解 (zhùjiě),zhùjiě,ʨu.ɦɛ.,Hanja,名詞
6101,주절,jujeol,主節,Hanja word: 主節 (zhǔjié),zhǔjié,ʨu.ʥʌl.,Hanja,名詞
6102,주거,jugeo,住居,"residing,dwelling",zhùjū,ʨu.ɡʌ.,Hanja,名詞
6103,조력,joryeok,助力,Hanja word: 助力 (zhùlì),zhùlì,ʨo.ɾjʌk̚.,Hanja,名詞
6104,주력,juryeok,主力,Hanja word: 主力 (zhǔlì),zhǔlì,ʨu.ɾjʌk̚.,Hanja,名詞
6105,죽마,jukma,竹馬,Hanja word: 竹馬 (zhúmǎ),zhúmǎ,ʨuŋ.ma.,Hanja,名詞
6106,주민,jumin,住民,"inhabitants,dwellers",zhùmín,ʨu.min.,Hanja,名詞
6107,주목,jumok,注目,Hanja word: 注目 (zhùmù),zhùmù,ʨu.mok̚.,Hanja,名詞
6108,준비,junbi,準備,Preparation,zhǔnbèi,ʨum.bi.,Hanja,名詞
6109,준비물,junbimul,準備物,Stuff that needs to be prepared,zhǔnbèiwù,ʨum.bi.mul.,Hanja,名詞
6110,준장,junjang,准將,Hanja word: 准將 (zhǔnjiāng),zhǔnjiāng,ʨun.ʥaŋ.,Hanja,名詞
6111,준중형,junjunghyeong,準中型,Hanja word: 準中型 (zhǔnzhōngxíng),zhǔnzhōngxíng,ʨun.ʥuŋ.hjʌŋ.,Hanja,名詞
6112,준중형차,junjunghyeongcha,準中型車,Hanja word: 準中型車 (zhǔnzhōngxíngchē),zhǔnzhōngxíngchē,ʨun.ʥuŋ.hjʌŋ.ʨʰa.,Hanja,名詞
6113,탁구,takgu,卓球,"ping-pong,table tennis",zhuōqiú,tʰak̚.k͈u.,Hanja,名詞
6114,탁월,takwol,卓越,Hanja word: 卓越 (zhuōyuè),zhuōyuè,tʰaɡ.u̯ʌl.,Hanja,名詞
6115,탁자,takja,卓子,"A table, desk",zhuōzi·,tʰak̚.ʨ͈a.,Hanja,名詞
6116,탁자,takja,桌子,"A table, desk",zhuōzi·,tʰak̚.ʨ͈a.,Hanja,名詞
6117,주권,jugwon,主權,Hanja word: 主權 (zhǔquán),zhǔquán,ʨu.ɡu̯ʌn.,Hanja,名詞
6118,주권,jugwon,株券,Hanja word: 株券 (zhūquàn),zhūquàn,ʨu.ɡu̯ʌn.,Hanja,名詞
6119,주인,juin,主人,"The head of a family,the owner",zhǔrén,ʨu.in.,Hanja,名詞
6120,주인공,juingong,主人公,"The head of a family, the hero/heroine",zhǔréngōng,ʨu.iŋ.ɡoŋ.,Hanja,名詞
6121,주입,juip,注入,Hanja word: 注入 (zhùrù),zhùrù,ʨu.ip̚.,Hanja,名詞
6122,주사,jusa,注射,"A shot, an injection",zhùshè,ʨu.sʰa.,Hanja,名詞
6123,주석,juseok,註釋,Hanja word: 註釋 (zhùshì),zhùshì,ʨu.sʰʌk̚.,Hanja,名詞
6124,주식,jusik,主食,Stock,zhǔshí,ʨu.ɕʰik̚.,Hanja,名詞
6125,주식,jusik,株式,Stock,zhūshì,ʨu.ɕʰik̚.,Hanja,名詞
6126,주식회사,jusikhoesa,株式會社,Hanja word: 株式會社 (zhūshìhuìshè),zhūshìhuìshè,ʨu.ɕʰi.kʰu̯e.sʰa.,Hanja,名詞
6127,조수,josu,助手,Hanja word: 助手 (zhùshǒu),zhùshǒu,ʨo.sʰu.,Hanja,名詞
6128,주소,juso,住所,An address,zhùsuǒ,ʨu.sʰo.,Hanja,名詞
6129,축제,chukje,築堤,a festival,zhútí,ʨʰuk̚.ʨ͈e.,Hanja,動詞
6130,주제,juje,主題,"Subject, theme, topic",zhǔtí,ʨu.ʥe.,Hanja,名詞
6131,주철,jucheol,鑄鐵,Hanja word: 鑄鐵 (zhùtiě),zhùtiě,ʨu.ʨʰʌl.,Hanja,名詞
6132,주문,jumun,注文,"An order, a request",zhùwén,ʨu.mun.,Hanja,名詞
6133,주물,jumul,鑄物,Hanja word: 鑄物 (zhùwù),zhùwù,ʨu.mul.,Hanja,名詞
6134,저축,jeochuk,貯蓄,"savings,saving",zhǔxù,ʨʌ.ʨʰuk̚.,Hanja,名詞
6135,조언,joeon,助言,Hanja word: 助言 (zhùyán),zhùyán,ʨo.ʌn.,Hanja,名詞
6136,조언자,joeonja,助言者,Hanja word: 助言者 (zhùyánzhě),zhùyánzhě,ʨo.ʌn.ʥa.,Hanja,名詞
6137,주요,juyo,主要,"The major, the chief thing",zhǔyào,ʨu.jo.,Hanja,名詞
6138,주의,juui,注意,"attention,notice",zhùyì,ʨu.e.,Hanja,名詞
6139,주역,juyeok,主役,Hanja word: 主役 (zhǔyì),zhǔyì,ʨu.jʌk̚.,Hanja,名詞
6140,주의,juui,主義,"attention,notice",zhǔyì,ʨu.e.,Hanja,名詞
6141,주유소,juyuso,注油所,Hanja word: 注油所 (zhùyóusuǒ),zhùyóusuǒ,ʨu.ju.sʰo.,Hanja,名詞
6142,주재,jujae,駐在,Hanja word: 駐在 (zhùzài),zhùzài,ʨu.ʥɛ.,Hanja,名詞
6143,축조,chukjo,築造,Hanja word: 築造 (zhúzào),zhúzào,ʨʰuk̚.ʨ͈o.,Hanja,名詞
6144,주조,jujo,鑄造,Hanja word: 鑄造 (zhùzào),zhùzào,ʨu.ʥo.,Hanja,名詞
6145,주택,jutaek,住宅,A house,zhùzhái,ʨu.tʰɛk̚.,Hanja,名詞
6146,주장,jujang,主張,"assertion,insistance",zhǔzhāng,ʨu.ʥaŋ.,Hanja,名詞
6147,주주,juju,株主,Hanja word: 株主 (zhūzhǔ),zhūzhǔ,ʨu.ʥu.,Hanja,名詞
6148,저작,jeojak,著作,Hanja word: 著作 (zhùzuò),zhùzuò,ʨʌ.ʥak̚.,Hanja,名詞
6149,자백,jabaek,自白,Hanja word: 自白 (zìbái),zìbái,ʨa.bɛk̚.,Hanja,名詞
6150,자판,japan,字板,Keyboard,zìbǎn,ʨa.pʰan.,Hanja,名詞
6151,자포자기,japojagi,自暴自棄,Hanja word: 自暴自棄 (zìbàozìqì),zìbàozìqì,ʨa.pʰo.ʥa.ɡi.,Hanja,名詞
6152,자본가,jabonga,資本家,Hanja word: 資本家 (zīběnjiā),zīběnjiā,ʨa.boŋ.ɡa.,Hanja,名詞
6153,자폐증,japyejeung,自閉症,Hanja word: 自閉症 (zìbìzhèng),zìbìzhèng,ʨa.pʰje.ʥɯŋ.,Hanja,名詞
6154,자산,jasan,資産,Hanja word: 資産 (zīchǎn),zīchǎn,ʨa.sʰan.,Hanja,名詞
6155,자동,jadong,自動,"self-acting, self-moving, automatic",zìdòng,ʨa.doŋ.,Hanja,名詞
6156,자동차,jadongcha,自動車,Car,zìdòngchē,ʨa.doŋ.ʨʰa.,Hanja,名詞
6157,자동차등록증,jadongchadeungrokjeung,自動車登錄證,Hanja word: 自動車登錄證 (zìdòngchēdēnglùzhèng),zìdòngchēdēnglùzhèng,ʨa.doŋ.ʨʰa.dɯŋ.nok̚.ʨ͈ɯŋ.,Hanja,名詞
6158,자발적,jabaljeok,自發的,Hanja word: 自發的 (zìfāde·),zìfāde·,ʨa.bal.ʨ͈ʌk̚.,Hanja,名詞
6159,자판기,japangi,自販機,Vending machine,zìfànjī,ʨa.pʰaŋ.ɡi.,Hanja,名詞
6160,자부심,jabusim,自負心,Pride,zìfùxīn,ʨa.bu.ɕʰim.,Hanja,名詞
6161,자격,jagyeok,資格,Qualification,zīgé,ʨa.ɡjʌk̚.,Hanja,名詞
6162,자격증,jagyeokjeung,資格證,A qualification certificate,zīgézhèng,ʨa.ɡjʌk̚.ʨ͈ɯŋ.,Hanja,名詞
6163,자궁,jagung,子宮,Hanja word: 子宮 (zǐgōng),zǐgōng,ʨa.ɡuŋ.,Hanja,名詞
6164,자회사,jahoesa,子會社,Hanja word: 子會社 (zǐhuìshè),zǐhuìshè,ʨa.ɦu̯e.sʰa.,Hanja,名詞
6165,자기,jagi,自己,"Oneself, number one, numerouno, self",zìjǐ,ʨa.ɡi.,Hanja,代名詞
6166,자가용,jagayong,自家用,For personal/family use,zìjiāyòng,ʨa.ɡa.joŋ.,Hanja,名詞
6167,자금,jageum,資金,Hanja word: 資金 (zījīn),zījīn,ʨa.ɡɯm.,Hanja,名詞
6168,자경단,jagyeongdan,自警團,Hanja word: 自警團 (zìjǐngtuán),zìjǐngtuán,ʨa.ɡjʌŋ.dan.,Hanja,名詞
6169,자작,jajak,子爵,Hanja word: 子爵 (zǐjué),zǐjué,ʨa.ʥak̚.,Hanja,名詞
6170,자립,jarip,自立,Hanja word: 自立 (zìlì),zìlì,ʨa.ɾip̚.,Hanja,名詞
6171,자력,jaryeok,資力,Hanja word: 資力 (zīlì),zīlì,ʨa.ɾjʌk̚.,Hanja,名詞
6172,자료,jaryo,資料,"materials,data",zīliào,ʨa.ɾjo.,Hanja,名詞
6173,자율,jayul,自律,"self-control,autonomy",zìlǜ,ʨa.jul.,Hanja,名詞
6174,자만,jaman,自慢,Hanja word: 自慢 (zìmàn),zìmàn,ʨa.man.,Hanja,名詞
6175,자막,jamak,字幕,Hanja word: 字幕 (zìmù),zìmù,ʨa.mak̚.,Hanja,名詞
6176,자녀,janyeo,子女,one’s children,zǐnǚ,ʨa.njʌ.,Hanja,名詞
6177,자연,jayeon,自然,Nature,zìrán,ʨa.jʌn.,Hanja,名詞
6178,자연적,jayeonjeok,自然的,Natural,zìránde·,ʨa.jʌn.ʥʌk̚.,Hanja,名詞
6179,자연환경,jayeonhwangyeong,自然環境,Natural surroundings,zìránhuánjìng,ʨa.jʌn.hu̯aŋ.ɡjʌŋ.,Hanja,名詞
6180,자연현상,jayeonhyeonsang,自然現象,Natural phenomena,zìránxiànxiàng,ʨa.jʌn.hjʌn.saŋ.,Hanja,名詞
6181,자인,jain,自認,Hanja word: 自認 (zìrèn),zìrèn,ʨa.in.,Hanja,名詞
6182,자살,jasal,自殺,Suicide,zìshā,ʨa.sʰal.,Hanja,名詞
6183,자살적,jasaljeok,自殺的,Hanja word: 自殺的 (zìshāde·),zìshāde·,ʨa.sʰal.ʨ͈ʌk̚.,Hanja,名詞
6184,자신,jasin,自身,"one's own self, one's own body",zìshēn,ʨa.ɕʰin.,Hanja,名詞
6185,자세,jase,姿勢,"Position, posture",zīshì,ʨa.sʰe.,Hanja,名詞
6186,자서,jaseo,自署,Hanja word: 自署 (zìshǔ),zìshǔ,ʨa.sʰʌ.,Hanja,名詞
6187,자수정,jasujeong,紫水晶,Hanja word: 紫水晶 (zǐshuǐjīng),zǐshuǐjīng,ʨa.sʰu.ʥʌŋ.,Hanja,名詞
6188,자손,jason,子孫,Hanja word: 子孫 (zǐsūn),zǐsūn,ʨa.sʰon.,Hanja,名詞
6189,자단,jadan,紫檀,Hanja word: 紫檀 (zǐtán),zǐtán,ʨa.dan.,Hanja,名詞
6190,자체,jache,字體,one's own body,zìtǐ,ʨa.ʨʰe.,Hanja,名詞
6191,자체,jache,自體,one's own body,zìtǐ,ʨa.ʨʰe.,Hanja,名詞
6192,자퇴,jatoe,自退,Hanja word: 自退 (zìtuì),zìtuì,ʨa.tʰu̯e.,Hanja,名詞
6193,자퇴생,jatoesaeng,自退生,Hanja word: 自退生 (zìtuìshēng),zìtuìshēng,ʨa.tʰu̯e.sʰɛŋ.,Hanja,名詞
6194,자외선,jaoeseon,紫外線,Hanja word: 紫外線 (zǐwàixiàn),zǐwàixiàn,ʨa.u̯e.sʰʌn.,Hanja,名詞
6195,자아,jaa,自我,Hanja word: 自我 (zìwǒ),zìwǒ,ʨa.a.,Hanja,名詞
6196,자오선,jaoseon,子午線,Hanja word: 子午線 (zǐwǔxiàn),zǐwǔxiàn,ʨa.o.sʰʌn.,Hanja,名詞
6197,자식,jasik,子息,one's children,zǐxí,ʨa.ɕʰik̚.,Hanja,名詞
6198,자세,jase,仔細,"Position, posture",zǐxì,ʨa.sʰe.,Hanja,名詞
6199,자신,jasin,自信,"one's own self, one's own body",zìxìn,ʨa.ɕʰin.,Hanja,名詞
6200,자신감,jasingam,自信感,Self-confidence,zìxìngǎn,ʨa.ɕʰiŋ.ɡam.,Hanja,名詞
6201,자서전,jaseojeon,自敍傳,Hanja word: 自敍傳 (zìxùchuán),zìxùchuán,ʨa.sʰʌ.ʥʌn.,Hanja,名詞
6202,자엽,jayeop,子葉,Hanja word: 子葉 (zǐyè),zǐyè,ʨa.jʌp̚.,Hanja,名詞
6203,자음,jaeum,子音,Hanja word: 子音 (zǐyīn),zǐyīn,ʨa.ɯm.,Hanja,名詞
6204,자유,jayu,自由,Freedom,zìyóu,ʨa.ju.,Hanja,名詞
6205,자유시간,jayusigan,自由時間,Hanja word: 自由時間 (zìyóushíjiān),zìyóushíjiān,ʨa.ju.ɕʰi.ɡan.,Hanja,名詞
6206,자원,jawon,資源,Resources,zīyuán,ʨa.u̯ʌn.,Hanja,名詞
6207,자정,jajeong,子正,Midnight,zǐzhèng,ʨa.ʥʌŋ.,Hanja,名詞
6208,자제,jaje,自制,Hanja word: 自制 (zìzhì),zìzhì,ʨa.ʥe.,Hanja,名詞
6209,자치,jachi,自治,Hanja word: 自治 (zìzhì),zìzhì,ʨa.ʨʰi.,Hanja,名詞
6210,자주,jaju,自主,"Always, constantly",zìzhǔ,ʨa.ʥu.,Hanja,名詞
6211,자전거,jajeongeo,自轉車,Bicycle,zìzhuǎnchē,ʨa.ʥʌŋ.ɡʌ.,Hanja,名詞
6212,자존심,jajonsim,自尊心,Self-confidence,zìzūnxīn,ʨa.ʥon.ɕʰim.,Hanja,名詞
6213,총재,chongjae,總裁,Hanja word: 總裁 (zǒngcái),zǒngcái,ʨʰoŋ.ʥɛ.,Hanja,名詞
6214,종대,jongdae,縱隊,Hanja word: 縱隊 (zòngduì),zòngduì,ʨoŋ.dɛ.,Hanja,名詞
6215,종합,jonghap,綜合,Synthesis,zònghé,ʨoŋ.hap̚.,Hanja,名詞
6216,총회,chonghoe,總會,Hanja word: 總會 (zǒnghuì),zǒnghuì,ʨʰoŋ.hu̯e.,Hanja,名詞
6217,총각,chonggak,總角,"A bachelor, an unmarried man",zǒngjiǎo,ʨʰoŋ.ɡak̚.,Hanja,名詞
6218,종교,jonggyo,宗敎,"religion,a faith",zōngjiào,ʨoŋ.ɡjo.,Hanja,名詞
6219,종교적,jonggyojeok,宗敎的,Of religions,zōngjiàode·,ʨoŋ.ɡjo.ʥʌk̚.,Hanja,名詞
6220,총리,chongri,總理,"General overseeing, presiding over",zǒnglǐ,ʨʰoŋ.ni.,Hanja,名詞
6221,종파,jongpa,宗派,Hanja word: 宗派 (zōngpài),zōngpài,ʨoŋ.pʰa.,Hanja,名詞
6222,총선거,chongseongeo,總選擧,Hanja word: 總選擧 (zǒngxuǎnjǔ),zǒngxuǎnjǔ,ʨʰoŋ.sʌŋ.ɡʌ.,Hanja,名詞
6223,총칙,chongchik,總則,Hanja word: 總則 (zǒngzé),zǒngzé,ʨʰoŋ.ʨʰik̚.,Hanja,名詞
6224,총장,chongjang,總長,"The president, the chancellor (university’s)",zǒngzhǎng,ʨʰoŋ.ʥaŋ.,Hanja,名詞
6225,종진,jongjin,縱陣,Hanja word: 縱陣 (zòngzhèn),zòngzhèn,ʨoŋ.ʥin.,Hanja,名詞
6226,총지배인,chongjibaein,總支配人,Hanja word: 總支配人 (zǒngzhīpèirén),zǒngzhīpèirén,ʨʰoŋ.ʥi.bɛ.in.,Hanja,名詞
6227,주구,jugu,走狗,Hanja word: 走狗 (zǒugǒu),zǒugǒu,ʨu.ɡu.,Hanja,名詞
6228,주루,juru,走壘,Hanja word: 走壘 (zǒulěi),zǒulěi,ʨu.ɾu.,Hanja,名詞
6229,주행,juhaeng,走行,Hanja word: 走行 (zǒuxíng),zǒuxíng,ʨu.ɦɛŋ.,Hanja,名詞
6230,주자,juja,走者,Hanja word: 走者 (zǒuzhě),zǒuzhě,ʨu.ʥa.,Hanja,名詞
6231,조판,jopan,組版,Hanja word: 組版 (zǔbǎn),zǔbǎn,ʨo.pʰan.,Hanja,名詞
6232,조부,jobu,祖父,Hanja word: 祖父 (zǔfù),zǔfù,ʨo.bu.,Hanja,名詞
6233,조국,joguk,祖國,Hanja word: 祖國 (zǔguó),zǔguó,ʨo.ɡuk̚.,Hanja,名詞
6234,조합,johap,組合,Hanja word: 組合 (zǔhé),zǔhé,ʨo.ɦap̚.,Hanja,名詞
6235,최초,choecho,最初,"In the very first, in the beginning",zuìchū,ʨʰu̯e.ʨʰo.,Hanja,名詞
6236,최대,choedae,最大,"The greatest, the largest",zuìdà,ʨʰu̯e.dɛ.,Hanja,名詞
6237,최대한,choedaehan,最大限,"At the most, at the maximum",zuìdàxiàn,ʨʰu̯e.dɛ.ɦan.,Hanja,名詞
6238,최대한도,choedaehando,最大限度,Hanja word: 最大限度 (zuìdàxiàndù),zuìdàxiàndù,ʨʰu̯e.dɛ.ɦan.do.,Hanja,名詞
6239,최저,choejeo,最低,"The lowest, the minimum/lowest price",zuìdī,ʨʰu̯e.ʥʌ.,Hanja,名詞
6240,최악,choeak,最惡,The worst,zuìè,ʨʰu̯e.ak̚.,Hanja,名詞
6241,최고,choego,最高,The best,zuìgāo,ʨʰu̯e.ɡo.,Hanja,名詞
6242,최고급,choegogeup,最高級,The highest grade/class,zuìgāojí,ʨʰu̯e.ɡo.ɡɯp̚.,Hanja,名詞
6243,최후,choehu,最後,"The last, the end, the conclusion",zuìhòu,ʨʰu̯e.ɦu.,Hanja,名詞
6244,최혜국,choehyeguk,最惠國,Hanja word: 最惠國 (zuìhuìguó),zuìhuìguó,ʨʰu̯e.hje.ɡuk̚.,Hanja,名詞
6245,최근,choegeun,最近,Recently,zuìjìn,ʨʰu̯e.ɡɯn.,Hanja,名詞
6246,취광,chwigwang,醉狂,Hanja word: 醉狂 (zuìkuáng),zuìkuáng,ʨʰɥi.ɡu̯aŋ.,Hanja,名詞
6247,죄인,joein,罪人,A criminal,zuìrén,ʨu̯e.in.,Hanja,名詞
6248,최선,choeseon,最善,"The best, one’s best",zuìshàn,ʨʰu̯e.sʰʌn.,Hanja,名詞
6249,최상,choesang,最上,"The best, the finest",zuìshàng,ʨʰu̯e.sʰaŋ.,Hanja,名詞
6250,최소,choeso,最少,"At the least, the minimum",zuìshǎo,ʨʰu̯e.sʰo.,Hanja,名詞
6251,죄송,joesong,罪悚,Hanja word: 罪悚 (zuìsóng),zuìsóng,ʨu̯e.sʰoŋ.,Hanja,名詞
6252,최소,choeso,最小,"At the least, the minimum",zuìxiǎo,ʨʰu̯e.sʰo.,Hanja,名詞
6253,최소한,choesohan,最小限,At least,zuìxiǎoxiàn,ʨʰu̯e.sʰo.ɦan.,Hanja,名詞
6254,최신,choesin,最新,"Newest, the latest",zuìxīn,ʨʰu̯e.ɕʰin.,Hanja,名詞
6255,죄책감,joechaekgam,罪責感,Hanja word: 罪責感 (zuìzégǎn),zuìzégǎn,ʨu̯e.ʨʰɛk̚.k͈am.,Hanja,名詞
6256,최종,choejong,最終,"last,final,terminal",zuìzhōng,ʨʰu̯e.ʥoŋ.,Hanja,名詞
6257,조계,jogye,租界,Hanja word: 租界 (zūjiè),zūjiè,ʨo.ɡje.,Hanja,名詞
6258,조립,jorip,組立,Hanja word: 組立 (zǔlì),zǔlì,ʨo.ɾip̚.,Hanja,名詞
6259,조모,jomo,祖母,Hanja word: 祖母 (zǔmǔ),zǔmǔ,ʨo.mo.,Hanja,名詞
6260,존댓,jondaes,尊待,Hanja word: 尊待 (zūndài),zūndài,ʨon.dɛt̚.,Hanja,名詞
6261,존경,jongyeong,尊敬,Hanja word: 尊敬 (zūnjìng),zūnjìng,ʨoŋ.ɡjʌŋ.,Hanja,名詞
6262,준수,junsu,遵守,Hanja word: 遵守 (zūnshǒu),zūnshǒu,ʨun.su.,Hanja,名詞
6263,존엄,joneom,尊嚴,Hanja word: 尊嚴 (zūnyán),zūnyán,ʨon.ʌm.,Hanja,名詞
6264,존중,jonjung,尊重,Hanja word: 尊重 (zūnzhòng),zūnzhòng,ʨon.ʥuŋ.,Hanja,名詞
6265,좌표,jwapyo,座標,Hanja word: 座標 (zuòbiāo),zuòbiāo,ʨu̯a.pʰjo.,Hanja,名詞
6266,좌측,jwacheuk,左側,Hanja word: 左側 (zuǒcè),zuǒcè,ʨu̯a.ʨʰɯk̚.,Hanja,名詞
6267,작성,jakseong,作成,"editing,composition ; filling out a form",zuòchéng,ʨak̚.s͈ʌŋ.,Hanja,名詞
6268,작동,jakdong,作動,Hanja word: 作動 (zuòdòng),zuòdòng,ʨak̚.t͈oŋ.,Hanja,名詞
6269,좌회전,jwahoejeon,左回轉,Hanja word: 左回轉 (zuǒhuízhuǎn),zuǒhuízhuǎn,ʨu̯a.ɦu̯e.ʥʌn.,Hanja,名詞
6270,작가,jakga,作家,"writer,author",zuòjiā,ʨak̚.k͈a.,Hanja,名詞
6271,작년,jaknyeon,昨年,Last year,zuónián,ʨaŋ.njʌn.,Hanja,名詞
6272,좌파,jwapa,左派,Hanja word: 左派 (zuǒpài),zuǒpài,ʨu̯a.pʰa.,Hanja,名詞
6273,작품,jakpum,作品,A work of art,zuòpǐn,ʨak̚.pʰum.,Hanja,名詞
6274,좌천,jwacheon,左遷,Hanja word: 左遷 (zuǒqiān),zuǒqiān,ʨu̯a.ʨʰʌn.,Hanja,名詞
6275,좌석,jwaseok,座席,A seat,zuòxí,ʨu̯a.sʰʌk̚.,Hanja,名詞
6276,작업,jakeop,作業,Work,zuòyè,ʨaɡ.ʌp̚.,Hanja,名詞
6277,작용,jakyong,作用,Application,zuòyòng,ʨaɡ.joŋ.,Hanja,名詞
6278,액셀,aeksel,油門、加速器,accel(erator),,ɛk̚.s͈el.,Loan,外來語
6279,액션,aeksyeon,動作、打鬥片,action,,ɛk̚.ɕʰʌn.,Loan,外來語
6280,에어로빅,eeorobik,有氧運動、健美操,aerobic,,e.ʌ.ɾo.bik̚.,Loan,外來語
6281,아프리카,apeurika,非洲,Africa,,a.pʰɯ.ɾi.kʰa.,Loan,外來語
6282,에어컨,eeokeon,冷氣機、冷氣空調,air con(ditioner),,e.ʌ.kʰʌn.,Loan,外來語
6283,알람,alram,鬧鐘、警報 (Alarm),alarm,,al.lam.,Loan,外來語
6284,알래스카,alraeseuka,阿拉斯加 (Alaska),Alaska,,al.lɛ.sʰɯ.kʰa.,Loan,外來語
6285,알파벳,alpabes,字母、字母表 (Alphabet),alphabet,,al.pʰa.bet̚.,Loan,外來語
6286,아마존강,amajongang,亞馬遜河 (Amazon River),Amazon江,,a.ma.ʥoŋ.ɡaŋ.,Loan,外來語
6287,아메리카,amerika,美洲、美洲大陸 (America),America,,a.me.ɾi.kʰa.,Loan,外來語
6288,아파트,apateu,公寓、大樓,apart(ment),,a.pʰa.tʰɯ.,Loan,外來語
6289,어플,eopeul,應用程式、App (Application),appl(ication),,ʌ.pʰɯl.,Loan,外來語
6290,아시아,asia,亞洲,Asia,,a.ɕʰi.a.,Loan,外來語
6291,오토바이,otobai,摩托車、機車,autobike,,o.tʰo.ba.i.,Loan,外來語
6292,백업,baekeop,備份 (Back-up),back-up,,pɛɡ.ʌp̚.,Loan,外來語
6293,방콕,bangkok,曼谷,Bangkok,,paŋ.kʰok̚.,Loan,外來語
6294,배터리,baeteori,電池,battery,,pɛ.tʰʌ.ɾi.,Loan,外來語
6295,베이징,beijing,北京,Beijing,,pe.i.ʥiŋ.,Loan,外來語
6296,베를린,bereulrin,柏林,Berlin,,pe.ɾɯl.lin.,Loan,外來語
6297,블랙,beulraek,黑色 (Black),black,,pɯl.lɛk̚.,Loan,外來語
6298,블록,beulrok,街區、積木、區塊 (Block),block,,pɯl.lok̚.,Loan,外來語
6299,보고타,bogota,波哥大 (Bogota),Bogota,,po.ɡo.tʰa.,Loan,外來語
6300,보닛,bonis,引擎蓋 (Bonnet),bonnet,,po.nit̚.,Loan,外來語
6301,보스톤,boseuton,波士頓 (Boston),Boston,,po.sʰɯ.tʰon.,Loan,外來語
6302,브라질,beurajil,巴西,Brazil,,pɯ.ɾa.ʥil.,Loan,外來語
6303,빌딩,bilding,大廈、大樓,building,,pil.t͈iŋ.,Loan,外來語
6304,범퍼,beompeo,保險桿 (Bumper),bumper,,pʌm.pʰʌ.,Loan,外來語
6305,버스,beoseu,公車、巴士,bus,,pʌ.sʰɯ.,Loan,外來語
6306,비즈니스,bijeuniseu,商業、商務 (Business),business,,pi.ʥɯ.ni.sʰɯ.,Loan,外來語
6307,버터,beoteo,奶油、牛油,butter,,pʌ.tʰʌ.,Loan,外來語
6308,버튼,beoteun,按鈕、鍵,button,,pʌ.tʰɯn.,Loan,名詞
6309,카페,kape,咖啡廳、咖啡館,café,,kʰa.pʰe.,Loan,外來語
6310,카이로,kairo,開羅 (Cairo),Cairo,,kʰa.i.ɾo.,Loan,外來語
6311,케이크,keikeu,蛋糕,cake,,kʰe.i.kʰɯ.,Loan,外來語
6312,카메라,kamera,相機、攝影機,camera,,kʰa.me.ɾa.,Loan,名詞
6313,캐나다,kaenada,加拿大,Canada,,kʰɛ.na.da.,Loan,外來語
6314,카드,kadeu,卡片、信用卡,card,,kʰa.dɯ.,Loan,外來語
6315,카드키,kadeuki,房卡、卡片鑰匙 (Card key),card key,,kʰa.dɯ.kʰi.,Loan,外來語
6316,카트,kateu,手推車、購物車 (Cart),cart,,kʰa.tʰɯ.,Loan,外來語
6317,케이스,keiseu,盒子、外殼、情況 (Case),case,,kʰe.i.sʰɯ.,Loan,外來語
6318,캐셔,kaesyeo,收銀員、結帳員 (Cashier),cashier,,kʰɛ.ɕʰʌ.,Loan,外來語
6319,센트,senteu,美分 (Cent),cent,,sʰen.tʰɯ.,Loan,外來語
6320,샴페인,syampein,香檳 (Champagne),champagne,,ɕʰam.pʰe.in.,Loan,外來語
6321,체크인,chekeuin,辦理入住、報到 (Check-in),check-in,,ʨʰe.kʰɯ.in.,Loan,外來語
6322,체크아웃,chekeuaus,退房、結帳 (Check-out),check-out,,ʨʰe.kʰɯ.a.ut̚.,Loan,外來語
6323,치즈,chijeu,起司、乳酪,cheese,,ʨʰi.ʥɯ.,Loan,外來語
6324,체리,cheri,櫻桃,cherry,,ʨʰe.ɾi.,Loan,外來語
6325,체스,cheseu,西洋棋,chess,,ʨʰe.sʰɯ.,Loan,外來語
6326,시카고,sikago,芝加哥,Chicago,,ɕʰi.kʰa.ɡo.,Loan,外來語
6327,치킨,chikin,炸雞、雞肉,chicken,,ʨʰi.kʰin.,Loan,外來語
6328,초콜릿,chokolris,巧克力,chocolate,,ʨʰo.kʰol.lit̚.,Loan,外來語
6329,클래식,keulraesik,古典樂、經典,classic,,kʰɯl.lɛ.ɕʰik̚.,Loan,外來語
6330,클럽,keulreop,俱樂部、夜店、社團,club,,kʰɯl.lʌp̚.,Loan,外來語
6331,코트,koteu,大衣、外套 / 球場,coat,,kʰo.tʰɯ.,Loan,外來語
6332,코코넛,kokoneos,椰子,coconut,,kʰo.kʰo.nʌt̚.,Loan,外來語
6333,커피,keopi,咖啡,coffee,,kʰʌ.pʰi.,Loan,外來語
6334,커피숍,keopisyop,咖啡店,coffee shop,,kʰʌ.pʰi.ɕʰop̚.,Loan,外來語
6335,콜롬비아,kolrombia,哥倫比亞,Colombia,,kʰol.lom.bi.a.,Loan,外來語
6336,컴퓨터,keompyuteo,電腦,computer,,kʰʌm.pʰju.tʰʌ.,Loan,外來語
6337,콘서트,konseoteu,演唱會、音樂會,concert,,kʰon.sʌ.tʰɯ.,Loan,外來語
6338,컨디션,keondisyeon,狀態、身體情況,condition,,kʰʌn.di.ɕʰʌn.,Loan,外來語
6339,콘퍼런스,konpeoreonseu,會議、研討會,conference,,kʰom.pʰʌ.ɾʌn.sɯ.,Loan,外來語
6340,코드,kodeu,代碼、密碼 / 電線 / 和弦,cord,,kʰo.dɯ.,Loan,外來語
6341,코너,koneo,轉角、角落、專櫃,corner,,kʰo.nʌ.,Loan,外來語
6342,코스,koseu,路線、課程、套餐,course,,kʰo.sʰɯ.,Loan,外來語
6343,코트,koteu,大衣、外套 / 球場,court,,kʰo.tʰɯ.,Loan,外來語
6344,크림,keurim,鮮奶油、乳霜,cream,,kʰɯ.ɾim.,Loan,外來語
6345,커닝,keoning,作弊 (Cunning),cunning,,kʰʌ.niŋ.,Loan,外來語
6346,댄스,daenseu,舞蹈、跳舞,dance,,tɛn.sɯ.,Loan,外來語
6347,딜레이,dilrei,延誤、延遲,delay,,til.le.i.,Loan,外來語
6348,덴버,denbeo,丹佛,Denver,,tem.bʌ.,Loan,外來語
6349,디자인,dijain,設計,design,,ti.ʥa.in.,Loan,外來語
6350,데스크,deseukeu,櫃台、服務台、辦公桌,desk,,te.sʰɯ.kʰɯ.,Loan,外來語
6351,디앤에이,diaenei,DNA (去氧核糖核酸),DNA,,ti.ɛn.e.i.,Loan,外來語
6352,달러,dalreo,美元、美金,dollar,,tal.lʌ.,Loan,外來語
6353,드레스,deureseu,禮服、洋裝,dress,,tɯ.ɾe.sʰɯ.,Loan,外來語
6354,드라이브,deuraibeu,兜風、開車兜風,drive,,tɯ.ɾa.i.bɯ.,Loan,外來語
6355,덤벨,deombel,啞鈴,dumbbell,,tʌm.bel.,Loan,外來語
6356,디비디,dibidi,DVD 光碟,DVD,,ti.bi.di.,Loan,外來語
6357,이메일,imeil,電子郵件、E-mail,E-mail,,i.me.il.,Loan,外來語
6358,이집트,ijipteu,埃及,Egypt,,i.ʥip̚.tʰɯ.,Loan,外來語
6359,에펠탑,epeltap,艾菲爾鐵塔 (巴黎鐵塔),Eiffel塔,,e.pʰel.tʰap̚.,Loan,外來語
6360,에너지,eneoji,能量、活力、能源,energy,,e.nʌ.ʥi.,Loan,外來語
6361,엔진,enjin,引擎、發動機,engine,,en.ʥin.,Loan,外來語
6362,잉글랜드,inggeulraendeu,英格蘭,England,,iŋ.ɡɯl.lɛn.dɯ.,Loan,外來語
6363,유로,yuro,歐元,euro,,ju.ɾo.,Loan,外來語
6364,유럽,yureop,歐洲,Europe,,ju.ɾʌp̚.,Loan,外來語
6365,패션,paesyeon,時尚、時裝,fashion,,pʰɛ.ɕʰʌn.,Loan,外來語
6366,파일,pail,檔案、文件夾,file,,pʰa.il.,Loan,外來語
6367,플로리다,peulrorida,佛羅里達,Florida,,pʰɯl.lo.ɾi.da.,Loan,外來語
6368,프레임,peureim,框架、畫面,frame,,pʰɯ.ɾe.im.,Loan,外來語
6369,프랑스,peurangseu,法國,France,,pʰɯ.ɾaŋ.sɯ.,Loan,外來語
6370,프랑스인,peurangseuin,法國人,France人,,pʰɯ.ɾaŋ.sɯ.in.,Loan,外來語
6371,프랑스어,peurangseueo,法語、法文,France語,,pʰɯ.ɾaŋ.sɯ.ʌ.,Loan,外來語
6372,프런트,peureonteu,櫃台、前台 (Front desk),front,,pʰɯ.ɾʌn.tʰɯ.,Loan,外來語
6373,게임,geim,遊戲,game,,ke.im.,Loan,外來語
6374,가스,gaseu,瓦斯、氣體,gas,,ka.sʰɯ.,Loan,外來語
6375,게이트,geiteu,登機門、大門,gate,,ke.i.tʰɯ.,Loan,外來語
6376,골프,golpeu,高爾夫球,golf,,kol.pʰɯ.,Loan,外來語
6377,그룹,geurup,團體、集團、Group,group,,kɯ.ɾup̚.,Loan,外來語
6378,가이드,gaideu,導遊、指南,guide,,ka.i.dɯ.,Loan,外來語
6379,기타,gita,吉他,guitar,,ki.tʰa.,Loan,外來語
6380,핸드폰,haendeupon,手機、行動電話,handphone,,hɛn.dɯ.pʰon.,Loan,外來語
6381,하드,hadeu,硬碟 / 冰棒 / 困難,hard,,ha.dɯ.,Loan,外來語
6382,헬스장,helseujang,健身房 (Health club),health場,,hel.s͈ɯ.ʥaŋ.,Loan,外來語
6383,헬리콥터,helrikopteo,直升機,helicopter,,hel.li.kʰop̚.tʰʌ.,Loan,外來語
6384,홈스테이,homseutei,寄宿家庭 (Homestay),home stay,,hom.sɯ.tʰe.i.,Loan,外來語
6385,홍콩,hongkong,香港,Hongkong,,hoŋ.kʰoŋ.,Loan,外來語
6386,호텔,hotel,飯店、酒店,hotel,,ho.tʰel.,Loan,外來語
6387,허리케인,heorikein,颶風,hurricane,,hʌ.ɾi.kʰe.in.,Loan,外來語
6388,아이디어,aidieo,點子、想法、Idea,idea,,a.i.di.ʌ.,Loan,外來語
6389,인터넷,inteones,網際網路、網路,internet,,in.tʰʌ.net̚.,Loan,外來語
6390,이탈리아,italria,義大利,Italia,,i.tʰal.li.a.,Loan,外來語
6391,재킷,jaekis,夾克、外套,jacket,,"ʨa.kʰet̚., ʨɛ.kʰit̚.",Loan,外來語
6392,재즈,jaejeu,爵士樂,jazz,,ʨɛ.ʥɯ.,Loan,外來語
6393,조깅,joging,慢跑,jogging,,ʨo.ɡiŋ.,Loan,外來語
6394,주스,juseu,果汁,juice,,ʨu.sʰɯ.,Loan,外來語
6395,케냐,kenya,肯亞,Kenya,,kʰe.nja.,Loan,外來語
6396,킬로,kilro,公斤、公里 (簡稱),kilo(gram),,kʰil.lo.,Loan,外來語
6397,키로,kiro,公里 (口語),kilo(meter),,kʰi.ɾo.,Loan,外來語
6398,킬로그램,kilrogeuraem,公斤 (kg),kilogram,,kʰil.lo.ɡɯ.ɾɛm.,Loan,外來語
6399,킬로미터,kilromiteo,公里 (km),kilometer,,kʰil.lo.mi.tʰʌ.,Loan,外來語
6400,키트,kiteu,套件、工具包、Kit,kit,,kʰi.tʰɯ.,Loan,外來語
6401,크렘린,keuremrin,克里姆林宮,Kremlin,,kʰɯ.ɾem.nin.,Loan,外來語
6402,엘에이,elei,洛杉磯 (LA),LA,,eɾ.e.i.,Loan,外來語
6403,리터,riteo,公升 (Liter),liter,,ɾi.tʰʌ.,Loan,外來語
6404,로비,robi,大廳、Lobby,lobby,,ɾo.bi.,Loan,外來語
6405,런던,reondeon,倫敦,London,,ɾʌn.dʌn.,Loan,外來語
6406,메일,meil,郵件、信件,mail,,mᵇe.il.,Loan,外來語
6407,메인,mein,主選單、主角、主要,main,,mᵇe.in.,Loan,外來語
6408,매니저,maenijeo,經理、經紀人、Manager,manager,,mᵇɛ.ni.ʥʌ.,Loan,外來語
6409,마케팅,maketing,行銷、市場推廣,marketing,,mᵇa.kʰe.tʰiŋ.,Loan,外來語
6410,미팅,miting,會議、聯誼,meeting,,mᵇi.tʰiŋ.,Loan,外來語
6411,메모,memo,備忘錄、便條、筆記,memo,,mᵇe.mo.,Loan,外來語
6412,메뉴,menyu,菜單、選單,menu,,mᵇe.nju.,Loan,外來語
6413,메뉴판,menyupan,菜單板、價目表,menu板,,mᵇe.nju.pʰan.,Loan,外來語
6414,메세지,meseji,訊息、簡訊,message,,mᵇe.sʰe.ʥi.,Loan,外來語
6415,미터,miteo,公尺、米 (Meter),meter,,mᵇi.tʰʌ.,Loan,外來語
6416,멕시코,meksiko,墨西哥,Mexico,,mᵇek̚.ɕʰi.kʰo.,Loan,外來語
6417,밀란,milran,米蘭,Milan,,mᵇil.lan.,Loan,外來語
6418,마일,mail,英里 (Mile),miles,,mᵇa.il.,Loan,外來語
6419,밀크,milkeu,牛奶,milk,,mᵇil.kʰɯ.,Loan,外來語
6420,모델,model,模特兒、模型,model,,mᵇo.del.,Loan,外來語
6421,모닝콜,moningkol,喚醒電話 (Morning call),morning call,,mᵇo.niŋ.kʰol.,Loan,外來語
6422,모스크바,moseukeuba,莫斯科,Москва,,mᵇo.sʰɯ.kʰɯ.ba.,Loan,外來語
6423,뮌헨,mwinhen,慕尼黑,München,,mᵇɥin.hen.,Loan,外來語
6424,냅킨,naepkin,餐巾紙,napkin,,nᵈɛp̚.kʰin.,Loan,外來語
6425,네트,neteu,球網、網子,net,,nᵈe.tʰɯ.,Loan,外來語
6426,뉴욕,nyuyok,紐約,New York,,nᵈju.jok̚.,Loan,外來語
6427,뉴질랜드,nyujilraendeu,紐西蘭,New Zealand,,nᵈju.ʥil.lɛn.dɯ.,Loan,外來語
6428,뉴스,nyuseu,新聞、消息,news,,nᵈju.sʰɯ.,Loan,外來語
6429,노트북,noteubuk,筆記型電腦 (Notebook),notebook,,nᵈo.tʰɯ.buk̚.,Loan,外來語
6430,오일,oil,油、機油、精油,oil,,o.il.,Loan,外來語
6431,오픈,opeun,開幕、開放、Open,open,,o.pʰɯn.,Loan,外來語
6432,오렌지,orenji,柳橙、橘子,orange,,o.ɾen.ʥi.,Loan,外來語
6433,파리,pari,巴黎 / 蒼蠅,Paris,,pʰa.ɾi.,Loan,外來語
6434,파티,pati,派對、聚會,pay,,pʰa.tʰi.,Loan,外來語
6435,퍼센트,peosenteu,百分比、百分之... (%),percent,,pʰʌ.sʰen.tʰɯ.,Loan,外來語
6436,페루,peru,秘魯,Peru,,pʰe.ɾu.,Loan,外來語
6437,피아노,piano,鋼琴,piano,,pʰi.a.no.,Loan,外來語
6438,피자,pija,披薩,pizza,,pʰi.ʥa.,Loan,外來語
6439,플랜,peulraen,計畫、方案 (Plan),plan,,pʰɯl.lɛn.,Loan,外來語
6440,포터,poteo,搬運工、行李員,porter,,pʰo.tʰʌ.,Loan,外來語
6441,파운드,paundeu,磅 (Pound),pound,,pʰa.un.dɯ.,Loan,外來語
6442,프린터,peurinteo,印表機,printer,,pʰɯ.ɾin.tʰʌ.,Loan,外來語
6443,프로,peuro,專業、專家 (Pro),pro,,pʰɯ.ɾo.,Loan,外來語
6444,프로그램,peurogeuraem,節目、軟體程式,program,,pʰɯ.ɾo.ɡɯ.ɾɛm.,Loan,外來語
6445,프로젝트,peurojekteu,專案、企劃 (Project),project,,pʰɯ.ɾo.ʥek̚.tʰɯ.,Loan,外來語
6446,펑크,peongkeu,爆胎 (Puncture) / 龐克,punc(ture),,pʰʌŋ.kʰɯ.,Loan,外來語
6447,라디오,radio,收音機、廣播,radio,,ɾa.di.o.,Loan,外來語
6448,레어,reeo,稀有、三分熟 (Rare),rare,,ɾe.ʌ.,Loan,外來語
6449,렌트,renteu,租賃、租車 (Rent),rent,,ɾen.tʰɯ.,Loan,外來語
6450,렌탈비,rentalbi,租金、租賃費,rental費,,ɾen.tʰal.p͈i.,Loan,外來語
6451,렌트비,renteubi,房租、租車費,rent費,,ɾen.tʰɯ.bi.,Loan,外來語
6452,레스토랑,reseutorang,西餐廳、餐館,restaurant,,ɾe.sʰɯ.tʰo.ɾaŋ.,Loan,外來語
6453,라인강,raingang,萊茵河,Rhein江,,ɾa.iŋ.ɡaŋ.,Loan,外來語
6454,로마,roma,羅馬,Roma,,ɾo.ma.,Loan,外來語
6455,로맨스,romaenseu,浪漫、戀情,romance,,ɾo.mɛn.sɯ.,Loan,外來語
6456,러시아,reosia,俄羅斯,Russia,,ɾʌ.ɕʰi.a.,Loan,外來語
6457,샌드위치,saendeuwichi,三明治,sandwich,,sʰɛn.dɯ.ɥi.ʨʰi.,Loan,外來語
6458,스캔들,seukaendeul,醜聞、緋聞 (Scandal),scandal,,sʰɯ.kʰɛn.dɯl.,Loan,外來語
6459,시나리오,sinario,劇本、腳本、劇情,scenario,,ɕʰi.na.ɾi.o.,Loan,外來語
6460,스케줄,seukejul,行程、日程表 (Schedule),schedule,,sʰɯ.kʰe.ʥul.,Loan,外來語
6461,시즌,sijeun,季度、賽季 (Season),season,,ɕʰi.ʥɯn.,Loan,外來語
6462,시애틀,siaeteul,西雅圖,Seattle,,ɕʰi.ɛ.tʰɯl.,Loan,外來語
6463,서비스,seobiseu,服務、免費招待 (Service),service,,sʰʌ.bi.sʰɯ.,Loan,外來語
6464,서빙,seobing,端盤服務、上菜 (Serving),serving,,sʰʌ.biŋ.,Loan,外來語
6465,상하이,sanghai,上海,Shanghai,,sʰaŋ.ha.i.,Loan,外來語
6466,셔츠,syeocheu,襯衫,shirt,,ɕʰʌ.ʨʰɯ.,Loan,外來語
6467,쇼바,syoba,避震器 (Shock absorber),sho(ck) (absor)ber,,ɕʰo.ba.,Loan,外來語
6468,쇼핑,syoping,購物、逛街,shopping,,ɕʰo.pʰiŋ.,Loan,外來語
6469,쇼핑몰,syopingmol,購物中心、商場,shopping mall,,ɕʰo.pʰiŋ.mol.,Loan,外來語
6470,샤워,syawo,淋浴、沖澡,shower,,ɕʰa.u̯ʌ.,Loan,外來語
6471,셔틀버스,syeoteulbeoseu,接駁車、班車,shuttle bus,,ɕʰʌ.tʰɯl.p͈ʌ.sʰɯ.,Loan,外來語
6472,사인,sain,簽名、暗號 (Sign),sign,,sʰa.in.,Loan,外來語
6473,싱가포르,singgaporeu,新加坡,Singapore,,ɕʰiŋ.ɡa.pʰo.ɾɯ.,Loan,外來語
6474,스키,seuki,滑雪,ski,,sʰɯ.kʰi.,Loan,外來語
6475,스커트,seukeoteu,裙子,skirt,,sʰɯ.kʰʌ.tʰɯ.,Loan,外來語
6476,스마트폰,seumateupon,智慧型手機,smartphone,,sʰɯ.ma.tʰɯ.pʰon.,Loan,外來語
6477,소파,sopa,沙發,sofa,,sʰo.pʰa.,Loan,外來語
6478,수프,supeu,濃湯、湯 (Soup),soup,,sʰu.pʰɯ.,Loan,外來語
6479,스페인,seupein,西班牙,Spain,,sʰɯ.pʰe.in.,Loan,外來語
6480,스페인어,seupeineo,西班牙語,Spain語,,sʰɯ.pʰe.in.ʌ.,Loan,外來語
6481,스페셜,seupesyeol,特別、特製 (Special),special,,sʰɯ.pʰe.ɕʰʌl.,Loan,外來語
6482,스포츠,seupocheu,體育運動,sports,,sʰɯ.pʰo.ʨʰɯ.,Loan,外來語
6483,스타워즈,seutawojeu,星際大戰,Star Wars,,sʰɯ.tʰa.u̯ʌ.ʥɯ.,Loan,外來語
6484,스타벅스,seutabeokseu,星巴克 (Starbucks),Starbucks,,sʰɯ.tʰa.bʌk̚.s͈ɯ.,Loan,外來語
6485,스테이크,seuteikeu,牛排、排餐,steak,,sʰɯ.tʰe.i.kʰɯ.,Loan,外來語
6486,스트레스,seuteureseu,壓力 (Stress),stress,,sʰɯ.tʰɯ.ɾe.sʰɯ.,Loan,外來語
6487,스위스,seuwiseu,瑞士,Suisse,,sʰɯ.ɥi.sʰɯ.,Loan,外來語
6488,선크림,seonkeurim,防曬乳 (Sun cream),suncream,,sʰʌŋ.kʰɯ.ɾim.,Loan,外來語
6489,선글라스,seongeulraseu,太陽眼鏡、墨鏡,sunglass,,sʰʌŋ.ɡɯl.la.sʰɯ.,Loan,外來語
6490,슈퍼마켓,syupeomakes,超級市場,supermarket,,ɕʰu.pʰʌ.ma.kʰet̚.,Loan,外來語
6491,슈퍼,syupeo,超市 (口語簡稱),supermarket,,ɕʰu.pʰʌ.,Loan,外來語
6492,스웨터,seuweteo,毛衣、針織衫,sweater,,sʰɯ.u̯e.tʰʌ.,Loan,外來語
6493,스웨덴,seuweden,瑞典,Sweden,,sʰɯ.u̯e.den.,Loan,外來語
6494,스위스제,seuwiseuje,瑞士製造,Swiss製,,sʰɯ.ɥi.sʰɯ.ʥe.,Loan,外來語
6495,스위치,seuwichi,開關、Switch,switch,,sʰɯ.ɥi.ʨʰi.,Loan,外來語
6496,테이블,teibeul,桌子、餐桌,table,,tʰe.i.bɯl.,Loan,外來語
6497,타이베이,taibei,台北,Taipei,,tʰa.i.be.i.,Loan,外來語
6498,택시,taeksi,計程車,taxi,,tʰɛk̚.ɕʰi.,Loan,外來語
6499,팀장,timjang,組長、團隊隊長,team長,,tʰim.ʥaŋ.,Loan,外來語
6500,텔레비전,telrebijeon,電視機,television,,tʰel.le.bi.ʥʌn.,Loan,外來語
6501,테니스,teniseu,網球,tennis,,tʰe.ni.sʰɯ.,Loan,外來語
6502,테니스장,teniseujang,網球場,tennis場,,tʰe.ni.sʰɯ.ʥaŋ.,Loan,外來語
6503,터미널,teomineol,客運站、航廈 (Terminal),terminal,,tʰʌ.mi.nʌl.,Loan,外來語
6504,티켓,tikes,票券、門票、車票,ticket,,tʰi.kʰet̚.,Loan,外來語
6505,타이밍,taiming,時機、Timing,timing,,tʰa.i.miŋ.,Loan,外來語
6506,타이어,taieo,輪胎,tire,,tʰa.i.ʌ.,Loan,外來語
6507,도쿄,dokyo,東京,Tokyo,,to.kʰjo.,Loan,外來語
6508,토네이도,toneido,龍捲風,tornado,,tʰo.ne.i.do.,Loan,外來語
6509,토론토,toronto,多倫多,Toronto,,tʰo.ɾon.tʰo.,Loan,外來語
6510,토너먼트,toneomeonteu,錦標賽、淘汰賽 (Tournament),tournament,,tʰo.nʌ.mʌn.tʰɯ.,Loan,外來語
6511,트럭,teureok,卡車、貨車,truck,,tʰɯ.ɾʌk̚.,Loan,外來語
6512,튠업,tyuneop,改裝調校 (Tune-up),tune-up,,tʰjun.ʌp̚.,Loan,外來語
6513,티비,tibi,電視 (TV),TV,,tʰi.bi.,Loan,外來語
6514,트윈,teuwin,雙胞胎、雙人房 (Twin),twin,,tʰɯ.ɥin.,Loan,外來語
6515,비닐,binil,塑膠袋、塑膠膜 (Vinyl),vinyl,,pi.nil.,Loan,外來語
6516,비자,bija,簽證 (Visa),visa,,pi.ʥa.,Loan,外來語
6517,웨일스,weilseu,威爾斯 (Wales),Wales,,u̯e.il.s͈ɯ.,Loan,外來語
6518,월가,wolga,華爾街 (Wall Street),Wall街,,u̯ʌl.k͈a.,Loan,外來語
6519,웰던,weldeon,全熟 (牛排 Well-done),well done,,u̯el.t͈ʌn.,Loan,外來語
