編號,韓文,羅馬拼音,中文,英文,Level (TOPIK等級),Part of Speech (詞性)
1,것,geot,東西、事物,A thing or an object,A,依存名詞 / 量詞 (Dependent Noun / 의존명사)，如 것（東西/事情）、개（個）、명（名）。
2,하다,hada,做、幹,To do,A,動詞 (Verb / 동사)，如 하다（做）、가다（去）。
3,있다,itda,有、在、存在,To be,A,動詞 (Verb / 동사)，如 하다（做）、가다（去）。
4,수,su,方法、辦法、數量,"way, method, Number",A,依存名詞 / 量詞 (Dependent Noun / 의존명사)，如 것（東西/事情）、개（個）、명（名）。
5,하다,hada,做、幹,To do,A,補助用言 (Auxiliary / 補助用言 (Auxiliary / 보조용언)，如 ～버리다、～싶다。조용언)，如 ～버리다、～싶다。
6,나,na,我,"I, me",A,代名詞 (Pronoun / 대명사)，如 나（我）、우리（我們）、그（他）。
7,없다,eopda,沒有、不在,"Do not exist, absent",A,形容詞 (Adjective / 형용사)，如 크다（大）、좋다（好）。
8,않다,anta,不、未（否定）,To not do,A,動詞 (Verb / 동사)，如 하다（做）、가다（去）。
9,사람,saram,人,Person,A,名詞 (Noun / 명사)，如 사람（人）、집（家）。
10,우리,uri,我們、我們的,"we, our",A,代名詞 (Pronoun / 대명사)，如 나（我）、우리（我們）、그（他）。
11,그,geu,他、那個,"He, That",A,代名詞 (Pronoun / 대명사)，如 나（我）、우리（我們）、그（他）。
12,아니다,anida,不是,To not be,A,形容詞 (Adjective / 형용사)，如 크다（大）、좋다（好）。
13,보다,boda,嘗試、試看（~해 보다）,To try,A,動詞 (Verb / 동사)，如 하다（做）、가다（去）。
14,거,geo,東西、事（것的口語）,thing,A,依存名詞 / 量詞 (Dependent Noun / 의존명사)，如 것（東西/事情）、개（個）、명（名）。
15,보다,boda,看、看見,To see,A,補助用言 (Auxiliary / 補助用言 (Auxiliary / 보조용언)，如 ～버리다、～싶다。조용언)，如 ～버리다、～싶다。
16,같다,gatda,像、相同、好像,To be similar,A,形容詞 (Adjective / 형용사)，如 크다（大）、좋다（好）。
17,주다,juda,給、給予、替...做,"To give, to do for a person",A,補助詞 (Auxiliary Particle / 보조사) 或其他接尾助詞。
18,대하다,daehada,對待、面對、關於,"Face, confront",B,名詞 (Noun / 명사)，如 사람（人）、집（家）。
19,가다,gada,去、走,To go,A,動詞 (Verb / 동사)，如 하다（做）、가다（去）。
20,년,nyeon,年、年份,Year,A,依存名詞 / 量詞 (Dependent Noun / 의존명사)，如 것（東西/事情）、개（個）、명（名）。
21,한,han,一、一個、某一,"One, a single",A,冠形詞 (Determiner / 관형사)，如 한（一個）、어떤（某種）。
22,말,mal,話、言語、語言,"words,speaking",A,名詞 (Noun / 명사)，如 사람（人）、집（家）。
23,일,il,工作、事情,Work,A,名詞 (Noun / 명사)，如 사람（人）、집（家）。
24,이,i,這個人、人,"A person, a man/woman",A,代名詞 (Pronoun / 대명사)，如 나（我）、우리（我們）、그（他）。
25,말하다,malhada,說話、說,Speak,A,動詞 (Verb / 동사)，如 하다（做）、가다（去）。
26,위하다,wihada,為了、為,To do for the sake of,B,動詞 (Verb / 동사)，如 하다（做）、가다（去）。
27,그러나,geureona,但是、然而,However or but still,A,副詞 (Adverb / 부사)，如 더（更）、잘（好）。
28,오다,oda,來,To come,A,動詞 (Verb / 동사)，如 하다（做）、가다（去）。
29,알다,alda,知道、認識,To know,A,動詞 (Verb / 동사)，如 하다（做）、가다（去）。
30,씨,ssi,先生、女士、氏,~ Mr.,A,依存名詞 / 量詞 (Dependent Noun / 의존명사)，如 것（東西/事情）、개（個）、명（名）。
31,그렇다,geureota,是那樣、沒錯,That is right or yes.,A,形容詞 (Adjective / 형용사)，如 크다（大）、좋다（好）。
32,크다,keuda,大、長大,"To be big, large",A,形容詞 (Adjective / 형용사)，如 크다（大）、좋다（好）。
33,일,il,一日、一天,One day,A,依存名詞 / 量詞 (Dependent Noun / 의존명사)，如 것（東西/事情）、개（個）、명（名）。
34,사회,sahoe,社會,"culture,society",B,名詞 (Noun / 명사)，如 사람（人）、집（家）。
35,많다,manta,多、許多,"many, much",A,形容詞 (Adjective / 형용사)，如 크다（大）、좋다（好）。
36,안,an,不、沒（否定副詞）,~ not ~ + VERB,A,副詞 (Adverb / 부사)，如 더（更）、잘（好）。
37,좋다,jota,好、喜歡,To be good,A,形容詞 (Adjective / 형용사)，如 크다（大）、좋다（好）。
38,더,deo,更、更加、再,More,A,副詞 (Adverb / 부사)，如 더（更）、잘（好）。
39,받다,batda,收到、接受,Receive,A,動詞 (Verb / 동사)，如 하다（做）、가다（去）。
40,그것,geugeot,那個、那件事,That thing,A,代名詞 (Pronoun / 대명사)，如 나（我）、우리（我們）、그（他）。
41,집,jip,家、房子,House,A,名詞 (Noun / 명사)，如 사람（人）、집（家）。
42,나오다,naoda,出來、出現,Come out,A,動詞 (Verb / 동사)，如 하다（做）、가다（去）。
43,그리고,geurigo,還有、而且、然後,And or and then,A,副詞 (Adverb / 부사)，如 더（更）、잘（好）。
44,문제,munje,問題,"question,problem",A,名詞 (Noun / 명사)，如 사람（人）、집（家）。
45,그런,geureon,那樣的,Such a,B,冠形詞 (Determiner / 관형사)，如 한（一個）、어떤（某種）。
46,살다,salda,生活、居住,To live,A,動詞 (Verb / 동사)，如 하다（做）、가다（去）。
47,저,jeo,那個（冠形詞）,That,A,代名詞 (Pronoun / 대명사)，如 나（我）、우리（我們）、그（他）。
48,못하다,mothada,不能、做不到、做不好,Be impossible,A,動詞 (Verb / 동사)，如 하다（做）、가다（去）。
49,생각하다,saenggakhada,想、思考、認為,To think,A,動詞 (Verb / 동사)，如 하다（做）、가다（去）。
50,모르다,moreuda,不知道、不認識,To not know,A,動詞 (Verb / 동사)，如 하다（做）、가다（去）。
51,속,sok,裡面、內部、內心,The inside,A,名詞 (Noun / 명사)，如 사람（人）、집（家）。
52,만들다,mandeulda,製作、做、製造,To make,A,動詞 (Verb / 동사)，如 하다（做）、가다（去）。
53,데,de,處所、地方、方面,"Place, point, instance",B,依存名詞 / 量詞 (Dependent Noun / 의존명사)，如 것（東西/事情）、개（個）、명（名）。
54,앞,ap,前面、前方,"In front of, before",A,名詞 (Noun / 명사)，如 사람（人）、집（家）。
55,경우,gyeongu,情況、場合,A case or an instance,B,名詞 (Noun / 명사)，如 사람（人）、집（家）。
56,중,jung,中、之中、當中,"The center, the middle",B,依存名詞 / 量詞 (Dependent Noun / 의존명사)，如 것（東西/事情）、개（個）、명（名）。
57,어떤,eotteon,什麼樣的、某個,"What kind of, what sort of",A,冠形詞 (Determiner / 관형사)，如 한（一個）、어떤（某種）。
58,잘,jal,好、擅長、仔細,Well,A,副詞 (Adverb / 부사)，如 더（更）、잘（好）。
59,그녀,geunyeo,她,She,A,代名詞 (Pronoun / 대명사)，如 나（我）、우리（我們）、그（他）。
60,먹다,meokda,吃,"Eat, chow down on",A,動詞 (Verb / 동사)，如 하다（做）、가다（去）。
61,자신,jasin,自己、自身,"one's own self, one's own body",B,名詞 (Noun / 명사)，如 사람（人）、집（家）。
62,문화,munhwa,文化,culture,B,名詞 (Noun / 명사)，如 사람（人）、집（家）。
63,원,won,韓元（幣值單位）,"A unit of south korean money, KRW",A,依存名詞 / 量詞 (Dependent Noun / 의존명사)，如 것（東西/事情）、개（個）、명（名）。
64,생각,saenggak,想法、念頭,Thought,A,名詞 (Noun / 명사)，如 사람（人）、집（家）。
65,어떻다,eotteota,如何、怎麼樣,"how,what.. do you think of",A,形容詞 (Adjective / 형용사)，如 크다（大）、좋다（好）。
66,명,myeong,名、位（人數計量）,Person counter,A,依存名詞 / 量詞 (Dependent Noun / 의존명사)，如 것（東西/事情）、개（個）、명（名）。
67,통하다,tonghada,通、穿過、透過,"Run, lead; flow; go through",B,動詞 (Verb / 동사)，如 하다（做）、가다（去）。
68,그러다,geureoda,那樣做、那麼說,"and so, and then, well",C,名詞 (Noun / 명사)，如 사람（人）、집（家）。
69,그러다,geureoda,那樣做、那麼說,"and so, and then, well",C,名詞 (Noun / 명사)，如 사람（人）、집（家）。
70,소리,sori,聲音、聲響,"A sound,noise",B,名詞 (Noun / 명사)，如 사람（人）、집（家）。
71,다시,dasi,再、再次、重新,Again,A,副詞 (Adverb / 부사)，如 더（更）、잘（好）。
72,다른,dareun,別的、其他、不同的,Different,A,冠形詞 (Determiner / 관형사)，如 한（一個）、어떤（某種）。
73,이런,ireon,這樣的、這種,"Such, like this",A,冠形詞 (Determiner / 관형사)，如 한（一個）、어떤（某種）。
74,여자,yeoja,女人、女性,"woman,female",A,名詞 (Noun / 명사)，如 사람（人）、집（家）。
75,개,gae,個（計量單位）,Unit or piece,A,依存名詞 / 量詞 (Dependent Noun / 의존명사)，如 것（東西/事情）、개（個）、명（名）。
76,정도,jeongdo,程度、左右,"grade,degree",B,名詞 (Noun / 명사)，如 사람（人）、집（家）。
77,다,da,全、都、全部,"All, everything",A,副詞 (Adverb / 부사)，如 더（更）、잘（好）。
78,좀,jom,稍微、一點、請,A little,A,副詞 (Adverb / 부사)，如 더（更）、잘（好）。
79,싶다,sipda,想、想要（~고 싶다）,"want,hope",A,補助用言 (Auxiliary / 補助用言 (Auxiliary / 보조용언)，如 ～버리다、～싶다。조용언)，如 ～버리다、～싶다。
80,보이다,boida,看得見、顯現,"see,catch sight of",B,動詞 (Verb / 동사)，如 하다（做）、가다（去）。
81,가지다,gajida,拿、帶、擁有,To have or take or hold,A,動詞 (Verb / 동사)，如 하다（做）、가다（去）。
82,함께,hamkke,一起、一同,"Together, with",A,副詞 (Adverb / 부사)，如 더（更）、잘（好）。
83,아이,ai,孩子、小孩,Child,A,名詞 (Noun / 명사)，如 사람（人）、집（家）。
84,지나다,jinada,經過、過去、流逝,"pass,elapse,go on",B,動詞 (Verb / 동사)，如 하다（做）、가다（去）。
85,많이,mani,多、很多、非常,A lot,A,副詞 (Adverb / 부사)，如 더（更）、잘（好）。
86,시간,sigan,時間,Time,A,名詞 (Noun / 명사)，如 사람（人）、집（家）。
87,너,neo,你（非敬語）,You,A,代名詞 (Pronoun / 대명사)，如 나（我）、우리（我們）、그（他）。
88,인간,ingan,人類、人,"A person, a human being",B,名詞 (Noun / 명사)，如 사람（人）、집（家）。
89,사실,sasil,事實、真相,"The truth, a fact",B,名詞 (Noun / 명사)，如 사람（人）、집（家）。
90,나다,nada,出生、產生、長出,To be born,A,動詞 (Verb / 동사)，如 하다（做）、가다（去）。
91,이렇다,ireota,這樣、如此,Like this,A,形容詞 (Adjective / 형용사)，如 크다（大）、좋다（好）。
92,어머니,eomeoni,母親、媽媽,Mom,A,名詞 (Noun / 명사)，如 사람（人）、집（家）。
93,눈,nun,眼睛 / 雪,Eyes,A,名詞 (Noun / 명사)，如 사람（人）、집（家）。
94,뭐,mwo,什麼、什麼事,Huh? (2) something,A,代名詞 (Pronoun / 대명사)，如 나（我）、우리（我們）、그（他）。
95,점,jeom,點、分數、店鋪,Store,B,名詞 (Noun / 명사)，如 사람（人）、집（家）。
96,의하다,uihada,依據、由於、按照,"To be due to, owing to",B,動詞 (Verb / 동사)，如 하다（做）、가다（去）。
97,시대,sidae,時代,"An age,period",B,名詞 (Noun / 명사)，如 사람（人）、집（家）。
98,다음,daeum,下一個、下次、然後,Next,A,名詞 (Noun / 명사)，如 사람（人）、집（家）。
99,이러하다,ireohada,如此、像這樣,"Be this way, be like follows",B,名詞 (Noun / 명사)，如 사람（人）、집（家）。
100,누구,nugu,誰,Who,A,代名詞 (Pronoun / 대명사)，如 나（我）、우리（我們）、그（他）。
101,곳,got,地方、處所,Place,A,名詞 (Noun / 명사)，如 사람（人）、집（家）。
102,여러,yeoreo,許多、諸多、各種,"many,various",A,冠形詞 (Determiner / 관형사)，如 한（一個）、어떤（某種）。
103,안,an,裡面、內部,Inside,A,名詞 (Noun / 명사)，如 사람（人）、집（家）。
104,하나,hana,一、一個,One,A,數詞 (Numeral / 수사)，如 하나（一）。：數詞 (Numeral / 수사)，如 하나（一）。
105,세계,segye,世界,World,B,名詞 (Noun / 명사)，如 사람（人）、집（家）。
106,버리다,beorida,...掉了、...光了（輔助動詞 ~어 버리다）,"(following a verb) the verb's action is over, perhaps in a sad way",A,補助用言 (Auxiliary / 補助用言 (Auxiliary / 보조용언)，如 ～버리다、～싶다。조용언)，如 ～버리다、～싶다。
107,위,wi,上面、上方、頂部,"The upper part, above",A,名詞 (Noun / 명사)，如 사람（人）、집（家）。
108,운동,undong,運動、體育,"Motion, movement",A,名詞 (Noun / 명사)，如 사람（人）、집（家）。
109,퍼센트,peosenteu,百分比、百分之...,Percent,A,依存名詞 / 量詞 (Dependent Noun / 의존명사)，如 것（東西/事情）、개（個）、명（名）。
110,학교,hakgyo,學校,School,A,名詞 (Noun / 명사)，如 사람（人）、집（家）。
111,자기,jagi,自己、自身,"Oneself, number one, numerouno, self",B,代名詞 (Pronoun / 대명사)，如 나（我）、우리（我們）、그（他）。
112,가장,gajang,最、頂、極其,Most,A,副詞 (Adverb / 부사)，如 더（更）、잘（好）。
113,대통령,daetongnyeong,總統,The president,B,名詞 (Noun / 명사)，如 사람（人）、집（家）。
114,가지,gaji,種、樣（種類計量）,One of the kind or a sort,B,依存名詞 / 量詞 (Dependent Noun / 의존명사)，如 것（東西/事情）、개（個）、명（名）。
115,시작하다,sijakhada,開始,"To start,begin",A,動詞 (Verb / 동사)，如 하다（做）、가다（去）。
116,바로,baro,正是、直接、馬上,"Right, correctly",A,副詞 (Adverb / 부사)，如 더（更）、잘（好）。
117,어느,eoneu,某個、哪一個,"Some, a certain",A,冠形詞 (Determiner / 관형사)，如 한（一個）、어떤（某種）。
118,그래서,geuraeseo,所以、因此,And so accordingly,A,副詞 (Adverb / 부사)，如 더（更）、잘（好）。
119,무엇,mueot,什麼、事物,"That thing,whatever",A,代名詞 (Pronoun / 대명사)，如 나（我）、우리（我們）、그（他）。
120,정부,jeongbu,政府,Government,C,名詞 (Noun / 명사)，如 사람（人）、집（家）。
121,모든,modeun,所有的、一切的,Every one,A,冠形詞 (Determiner / 관형사)，如 한（一個）、어떤（某種）。
122,번,beon,次、回、號碼,"Number, how many times",A,依存名詞 / 量詞 (Dependent Noun / 의존명사)，如 것（東西/事情）、개（個）、명（名）。
123,그거,geugeo,那個（口語）,That thing,A,代名詞 (Pronoun / 대명사)，如 나（我）、우리（我們）、그（他）。
124,돈,don,錢、金錢,Money,A,名詞 (Noun / 명사)，如 사람（人）、집（家）。
125,국가,gukga,國家,A state or a nation,B,名詞 (Noun / 명사)，如 사람（人）、집（家）。
126,그런데,geureonde,但是、不過、然而,But or however,A,副詞 (Adverb / 부사)，如 더（更）、잘（好）。
127,날,nal,日子、天,Day,A,名詞 (Noun / 명사)，如 사람（人）、집（家）。
128,여기,yeogi,這裡（註：亦可指餘暇/業餘愛好）,A hobby,A,代名詞 (Pronoun / 대명사)，如 나（我）、우리（我們）、그（他）。
129,모두,modu,大家、所有人,Everybody,A,副詞 (Adverb / 부사)，如 더（更）、잘（好）。
130,여성,yeoseong,女性,Female,B,名詞 (Noun / 명사)，如 사람（人）、집（家）。
131,친구,chingu,朋友,A friend,A,名詞 (Noun / 명사)，如 사람（人）、집（家）。
132,마음,maeum,心、心思、心情,Heart,A,名詞 (Noun / 명사)，如 사람（人）、집（家）。
133,후,hu,後、之後,After,A,名詞 (Noun / 명사)，如 사람（人）、집（家）。
134,놓다,nota,放、放置、放下,"Put, place",A,補助用言 (Auxiliary / 補助用言 (Auxiliary / 보조용언)，如 ～버리다、～싶다。조용언)，如 ～버리다、～싶다。
135,관계,gwangye,關係、關聯,Connection or relation,B,名詞 (Noun / 명사)，如 사람（人）、집（家）。
136,아버지,abeoji,父親、爸爸,Father,A,名詞 (Noun / 명사)，如 사람（人）、집（家）。
137,남자,namja,男人、男子,Boy,A,名詞 (Noun / 명사)，如 사람（人）、집（家）。
138,어디,eodi,哪裡、何處,Where?,A,代名詞 (Pronoun / 대명사)，如 나（我）、우리（我們）、그（他）。
139,몸,mom,身體、肉體,"body,physique",A,名詞 (Noun / 명사)，如 사람（人）、집（家）。
140,얼굴,eolgul,臉、面孔,Face,A,名詞 (Noun / 명사)，如 사람（人）、집（家）。
141,왜,wae,為什麼、何故,Why?,A,副詞 (Adverb / 부사)，如 더（更）、잘（好）。
142,나타나다,natanada,出現、顯現,"Come out, appear",B,動詞 (Verb / 동사)，如 하다（做）、가다（去）。
143,지역,jiyeok,地區、區域,"An area, region",B,名詞 (Noun / 명사)，如 사람（人）、집（家）。
144,다르다,dareuda,不同、不一樣,Be different,A,名詞 (Noun / 명사)，如 사람（人）、집（家）。
145,모습,moseup,模樣、面貌、身影,"shape,body",B,名詞 (Noun / 명사)，如 사람（人）、집（家）。
146,물,mul,水,Water,A,名詞 (Noun / 명사)，如 사람（人）、집（家）。
147,만나다,mannada,見面、遇見,Meet,A,動詞 (Verb / 동사)，如 하다（做）、가다（去）。
148,내다,naeda,拿出來、產出、出（錢/力）,produce something,A,動詞 (Verb / 동사)，如 하다（做）、가다（去）。
149,보이다,boida,給...看、展示、出示,"show,let see",B,動詞 (Verb / 동사)，如 하다（做）、가다（去）。
150,쓰다,sseuda,寫,To write,A,動詞 (Verb / 동사)，如 하다（做）、가다（去）。
151,이것,igeot,這個、這件事,This thing,A,代名詞 (Pronoun / 대명사)，如 나（我）、우리（我們）、그（他）。
152,없이,eopsi,沒有、毫無,Without,B,副詞 (Adverb / 부사)，如 더（更）、잘（好）。
153,이번,ibeon,這次、這回,This time,A,名詞 (Noun / 명사)，如 사람（人）、집（家）。
154,길,gil,路、道路,Road,A,名詞 (Noun / 명사)，如 사람（人）、집（家）。
155,생활,saenghwal,生活,"lifestyle,livelihood",A,名詞 (Noun / 명사)，如 사람（人）、집（家）。
156,쓰다,sseuda,服（藥）/ 苦 / 戴,Take (medicine),A,動詞 (Verb / 동사)，如 하다（做）、가다（去）。
157,뿐,ppun,只、僅、光是,"only,alone,merely",B,依存名詞 / 量詞 (Dependent Noun / 의존명사)，如 것（東西/事情）、개（個）、명（名）。
158,사이,sai,之間、間隔、關係,space between 2 points; the relationship between 2 people,A,名詞 (Noun / 명사)，如 사람（人）、집（家）。
159,방법,bangbeop,方法、辦法,"Way, method",B,名詞 (Noun / 명사)，如 사람（人）、집（家）。
160,새롭다,saeropda,新穎、嶄新,"To be new,novel",C,形容詞 (Adjective / 형용사)，如 크다（大）、좋다（好）。
161,내다,naeda,挺過去、堅持到底（~어 내다）,"to see through, to make it through sth",A,補助用言 (Auxiliary / 補助用言 (Auxiliary / 보조용언)，如 ～버리다、～싶다。조용언)，如 ～버리다、～싶다。
162,앉다,anda,坐、坐下,To sit down,A,動詞 (Verb / 동사)，如 하다（做）、가다（去）。
163,처음,cheoeum,最初、第一次、起初,First,A,名詞 (Noun / 명사)，如 사람（人）、집（家）。
164,손,son,手,The hand,A,名詞 (Noun / 명사)，如 사람（人）、집（家）。
165,몇,myeot,幾、若干,A few,A,冠形詞 (Determiner / 관형사)，如 한（一個）、어떤（某種）。
166,그때,geuttae,那時、當時,Then or at that time,A,名詞 (Noun / 명사)，如 사람（人）、집（家）。
167,과정,gwajeong,過程、課程,Process or course,C,名詞 (Noun / 명사)，如 사람（人）、집（家）。
168,삶,sam,生活、人生、生命,Life,C,名詞 (Noun / 명사)，如 사람（人）、집（家）。
169,갖다,gatda,拿著、擁有（가지다縮略）,To hold,B,動詞 (Verb / 동사)，如 하다（做）、가다（去）。
170,찾다,chatda,尋找、找尋、查找,"seek,look for",A,動詞 (Verb / 동사)，如 하다（做）、가다（去）。
171,특히,teukhi,特別、尤其,Especially,B,副詞 (Adverb / 부사)，如 더（更）、잘（好）。
172,시,si,點、時（鐘點）,Time,A,依存名詞 / 量詞 (Dependent Noun / 의존명사)，如 것（東西/事情）、개（個）、명（名）。
173,이상,isang,以上、異常,"More than, above",B,名詞 (Noun / 명사)，如 사람（人）、집（家）。
174,지금,jigeum,現在、如今,Now,A,副詞 (Adverb / 부사)，如 더（更）、잘（好）。
175,나가다,nagada,出去、前往,To go out,A,動詞 (Verb / 동사)，如 하다（做）、가다（去）。
176,이야기,iyagi,談話、故事、話,"Conversation, talk",A,名詞 (Noun / 명사)，如 사람（人）、집（家）。
177,교육,gyoyuk,教育,Education,B,名詞 (Noun / 명사)，如 사람（人）、집（家）。
178,사다,sada,買、購買,"To buy, purchase",A,動詞 (Verb / 동사)，如 하다（做）、가다（去）。
179,경제,gyeongje,經濟,Economy,B,名詞 (Noun / 명사)，如 사람（人）、집（家）。
180,아직,ajik,還、尚且、仍然,Still,A,副詞 (Adverb / 부사)，如 더（更）、잘（好）。
181,잡다,japda,抓、握、抓住,"seize,catch",A,動詞 (Verb / 동사)，如 하다（做）、가다（去）。
182,같이,gachi,一起、一同,Together,A,副詞 (Adverb / 부사)，如 더（更）、잘（好）。
183,선생님,seonsaengnim,老師、先生（敬稱）,Teacher,A,名詞 (Noun / 명사)，如 사람（人）、집（家）。
184,예술,yesul,藝術,"Art, an art",B,名詞 (Noun / 명사)，如 사람（人）、집（家）。
185,서다,seoda,站立、站、立,To stand,A,動詞 (Verb / 동사)，如 하다（做）、가다（去）。
186,못,mot,不能、沒法（否定副詞）,Cannot,A,副詞 (Adverb / 부사)，如 더（更）、잘（好）。
187,역사,yeoksa,歷史,History,A,名詞 (Noun / 명사)，如 사람（人）、집（家）。
188,읽다,ikda,讀、閱讀,To read,A,動詞 (Verb / 동사)，如 하다（做）、가다（去）。
189,결과,gyeolgwa,結果,Result,B,名詞 (Noun / 명사)，如 사람（人）、집（家）。
190,내용,naeyong,內容,Contents,B,名詞 (Noun / 명사)，如 사람（人）、집（家）。
191,물론,mulron,當然、自然,Of course,A,副詞 (Adverb / 부사)，如 더（更）、잘（好）。
192,책,chaek,書、書籍,A book,A,名詞 (Noun / 명사)，如 사람（人）、집（家）。
193,일어나다,ireonada,起床、站起、發生,"To rise, get up",A,動詞 (Verb / 동사)，如 하다（做）、가다（去）。
194,당신,dangsin,您、你（對等或尊稱/夫妻稱呼）,Formal you,B,代名詞 (Pronoun / 대명사)，如 나（我）、우리（我們）、그（他）。
195,시장,sijang,市場 / 市長,"market,fair",A,名詞 (Noun / 명사)，如 사람（人）、집（家）。
196,넣다,neota,放進、放入,"Put in, set in",A,動詞 (Verb / 동사)，如 하다（做）、가다（去）。
197,중요하다,jungyohada,重要,"To be important,weighty",A,形容詞 (Adjective / 형용사)，如 크다（大）、좋다（好）。
198,무슨,museun,什麼、什麼樣的,"What, what kind of",A,冠形詞 (Determiner / 관형사)，如 한（一個）、어떤（某種）。
199,느끼다,neukkida,感覺、感受、體會,To feel,B,動詞 (Verb / 동사)，如 하다（做）、가다（去）。
200,어렵다,eoryeopda,困難、難,"To be hard, difficult",A,形容詞 (Adjective / 형용사)，如 크다（大）、좋다（好）。
201,힘,him,力氣、力量,Power,A,名詞 (Noun / 명사)，如 사람（人）、집（家）。
202,너무,neomu,太、過分、非常,Too much,A,副詞 (Adverb / 부사)，如 더（更）、잘（好）。
203,나라,nara,國家,A country,A,名詞 (Noun / 명사)，如 사람（人）、집（家）。
204,부르다,bureuda,叫、喊、唱、吃飽,To call,A,動詞 (Verb / 동사)，如 하다（做）、가다（去）。
205,의미,uimi,意義、意思,"A meaning, a sense",B,名詞 (Noun / 명사)，如 사람（人）、집（家）。
206,자리,jari,座位、位置、名額,"seat,spot",A,名詞 (Noun / 명사)，如 사람（人）、집（家）。
207,밝히다,bakhida,照亮、表明、闡明,To light up,B,動詞 (Verb / 동사)，如 하다（做）、가다（去）。
208,죽다,jukda,死、死亡,"die,pass away",A,動詞 (Verb / 동사)，如 하다（做）、가다（去）。
209,이미,imi,已經、早已,Already,B,副詞 (Adverb / 부사)，如 더（更）、잘（好）。
210,쪽,jjok,邊、方向、面,"Way, direction",A,依存名詞 / 量詞 (Dependent Noun / 의존명사)，如 것（東西/事情）、개（個）、명（名）。
211,정치,jeongchi,政治,Politics,B,名詞 (Noun / 명사)，如 사람（人）、집（家）。
212,국민,gungmin,國民、民眾,The people or a nationality,B,名詞 (Noun / 명사)，如 사람（人）、집（家）。
213,생명,saengmyeong,生命,Life,C,名詞 (Noun / 명사)，如 사람（人）、집（家）。
214,얘기,yaegi,談話、故事（이야기縮略）,Story,A,名詞 (Noun / 명사)，如 사람（人）、집（家）。
215,학생,haksaeng,學生,Student,A,名詞 (Noun / 명사)，如 사람（人）、집（家）。
216,연구,yeongu,研究,Research,B,名詞 (Noun / 명사)，如 사람（人）、집（家）。
217,엄마,eomma,媽媽,Mamma,A,名詞 (Noun / 명사)，如 사람（人）、집（家）。
218,이름,ireum,名字、姓名,Name,A,名詞 (Noun / 명사)，如 사람（人）、집（家）。
219,하나,hana,一、一個,One,A,名詞 (Noun / 명사)，如 사람（人）、집（家）。
220,내리다,naerida,下來、下車、降下,Descend,A,動詞 (Verb / 동사)，如 하다（做）、가다（去）。
221,사건,sageon,事件、案件,"An event,incident",C,名詞 (Noun / 명사)，如 사람（人）、집（家）。
222,및,mit,以及、及、和,As well as,B,副詞 (Adverb / 부사)，如 더（更）、잘（好）。
223,쉽다,swipda,容易、簡單,To be easy,A,形容詞 (Adjective / 형용사)，如 크다（大）、좋다（好）。
224,짓다,jitda,造、建、做（飯/微笑）,"To make, build ; to form a line (a group)",B,動詞 (Verb / 동사)，如 하다（做）、가다（去）。
225,이유,iyu,理由、原因,Reason,B,名詞 (Noun / 명사)，如 사람（人）、집（家）。
226,필요하다,piryohada,需要,To need,A,形容詞 (Adjective / 형용사)，如 크다（大）、좋다（好）。
227,글,geul,文章、字、文字,"words, a verse",B,名詞 (Noun / 명사)，如 사람（人）、집（家）。
228,생기다,saenggida,產生、長出、發生,"arise,occur,happen",A,動詞 (Verb / 동사)，如 하다（做）、가다（去）。
229,사용하다,sayonghada,使用,To use,A,動詞 (Verb / 동사)，如 하다（做）、가다（去）。
230,남편,nampyeon,丈夫、老公,Husband,A,名詞 (Noun / 명사)，如 사람（人）、집（家）。
231,밖,bak,外面、外部,The outside,A,名詞 (Noun / 명사)，如 사람（人）、집（家）。
232,세상,sesang,世上、世界,"The world,society",B,名詞 (Noun / 명사)，如 사람（人）、집（家）。
233,작다,jakda,小,Small,A,形容詞 (Adjective / 형용사)，如 크다（大）、좋다（好）。
234,타다,tada,乘坐（車/船）/ 燃燒,Ride (bus),A,動詞 (Verb / 동사)，如 하다（做）、가다（去）。
235,대학,daehak,大學,University,A,名詞 (Noun / 명사)，如 사람（人）、집（家）。
236,작품,jakpum,作品,A work of art,C,名詞 (Noun / 명사)，如 사람（人）、집（家）。
237,상황,sanghwang,情況、狀況,State of things,C,名詞 (Noun / 명사)，如 사람（人）、집（家）。
238,가운데,gaunde,中間、當中,In the middle,A,名詞 (Noun / 명사)，如 사람（人）、집（家）。
239,보내다,bonaeda,寄、送、度過（時間）,Send,A,動詞 (Verb / 동사)，如 하다（做）、가다（去）。
240,즉,jeuk,即、也就是說,"namely,that is to say",B,副詞 (Adverb / 부사)，如 더（更）、잘（好）。
241,상태,sangtae,狀態、情況,"condition,state",C,名詞 (Noun / 명사)，如 사람（人）、집（家）。
242,이후,ihu,以後、之後,After that,B,名詞 (Noun / 명사)，如 사람（人）、집（家）。
243,당시,dangsi,當時、那時,At that time,C,名詞 (Noun / 명사)，如 사람（人）、집（家）。
244,문학,munhak,文學,Literature,B,名詞 (Noun / 명사)，如 사람（人）、집（家）。
245,더욱,deouk,更加、越發,More and more,C,副詞 (Adverb / 부사)，如 더（更）、잘（好）。
246,아주,aju,非常、極其、很,Extremely,A,副詞 (Adverb / 부사)，如 더（更）、잘（好）。
247,지방,jibang,地方、地區 / 脂肪,"A locality, district",B,名詞 (Noun / 명사)，如 사람（人）、집（家）。
248,밤,bam,夜晚、晚上 / 栗子,Night,A,名詞 (Noun / 명사)，如 사람（人）、집（家）。
249,높다,nopda,高,High,A,形容詞 (Adjective / 형용사)，如 크다（大）、좋다（好）。
250,최근,choegeun,最近、近來,Recently,B,名詞 (Noun / 명사)，如 사람（人）、집（家）。
251,채,chae,照舊、維持原狀（~ㄴ 채로）,"As it is, no change",C,依存名詞 / 量詞 (Dependent Noun / 의존명사)，如 것（東西/事情）、개（個）、명（名）。
252,현실,hyeonsil,現實,"Actuality, reality",C,名詞 (Noun / 명사)，如 사람（人）、집（家）。
253,환경,hwangyeong,環境,Environment,B,名詞 (Noun / 명사)，如 사람（人）、집（家）。
254,컴퓨터,keompyuteo,電腦、計算機,Computer,A,名詞 (Noun / 명사)，如 사람（人）、집（家）。
255,먼저,meonjeo,首先、先、先前,First,A,副詞 (Adverb / 부사)，如 더（更）、잘（好）。
256,다니다,danida,往返、上學/上班,Go to and from a aplace,A,動詞 (Verb / 동사)，如 하다（做）、가다（去）。
257,얼마나,eolmana,多麼、多少,"How many, how much",A,副詞 (Adverb / 부사)，如 더（更）、잘（好）。
258,자체,jache,自身、本身,one's own body,B,名詞 (Noun / 명사)，如 사람（人）、집（家）。
259,열다,yeolda,打開、開啟、舉行,Open,A,動詞 (Verb / 동사)，如 하다（做）、가다（去）。
260,머리,meori,頭、頭髮、腦袋,Head,A,名詞 (Noun / 명사)，如 사람（人）、집（家）。
261,묻다,mutda,詢問、問 / 沾染 / 埋,to Ask,A,動詞 (Verb / 동사)，如 하다（做）、가다（去）。
262,남다,namda,剩下、殘留,"Remain, be left over",B,動詞 (Verb / 동사)，如 하다（做）、가다（去）。
263,부분,bubun,部分,"part,portion",B,名詞 (Noun / 명사)，如 사람（人）、집（家）。
264,기업,gieop,企業,An enterprise or business,C,名詞 (Noun / 명사)，如 사람（人）、집（家）。
265,변화,byeonhwa,變化,"Change, transformation",B,名詞 (Noun / 명사)，如 사람（人）、집（家）。
266,아들,adeul,兒子,"son,baby",A,名詞 (Noun / 명사)，如 사람（人）、집（家）。
267,아,a,啊（感嘆詞）,Oh dear,A,名詞 (Noun / 명사)，如 사람（人）、집（家）。0
268,선거,seongeo,選舉,An election,C,名詞 (Noun / 명사)，如 사람（人）、집（家）。
269,관하다,gwanhada,關於、涉及（~에 관한）,Refer to or be about,B,動詞 (Verb / 동사)，如 하다（做）、가다（去）。
270,분,bun,分、分鐘,Minutes,A,依存名詞 / 量詞 (Dependent Noun / 의존명사)，如 것（東西/事情）、개（個）、명（名）。
271,그냥,geunyang,就那樣、就這樣、只是,Just because or in that condition,B,副詞 (Adverb / 부사)，如 더（更）、잘（好）。
272,나누다,nanuda,分開、分享、劃分,To divide,B,動詞 (Verb / 동사)，如 하다（做）、가다（去）。
273,이용하다,iyonghada,利用、使用,"To use, make use of",B,動詞 (Verb / 동사)，如 하다（做）、가다（去）。
274,거의,geoui,幾乎、差不多,Almost or nearly,B,副詞 (Adverb / 부사)，如 더（更）、잘（好）。
275,곧,got,馬上、立刻、即將,Soon,A,副詞 (Adverb / 부사)，如 더（更）、잘（好）。
276,중심,jungsim,中心、核心,"The nucleus, the focus, the heart",B,名詞 (Noun / 명사)，如 사람（人）、집（家）。
277,활동,hwaldong,活動,Activity,B,名詞 (Noun / 명사)，如 사람（人）、집（家）。
278,오늘,oneul,今天,Today,A,名詞 (Noun / 명사)，如 사람（人）、집（家）。
279,서로,seoro,互相、彼此,"mutually,one another",A,副詞 (Adverb / 부사)，如 더（更）、잘（好）。
280,관심,gwansim,關心、興趣、關注,Concern or interest,B,名詞 (Noun / 명사)，如 사람（人）、집（家）。
281,역시,yeoksi,果然、也是、也是如此,"As expected, likewise",B,副詞 (Adverb / 부사)，如 더（更）、잘（好）。
282,이거,igeo,這個（口語）,This thing,A,代名詞 (Pronoun / 대명사)，如 나（我）、우리（我們）、그（他）。
283,애,ae,孩子、小傢伙,"A baby, or a slightly derogative word for person",B,名詞 (Noun / 명사)，如 사람（人）、집（家）。
284,광고,gwanggo,廣告,Advertisement,B,名詞 (Noun / 명사)，如 사람（人）、집（家）。
285,나다,nada,出現、產生、發生,"To come out, grow, spring up",B,補助用言 (Auxiliary / 補助用言 (Auxiliary / 보조용언)，如 ～버리다、～싶다。조용언)，如 ～버리다、～싶다。
286,방,bang,房間、屋子,A room,A,名詞 (Noun / 명사)，如 사람（人）、집（家）。
287,정신,jeongsin,精神、心神,"mind,spirit",B,名詞 (Noun / 명사)，如 사람（人）、집（家）。
288,이르다,ireuda,到達、達到 / 早,"To reach, arrive, get at",B,動詞 (Verb / 동사)，如 하다（做）、가다（去）。
289,이루다,iruda,實現、成就、形成,"Accomplish, complete",B,動詞 (Verb / 동사)，如 하다（做）、가다（去）。
290,아침,achim,早晨、早飯,Morning,A,名詞 (Noun / 명사)，如 사람（人）、집（家）。
291,웃다,utda,笑、微笑,"To laugh, smile",A,動詞 (Verb / 동사)，如 하다（做）、가다（去）。
292,현상,hyeonsang,現象 / 現狀,"The present situation, state",C,名詞 (Noun / 명사)，如 사람（人）、집（家）。
293,기술,gisul,技術、技能,Art or technique or ability,B,名詞 (Noun / 명사)，如 사람（人）、집（家）。
294,전체,jeonche,全體、全部,"The whole, the entire section",B,名詞 (Noun / 명사)，如 사람（人）、집（家）。
295,그래,geurae,是啊、好、行,So or yes or that's right,A,名詞 (Noun / 명사)，如 사람（人）、집（家）。0
296,얻다,eotda,得到、獲得,"Get, obtain",B,動詞 (Verb / 동사)，如 하다（做）、가다（去）。
297,아름답다,areumdapda,美麗、優美,To be beautiful,A,形容詞 (Adjective / 형용사)，如 크다（大）、좋다（好）。
298,끝,kkeut,結束、末尾、終點,The end,A,名詞 (Noun / 명사)，如 사람（人）、집（家）。
299,민족,minjok,民族,"race,nation,people",B,名詞 (Noun / 명사)，如 사람（人）、집（家）。
300,간,gan,間、期間、彼此間,The interval between,B,依存名詞 / 量詞 (Dependent Noun / 의존명사)，如 것（東西/事情）、개（個）、명（名）。
301,조사,josa,調查 / 助詞,"investigation,inquiry",B,名詞 (Noun / 명사)，如 사람（人）、집（家）。
302,듯,deut,好像、似乎（~듯하다）,To be like something,C,依存名詞 / 量詞 (Dependent Noun / 의존명사)，如 것（東西/事情）、개（個）、명（名）。
303,입,ip,嘴、嘴巴,Mouth,A,名詞 (Noun / 명사)，如 사람（人）、집（家）。
304,뭐,mwo,什麼、什麼事,Huh? (2) something,A,名詞 (Noun / 명사)，如 사람（人）、집（家）。0
305,그대로,geudaero,照原樣、就那樣,Like that,B,名詞 (Noun / 명사)，如 사람（人）、집（家）。
306,영화,yeonghwa,電影,A movie,A,名詞 (Noun / 명사)，如 사람（人）、집（家）。
307,필요,piryo,需要、必要,"Need, requirement,necessity",A,名詞 (Noun / 명사)，如 사람（人）、집（家）。
308,줄,jul,方法、會不會（~ㄹ 줄 알다）/ 繩子,"way,method",B,依存名詞 / 量詞 (Dependent Noun / 의존명사)，如 것（東西/事情）、개（個）、명（名）。
309,하늘,haneul,天空,The sky,A,名詞 (Noun / 명사)，如 사람（人）、집（家）。
310,년대,nyeondae,年代,Year,B,依存名詞 / 量詞 (Dependent Noun / 의존명사)，如 것（東西/事情）、개（個）、명（名）。
311,과학,gwahak,科學,Science,B,名詞 (Noun / 명사)，如 사람（人）、집（家）。
312,자연,jayeon,自然、大自然,Nature,B,名詞 (Noun / 명사)，如 사람（人）、집（家）。
313,정말,jeongmal,真的、確實,Really,A,副詞 (Adverb / 부사)，如 더（更）、잘（好）。
314,구조,gujo,結構、構造 / 救援,Construction or structure,C,名詞 (Noun / 명사)，如 사람（人）、집（家）。
315,결국,gyeolguk,終究、最終、結果,After all or in the end,B,名詞 (Noun / 명사)，如 사람（人）、집（家）。
316,밥,bap,飯、米飯、飯菜,"Rice, a meal",A,名詞 (Noun / 명사)，如 사람（人）、집（家）。
317,입다,ipda,穿（衣服）、受（損害）,To wear,A,動詞 (Verb / 동사)，如 하다（做）、가다（去）。
318,오히려,ohiryeo,反而、反倒,"Rather,preferably",C,副詞 (Adverb / 부사)，如 더（更）、잘（好）。
319,프로그램,peurogeuraem,節目、程式、計畫,Program,B,名詞 (Noun / 명사)，如 사람（人）、집（家）。
320,네,ne,是的、好,Yes,A,名詞 (Noun / 명사)，如 사람（人）、집（家）。0
321,이루어지다,irueojida,實現、形成、構成,"Get accomplished, achieved",B,動詞 (Verb / 동사)，如 하다（做）、가다（去）。
322,남,nam,別人、他人,"Others, other people",C,名詞 (Noun / 명사)，如 사람（人）、집（家）。
323,하루,haru,一天、一日,A day,B,名詞 (Noun / 명사)，如 사람（人）、집（家）。
324,그림,geurim,畫、圖畫,A picture,A,名詞 (Noun / 명사)，如 사람（人）、집（家）。
325,적,jeok,...的時候、經驗（~ㄴ 적）,"The time,the occasion,when",B,依存名詞 / 量詞 (Dependent Noun / 의존명사)，如 것（東西/事情）、개（個）、명（名）。
326,터,teo,處境、打算、地基,"one's status, one's lot",B,依存名詞 / 量詞 (Dependent Noun / 의존명사)，如 것（東西/事情）、개（個）、명（名）。
327,마시다,masida,喝、飲,To drink,A,動詞 (Verb / 동사)，如 하다（做）、가다（去）。
328,치다,chida,打、擊、敲,"to attack, assault",A,動詞 (Verb / 동사)，如 하다（做）、가다（去）。
329,혼자,honja,獨自、一個人,Alone,A,名詞 (Noun / 명사)，如 사람（人）、집（家）。
330,나가다,nagada,前進、邁進、推進,"To advance, proceed, go forward",A,補助用言 (Auxiliary / 補助用言 (Auxiliary / 보조용언)，如 ～버리다、～싶다。조용언)，如 ～버리다、～싶다。
331,이제,ije,現在、如今、此刻,Now,A,名詞 (Noun / 명사)，如 사람（人）、집（家）。
332,교수,gyosu,教授,Teaching or instruction,A,名詞 (Noun / 명사)，如 사람（人）、집（家）。
333,술,sul,酒,Alcohol,A,名詞 (Noun / 명사)，如 사람（人）、집（家）。
334,사랑,sarang,愛、愛情,Love,A,名詞 (Noun / 명사)，如 사람（人）、집（家）。
335,전화,jeonhwa,電話,Telephone,A,名詞 (Noun / 명사)，如 사람（人）、집（家）。
336,끝나다,kkeutnada,結束、完結,To draw to a close or to end,A,動詞 (Verb / 동사)，如 하다（做）、가다（去）。
337,맞다,matda,正確、對、合適,"Be right, correct; to match, be fitting for",B,動詞 (Verb / 동사)，如 하다（做）、가다（去）。
338,아빠,appa,爸爸,Dad,A,名詞 (Noun / 명사)，如 사람（人）、집（家）。
339,걸리다,geolrida,掛著、花費（時間）、得病,To be hung up or suspended,B,動詞 (Verb / 동사)，如 하다（做）、가다（去）。
340,지키다,jikida,遵守、守護、保持,"Protect, maintain",B,動詞 (Verb / 동사)，如 하다（做）、가다（去）。
341,한번,hanbeon,一次、一旦、試著,Once,A,名詞 (Noun / 명사)，如 사람（人）、집（家）。
342,커피,keopi,咖啡,Coffee,A,名詞 (Noun / 명사)，如 사람（人）、집（家）。
343,가슴,gaseum,胸膛、內心,Chest,A,名詞 (Noun / 명사)，如 사람（人）、집（家）。
344,길다,gilda,長、長久,To be long,A,形容詞 (Adjective / 형용사)，如 크다（大）、좋다（好）。
345,바라보다,baraboda,凝望、注視、指望,"Look at, watch ; to look forward to, hope for",B,動詞 (Verb / 동사)，如 하다（做）、가다（去）。
346,알아보다,araboda,打聽、調查、認出,"To investigate, examine, search",C,動詞 (Verb / 동사)，如 하다（做）、가다（去）。
347,맛,mat,味道、風味,Flavor,A,名詞 (Noun / 명사)，如 사람（人）、집（家）。
348,대부분,daebubun,大部分、多半,Most,B,名詞 (Noun / 명사)，如 사람（人）、집（家）。
349,산업,saneop,產業、工業,Industry,C,名詞 (Noun / 명사)，如 사람（人）、집（家）。
350,매우,maeu,非常、很,Very,A,副詞 (Adverb / 부사)，如 더（更）、잘（好）。
351,오르다,oreuda,上漲、攀登、升高,"Go up, climb, ascend",A,動詞 (Verb / 동사)，如 하다（做）、가다（去）。
352,음식,eumsik,食物、食品,Food,A,名詞 (Noun / 명사)，如 사람（人）、집（家）。
353,표정,pyojeong,表情、神情,"Facial expression, look",B,名詞 (Noun / 명사)，如 사람（人）、집（家）。
354,꼭,kkok,一定、務必、正好,For sure,A,副詞 (Adverb / 부사)，如 더（更）、잘（好）。
355,일부,ilbu,一部分、部分,"A part, a portion",B,名詞 (Noun / 명사)，如 사람（人）、집（家）。
356,요즘,yojeum,最近、近來,"Recently, nowadays",A,名詞 (Noun / 명사)，如 사람（人）、집（家）。
357,계획,gyehoek,計劃、打算,A plan or a project,A,名詞 (Noun / 명사)，如 사람（人）、집（家）。
358,느낌,neukkim,感覺、印象,"Touch, feel",B,名詞 (Noun / 명사)，如 사람（人）、집（家）。
359,얼마,eolma,多少、若干,"How many, how much",A,名詞 (Noun / 명사)，如 사람（人）、집（家）。
360,고개,gogae,頭、頸、山嶺,The nape of the neck,B,名詞 (Noun / 명사)，如 사람（人）、집（家）。
361,성격,seonggyeok,性格、性質,"Personality ; character, nature",B,名詞 (Noun / 명사)，如 사람（人）、집（家）。
362,계속,gyesok,繼續、持續、不斷,Continuously,A,副詞 (Adverb / 부사)，如 더（更）、잘（好）。
363,세기,segi,世紀,Century,B,名詞 (Noun / 명사)，如 사람（人）、집（家）。
364,세우다,seuda,樹立、建立、停（車）,"Stand up, erect",B,動詞 (Verb / 동사)，如 하다（做）、가다（去）。
365,아내,anae,妻子、老婆,Wife,A,名詞 (Noun / 명사)，如 사람（人）、집（家）。
366,가족,gajok,家人、家庭,Family,A,名詞 (Noun / 명사)，如 사람（人）、집（家）。
367,현재,hyeonjae,現在、目前,"The present time, now, at present",B,副詞 (Adverb / 부사)，如 더（更）、잘（好）。
368,세,se,三（冠形詞）,Three,A,冠形詞 (Determiner / 관형사)，如 한（一個）、어떤（某種）。
369,발전,baljeon,發展、進步,Development,B,名詞 (Noun / 명사)，如 사람（人）、집（家）。
370,차,cha,車、車輛,"A vehicle, train/auto car",A,名詞 (Noun / 명사)，如 사람（人）、집（家）。
371,놀다,nolda,玩、玩耍、遊玩,"Play, amuse oneself",A,動詞 (Verb / 동사)，如 하다（做）、가다（去）。
372,향하다,hyanghada,朝向、面向、前往,"To face, look out on",B,動詞 (Verb / 동사)，如 하다（做）、가다（去）。
373,관련,gwanryeon,關聯、相關,Relation or connection or reference,B,名詞 (Noun / 명사)，如 사람（人）、집（家）。
374,형태,hyeongtae,形態、形狀,"Form, shape",C,名詞 (Noun / 명사)，如 사람（人）、집（家）。
375,각,gak,各、每個,Each or every,B,冠形詞 (Determiner / 관형사)，如 한（一個）、어떤（某種）。
376,도시,dosi,城市、都市,City,A,名詞 (Noun / 명사)，如 사람（人）、집（家）。
377,작업,jageop,工作、作業,Work,C,名詞 (Noun / 명사)，如 사람（人）、집（家）。
378,분위기,bunwigi,氣氛、氛圍,"atmosphere,surroundings",B,名詞 (Noun / 명사)，如 사람（人）、집（家）。
379,그러하다,geureohada,如此、是那樣,To be so or right,B,形容詞 (Adjective / 형용사)，如 크다（大）、좋다（好）。
380,나이,nai,年齡、年紀,Age,A,名詞 (Noun / 명사)，如 사람（人）、집（家）。
381,우선,useon,首先、優先、姑且,"First of all, before everything",B,副詞 (Adverb / 부사)，如 더（更）、잘（好）。
382,믿다,mitda,相信、信任,Believe,B,動詞 (Verb / 동사)，如 하다（做）、가다（去）。
383,바꾸다,bakkuda,更換、改變、換,"change,exchange",A,動詞 (Verb / 동사)，如 하다（做）、가다（去）。
384,낳다,nata,生、生育、導致,To give birth,B,動詞 (Verb / 동사)，如 하다（做）、가다（去）。
385,바,ba,所...的事物、情況（~ㄴ 바）,"A thing, what",C,依存名詞 / 量詞 (Dependent Noun / 의존명사)，如 것（東西/事情）、개（個）、명（名）。
386,정보,jeongbo,資訊、情報,"information,intelligence",B,名詞 (Noun / 명사)，如 사람（人）、집（家）。
387,열리다,yeolrida,被打開、召開、結（果）,"Open, be opened, be unlocked",B,動詞 (Verb / 동사)，如 하다（做）、가다（去）。
388,좋아하다,joahada,喜歡、愛好,"To like, be fond of",A,動詞 (Verb / 동사)，如 하다（做）、가다（去）。
389,그리다,geurida,畫、描繪、思念,Picture or draw a picture,A,動詞 (Verb / 동사)，如 하다（做）、가다（去）。
390,만큼,mankeum,像...一樣、那麼多、程度,Of that amount,B,依存名詞 / 量詞 (Dependent Noun / 의존명사)，如 것（東西/事情）、개（個）、명（名）。
391,배우다,baeuda,學習、學,To learn,A,動詞 (Verb / 동사)，如 하다（做）、가다（去）。
392,시,si,詩、詩歌,"Poetry, lines of verse",C,名詞 (Noun / 명사)，如 사람（人）、집（家）。
393,역할,yeokhal,角色、作用,"A part, a role",B,名詞 (Noun / 명사)，如 사람（人）、집（家）。
394,옆,yeop,旁邊、側旁,Next to,A,名詞 (Noun / 명사)，如 사람（人）、집（家）。
395,행동,haengdong,行動、行為,"Action, behavior",B,名詞 (Noun / 명사)，如 사람（人）、집（家）。
396,어,eo,啊、哎呀（感嘆詞）,"Oh, well, why",A,名詞 (Noun / 명사)，如 사람（人）、집（家）。0
397,국내,gungnae,國內,Inside the country,B,名詞 (Noun / 명사)，如 사람（人）、집（家）。
398,비하다,bihada,比、比起、相比（~에 비하다）,Compare to,C,動詞 (Verb / 동사)，如 하다（做）、가다（去）。
399,기관,gigwan,機關、機構、引擎,An engine or a machine,C,名詞 (Noun / 명사)，如 사람（人）、집（家）。
400,입장,ipjang,立場、處境,"A position, situation",C,名詞 (Noun / 명사)，如 사람（人）、집（家）。
401,만하다,manhada,值得、具備...價值（~ㄹ 만하다）,Be of the extent of,C,補助用言 (Auxiliary / 補助用言 (Auxiliary / 보조용언)，如 ～버리다、～싶다。조용언)，如 ～버리다、～싶다。
402,예,ye,例子、例如,Example,B,名詞 (Noun / 명사)，如 사람（人）、집（家）。
403,아래,arae,下面、下方,"The bottom, the lower part",A,名詞 (Noun / 명사)，如 사람（人）、집（家）。
404,방식,bangsik,方式、形式,"A form, method, process",C,名詞 (Noun / 명사)，如 사람（人）、집（家）。
405,영향,yeonghyang,影響,"Influence, consequences",C,名詞 (Noun / 명사)，如 사람（人）、집（家）。
406,그럼,geureom,那麼、當然,Certainly or of course.,A,副詞 (Adverb / 부사)，如 더（更）、잘（好）。
407,나서다,naseoda,站出來、出面、走向,"Come out, come forth",B,動詞 (Verb / 동사)，如 하다（做）、가다（去）。
408,흐르다,heureuda,流動、流淌、逝去,"Flow, stream",B,動詞 (Verb / 동사)，如 하다（做）、가다（去）。
409,저,jeo,那個...、嗯...（口頭停頓）,"Uh, well, ...",A,冠形詞 (Determiner / 관형사)，如 한（一個）、어떤（某種）。
410,깊다,gipda,深、深沉,Deep,B,形容詞 (Adjective / 형용사)，如 크다（大）、좋다（好）。
411,배,bae,船、舟,A boat (boating),A,名詞 (Noun / 명사)，如 사람（人）、집（家）。
412,내,nae,內、以內（~日內）,Inside,C,依存名詞 / 量詞 (Dependent Noun / 의존명사)，如 것（東西/事情）、개（個）、명（名）。
413,모양,moyang,形狀、模樣,"A shape, form",B,名詞 (Noun / 명사)，如 사람（人）、집（家）。
414,산,san,山,A mountain,A,名詞 (Noun / 명사)，如 사람（人）、집（家）。
415,새,sae,新的（冠形詞）,New,A,冠形詞 (Determiner / 관형사)，如 한（一個）、어떤（某種）。
416,하지만,hajiman,但是、可是,"But, nevertheless",A,副詞 (Adverb / 부사)，如 더（更）、잘（好）。
417,조건,jogeon,條件,"condition,stipulation",B,名詞 (Noun / 명사)，如 사람（人）、집（家）。
418,문,mun,門,Door,A,名詞 (Noun / 명사)，如 사람（人）、집（家）。
419,꽃,kkot,花、花朵,Flower,A,名詞 (Noun / 명사)，如 사람（人）、집（家）。
420,단계,dangye,階段、步驟,"A step, phase",C,名詞 (Noun / 명사)，如 사람（人）、집（家）。
421,올리다,olrida,提升、抬高、上傳,"Raise, lift up",C,動詞 (Verb / 동사)，如 하다（做）、가다（去）。
422,그동안,geudongan,這期間、這段時間,During that time,A,名詞 (Noun / 명사)，如 사람（人）、집（家）。
423,교사,gyosa,教師、老師,Instructor,C,名詞 (Noun / 명사)，如 사람（人）、집（家）。
424,갑자기,gapjagi,突然、忽然,Suddenly,A,副詞 (Adverb / 부사)，如 더（更）、잘（好）。
425,넘다,neomda,超過、跨過、越過,Cross or go across,B,動詞 (Verb / 동사)，如 하다（做）、가다（去）。
426,지니다,jinida,佩帶、攜帶、具有,"Carry with, hold, possess",C,動詞 (Verb / 동사)，如 하다（做）、가다（去）。
427,바람,baram,風 / 願望,Wind,A,名詞 (Noun / 명사)，如 사람（人）、집（家）。
428,잘하다,jalhada,做得好、擅長,To do well,A,動詞 (Verb / 동사)，如 하다（做）、가다（去）。
429,마을,maeul,村莊、村落,Town,B,名詞 (Noun / 명사)，如 사람（人）、집（家）。
430,어리다,eorida,年幼、幼小,"To be very young, juvenile",B,形容詞 (Adjective / 형용사)，如 크다（大）、좋다（好）。
431,대표,daepyo,代表,Representative,B,名詞 (Noun / 명사)，如 사람（人）、집（家）。
432,가능성,ganeungseong,可能性,Possibility,B,名詞 (Noun / 명사)，如 사람（人）、집（家）。
433,방향,banghyang,方向,Direction,B,名詞 (Noun / 명사)，如 사람（人）、집（家）。
434,대회,daehoe,大會、比賽,A great meeting,B,名詞 (Noun / 명사)，如 사람（人）、집（家）。
435,목소리,moksori,聲音、嗓音,Voice,B,名詞 (Noun / 명사)，如 사람（人）、집（家）。
436,노래,norae,歌曲、歌,Song,A,名詞 (Noun / 명사)，如 사람（人）、집（家）。
437,바다,bada,大海、海洋,Sea,A,名詞 (Noun / 명사)，如 사람（人）、집（家）。
438,힘들다,himdeulda,吃力、辛苦、艱難,"To be hard, difficult",A,形容詞 (Adjective / 형용사)，如 크다（大）、좋다（好）。
439,공부,gongbu,學習、功課,Study,A,名詞 (Noun / 명사)，如 사람（人）、집（家）。
440,움직이다,umjigida,移動、活動、動搖,"To move, stir",B,動詞 (Verb / 동사)，如 하다（做）、가다（去）。
441,의원,uiwon,議員,A member,C,名詞 (Noun / 명사)，如 사람（人）、집（家）。
442,노력,noryeok,努力,Effort,B,名詞 (Noun / 명사)，如 사람（人）、집（家）。
443,전혀,jeonhyeo,完全、根本（接否定）,"entirely,utterly,completely",B,副詞 (Adverb / 부사)，如 더（更）、잘（好）。
444,언니,eonni,姐姐（女性稱呼）,Older sister,A,名詞 (Noun / 명사)，如 사람（人）、집（家）。
445,단체,danche,團體、群體,"A corps, a group",B,名詞 (Noun / 명사)，如 사람（人）、집（家）。
446,분,bun,位（人稱尊稱）/ 分,One part,A,依存名詞 / 量詞 (Dependent Noun / 의존명사)，如 것（東西/事情）、개（個）、명（名）。
447,알려지다,alryeojida,出名、為人所知,To become known,B,動詞 (Verb / 동사)，如 하다（做）、가다（去）。
448,가능하다,ganeunghada,可能、可行,To be possible,B,名詞 (Noun / 명사)，如 사람（人）、집（家）。
449,능력,neungryeok,能力、才幹,"Ability, capability, how much and how well",B,名詞 (Noun / 명사)，如 사람（人）、집（家）。
450,주장하다,jujanghada,主張、堅持,"To assert,maintain",B,動詞 (Verb / 동사)，如 하다（做）、가다（去）。
451,자식,jasik,子女、孩子,one's children,B,名詞 (Noun / 명사)，如 사람（人）、집（家）。
452,불,bul,火、火光、燈,Fire,A,名詞 (Noun / 명사)，如 사람（人）、집（家）。
453,주민,jumin,居民,"inhabitants,dwellers",C,名詞 (Noun / 명사)，如 사람（人）、집（家）。
454,모으다,moeuda,收集、聚集、積累,"gather,get together",B,動詞 (Verb / 동사)，如 하다（做）、가다（去）。
455,자료,jaryo,資料、材料,"materials,data",B,名詞 (Noun / 명사)，如 사람（人）、집（家）。
456,존재,jonjae,存在,Existence,C,名詞 (Noun / 명사)，如 사람（人）、집（家）。
457,학년,hangnyeon,學年、年級,A school year,A,名詞 (Noun / 명사)，如 사람（人）、집（家）。
458,신문,sinmun,報紙,A newspaper,A,名詞 (Noun / 명사)，如 사람（人）、집（家）。
459,가지다,gajida,抱有（想法/感情）,Entertain or hold or have,A,補助用言 (Auxiliary / 補助用言 (Auxiliary / 보조용언)，如 ～버리다、～싶다。조용언)，如 ～버리다、～싶다。
460,이해하다,ihaehada,理解、懂得,To understand,A,動詞 (Verb / 동사)，如 하다（做）、가다（去）。
461,제품,jepum,產品、製品,Manufactured goods,B,名詞 (Noun / 명사)，如 사람（人）、집（家）。
462,분야,bunya,領域、界,Field,C,名詞 (Noun / 명사)，如 사람（人）、집（家）。
463,선생,seonsaeng,先生、老師,Teacher,A,名詞 (Noun / 명사)，如 사람（人）、집（家）。
464,사업,saeop,事業、生意、業務,Business,B,名詞 (Noun / 명사)，如 사람（人）、집（家）。
465,행위,haengwi,行為、舉動,"An act, deed, behavior",C,名詞 (Noun / 명사)，如 사람（人）、집（家）。
466,수준,sujun,水平、水準,Level,C,名詞 (Noun / 명사)，如 사람（人）、집（家）。
467,지난해,jinanhae,去年,Last year,B,名詞 (Noun / 명사)，如 사람（人）、집（家）。
468,표현,pyohyeon,表現、表達,"Verbal expression, representation, manifestation",B,名詞 (Noun / 명사)，如 사람（人）、집（家）。
469,기분,gibun,心情、心境,Mood,A,名詞 (Noun / 명사)，如 사람（人）、집（家）。
470,대,dae,時代、代、年代,"Era, period",C,依存名詞 / 量詞 (Dependent Noun / 의존명사)，如 것（東西/事情）、개（個）、명（名）。
471,젊다,jeomda,年輕,"To be young,youthful",B,形容詞 (Adjective / 형용사)，如 크다（大）、좋다（好）。
472,옷,ot,衣服,Clothes,A,名詞 (Noun / 명사)，如 사람（人）、집（家）。
473,기능,gineung,功能、機能,Function or functionality,C,名詞 (Noun / 명사)，如 사람（人）、집（家）。
474,순간,sungan,瞬間、剎那,"A moment,a second",B,名詞 (Noun / 명사)，如 사람（人）、집（家）。
475,전쟁,jeonjaeng,戰爭,War,B,名詞 (Noun / 명사)，如 사람（人）、집（家）。
476,전,jeon,前、之前,Before,A,冠形詞 (Determiner / 관형사)，如 한（一個）、어떤（某種）。
477,꿈,kkum,夢、夢想,A Dream,A,名詞 (Noun / 명사)，如 사람（人）、집（家）。
478,할머니,halmeoni,奶奶、外婆,Grandmother,A,名詞 (Noun / 명사)，如 사람（人）、집（家）。
479,회의,hoeui,會議,"A meeting, a conference",A,名詞 (Noun / 명사)，如 사람（人）、집（家）。
480,방송,bangsong,廣播、播放、播送,Broadcast,B,名詞 (Noun / 명사)，如 사람（人）、집（家）。
481,이야기하다,iyagihada,談話、聊天、敘述,To talk,A,動詞 (Verb / 동사)，如 하다（做）、가다（去）。
482,나무,namu,樹、木頭,Tree,A,名詞 (Noun / 명사)，如 사람（人）、집（家）。
483,자다,jada,睡覺,To sleep,A,動詞 (Verb / 동사)，如 하다（做）、가다（去）。
484,연극,yeongeuk,話劇、戲劇,"drama,a play",C,名詞 (Noun / 명사)，如 사람（人）、집（家）。
485,마찬가지,machangaji,一樣、同樣,The same,B,名詞 (Noun / 명사)，如 사람（人）、집（家）。
486,걷다,geotda,走、步行 / 捲起,To walk,A,動詞 (Verb / 동사)，如 하다（做）、가다（去）。
487,노동,nodong,勞動、勞工,"Labor, work",C,名詞 (Noun / 명사)，如 사람（人）、집（家）。
488,이때,ittae,這時、此時,"At this time, moment",A,名詞 (Noun / 명사)，如 사람（人）、집（家）。
489,과거,gwageo,過去、往昔,The past,B,名詞 (Noun / 명사)，如 사람（人）、집（家）。
490,가치,gachi,價值,Price,C,名詞 (Noun / 명사)，如 사람（人）、집（家）。
491,시간,sigan,小時、時間（長度）,a Length of time (한시간 동안),A,依存名詞 / 量詞 (Dependent Noun / 의존명사)，如 것（東西/事情）、개（個）、명（名）。
492,집단,jipdan,集體、集團,"A group, a collective body",C,名詞 (Noun / 명사)，如 사람（人）、집（家）。
493,현대,hyeondae,現代,"The present age, times",B,名詞 (Noun / 명사)，如 사람（人）、집（家）。
494,살펴보다,salpyeoboda,仔細觀察、察看,Watch closely,B,動詞 (Verb / 동사)，如 하다（做）、가다（去）。
495,장관,janggwan,部長、長官,A government cabinet minister,C,名詞 (Noun / 명사)，如 사람（人）、집（家）。
496,차이,chai,差異、差別,"difference,disparity",B,名詞 (Noun / 명사)，如 사람（人）、집（家）。
497,풀다,pulda,解開、解除、解決,"Untie, loosen ; to melt into",B,動詞 (Verb / 동사)，如 하다（做）、가다（去）。
498,시절,sijeol,時節、時期、年月,"season,time,occasion",B,名詞 (Noun / 명사)，如 사람（人）、집（家）。
499,물건,mulgeon,物品、東西,A thing,A,名詞 (Noun / 명사)，如 사람（人）、집（家）。
500,직접,jikjeop,直接、親自,Directly,B,副詞 (Adverb / 부사)，如 더（更）、잘（好）。
501,개인,gaein,個人、私人,Private or individual,B,名詞 (Noun / 명사)，如 사람（人）、집（家）。
502,근데,geunde,但是、不過（그런데縮略）,But or however,B,副詞 (Adverb / 부사)，如 더（更）、잘（好）。
503,발,bal,腳、足,Foot,A,名詞 (Noun / 명사)，如 사람（人）、집（家）。
504,작가,jakga,作家、作者,"writer,author",B,名詞 (Noun / 명사)，如 사람（人）、집（家）。
505,효과,hyogwa,效果、成效,"Effect, effectiveness",B,名詞 (Noun / 명사)，如 사람（人）、집（家）。
506,불교,bulgyo,佛教,Buddhism,B,名詞 (Noun / 명사)，如 사람（人）、집（家）。
507,끌다,kkeulda,拉、拖、吸引,Pull,B,動詞 (Verb / 동사)，如 하다（做）、가다（去）。
508,대로,daero,照樣、按照（~대로）/ 大路,"Like, according to",C,依存名詞 / 量詞 (Dependent Noun / 의존명사)，如 것（東西/事情）、개（個）、명（名）。
509,빨리,ppalri,快、趕緊、迅速,Quickly,A,副詞 (Adverb / 부사)，如 더（更）、잘（好）。
510,시작되다,sijakdoeda,開始（被動）,"To begin,start",A,動詞 (Verb / 동사)，如 하다（做）、가다（去）。
511,말다,malda,停止、別（~지 말다）,Cease,A,動詞 (Verb / 동사)，如 하다（做）、가다（去）。
512,설명하다,seolmyeonghada,說明、解釋,To explain,A,動詞 (Verb / 동사)，如 하다（做）、가다（去）。
513,우주,uju,宇宙,The universe,C,名詞 (Noun / 명사)，如 사람（人）、집（家）。
514,시기,sigi,時期、時機,"An opportunity,chance",C,名詞 (Noun / 명사)，如 사람（人）、집（家）。
515,마치,machi,好似、猶如、宛如,"As though, as if",B,副詞 (Adverb / 부사)，如 더（更）、잘（好）。
516,살,sal,歲（年齡）,Years old,A,依存名詞 / 量詞 (Dependent Noun / 의존명사)，如 것（東西/事情）、개（個）、명（名）。
517,생산,saengsan,生產 / 生育,1) production 2)birth,C,名詞 (Noun / 명사)，如 사람（人）、집（家）。
518,바라다,barada,希望、祈願,"Wish, hope",B,動詞 (Verb / 동사)，如 하다（做）、가다（去）。
519,강하다,ganghada,強大、強烈,To be strong or powerful,B,形容詞 (Adjective / 형용사)，如 크다（大）、좋다（好）。
520,경험,gyeongheom,經驗、經歷,Experience or undergo or suffer,B,名詞 (Noun / 명사)，如 사람（人）、집（家）。
521,음악,eumak,音樂,Music,A,名詞 (Noun / 명사)，如 사람（人）、집（家）。
522,최고,choego,最高、最好、最棒,The best,B,名詞 (Noun / 명사)，如 사람（人）、집（家）。
523,나타내다,natanaeda,表現、顯示、展現,"Show, display",B,動詞 (Verb / 동사)，如 하다（做）、가다（去）。
524,아프다,apeuda,痛、疼痛、生病,To hurt,A,形容詞 (Adjective / 형용사)，如 크다（大）、좋다（好）。
525,적다,jeokda,少、稀少 / 記錄,"To be small, few in number",A,形容詞 (Adjective / 형용사)，如 크다（大）、좋다（好）。
526,비,bi,雨,Rain,A,名詞 (Noun / 명사)，如 사람（人）、집（家）。
527,고향,gohyang,故鄉、家鄉,Hometown,A,名詞 (Noun / 명사)，如 사람（人）、집（家）。
528,놀라다,nolrada,吃驚、驚訝,Be surprised,A,動詞 (Verb / 동사)，如 하다（做）、가다（去）。
529,다양하다,dayanghada,多樣、豐富多彩,"To be various, diverse",B,形容詞 (Adjective / 형용사)，如 크다（大）、좋다（好）。
530,울다,ulda,哭、啼哭,"To cry, weep",A,動詞 (Verb / 동사)，如 하다（做）、가다（去）。
531,농민,nongmin,農民,A farmer,C,名詞 (Noun / 명사)，如 사람（人）、집（家）。
532,은행,eunhaeng,銀行 / 白果,A bank,A,名詞 (Noun / 명사)，如 사람（人）、집（家）。
533,지내다,jinaeda,過日子、度過、相處,"To pass, spend time",A,動詞 (Verb / 동사)，如 하다（做）、가다（去）。
534,결혼,gyeolhon,結婚,Marriage,A,名詞 (Noun / 명사)，如 사람（人）、집（家）。
535,법,beop,法、法律、規則,"A law, the law",B,名詞 (Noun / 명사)，如 사람（人）、집（家）。
536,소설,soseol,小說,"A novel, fiction story",B,名詞 (Noun / 명사)，如 사람（人）、집（家）。
537,예,ye,是、好的（敬語答應）,"Yes, certainly, right",A,名詞 (Noun / 명사)，如 사람（人）、집（家）。0
538,오후,ohu,下午,The afternoon,A,名詞 (Noun / 명사)，如 사람（人）、집（家）。
539,질서,jilseo,秩序,"Order, system",B,名詞 (Noun / 명사)，如 사람（人）、집（家）。
540,담다,damda,盛、裝、裝載,Put in a bottle,B,動詞 (Verb / 동사)，如 하다（做）、가다（去）。
541,모이다,moida,聚集、集合,"Meet, assemble",B,動詞 (Verb / 동사)，如 하다（做）、가다（去）。
542,시민,simin,市民,Residents of a city,B,名詞 (Noun / 명사)，如 사람（人）、집（家）。
543,회장,hoejang,會長、董事長,"Chariman, the president",B,名詞 (Noun / 명사)，如 사람（人）、집（家）。
544,빠르다,ppareuda,快、迅速,"Be fast, quick",A,形容詞 (Adjective / 형용사)，如 크다（大）、좋다（好）。
545,스스로,seuseuro,自己、自發、親自,"On its own, of its own free will",B,副詞 (Adverb / 부사)，如 더（更）、잘（好）。
546,아기,agi,嬰兒、寶寶,"baby,infant",A,名詞 (Noun / 명사)，如 사람（人）、집（家）。
547,아저씨,ajeossi,大叔、叔叔,"Sir, calling an unknown male",A,名詞 (Noun / 명사)，如 사람（人）、집（家）。
548,옛날,yennal,從前、古代、過去,"Ancient times, antiquity",A,名詞 (Noun / 명사)，如 사람（人）、집（家）。
549,이날,inal,這天、當天,"Today, this day",B,名詞 (Noun / 명사)，如 사람（人）、집（家）。
550,제대로,jedaero,好好地、正當地、合適地,As properly is suitable,B,副詞 (Adverb / 부사)，如 더（更）、잘（好）。
551,달,dal,月亮 / 月份,The moon,A,依存名詞 / 量詞 (Dependent Noun / 의존명사)，如 것（東西/事情）、개（個）、명（名）。
552,던지다,deonjida,投、扔、擲,To throw,B,動詞 (Verb / 동사)，如 하다（做）、가다（去）。
553,참,cham,真、確實、真是,"really,truly",A,副詞 (Adverb / 부사)，如 더（更）、잘（好）。
554,공간,gonggan,空間,Space or room,B,名詞 (Noun / 명사)，如 사람（人）、집（家）。
555,이곳,igot,這裡、此處,"This place, here",A,代名詞 (Pronoun / 대명사)，如 나（我）、우리（我們）、그（他）。
556,마지막,majimak,最後、最終,"Last, final",A,名詞 (Noun / 명사)，如 사람（人）、집（家）。
557,벌이다,beorida,展開、舉辦、開展,(1) to plan to start a job/project (2) to play a table game,B,動詞 (Verb / 동사)，如 하다（做）、가다（去）。
558,병원,byeongwon,醫院,Hospital,A,名詞 (Noun / 명사)，如 사람（人）、집（家）。
559,자세,jase,姿勢、態度,"Position, posture",C,名詞 (Noun / 명사)，如 사람（人）、집（家）。
560,강조하다,gangjohada,強調,Place empasis upon,B,動詞 (Verb / 동사)，如 하다（做）、가다（去）。
561,경찰,gyeongchal,警察,The police,A,名詞 (Noun / 명사)，如 사람（人）、집（家）。
562,맡다,matda,承擔、負責 / 聞（味道）,Take charge of,B,動詞 (Verb / 동사)，如 하다（做）、가다（去）。
563,저녁,jeonyeok,傍晚、晚上、晚飯,Evening,A,名詞 (Noun / 명사)，如 사람（人）、집（家）。
564,한편,hanpyeon,另一方面、一面,"One side, one way",B,副詞 (Adverb / 부사)，如 더（更）、잘（好）。
565,그러면,geureomyeon,那麼、那樣的話,If so or if that is the case,A,副詞 (Adverb / 부사)，如 더（更）、잘（好）。
566,기자,gija,記者,A journalist,B,名詞 (Noun / 명사)，如 사람（人）、집（家）。
567,넓다,neolda,寬、廣闊,Broad,A,形容詞 (Adjective / 형용사)，如 크다（大）、좋다（好）。
568,시험,siheom,考試、測驗,A test,A,名詞 (Noun / 명사)，如 사람（人）、집（家）。
569,잠,jam,覺、睡眠,Sleep,A,名詞 (Noun / 명사)，如 사람（人）、집（家）。
570,주로,juro,主要,"principally,mainly",B,副詞 (Adverb / 부사)，如 더（更）、잘（好）。
571,훨씬,hwolssin,...得多、更加、遠遠,"By far, very much so",B,副詞 (Adverb / 부사)，如 더（更）、잘（好）。
572,면,myeon,面、側面 / 麵,Side,C,名詞 (Noun / 명사)，如 사람（人）、집（家）。
573,통일,tongil,統一,Unification,B,名詞 (Noun / 명사)，如 사람（人）、집（家）。
574,건강,geongang,健康,Health,A,名詞 (Noun / 명사)，如 사람（人）、집（家）。
575,가깝다,gakkapda,近、靠近、親近,Close,A,形容詞 (Adjective / 형용사)，如 크다（大）、좋다（好）。
576,건물,geonmul,建築物、大樓,Building,A,名詞 (Noun / 명사)，如 사람（人）、집（家）。
577,시설,siseol,設施、設備,"establishment,institution",B,名詞 (Noun / 명사)，如 사람（人）、집（家）。
578,외국,oeguk,外國,A foreign country,A,名詞 (Noun / 명사)，如 사람（人）、집（家）。
579,밑,mit,底下、下方,The bottom,A,名詞 (Noun / 명사)，如 사람（人）、집（家）。
580,어른,eoreun,大人、長輩,"A man, an adult",A,名詞 (Noun / 명사)，如 사람（人）、집（家）。
581,주변,jubyeon,周圍、周邊,A circumference,B,名詞 (Noun / 명사)，如 사람（人）、집（家）。
582,대신,daesin,代替、代為,Instead of,B,名詞 (Noun / 명사)，如 사람（人）、집（家）。
583,원인,wonin,原因、成因,"A cause,a factor",C,名詞 (Noun / 명사)，如 사람（人）、집（家）。
584,팔다,palda,賣、售賣,To sell,A,動詞 (Verb / 동사)，如 하다（做）、가다（去）。
585,차례,charye,順序、次序、輪次,"(1) order,precedence (2) one time, one round",B,名詞 (Noun / 명사)，如 사람（人）、집（家）。
586,군,gun,軍隊、軍隊 / 君,An army,B,名詞 (Noun / 명사)，如 사람（人）、집（家）。
587,열심히,yeolsimhi,努力地、熱心地,"Enthusiastically,with zeal",A,副詞 (Adverb / 부사)，如 더（更）、잘（好）。
588,일하다,ilhada,工作、幹活,"To work, labor",A,動詞 (Verb / 동사)，如 하다（做）、가다（去）。
589,재산,jaesan,財產、資產,"property,fortune, assets, possessions",B,名詞 (Noun / 명사)，如 사람（人）、집（家）。
590,팀,tim,隊、團隊,Team,A,名詞 (Noun / 명사)，如 사람（人）、집（家）。
591,부모,bumo,父母,Parents,A,名詞 (Noun / 명사)，如 사람（人）、집（家）。
592,약간,yakgan,稍微、有些、少許,Somewhat,B,副詞 (Adverb / 부사)，如 더（更）、잘（好）。
593,언어,eoneo,語言,"language,speech",C,名詞 (Noun / 명사)，如 사람（人）、집（家）。
594,요구하다,yoguhada,要求、索求,"To demand,claim,request",B,動詞 (Verb / 동사)，如 하다（做）、가다（去）。
595,올라가다,olragada,上去、攀升,"To go up, ascend",A,動詞 (Verb / 동사)，如 하다（做）、가다（去）。
596,첫,cheot,第一、初（冠形詞）,First,B,冠形詞 (Determiner / 관형사)，如 한（一個）、어떤（某種）。
597,감독,gamdok,導演、監督、教練,The director,C,名詞 (Noun / 명사)，如 사람（人）、집（家）。
598,그날,geunal,那天、當天,That day or that same day,A,名詞 (Noun / 명사)，如 사람（人）、집（家）。
599,사실,sasil,其實、事實上,"Actually, really",B,副詞 (Adverb / 부사)，如 더（更）、잘（好）。
600,자주,jaju,經常、常常,"Always, constantly",A,名詞 (Noun / 명사)，如 사람（人）、집（家）。
601,당하다,danghada,遭受、遭逢,"Have, encounter",C,動詞 (Verb / 동사)，如 하다（做）、가다（去）。
602,삼다,samda,當作、作為、視為,Make a thing of,C,動詞 (Verb / 동사)，如 하다（做）、가다（去）。
603,약,yak,約、大約 / 藥,"About, approximately",B,冠形詞 (Determiner / 관형사)，如 한（一個）、어떤（某種）。
604,기간,gigan,期間、時期,A period or a time or,B,名詞 (Noun / 명사)，如 사람（人）、집（家）。
605,담배,dambae,煙、香煙,Tobacco,A,名詞 (Noun / 명사)，如 사람（人）、집（家）。
606,일으키다,ireukida,引起、扶起、振興,"Riase, get up; start, commence",B,名詞 (Noun / 명사)，如 사람（人）、집（家）。
607,일단,ildan,暫且、先、一旦,Temporarily,C,副詞 (Adverb / 부사)，如 더（更）、잘（好）。
608,할아버지,harabeoji,爺爺、外公,Grandfather,A,名詞 (Noun / 명사)，如 사람（人）、집（家）。
609,조직,jojik,組織、架構,"Organization (composition, structure)",C,名詞 (Noun / 명사)，如 사람（人）、집（家）。
610,태어나다,taeeonada,出生、誕生,"To be born, see the light of day",A,動詞 (Verb / 동사)，如 하다（做）、가다（去）。
611,공장,gongjang,工廠,Construction site,B,名詞 (Noun / 명사)，如 사람（人）、집（家）。
612,벌써,beolsseo,已經、早就,Already,A,副詞 (Adverb / 부사)，如 더（更）、잘（好）。
613,즐기다,jeulgida,享受、愛好,"Enjoy oneself,take pleasure,delight",B,動詞 (Verb / 동사)，如 하다（做）、가다（去）。
614,지,ji,自從（時間距今，~ㄴ 지）,"since,from",B,依存名詞 / 量詞 (Dependent Noun / 의존명사)，如 것（東西/事情）、개（個）、명（名）。
615,환자,hwanja,患者、病人,A patient,A,名詞 (Noun / 명사)，如 사람（人）、집（家）。
616,변하다,byeonhada,改變、變化,Change,B,動詞 (Verb / 동사)，如 하다（做）、가다（去）。
617,사고,sago,事故、意外 / 思考,An accident,B,名詞 (Noun / 명사)，如 사람（人）、집（家）。
618,그래도,geuraedo,即使如此、仍然,All the same,B,不變化詞 / 獨立詞 / 未分類詞），用來標記如 그래도（即使那樣/仍然）、걔（那孩子）、그래（是的/那樣） 等
619,아무리,amuri,多麼、不管怎樣,However much,B,副詞 (Adverb / 부사)，如 더（更）、잘（好）。
620,맞추다,matchuda,對齊、調整、配對,"Adjust, adapt",B,動詞 (Verb / 동사)，如 하다（做）、가다（去）。
621,쌀,ssal,大米、米,Uncooked rice,B,名詞 (Noun / 명사)，如 사람（人）、집（家）。
622,일반,ilban,一般、普通,"universal,common,usual",B,名詞 (Noun / 명사)，如 사람（人）、집（家）。
623,재미있다,jaemiitda,有趣、好玩,"interesting,fun",A,形容詞 (Adjective / 형용사)，如 크다（大）、좋다（好）。
624,가르치다,gareuchida,教、教導,To teach,A,動詞 (Verb / 동사)，如 하다（做）、가다（去）。
625,대화,daehwa,對話、交談,Conversation,A,名詞 (Noun / 명사)，如 사람（人）、집（家）。
626,막다,makda,擋住、堵塞、阻止,"Stop, obstruct",B,動詞 (Verb / 동사)，如 하다（做）、가다（去）。
627,올해,olhae,今年,This year,A,名詞 (Noun / 명사)，如 사람（人）、집（家）。
628,형,hyeong,哥哥（男性稱呼）,An elder brother,A,名詞 (Noun / 명사)，如 사람（人）、집（家）。
629,달리,dalri,不同地、另外,Differently,C,副詞 (Adverb / 부사)，如 더（更）、잘（好）。
630,버리다,beorida,扔掉、丟棄,Throw away,B,動詞 (Verb / 동사)，如 하다（做）、가다（去）。
631,붙이다,butida,貼上、附加、黏貼,"affix,put on",B,動詞 (Verb / 동사)，如 하다（做）、가다（去）。
632,인물,inmul,人物、人才,"A man, a person",C,名詞 (Noun / 명사)，如 사람（人）、집（家）。
633,늘,neul,總是、常常,Always,B,副詞 (Adverb / 부사)，如 더（更）、잘（好）。
634,모두,modu,全部、一切,everything,A,名詞 (Noun / 명사)，如 사람（人）、집（家）。
635,전국,jeonguk,全國,The whole country,B,名詞 (Noun / 명사)，如 사람（人）、집（家）。
636,마치다,machida,完成、結束,"Finish, complete",B,動詞 (Verb / 동사)，如 하다（做）、가다（去）。
637,전,jeon,全、全體（冠形詞）,"all,every",C,冠形詞 (Determiner / 관형사)，如 한（一個）、어떤（某種）。
638,다만,daman,只、僅僅、只不過,"Only, merely",C,副詞 (Adverb / 부사)，如 더（更）、잘（好）。
639,도움,doum,幫助、援助,Help,B,名詞 (Noun / 명사)，如 사람（人）、집（家）。
640,가정,gajeong,家庭 / 假定,Famly,B,名詞 (Noun / 명사)，如 사람（人）、집（家）。
641,걸다,geolda,掛、打（電話）、下（注）,Hang up or suspend,A,動詞 (Verb / 동사)，如 하다（做）、가다（去）。
642,빠지다,ppajida,陷入、掉進、沉迷,To fall into,B,動詞 (Verb / 동사)，如 하다（做）、가다（去）。
643,멀다,meolda,遠、遙遠,To be far,A,形容詞 (Adjective / 형용사)，如 크다（大）、좋다（好）。
644,버스,beoseu,公車、巴士,Bus,A,名詞 (Noun / 명사)，如 사람（人）、집（家）。
645,오늘날,oneulnal,現今、如今,"These days, nowadays",B,名詞 (Noun / 명사)，如 사람（人）、집（家）。
646,잠시,jamsi,暫時、片刻,For a little while,A,副詞 (Adverb / 부사)，如 더（更）、잘（好）。
647,농업,nongeop,農業,Agriculture,B,名詞 (Noun / 명사)，如 사람（人）、집（家）。
648,대다,daeda,貼上、靠上、碰,"Put, place up to",C,動詞 (Verb / 동사)，如 하다（做）、가다（去）。
649,식,sik,方式、式樣、儀式,"form,style",B,依存名詞 / 量詞 (Dependent Noun / 의존명사)，如 것（東西/事情）、개（個）、명（名）。
650,의견,uigyeon,意見、見解,"An opinion,a suggestion",B,名詞 (Noun / 명사)，如 사람（人）、집（家）。
651,무대,mudae,舞台,Stage,C,名詞 (Noun / 명사)，如 사람（人）、집（家）。
652,사진,sajin,照片、相片,Picture,A,名詞 (Noun / 명사)，如 사람（人）、집（家）。
653,주장,jujang,主張、見解,"assertion,insistance",C,名詞 (Noun / 명사)，如 사람（人）、집（家）。
654,표현하다,pyohyeonhada,表現、表達,"To express, make known by saying",B,動詞 (Verb / 동사)，如 하다（做）、가다（去）。
655,인하다,inhada,由於、起因於（~로 인하다）,"To be due to, caused by",C,動詞 (Verb / 동사)，如 하다（做）、가다（去）。
656,이상하다,isanghada,奇怪、異常,"To be strange,queer",B,形容詞 (Adjective / 형용사)，如 크다（大）、좋다（好）。
657,제일,jeil,第一、最,The first,A,名詞 (Noun / 명사)，如 사람（人）、집（家）。
658,붙다,butda,黏附、及格、緊貼,"Stick, adhere to",B,動詞 (Verb / 동사)，如 하다（做）、가다（去）。
659,아마,ama,大概、也許、可能,Probably,A,副詞 (Adverb / 부사)，如 더（更）、잘（好）。
660,얘기하다,yaegihada,談話、講述,To tell a story,A,動詞 (Verb / 동사)，如 하다（做）、가다（去）。
661,잇다,itda,連接、延續,"Join, connect",C,動詞 (Verb / 동사)，如 하다（做）、가다（去）。
662,조금,jogeum,稍微、一點點,A little,A,副詞 (Adverb / 부사)，如 더（更）、잘（好）。
663,경기,gyeonggi,比賽、競賽 / 經濟景氣,Race or match or contest,B,名詞 (Noun / 명사)，如 사람（人）、집（家）。
664,목적,mokjeok,目的,"goal,purpose",B,名詞 (Noun / 명사)，如 사람（人）、집（家）。
665,태도,taedo,態度,"attitude,comportment",B,名詞 (Noun / 명사)，如 사람（人）、집（家）。
666,남성,namseong,男性,Male,B,名詞 (Noun / 명사)，如 사람（人）、집（家）。
667,주위,juwi,周圍、周圍人,"The circumference,the girth",B,名詞 (Noun / 명사)，如 사람（人）、집（家）。
668,대책,daechaek,對策,Countermeasure,C,名詞 (Noun / 명사)，如 사람（人）、집（家）。
669,그만,geuman,到此為止、別再,That much or a little amount,B,副詞 (Adverb / 부사)，如 더（更）、잘（好）。
670,발생하다,balsaenghada,發生、產生,"Originate, come from",B,動詞 (Verb / 동사)，如 하다（做）、가다（去）。
671,다리,dari,腿 / 橋,Leg,A,名詞 (Noun / 명사)，如 사람（人）、집（家）。
672,아무,amu,任何人、任何,"anybody,everybody",A,冠形詞 (Determiner / 관형사)，如 한（一個）、어떤（某種）。
673,어쩌다,eojjeoda,偶爾、碰巧、怎麼,"By chance, accident",B,動詞 (Verb / 동사)，如 하다（做）、가다（去）。
674,재료,jaeryo,材料、原料,"stuff,material",B,名詞 (Noun / 명사)，如 사람（人）、집（家）。
675,각각,gakgak,各自、分別,Each and every,B,副詞 (Adverb / 부사)，如 더（更）、잘（好）。
676,결코,gyeolko,絕不、決不,Never or by no means,C,副詞 (Adverb / 부사)，如 더（更）、잘（好）。
677,옮기다,omgida,搬動、轉移、傳染,"Move, transfer (2)(sickness) communicate, transfer to",B,動詞 (Verb / 동사)，如 하다（做）、가다（去）。
678,항상,hangsang,常常、經常、總是,Always,A,副詞 (Adverb / 부사)，如 더（更）、잘（好）。
679,해,hae,年 / 太陽,A year,A,名詞 (Noun / 명사)，如 사람（人）、집（家）。
680,잃다,ilta,丟失、失去、喪失,"To lose, to miss, to be deprived",A,動詞 (Verb / 동사)，如 하다（做）、가다（去）。
681,자유,jayu,自由,Freedom,B,名詞 (Noun / 명사)，如 사람（人）、집（家）。
682,책임,chaegim,責任,Responsibility,B,名詞 (Noun / 명사)，如 사람（人）、집（家）。
683,바뀌다,bakkwida,被改變、調換,Be changed,B,動詞 (Verb / 동사)，如 하다（做）、가다（去）。
684,비슷하다,biseuthada,相似、相仿,To resemble,A,形容詞 (Adjective / 형용사)，如 크다（大）、좋다（好）。
685,심하다,simhada,嚴重、劇烈、過分,"To be extreme,intense",B,形容詞 (Adjective / 형용사)，如 크다（大）、좋다（好）。
686,경쟁,gyeongjaeng,競爭,Competition or rivalry,C,名詞 (Noun / 명사)，如 사람（人）、집（家）。
687,사랑하다,saranghada,愛、熱愛,To love,A,動詞 (Verb / 동사)，如 하다（做）、가다（去）。
688,아니,ani,不、不是（感嘆詞）,No!,B,名詞 (Noun / 명사)，如 사람（人）、집（家）。0
689,여름,yeoreum,夏天、夏季,"summer,summertime",A,名詞 (Noun / 명사)，如 사람（人）、집（家）。
690,자라다,jarada,成長、長大,To grow up,B,動詞 (Verb / 동사)，如 하다（做）、가다（去）。
691,회,hoe,次、回、局,"A time, an inning, a round in a game",C,依存名詞 / 量詞 (Dependent Noun / 의존명사)，如 것（東西/事情）、개（個）、명（名）。
692,구체적,guchejeok,具體的,Concretely,B,名詞 (Noun / 명사)，如 사람（人）、집（家）。
693,기회,gihoe,機會,An opportunity,B,名詞 (Noun / 명사)，如 사람（人）、집（家）。
694,실시하다,silsihada,實施、實行,"To enforce,put into effect",C,名詞 (Noun / 명사)，如 사람（人）、집（家）。
695,지구,jigu,地球 / 地區,The earth,B,名詞 (Noun / 명사)，如 사람（人）、집（家）。
696,번째,beonjjae,第...次、第...個,How many times,B,依存名詞 / 量詞 (Dependent Noun / 의존명사)，如 것（東西/事情）、개（個）、명（名）。
697,소비자,sobija,消費者,A consumer,B,名詞 (Noun / 명사)，如 사람（人）、집（家）。
698,싫다,silta,討厭、不喜歡,"To not like, to hate",A,形容詞 (Adjective / 형용사)，如 크다（大）、좋다（好）。
699,규모,gyumo,規模,Scale or scope or structure,C,名詞 (Noun / 명사)，如 사람（人）、집（家）。
700,기준,gijun,標準、基準,A standard or basis,B,名詞 (Noun / 명사)，如 사람（人）、집（家）。
701,말,mal,末、末尾,End,B,依存名詞 / 量詞 (Dependent Noun / 의존명사)，如 것（東西/事情）、개（個）、명（名）。
702,반드시,bandeusi,必須、必定、務必,Most certainly,B,副詞 (Adverb / 부사)，如 더（更）、잘（好）。
703,셈,sem,打算、算作（~ㄴ 셈이다）,"An intention,design,purpose",C,依存名詞 / 量詞 (Dependent Noun / 의존명사)，如 것（東西/事情）、개（個）、명（名）。
704,갖추다,gatchuda,具備、備齊,Make or get ready or prepare,C,動詞 (Verb / 동사)，如 하다（做）、가다（去）。
705,그러니까,geureonikka,所以、也就是說,And so it is that,A,副詞 (Adverb / 부사)，如 더（更）、잘（好）。
706,받아들이다,badadeurida,接受、接納、採納,Accept,B,動詞 (Verb / 동사)，如 하다（做）、가다（去）。
707,값,gap,價錢、價值,Price,A,名詞 (Noun / 명사)，如 사람（人）、집（家）。
708,현장,hyeonjang,現場,"on site, on location, at the site in question",C,名詞 (Noun / 명사)，如 사람（人）、집（家）。
709,건설,geonseol,建設、建築,Construction,C,名詞 (Noun / 명사)，如 사람（人）、집（家）。
710,꺼내다,kkeonaeda,掏出、拿出、提出（話題）,To get out or draw out,B,動詞 (Verb / 동사)，如 하다（做）、가다（去）。
711,노동자,nodongja,勞動者、工人,"Laborer, worker",B,名詞 (Noun / 명사)，如 사람（人）、집（家）。
712,언제나,eonjena,無論何時、總是,"everytime,always",A,副詞 (Adverb / 부사)，如 더（更）、잘（好）。
713,완전히,wanjeonhi,完全地、徹底地,"completely,perfectly",B,副詞 (Adverb / 부사)，如 더（更）、잘（好）。
714,자동차,jadongcha,汽車,Car,A,名詞 (Noun / 명사)，如 사람（人）、집（家）。
715,전하다,jeonhada,轉達、傳遞、傳授,"To transmit,convey",B,動詞 (Verb / 동사)，如 하다（做）、가다（去）。
716,존재하다,jonjaehada,存在,To exist,C,動詞 (Verb / 동사)，如 하다（做）、가다（去）。
717,개월,gaewol,個月（月數計量）,Each and every month,A,依存名詞 / 量詞 (Dependent Noun / 의존명사)，如 것（東西/事情）、개（個）、명（名）。
718,맞다,matda,迎接、遭受（打擊/雨）,"receive,welcome (note, usually this is 맞히다)",B,名詞 (Noun / 명사)，如 사람（人）、집（家）。
719,별로,byeolro,不太、不怎麼（接否定）,"Especially, particularly",B,副詞 (Adverb / 부사)，如 더（更）、잘（好）。
720,어린이,eorini,兒童、小孩,"A youngster, a child",A,名詞 (Noun / 명사)，如 사람（人）、집（家）。
721,정하다,jeonghada,決定、定下,"To set,determine",B,動詞 (Verb / 동사)，如 하다（做）、가다（去）。
722,한마디,hanmadi,一句話、隻言片語,One word,C,名詞 (Noun / 명사)，如 사람（人）、집（家）。
723,유지하다,yujihada,維持、保持,"To preserve, maintain",C,動詞 (Verb / 동사)，如 하다（做）、가다（去）。
724,이데올로기,ideolrogi,意識形態,Ideology,C,名詞 (Noun / 명사)，如 사람（人）、집（家）。
725,공부하다,gongbuhada,學習,To study,A,動詞 (Verb / 동사)，如 하다（做）、가다（去）。
726,대중,daejung,大眾、公眾,The masses,B,名詞 (Noun / 명사)，如 사람（人）、집（家）。
727,늘어나다,neureonada,增加、伸長、增多,Grow longer,B,動詞 (Verb / 동사)，如 하다（做）、가다（去）。
728,닦다,dakda,擦拭、刷（牙）、磨練,"Wipe clean, polish",A,動詞 (Verb / 동사)，如 하다（做）、가다（去）。
729,만,man,僅、只 / 滿（時間）,"As many as, full, complete",C,依存名詞 / 量詞 (Dependent Noun / 의존명사)，如 것（東西/事情）、개（個）、명（名）。
730,말씀,malsseum,話、話語（敬語/謙稱）,Speech,A,名詞 (Noun / 명사)，如 사람（人）、집（家）。
731,괜찮다,gwaenchanta,沒關係、不錯、還可以,To be okay,A,形容詞 (Adjective / 형용사)，如 크다（大）、좋다（好）。
732,눈물,nunmul,眼淚、淚水,A tear,A,名詞 (Noun / 명사)，如 사람（人）、집（家）。
733,각종,gakjong,各種、各樣,All sorts or varieties,B,名詞 (Noun / 명사)，如 사람（人）、집（家）。
734,빛,bit,光、光芒、色彩,Light,B,名詞 (Noun / 명사)，如 사람（人）、집（家）。
735,아니,ani,不是、非,Not,A,副詞 (Adverb / 부사)，如 더（更）、잘（好）。
736,피하다,pihada,避開、迴避、躲避,"avoid,keep away",C,動詞 (Verb / 동사)，如 하다（做）、가다（去）。
737,거치다,geochida,經過、路過、歷經,Pass or go through,C,動詞 (Verb / 동사)，如 하다（做）、가다（去）。
738,나아가다,naagada,前進、邁進,"Advance, go forward",C,動詞 (Verb / 동사)，如 하다（做）、가다（去）。
739,야,ya,呀、喂（感嘆詞/非敬語體）,"(Word to get somebody's attention) Hey!! (2) impolite speech for 이다, to be",B,名詞 (Noun / 명사)，如 사람（人）、집（家）。0
740,지식,jisik,知識,"Knowledge, information",C,名詞 (Noun / 명사)，如 사람（人）、집（家）。
741,여전히,yeojeonhi,依然、仍舊、照舊,"As it used to be, as before ; still, persistently, even still",C,副詞 (Adverb / 부사)，如 더（更）、잘（好）。
742,주인,juin,主人、店主,"The head of a family,the owner",A,名詞 (Noun / 명사)，如 사람（人）、집（家）。
743,발견하다,balgyeonhada,發現,To discover,B,動詞 (Verb / 동사)，如 하다（做）、가다（去）。
744,선,seon,線、路線,"A line, a route",C,名詞 (Noun / 명사)，如 사람（人）、집（家）。
745,인류,inryu,人類,The human race,C,名詞 (Noun / 명사)，如 사람（人）、집（家）。
746,특징,teukjing,特徵、特色,"A special feature, a distinguishing feature",B,名詞 (Noun / 명사)，如 사람（人）、집（家）。
747,선수,seonsu,選手、運動員,An athlete,B,名詞 (Noun / 명사)，如 사람（人）、집（家）。
748,형식,hyeongsik,形式、格式,"A form, formality, mold",C,名詞 (Noun / 명사)，如 사람（人）、집（家）。
749,마련하다,maryeonhada,準備、籌備、安排,"To plan, arrange",B,動詞 (Verb / 동사)，如 하다（做）、가다（去）。
750,반,ban,半、一半,Half,A,名詞 (Noun / 명사)，如 사람（人）、집（家）。
751,발표하다,balpyohada,發表、發布,To announce,B,動詞 (Verb / 동사)，如 하다（做）、가다（去）。
752,주제,juje,主題、題目,"Subject, theme, topic",B,名詞 (Noun / 명사)，如 사람（人）、집（家）。
753,걸치다,geolchida,橫跨、跨越、披上,1) put a thing over or across 2) to range from A to B,C,動詞 (Verb / 동사)，如 하다（做）、가다（去）。
754,겪다,gyeokda,經歷、遭受,Experience or undergo or suffer,C,動詞 (Verb / 동사)，如 하다（做）、가다（去）。
755,관점,gwanjeom,觀點、視角,A point of view or a standpoint/outlook,C,名詞 (Noun / 명사)，如 사람（人）、집（家）。
756,귀,gwi,耳朵,Ear,A,名詞 (Noun / 명사)，如 사람（人）、집（家）。
757,기본,gibon,基本、基礎,A foundation,B,名詞 (Noun / 명사)，如 사람（人）、집（家）。
758,미터,miteo,公尺、米,Meter,A,依存名詞 / 量詞 (Dependent Noun / 의존명사)，如 것（東西/事情）、개（個）、명（名）。
759,사라지다,sarajida,消失、消逝,To disappear,B,動詞 (Verb / 동사)，如 하다（做）、가다（去）。
760,어떠하다,eotteohada,如何、怎麼樣,To be how,A,形容詞 (Adjective / 형용사)，如 크다（大）、좋다（好）。
761,감정,gamjeong,感情、情緒,Feelings,B,名詞 (Noun / 명사)，如 사람（人）、집（家）。
762,기억,gieok,記憶、回憶,A memory,B,名詞 (Noun / 명사)，如 사람（人）、집（家）。
763,놈,nom,傢伙、小子,A fellow,C,依存名詞 / 量詞 (Dependent Noun / 의존명사)，如 것（東西/事情）、개（個）、명（名）。
764,인기,ingi,人氣、受歡迎,Popularity,B,名詞 (Noun / 명사)，如 사람（人）、집（家）。
765,배,bae,肚子、腹部 / 梨子,Abdomen,A,名詞 (Noun / 명사)，如 사람（人）、집（家）。
766,아파트,apateu,公寓,Apartment,A,名詞 (Noun / 명사)，如 사람（人）、집（家）。
767,가끔,gakkeum,偶爾、有時,Sometimes,A,副詞 (Adverb / 부사)，如 더（更）、잘（好）。
768,구성,guseong,構成、結構、組成,"Organization or constitution , the framework of something",C,名詞 (Noun / 명사)，如 사람（人）、집（家）。
769,술,sul,勺、匙（計量單位）,Spoonful,A,依存名詞 / 量詞 (Dependent Noun / 의존명사)，如 것（東西/事情）、개（個）、명（名）。
770,실제로,siljero,實際上、事實上,In reality,C,副詞 (Adverb / 부사)，如 더（更）、잘（好）。
771,짧다,jjalda,短、短暫,"Short, brief",A,形容詞 (Adjective / 형용사)，如 크다（大）、좋다（好）。
772,고맙다,gomapda,感謝、謝謝,To thank,A,形容詞 (Adjective / 형용사)，如 크다（大）、좋다（好）。
773,관리,gwanri,管理 / 官吏,Management or administration,B,名詞 (Noun / 명사)，如 사람（人）、집（家）。
774,그곳,geugot,那裡、那處,That place,A,代名詞 (Pronoun / 대명사)，如 나（我）、우리（我們）、그（他）。
775,보다,boda,比、比起（助詞）,"More than, greater than ....",A,副詞 (Adverb / 부사)，如 더（更）、잘（好）。
776,비롯하다,birothada,始於、以...為首,"begin,start",C,動詞 (Verb / 동사)，如 하다（做）、가다（去）。
777,과연,gwayeon,果然、到底,Just as one thought,C,副詞 (Adverb / 부사)，如 더（更）、잘（好）。
778,달리다,dalrida,跑、奔跑 / 懸掛 / 不足,"run, make do fast",B,名詞 (Noun / 명사)，如 사람（人）、집（家）。
779,바쁘다,bappeuda,忙碌、繁忙,Busy,A,形容詞 (Adjective / 형용사)，如 크다（大）、좋다（好）。
780,이전,ijeon,以前、之前,Former days/times,B,名詞 (Noun / 명사)，如 사람（人）、집（家）。
781,인정하다,injeonghada,承認、認可,"To acknowledge,authorize",C,動詞 (Verb / 동사)，如 하다（做）、가다（去）。
782,자,ja,者、人（漢字詞）,A person,C,依存名詞 / 量詞 (Dependent Noun / 의존명사)，如 것（東西/事情）、개（個）、명（名）。
783,중앙,jungang,中央、中心,The middle and the heart,C,名詞 (Noun / 명사)，如 사람（人）、집（家）。
784,나쁘다,nappeuda,壞、不好,To be bad,A,形容詞 (Adjective / 형용사)，如 크다（大）、좋다（好）。
785,불구하다,bulguhada,不顧、不管（~에도 불구하고）,"Deformity, malformation",C,動詞 (Verb / 동사)，如 하다（做）、가다（去）。
786,시키다,sikida,讓、使、指使、點餐,To make,B,動詞 (Verb / 동사)，如 하다（做）、가다（去）。
787,게임,geim,遊戲、比賽,Game,A,名詞 (Noun / 명사)，如 사람（人）、집（家）。
788,국제,gukje,國際,International,B,名詞 (Noun / 명사)，如 사람（人）、집（家）。
789,그룹,geurup,集團、組,Group,B,名詞 (Noun / 명사)，如 사람（人）、집（家）。
790,인생,insaeng,人生,Life,B,名詞 (Noun / 명사)，如 사람（人）、집（家）。
791,전통,jeontong,傳統,"tradition,convention",B,名詞 (Noun / 명사)，如 사람（人）、집（家）。
792,기르다,gireuda,飼養、培養、撫養,Educate or train or cultivate,B,動詞 (Verb / 동사)，如 하다（做）、가다（去）。
793,잔,jan,杯（計量單位）,"A cup, wine glass",A,名詞 (Noun / 명사)，如 사람（人）、집（家）。
794,조사하다,josahada,調查、審查,"To examine,investigate",B,動詞 (Verb / 동사)，如 하다（做）、가다（去）。
795,커다랗다,keodarata,巨大、龐大,To be very big/large,B,形容詞 (Adjective / 형용사)，如 크다（大）、좋다（好）。
796,있다,itda,有、在、存在,To be,A,名詞 (Noun / 명사)，如 사람（人）、집（家）。
797,시인,siin,詩人 / 承認,A poet,B,名詞 (Noun / 명사)，如 사람（人）、집（家）。
798,언제,eonje,何時、什麼時候,"when,at what time",A,副詞 (Adverb / 부사)，如 더（更）、잘（好）。
799,외,oe,外、此外、以外,"Except, save for",B,依存名詞 / 量詞 (Dependent Noun / 의존명사)，如 것（東西/事情）、개（個）、명（名）。
800,평가,pyeongga,評價、評估,"Evaluation, appraisal",C,名詞 (Noun / 명사)，如 사람（人）、집（家）。
801,내려오다,naeryeooda,下來,Come down,A,動詞 (Verb / 동사)，如 하다（做）、가다（去）。
802,위치,wichi,位置、方位,"A position, a location",B,名詞 (Noun / 명사)，如 사람（人）、집（家）。
803,줄이다,jurida,減少、縮減,"reduce,decrease",B,動詞 (Verb / 동사)，如 하다（做）、가다（去）。
804,가격,gagyeok,價格、價錢,Price,B,名詞 (Noun / 명사)，如 사람（人）、집（家）。
805,달라지다,dalrajida,改變、變得不同,"To change, vary",B,動詞 (Verb / 동사)，如 하다（做）、가다（去）。
806,비다,bida,空、空閒,"To be empty, vacant",C,動詞 (Verb / 동사)，如 하다（做）、가다（去）。
807,삼국,samguk,三國,Three countries,C,名詞 (Noun / 명사)，如 사람（人）、집（家）。
808,손님,sonnim,客人、顧客,Customer,A,名詞 (Noun / 명사)，如 사람（人）、집（家）。
809,원하다,wonhada,想要、希望、願望,To want,B,動詞 (Verb / 동사)，如 하다（做）、가다（去）。
810,통신,tongsin,通訊、通信,"communications,correspondance",B,名詞 (Noun / 명사)，如 사람（人）、집（家）。
811,확인하다,hwaginhada,確認、核對,"To confirm,corroborate",B,動詞 (Verb / 동사)，如 하다（做）、가다（去）。
812,모임,moim,聚會、集會,"A group, a party",B,名詞 (Noun / 명사)，如 사람（人）、집（家）。
813,수,su,數量、數目,The number of sth,C,名詞 (Noun / 명사)，如 사람（人）、집（家）。
814,웃음,useum,笑聲、笑容,"Laughter, a smile",B,名詞 (Noun / 명사)，如 사람（人）、집（家）。
815,기계,gigye,機器、機械,An instrument or a machine,B,名詞 (Noun / 명사)，如 사람（人）、집（家）。
816,모양,moyang,跡象、神態、樣態,"signs,indications",B,依存名詞 / 量詞 (Dependent Noun / 의존명사)，如 것（東西/事情）、개（個）、명（名）。
817,물질,muljil,物質,"matter,material",C,名詞 (Noun / 명사)，如 사람（人）、집（家）。
818,아나운서,anaunseo,播音員、主持人,Announcer,B,名詞 (Noun / 명사)，如 사람（人）、집（家）。
819,뉴스,nyuseu,新聞,News,A,名詞 (Noun / 명사)，如 사람（人）、집（家）。
820,살아가다,saragada,生活下去、過活,"Lead a life, get along",C,動詞 (Verb / 동사)，如 하다（做）、가다（去）。
821,펴다,pyeoda,展開、攤開、伸展,"Spread out, unfold",B,動詞 (Verb / 동사)，如 하다（做）、가다（去）。
822,배,bae,倍、倍數,"Times, x-fold",C,名詞 (Noun / 명사)，如 사람（人）、집（家）。
823,수업,sueop,課程、上課,"school,teaching",A,名詞 (Noun / 명사)，如 사람（人）、집（家）。
824,겨울,gyeoul,冬天、冬季,Winter,A,名詞 (Noun / 명사)，如 사람（人）、집（家）。
825,종교,jonggyo,宗教,"religion,a faith",B,名詞 (Noun / 명사)，如 사람（人）、집（家）。
826,층,cheung,層、樓層、階層,"floor,grade,class",A,名詞 (Noun / 명사)，如 사람（人）、집（家）。
827,자연스럽다,jayeonseureopda,自然,To be natural,B,形容詞 (Adjective / 형용사)，如 크다（大）、좋다（好）。
828,장,jang,張（紙張計量）/ 章,One piece of sth flat,A,依存名詞 / 量詞 (Dependent Noun / 의존명사)，如 것（東西/事情）、개（個）、명（名）。
829,식사,siksa,吃飯、用餐,A meal,A,名詞 (Noun / 명사)，如 사람（人）、집（家）。
830,안다,anda,抱、擁抱,"To hold, embrace",A,動詞 (Verb / 동사)，如 하다（做）、가다（去）。
831,이해,ihae,理解、了解 / 利害,Understanding,B,名詞 (Noun / 명사)，如 사람（人）、집（家）。
832,잊다,itda,忘記、遺忘,To forget,A,動詞 (Verb / 동사)，如 하다（做）、가다（去）。
833,제시하다,jesihada,提出、出示、提供,To present,C,動詞 (Verb / 동사)，如 하다（做）、가다（去）。
834,반,ban,班、組（班級單位）,"Group, company, party",A,名詞 (Noun / 명사)，如 사람（人）、집（家）。
835,불과하다,bulgwahada,只不過、僅僅是,Nothing more than,C,形容詞 (Adjective / 형용사)，如 크다（大）、좋다（好）。
836,혹은,hogeun,或者、或是,If that's not the case,B,副詞 (Adverb / 부사)，如 더（更）、잘（好）。
837,엄청나다,eomcheongnada,極其巨大、極大、驚人,"To be absurd,wild,terribly large",C,形容詞 (Adjective / 형용사)，如 크다（大）、좋다（好）。
838,편,pyeon,側、方、邊（方向）,"Direction, way (the wind is blowing that ~)",C,依存名詞 / 量詞 (Dependent Noun / 의존명사)，如 것（東西/事情）、개（個）、명（名）。
839,텔레비전,telrebijeon,電視、電視機,Television,A,名詞 (Noun / 명사)，如 사람（人）、집（家）。
840,파악하다,paakhada,掌握、了解、摸清,"Grasp, seize, understand",C,動詞 (Verb / 동사)，如 하다（做）、가다（去）。
841,편,pyeon,篇、部（作品單位）,"Compilation, editing",B,依存名詞 / 量詞 (Dependent Noun / 의존명사)，如 것（東西/事情）、개（個）、명（名）。
842,실천,silcheon,實踐、實行,Practice,C,名詞 (Noun / 명사)，如 사람（人）、집（家）。
843,노력하다,noryeokhada,努力、奮鬥,"To try hard, strive",B,動詞 (Verb / 동사)，如 하다（做）、가다（去）。
844,보호,boho,保護,"protection,shelter",B,名詞 (Noun / 명사)，如 사람（人）、집（家）。
845,씻다,ssitda,洗、清洗,"To wash,cleanse",A,動詞 (Verb / 동사)，如 하다（做）、가다（去）。
846,늦다,neutda,晚、遲、遲到,To be late (time),A,形容詞 (Adjective / 형용사)，如 크다（大）、좋다（好）。
847,이웃,iut,鄰居、鄰近,The neighborhood,B,名詞 (Noun / 명사)，如 사람（人）、집（家）。
848,편지,pyeonji,信、信件,Letter,A,名詞 (Noun / 명사)，如 사람（人）、집（家）。
849,공동,gongdong,共同,Association or union or collaboration,B,名詞 (Noun / 명사)，如 사람（人）、집（家）。
850,까닭,kkadak,原因、由頭、緣故,Reason,B,名詞 (Noun / 명사)，如 사람（人）、집（家）。
851,방안,bangan,方案、辦法,"A plan, scheme",C,名詞 (Noun / 명사)，如 사람（人）、집（家）。
852,센티미터,sentimiteo,公分、厘米,Centimeter,A,依存名詞 / 量詞 (Dependent Noun / 의존명사)，如 것（東西/事情）、개（個）、명（名）。
853,팔,pal,手臂 / 八,An arm,A,名詞 (Noun / 명사)，如 사람（人）、집（家）。
854,분명하다,bunmyeonghada,明確、分明,To be clear/obvious,C,形容詞 (Adjective / 형용사)，如 크다（大）、좋다（好）。
855,분석,bunseok,分析,Analysis,C,名詞 (Noun / 명사)，如 사람（人）、집（家）。
856,소녀,sonyeo,少女、小女孩,A young girl,B,名詞 (Noun / 명사)，如 사람（人）、집（家）。
857,지나가다,jinagada,走過、路過、流逝,"To pass, elapse",B,動詞 (Verb / 동사)，如 하다（做）、가다（去）。
858,차,cha,次、回、第...次（次數）,"order,sequence,degree",C,依存名詞 / 量詞 (Dependent Noun / 의존명사)，如 것（東西/事情）、개（個）、명（名）。
859,상품,sangpum,商品、獎品,Product,B,名詞 (Noun / 명사)，如 사람（人）、집（家）。
860,설명,seolmyeong,說明、解釋,Explanation,A,名詞 (Noun / 명사)，如 사람（人）、집（家）。
861,훌륭하다,hulryunghada,優秀、出色、卓越,To be excellent,B,形容詞 (Adjective / 형용사)，如 크다（大）、좋다（好）。
862,관계자,gwangyeja,相關人員、有關人士,The interested or affected parties,C,名詞 (Noun / 명사)，如 사람（人）、집（家）。
863,새로,saero,新、重新,"newly,anew",B,副詞 (Adverb / 부사)，如 더（更）、잘（好）。
864,세,se,歲（年齡單位）,Age in years,A,依存名詞 / 量詞 (Dependent Noun / 의존명사)，如 것（東西/事情）、개（個）、명（名）。
865,이어지다,ieojida,延續、連綿、相連,"Get joined, be connected",C,動詞 (Verb / 동사)，如 하다（做）、가다（去）。
866,티브이,tibeui,電視（TV）,TV,A,名詞 (Noun / 명사)，如 사람（人）、집（家）。
867,봄,bom,春天、春季,Spring,A,名詞 (Noun / 명사)，如 사람（人）、집（家）。
868,종류,jongryu,種類,"kind,sort,species",B,名詞 (Noun / 명사)，如 사람（人）、집（家）。
869,낮다,natda,低、矮,Be low,A,形容詞 (Adjective / 형용사)，如 크다（大）、좋다（好）。
870,어깨,eokkae,肩膀,Shoulder,A,名詞 (Noun / 명사)，如 사람（人）、집（家）。
871,부부,bubu,夫婦、夫妻,Man and wife,A,名詞 (Noun / 명사)，如 사람（人）、집（家）。
872,오래,orae,長久、久久,"Long, for a long time",A,副詞 (Adverb / 부사)，如 더（更）、잘（好）。
873,요구,yogu,要求、訴求,"A demand, claim, request",C,名詞 (Noun / 명사)，如 사람（人）、집（家）。
874,키우다,kiuda,培養、撫養、養育,"To raise, bring up, rear",B,動詞 (Verb / 동사)，如 하다（做）、가다（去）。
875,눕다,nupda,躺下、躺,Lie down,B,動詞 (Verb / 동사)，如 하다（做）、가다（去）。
876,발전하다,baljeonhada,發展、進步,"To develop, grow",B,動詞 (Verb / 동사)，如 하다（做）、가다（去）。
877,여행,yeohaeng,旅行、旅遊,Trip,A,名詞 (Noun / 명사)，如 사람（人）、집（家）。
878,죽음,jugeum,死亡,Death,B,名詞 (Noun / 명사)，如 사람（人）、집（家）。
879,고통,gotong,痛苦、痛楚,Suffering or agony,B,名詞 (Noun / 명사)，如 사람（人）、집（家）。
880,공,gong,球 / 空 / 功勞,Ball,A,名詞 (Noun / 명사)，如 사람（人）、집（家）。
881,어울리다,eoulrida,適合、相稱、融洽,"To be becoming, suiting",B,動詞 (Verb / 동사)，如 하다（做）、가다（去）。
882,오월,owol,五月,May,A,名詞 (Noun / 명사)，如 사람（人）、집（家）。
883,쉬다,swida,休息 / 喘息 / 變質,"to relax, take a break",A,動詞 (Verb / 동사)，如 하다（做）、가다（去）。
884,알리다,alrida,告知、通知、告訴,"To inform, tell a person",B,動詞 (Verb / 동사)，如 하다（做）、가다（去）。
885,차다,chada,滿、充滿 / 踢 / 冷,"To be full, to be filled with (PASSIVE)",C,動詞 (Verb / 동사)，如 하다（做）、가다（去）。
886,과,gwa,課、科、系,A lesson or a section or a department,A,名詞 (Noun / 명사)，如 사람（人）、집（家）。
887,멀리,meolri,遠、遠遠地,Far away,B,副詞 (Adverb / 부사)，如 더（更）、잘（好）。
888,빼다,ppaeda,拔出、去除、抽出,"Pull out, extract",B,動詞 (Verb / 동사)，如 하다（做）、가다（去）。
889,예정,yejeong,預定、預期,"A program, schedule",B,名詞 (Noun / 명사)，如 사람（人）、집（家）。
890,오빠,oppa,哥哥（女性稱呼）,Older brother,A,名詞 (Noun / 명사)，如 사람（人）、집（家）。
891,즐겁다,jeulgeopda,愉快、高興,"Be pleasant,agreeable",A,形容詞 (Adjective / 형용사)，如 크다（大）、좋다（好）。
892,한계,hangye,極限、界限,"Boundary, limits",C,名詞 (Noun / 명사)，如 사람（人）、집（家）。
893,흔히,heunhi,常常、往往、常見,"Generally, commonly ; often",B,副詞 (Adverb / 부사)，如 더（更）、잘（好）。
894,바탕,batang,基礎、底色、底質,"Natural disposition ; to go all out in a fight, 아주 크게 싸우다 ; the background",C,名詞 (Noun / 명사)，如 사람（人）、집（家）。
895,사월,sawol,四月,April,A,名詞 (Noun / 명사)，如 사람（人）、집（家）。
896,싸우다,ssauda,打架、吵架、戰鬥,To fight,A,動詞 (Verb / 동사)，如 하다（做）、가다（去）。
897,예쁘다,yeppeuda,漂亮、美麗,"Pretty, lovely",A,形容詞 (Adjective / 형용사)，如 크다（大）、좋다（好）。
898,갈등,galdeung,矛盾、衝突,Conflict or troubles,C,名詞 (Noun / 명사)，如 사람（人）、집（家）。
899,느껴지다,neukkyeojida,感到、覺得,Feel,B,動詞 (Verb / 동사)，如 하다（做）、가다（去）。
900,의지,uiji,意志 / 依靠,"will,volition",C,名詞 (Noun / 명사)，如 사람（人）、집（家）。
901,전문,jeonmun,專業、專門,A specialty,B,名詞 (Noun / 명사)，如 사람（人）、집（家）。
902,정확하다,jeonghwakhada,準確、正確,To be exact,B,形容詞 (Adjective / 형용사)，如 크다（大）、좋다（好）。
903,초기,chogi,初期、早期,"The early days, the initial period",C,名詞 (Noun / 명사)，如 사람（人）、집（家）。
904,나중,najung,以後、之後、後來,"The last, the latter part",A,名詞 (Noun / 명사)，如 사람（人）、집（家）。
905,맛있다,masitda,好吃、美味,Delicious,A,形容詞 (Adjective / 형용사)，如 크다（大）、좋다（好）。
906,며칠,myeochil,幾天、幾日,How many days,A,名詞 (Noun / 명사)，如 사람（人）、집（家）。
907,쓴 맛,sseun mat,苦味、辛酸,see 6000,C,名詞 (Noun / 명사)，如 사람（人）、집（家）。
908,찾아오다,chajaoda,來訪、找來、來取,"To go meet somebody, to go get sth",B,動詞 (Verb / 동사)，如 하다（做）、가다（去）。
909,미,mi,美、美麗,"beauty,grace",C,名詞 (Noun / 명사)，如 사람（人）、집（家）。
910,사용,sayong,使用,"use,emply",B,名詞 (Noun / 명사)，如 사람（人）、집（家）。
911,시선,siseon,視線、目光,one's line of vision,C,名詞 (Noun / 명사)，如 사람（人）、집（家）。
912,아무런,amureon,任何、毫無（接否定）,No sort of,C,冠形詞 (Determiner / 관형사)，如 한（一個）、어떤（某種）。
913,언론,eonron,輿論、言論、新聞界,"A speech, discussion",C,名詞 (Noun / 명사)，如 사람（人）、집（家）。
914,투자,tuja,投資,Investment,C,名詞 (Noun / 명사)，如 사람（人）、집（家）。
915,지원,jiwon,支援、援助 / 申請,"helping, supporting, aiding",C,名詞 (Noun / 명사)，如 사람（人）、집（家）。
916,결정하다,gyeoljeonghada,決定,To decide,B,動詞 (Verb / 동사)，如 하다（做）、가다（去）。
917,경영,gyeongyeong,經營、管理,Management or administration,B,名詞 (Noun / 명사)，如 사람（人）、집（家）。
918,목표,mokpyo,目標,"goal,object",B,名詞 (Noun / 명사)，如 사람（人）、집（家）。
919,성장,seongjang,成長、發展,Growth,C,名詞 (Noun / 명사)，如 사람（人）、집（家）。
920,숲,sup,森林、樹林,Forest,B,名詞 (Noun / 명사)，如 사람（人）、집（家）。
921,없어지다,eopseojida,消失、不見,"To lose, get lost",B,動詞 (Verb / 동사)，如 하다（做）、가다（去）。
922,작년,jangnyeon,去年,Last year,A,名詞 (Noun / 명사)，如 사람（人）、집（家）。
923,내려가다,naeryeogada,下去、下降,To go down,A,動詞 (Verb / 동사)，如 하다（做）、가다（去）。
924,미치다,michida,達到、波及 / 發瘋,To reach,B,動詞 (Verb / 동사)，如 하다（做）、가다（去）。
925,새벽,saebyeok,清晨、黎明,"dawn,daybreak",B,名詞 (Noun / 명사)，如 사람（人）、집（家）。
926,쓰레기,sseuregi,垃圾,Garbage,A,名詞 (Noun / 명사)，如 사람（人）、집（家）。
927,얼른,eolreun,趕快、迅速、趕緊,"Fast, quickly, rapidly",B,副詞 (Adverb / 부사)，如 더（更）、잘（好）。
928,임금,imgeum,工資、薪水 / 國王,"Wages, pay",B,名詞 (Noun / 명사)，如 사람（人）、집（家）。
929,피해,pihae,損害、受害、損失,Damage,C,名詞 (Noun / 명사)，如 사람（人）、집（家）。
930,한,han,恨（心結）/ 限度,A limit,C,名詞 (Noun / 명사)，如 사람（人）、집（家）。
931,무섭다,museopda,害怕、可怕,"fearful,dreadful",B,形容詞 (Adjective / 형용사)，如 크다（大）、좋다（好）。
932,직장,jikjang,職場、工作單位,one's work place,B,名詞 (Noun / 명사)，如 사람（人）、집（家）。
933,참다,chamda,忍耐、忍受,"Bear, endure",B,動詞 (Verb / 동사)，如 하다（做）、가다（去）。
934,크기,keugi,大小、尺寸,"Size, dimensions",B,名詞 (Noun / 명사)，如 사람（人）、집（家）。
935,고기,gogi,肉、魚,Meat,A,名詞 (Noun / 명사)，如 사람（人）、집（家）。
936,남기다,namgida,留下、剩餘,To leave behind,B,動詞 (Verb / 동사)，如 하다（做）、가다（去）。
937,서양,seoyang,西洋、西方,The Western countries,B,名詞 (Noun / 명사)，如 사람（人）、집（家）。
938,주요,juyo,主要,"The major, the chief thing",B,名詞 (Noun / 명사)，如 사람（人）、집（家）。
939,가져오다,gajyeooda,帶來、拿來,To bring or get,A,動詞 (Verb / 동사)，如 하다（做）、가다（去）。
940,냄새,naemsae,氣味、味道,Smell,B,名詞 (Noun / 명사)，如 사람（人）、집（家）。
941,부드럽다,budeureopda,柔軟、溫和,"soft,tender",B,形容詞 (Adjective / 형용사)，如 크다（大）、좋다（好）。
942,여기다,yeogida,認為、當作、視為,"Think, consider as",C,動詞 (Verb / 동사)，如 하다（做）、가다（去）。
943,이,i,這、這個（冠形詞）,"this,this thing",C,依存名詞 / 量詞 (Dependent Noun / 의존명사)，如 것（東西/事情）、개（個）、명（名）。
944,공연,gongyeon,演出、公演,A public performance,B,名詞 (Noun / 명사)，如 사람（人）、집（家）。
945,남녀,namnyeo,男女,Man and woman,A,名詞 (Noun / 명사)，如 사람（人）、집（家）。
946,내놓다,naenota,拿出、擺出、提出,"Put out, take out",B,動詞 (Verb / 동사)，如 하다（做）、가다（去）。
947,만들어지다,mandeureojida,被製作、形成,"Make, create",B,動詞 (Verb / 동사)，如 하다（做）、가다（去）。
948,속도,sokdo,速度,Speed,B,名詞 (Noun / 명사)，如 사람（人）、집（家）。
949,심각하다,simgakhada,嚴重、嚴肅,"seriousness,gravity",B,形容詞 (Adjective / 형용사)，如 크다（大）、좋다（好）。
950,준비,junbi,準備,Preparation,A,名詞 (Noun / 명사)，如 사람（人）、집（家）。
951,계속되다,gyesokdoeda,繼續、持續（被動）,To continue,B,動詞 (Verb / 동사)，如 하다（做）、가다（去）。
952,구월,guwol,九月,September,A,名詞 (Noun / 명사)，如 사람（人）、집（家）。
953,맑다,makda,晴朗、清澈、明淨,"clean,pure",A,形容詞 (Adjective / 형용사)，如 크다（大）、좋다（好）。
954,소년,sonyeon,少年、男孩,A boy,B,名詞 (Noun / 명사)，如 사람（人）、집（家）。
955,소식,sosik,消息、音訊,"News, information",B,名詞 (Noun / 명사)，如 사람（人）、집（家）。
956,유월,yuwol,六月,June,A,名詞 (Noun / 명사)，如 사람（人）、집（家）。
957,작용,jagyong,作用,Application,C,名詞 (Noun / 명사)，如 사람（人）、집（家）。
958,허리,heori,腰、腰部,"The waist, the small of the back",A,名詞 (Noun / 명사)，如 사람（人）、집（家）。
959,골,gol,進球、球門 / 山谷,Goal,C,名詞 (Noun / 명사)，如 사람（人）、집（家）。
960,공업,gongeop,工業,The industry or manufacturing industry,C,名詞 (Noun / 명사)，如 사람（人）、집（家）。
961,그중,geujung,其中,Among the rest of them,B,名詞 (Noun / 명사)，如 사람（人）、집（家）。
962,노인,noin,老人、長者,Old person,B,名詞 (Noun / 명사)，如 사람（人）、집（家）。
963,벌다,beolda,賺（錢）/ 招致,"To earn (money) ; (2) to invite, to bring onto oneself",B,動詞 (Verb / 동사)，如 하다（做）、가다（去）。
964,살리다,salrida,救活、挽救、發揚,"1) revive, bring around, restore to life 2) save,spare,rescue",B,名詞 (Noun / 명사)，如 사람（人）、집（家）。
965,새,sae,鳥,A bird,A,名詞 (Noun / 명사)，如 사람（人）、집（家）。
966,영어,yeongeo,英語、英文,The english language,A,名詞 (Noun / 명사)，如 사람（人）、집（家）。
967,출신,chulsin,出身、畢業於,"A native, place one is from",C,名詞 (Noun / 명사)，如 사람（人）、집（家）。
968,결정,gyeoljeong,決定 / 結晶,A decision or determination,B,名詞 (Noun / 명사)，如 사람（人）、집（家）。
969,경향,gyeonghyang,傾向、趨勢,Tendency or trend,C,名詞 (Noun / 명사)，如 사람（人）、집（家）。
970,기록,girok,記錄、紀錄,A record or a document,C,名詞 (Noun / 명사)，如 사람（人）、집（家）。
971,나름,nareum,按...各別、取決於（~나름）,Depending on,C,依存名詞 / 量詞 (Dependent Noun / 의존명사)，如 것（東西/事情）、개（個）、명（名）。
972,대답하다,daedaphada,回答、答覆,"To answer, reply",A,動詞 (Verb / 동사)，如 하다（做）、가다（去）。
973,반면,banmyeon,另一方面、反面,One side,C,名詞 (Noun / 명사)，如 사람（人）、집（家）。
974,썰다,sseolda,切、切片、剁碎,"Chip, mince,dice",B,動詞 (Verb / 동사)，如 하다（做）、가다（去）。
975,움직임,umjigim,動作、移動、動向,"movement,motion,activity",C,名詞 (Noun / 명사)，如 사람（人）、집（家）。
976,이미지,imiji,形象、圖像,Image,B,名詞 (Noun / 명사)，如 사람（人）、집（家）。
977,터지다,teojida,爆發、破裂、炸開,"Break, be torn, get away from",C,動詞 (Verb / 동사)，如 하다（做）、가다（去）。
978,특성,teukseong,特性、特徵,"A special/unique characteristic (individuality making, peculiarity)",C,名詞 (Noun / 명사)，如 사람（人）、집（家）。
979,교장,gyojang,校長,Principal,C,名詞 (Noun / 명사)，如 사람（人）、집（家）。
980,벗다,beotda,脫（衣/鞋）、摘下,"Take off, remove",A,動詞 (Verb / 동사)，如 하다（做）、가다（去）。
981,업무,eopmu,業務、工作職責,"Buisness, duty",B,名詞 (Noun / 명사)，如 사람（人）、집（家）。
982,입시,ipsi,入學考試、升學考,An entrance examination,C,名詞 (Noun / 명사)，如 사람（人）、집（家）。
983,준비하다,junbihada,準備、籌備,To prepare,A,動詞 (Verb / 동사)，如 하다（做）、가다（去）。
984,청소년,cheongsonyeon,青少年,"Young boys and girls, teenagers",B,名詞 (Noun / 명사)，如 사람（人）、집（家）。
985,응,eung,嗯、是啊（非敬語回答）,"Yes, i see!",B,名詞 (Noun / 명사)，如 사람（人）、집（家）。0
986,이기다,igida,獲勝、戰勝、贏,To win,B,動詞 (Verb / 동사)，如 하다（做）、가다（去）。
987,찾아보다,chajaboda,查找、拜訪、探望,To go meet somebody,B,動詞 (Verb / 동사)，如 하다（做）、가다（去）。
988,취하다,chwihada,採取、取得 / 醉,"To adopt, assume, take",B,動詞 (Verb / 동사)，如 하다（做）、가다（去）。
989,다루다,daruda,對待、處理、操作,"Treat, deal with",C,動詞 (Verb / 동사)，如 하다（做）、가다（去）。
990,달,dal,月亮 / 月份,The moon,A,名詞 (Noun / 명사)，如 사람（人）、집（家）。
991,사장,sajang,社長、總裁、老闆,Company boss,A,名詞 (Noun / 명사)，如 사람（人）、집（家）。
992,삼월,samwol,三月,March,A,名詞 (Noun / 명사)，如 사람（人）、집（家）。
993,그렇지만,geureochiman,但是、然而、可是,But or however,A,副詞 (Adverb / 부사)，如 더（更）、잘（好）。
994,선배,seonbae,前輩、學長/學姊,one's senior,B,名詞 (Noun / 명사)，如 사람（人）、집（家）。
995,업체,eopche,企業、廠商,A business enterprise,C,名詞 (Noun / 명사)，如 사람（人）、집（家）。
996,키,ki,身高、個子 / 鑰匙,"stature,height",A,名詞 (Noun / 명사)，如 사람（人）、집（家）。
997,구하다,guhada,尋找、求得、拯救,1) To buy or purchase or 2) look for or seek or want,B,動詞 (Verb / 동사)，如 하다（做）、가다（去）。
998,국회,gukhoe,國會,The National Assembly,C,名詞 (Noun / 명사)，如 사람（人）、집（家）。
999,그러므로,geureomeuro,因此、所以,So or hence or therefore,B,副詞 (Adverb / 부사)，如 더（更）、잘（好）。
1000,포함하다,pohamhada,包含、包括,"To include,contain",B,動詞 (Verb / 동사)，如 하다（做）、가다（去）。
1001,걱정,geokjeong,擔心、擔憂、顧慮,Worry,A,名詞 (Noun / 명사)，如 사람（人）、집（家）。
1002,결혼하다,gyeolhonhada,結婚,Get married,A,動詞 (Verb / 동사)，如 하다（做）、가다（去）。
1003,만약,manyak,萬一、如果、假若,If,B,名詞 (Noun / 명사)，如 사람（人）、집（家）。
1004,바르다,bareuda,正直、端正、筆直,Be straight; be honest,B,形容詞 (Adjective / 형용사)，如 크다（大）、좋다（好）。
1005,세월,sewol,歲月、時光、光陰,"The times, things",C,名詞 (Noun / 명사)，如 사람（人）、집（家）。
1006,숨,sum,呼吸、氣息,A breath,B,名詞 (Noun / 명사)，如 사람（人）、집（家）。
1007,행사,haengsa,活動、儀式、典禮,"An event, a function",B,名詞 (Noun / 명사)，如 사람（人）、집（家）。
1008,깨닫다,kkaedatda,領悟、覺悟、發覺,to realize sth,C,動詞 (Verb / 동사)，如 하다（做）、가다（去）。
1009,누나,nuna,姐姐（男稱）,Older sister,A,名詞 (Noun / 명사)，如 사람（人）、집（家）。
1010,신,sin,神、神明,God,C,名詞 (Noun / 명사)，如 사람（人）、집（家）。
1011,왕,wang,王、國王,King,B,名詞 (Noun / 명사)，如 사람（人）、집（家）。
1012,점점,jeomjeom,漸漸、越來越、逐漸,"More and more, by degrees",B,副詞 (Adverb / 부사)，如 더（更）、잘（好）。
1013,질문,jilmun,提問、問題、質詢,"A question, a query",A,名詞 (Noun / 명사)，如 사람（人）、집（家）。
1014,특별,teukbyeol,特別、格外,"Be special, extraordinary",B,名詞 (Noun / 명사)，如 사람（人）、집（家）。
1015,판단,pandan,判斷、裁決,"A judgment, a conclusion",B,名詞 (Noun / 명사)，如 사람（人）、집（家）。
1016,해결하다,haegyeolhada,解決、處理（問題）,"To fix a problem, solve a question",B,動詞 (Verb / 동사)，如 하다（做）、가다（去）。
1017,거리,geori,距離、間距,Distance,C,名詞 (Noun / 명사)，如 사람（人）、집（家）。
1018,계속하다,gyesokhada,繼續、持續,To continue,B,動詞 (Verb / 동사)，如 하다（做）、가다（去）。
1019,그치다,geuchida,停止、停歇、中止,Stop or cease or halt,B,動詞 (Verb / 동사)，如 하다（做）、가다（去）。
1020,근처,geuncheo,附近、周圍,Nearby or the vicinity,A,名詞 (Noun / 명사)，如 사람（人）、집（家）。
1021,너무나,neomuna,太、非常、極其,Extremely,B,副詞 (Adverb / 부사)，如 더（更）、잘（好）。
1022,높이다,nopida,提高、提升、抬高,"Raise, elevate",B,動詞 (Verb / 동사)，如 하다（做）、가다（去）。
1023,부정,bujeong,不正、不公、不義（不正行為）,"injustice,wrongfulness",C,名詞 (Noun / 명사)，如 사람（人）、집（家）。
1024,사정,sajeong,情況、事情、原委,Circumstances,C,名詞 (Noun / 명사)，如 사람（人）、집（家）。
1025,도대체,dodaeche,到底、究竟,"In the world, on earth",C,副詞 (Adverb / 부사)，如 더（更）、잘（好）。
1026,막,mak,隨便、胡亂、猛烈地,"Carelessly, at random",B,副詞 (Adverb / 부사)，如 더（更）、잘（好）。
1027,부모님,bumonim,父母、雙親,Parents,A,名詞 (Noun / 명사)，如 사람（人）、집（家）。
1028,수출,suchul,出口、輸出,Exporting sth,B,名詞 (Noun / 명사)，如 사람（人）、집（家）。
1029,계시다,gyesida,在、待著（있다之敬語）,(someone esteemed) to stay or be located,A,動詞 (Verb / 동사)，如 하다（做）、가다（去）。
1030,그,geu,那、那個（冠形詞）,That,A,名詞 (Noun / 명사)，如 사람（人）、집（家）。0
1031,자르다,jareuda,剪、切、砍,"cut,chop",B,動詞 (Verb / 동사)，如 하다（做）、가다（去）。
1032,데리다,derida,帶領、帶著（人/寵物）,Be accompanied by,B,動詞 (Verb / 동사)，如 하다（做）、가다（去）。
1033,마리,mari,隻、頭（動物量詞）,Number of animals,A,依存名詞 / 量詞 (Dependent Noun / 의존명사)，如 것（東西/事情）、개（個）、명（名）。
1034,무척,mucheok,非常、格外、極其,Extremely,B,副詞 (Adverb / 부사)，如 더（更）、잘（好）。
1035,비용,biyong,費用、花費,Expense,B,名詞 (Noun / 명사)，如 사람（人）、집（家）。
1036,비행기,bihaenggi,飛機,An airplane,A,名詞 (Noun / 명사)，如 사람（人）、집（家）。
1037,옳다,olta,正確、對、正直,"To be right, correct",B,形容詞 (Adjective / 형용사)，如 크다（大）、좋다（好）。
1038,원래,wonrae,原來、本來,"originally,primarily",B,名詞 (Noun / 명사)，如 사람（人）、집（家）。
1039,처리,cheori,處理、處置,"handling,treatment",C,名詞 (Noun / 명사)，如 사람（人）、집（家）。
1040,최초,choecho,最初、最早,"In the very first, in the beginning",B,名詞 (Noun / 명사)，如 사람（人）、집（家）。
1041,꼴,kkol,模樣、樣子、醜態,Shape or form or appearance,C,名詞 (Noun / 명사)，如 사람（人）、집（家）。
1042,놀이,nori,遊戲、遊玩,"Play, game",B,名詞 (Noun / 명사)，如 사람（人）、집（家）。
1043,뿌리,ppuri,根、根源,A root,B,名詞 (Noun / 명사)，如 사람（人）、집（家）。
1044,수입,suip,進口、輸入,Importing sth,B,名詞 (Noun / 명사)，如 사람（人）、집（家）。
1045,초,cho,初、開頭（如世紀初）,"Initial, in the beginning, first",B,依存名詞 / 量詞 (Dependent Noun / 의존명사)，如 것（東西/事情）、개（個）、명（名）。
1046,그리하여,geurihayeo,於是、從而、因此,And then or and so or and now,C,副詞 (Adverb / 부사)，如 더（更）、잘（好）。
1047,낮,nat,白天、日間,Daytime,A,名詞 (Noun / 명사)，如 사람（人）、집（家）。
1048,일찍,iljjik,提早、早早地,Early,A,副詞 (Adverb / 부사)，如 더（更）、잘（好）。
1049,직원,jigwon,職員、員工,Staff,B,名詞 (Noun / 명사)，如 사람（人）、집（家）。
1050,찍다,jjikda,蓋（章）、戳、打,Stamp with a dojang,A,動詞 (Verb / 동사)，如 하다（做）、가다（去）。
1051,가볍다,gabyeopda,輕、輕微,Light,A,形容詞 (Adjective / 형용사)，如 크다（大）、좋다（好）。
1052,내부,naebu,內部、裡面,The inside,C,名詞 (Noun / 명사)，如 사람（人）、집（家）。
1053,다소,daso,多少、有些、或多或少,"1) Large and small, 2) more or less",C,副詞 (Adverb / 부사)，如 더（更）、잘（好）。
1054,상대,sangdae,對手、對方、對應,"counterpart,companion,rival",B,名詞 (Noun / 명사)，如 사람（人）、집（家）。
1055,오전,ojeon,上午、早上,Morning,A,名詞 (Noun / 명사)，如 사람（人）、집（家）。
1056,피부,pibu,皮膚,Skin,B,名詞 (Noun / 명사)，如 사람（人）、집（家）。
1057,가게,gage,店舖、商店,Store,A,名詞 (Noun / 명사)，如 사람（人）、집（家）。
1058,가득,gadeuk,充滿、滿滿地,Full,B,副詞 (Adverb / 부사)，如 더（更）、잘（好）。
1059,그저,geujeo,依然、只是、徒然,1) still or all the time 2) easily or with no effort,C,副詞 (Adverb / 부사)，如 더（更）、잘（好）。
1060,도,do,度（溫度/角度）,Degrees (temperature),C,依存名詞 / 量詞 (Dependent Noun / 의존명사)，如 것（東西/事情）、개（個）、명（名）。
1061,벽,byeok,牆壁、壁,A wall,B,名詞 (Noun / 명사)，如 사람（人）、집（家）。
1062,장군,janggun,將軍,A general,B,名詞 (Noun / 명사)，如 사람（人）、집（家）。
1063,무역,muyeok,貿易,Trade,B,名詞 (Noun / 명사)，如 사람（人）、집（家）。
1064,부담,budam,負擔、責任,"A burden,responsibility",C,名詞 (Noun / 명사)，如 사람（人）、집（家）。
1065,약속,yaksok,約定、承諾,A promise,A,名詞 (Noun / 명사)，如 사람（人）、집（家）。
1066,인사,insa,問候、行禮、打招呼,Greetings,A,名詞 (Noun / 명사)，如 사람（人）、집（家）。
1067,줄,jul,繩子、線、列,"Line, row, chord",B,名詞 (Noun / 명사)，如 사람（人）、집（家）。
1068,쳐다보다,chyeodaboda,抬頭看、注視、仰望,To look up at,B,動詞 (Verb / 동사)，如 하다（做）、가다（去）。
1069,충분히,chungbunhi,充分地、足夠地,"Enough, sufficiently",B,副詞 (Adverb / 부사)，如 더（更）、잘（好）。
1070,신체,sinche,身體、身軀,The body,B,名詞 (Noun / 명사)，如 사람（人）、집（家）。
1071,에너지,eneoji,能量、活力,Energy,B,名詞 (Noun / 명사)，如 사람（人）、집（家）。
1072,위원,wiwon,委員,A member of a committee,C,名詞 (Noun / 명사)，如 사람（人）、집（家）。
1073,정리하다,jeongrihada,整理、整頓、調整,To adjust,B,動詞 (Verb / 동사)，如 하다（做）、가다（去）。
1074,집안,jiban,家裡、家中、家族,Inside the house,B,名詞 (Noun / 명사)，如 사람（人）、집（家）。
1075,배경,baegyeong,背景,Background,B,名詞 (Noun / 명사)，如 사람（人）、집（家）。
1076,죽이다,jugida,殺死、消滅,To kill,B,動詞 (Verb / 동사)，如 하다（做）、가다（去）。
1077,단순하다,dansunhada,單純、簡單,Be simple-minded,B,形容詞 (Adjective / 형용사)，如 크다（大）、좋다（好）。
1078,반대,bandae,反對、相反,Opposite and being opposed to (objecting to),B,名詞 (Noun / 명사)，如 사람（人）、집（家）。
1079,법칙,beopchik,法則、定律,"A law, a rule",C,名詞 (Noun / 명사)，如 사람（人）、집（家）。
1080,빠지다,ppajida,沉迷、沉溺、陷入,"To indulge in, be addicted to",B,動詞 (Verb / 동사)，如 하다（做）、가다（去）。
1081,소금,sogeum,鹽、食鹽,Salt,A,名詞 (Noun / 명사)，如 사람（人）、집（家）。
1082,오염,oyeom,污染,"Contamination, pollution",C,名詞 (Noun / 명사)，如 사람（人）、집（家）。
1083,자전거,jajeon-geo,自行車、腳踏車,Bicycle,A,名詞 (Noun / 명사)，如 사람（人）、집（家）。
1084,참여하다,chamyeohada,參與、參加,"To participate in, take part in",C,動詞 (Verb / 동사)，如 하다（做）、가다（去）。
1085,탓,tat,緣故、怪罪、過錯,"fault,blame",C,名詞 (Noun / 명사)，如 사람（人）、집（家）。
1086,푸르다,pureuda,蔚藍、碧綠、青翠,"To be blue, to be green",B,形容詞 (Adjective / 형용사)，如 크다（大）、좋다（好）。
1087,걔,gyae,那孩子、那傢伙,Child,B,不變化詞 / 獨立詞 / 未分類詞），用來標記如 그래도（即使那樣/仍然）、걔（那孩子）、그래（是的/那樣） 等
1088,그래,geurae,是啊、好、行,Yes or that’s right,A,不變化詞 / 獨立詞 / 未分類詞），用來標記如 그래도（即使那樣/仍然）、걔（那孩子）、그래（是的/那樣） 等
1089,목,mok,脖子、喉嚨,The neck,A,名詞 (Noun / 명사)，如 사람（人）、집（家）。
1090,발표,balpyo,發表、公佈,Announcement,B,名詞 (Noun / 명사)，如 사람（人）、집（家）。
1091,범죄,beomjoe,犯罪,A crime,C,名詞 (Noun / 명사)，如 사람（人）、집（家）。
1092,위,wi,位次、名次、職位,"Position, grade, rank",C,依存名詞 / 量詞 (Dependent Noun / 의존명사)，如 것（東西/事情）、개（個）、명（名）。
1093,흔들다,heundeulda,搖晃、擺動,"Shake, sway",B,動詞 (Verb / 동사)，如 하다（做）、가다（去）。
1094,기초,gicho,基礎,The foundation,B,名詞 (Noun / 명사)，如 사람（人）、집（家）。
1095,논리,nonri,邏輯、條理,Logic,C,名詞 (Noun / 명사)，如 사람（人）、집（家）。
1096,뽑다,ppopda,拔、抽取、選拔,"Pull out, draw",B,動詞 (Verb / 동사)，如 하다（做）、가다（去）。
1097,피우다,piuda,點（火/煙）、盛開、散發,"To make, build, kindle",A,動詞 (Verb / 동사)，如 하다（做）、가다（去）。
1098,감각,gamgak,感覺、感官,Sense or sensation or feeling,C,名詞 (Noun / 명사)，如 사람（人）、집（家）。
1099,미리,miri,事先、預先,Beforehand,B,副詞 (Adverb / 부사)，如 더（更）、잘（好）。
1100,부족하다,bujokhada,不足、缺乏,"Be short of, lack",B,形容詞 (Adjective / 형용사)，如 크다（大）、좋다（好）。
1101,저희,jeohui,我們（謙稱）,We,B,代名詞 (Pronoun / 대명사)，如 나（我）、우리（我們）、그（他）。
1102,진행되다,jinhaengdoeda,進行、進展（被動）,"To have progressed, be advanced",B,動詞 (Verb / 동사)，如 하다（做）、가다（去）。
1103,교통,gyotong,交通,Traffic or transportation,A,名詞 (Noun / 명사)，如 사람（人）、집（家）。
1104,기구,gigu,機構、結構、體制,Structure or framework,C,名詞 (Noun / 명사)，如 사람（人）、집（家）。
1105,법,beop,道理、法則、方法（~는 법）,"A way, a method",B,依存名詞 / 量詞 (Dependent Noun / 의존명사)，如 것（東西/事情）、개（個）、명（名）。
1106,오랜,oraen,長久的、很久的,For a long time,B,冠形詞 (Determiner / 관형사)，如 한（一個）、어떤（某種）。
1107,젊은이,jeolmeuni,年輕人、青年,Young person,B,名詞 (Noun / 명사)，如 사람（人）、집（家）。
1108,후보,hubo,候選人、候補,"candidature,candidacy",C,名詞 (Noun / 명사)，如 사람（人）、집（家）。
1109,거리,geori,街道、街頭,A road or street,A,名詞 (Noun / 명사)，如 사람（人）、집（家）。
1110,과제,gwaje,課題、作業、任務,A subject or a thesis or homework; an exercise/a problem,B,名詞 (Noun / 명사)，如 사람（人）、집（家）。
1111,근거,geungeo,根據、依據,Basis or foundation,C,名詞 (Noun / 명사)，如 사람（人）、집（家）。
1112,기록하다,girokhada,記錄、記載,To record and write down,B,動詞 (Verb / 동사)，如 하다（做）、가다（去）。
1113,다가오다,dagaoda,走近、靠近、逼近,Approach,B,動詞 (Verb / 동사)，如 하다（做）、가다（去）。
1114,불다,bulda,吹、颳,Blow,A,動詞 (Verb / 동사)，如 하다（做）、가다（去）。
1115,시각,sigak,視角、觀點,angle/point of view. 관점.,C,名詞 (Noun / 명사)，如 사람（人）、집（家）。
1116,이끌다,ikkeulda,引導、帶領、率領,"To guide,lead",C,動詞 (Verb / 동사)，如 하다（做）、가다（去）。
1117,종합,jonghap,綜合、整合,Synthesis,B,名詞 (Noun / 명사)，如 사람（人）、집（家）。
1118,한글,hangeul,韓文、韓語文字,Korean writing system,A,名詞 (Noun / 명사)，如 사람（人）、집（家）。
1119,가을,gaeul,秋天、秋季,Autumn or fall,A,名詞 (Noun / 명사)，如 사람（人）、집（家）。
1120,개발하다,gaebalhada,開發、研發,Develop or exploit or open up to development,B,動詞 (Verb / 동사)，如 하다（做）、가다（去）。
1121,내일,naeil,明天,Tomorrow,A,名詞 (Noun / 명사)，如 사람（人）、집（家）。
1122,매일,maeil,每天、天天,Every day,A,副詞 (Adverb / 부사)，如 더（更）、잘（好）。
1123,손가락,songarak,手指,a finger,A,名詞 (Noun / 명사)，如 사람（人）、집（家）。
1124,수단,sudan,手段、方法,"means,way",C,名詞 (Noun / 명사)，如 사람（人）、집（家）。
1125,자,ja,來吧！好！（感嘆詞）,Well!!,B,名詞 (Noun / 명사)，如 사람（人）、집（家）。0
1126,자유롭다,jayuropda,自由,To be free,B,形容詞 (Adjective / 형용사)，如 크다（大）、좋다（好）。
1127,적극적,jeokgeukjeok,積極的、主動的,Positively,B,名詞 (Noun / 명사)，如 사람（人）、집（家）。
1128,판매,panmae,銷售、販賣,"Sale, selling",B,名詞 (Noun / 명사)，如 사람（人）、집（家）。
1129,형성,hyeongseong,形成,Formation,C,名詞 (Noun / 명사)，如 사람（人）、집（家）。
1130,기울이다,giurida,傾斜、傾注、傾聽,Tip or slant or incline,C,動詞 (Verb / 동사)，如 하다（做）、가다（去）。
1131,길이,giri,長度、長短,Length or extent,B,名詞 (Noun / 명사)，如 사람（人）、집（家）。
1132,장면,jangmyeon,場景、場面,"A scene, situation",C,名詞 (Noun / 명사)，如 사람（人）、집（家）。
1133,점차,jeomcha,漸漸、逐步,"gradually,in steps",B,副詞 (Adverb / 부사)，如 더（更）、잘（好）。
1134,톤,ton,噸（重量單位）,A ton,B,依存名詞 / 量詞 (Dependent Noun / 의존명사)，如 것（東西/事情）、개（個）、명（名）。
1135,관련되다,gwalryeondoeda,有關聯、涉及（被動）,Be connected or related to,B,動詞 (Verb / 동사)，如 하다（做）、가다（去）。
1136,급,geup,級、等級,Class or grade or rank,A,名詞 (Noun / 명사)，如 사람（人）、집（家）。
1137,나머지,nameoji,其餘、剩下 / 結果（~한 나머지）,"The rest, the remainder ; as a result of the excess of, as a result",B,名詞 (Noun / 명사)，如 사람（人）、집（家）。
1138,날씨,nalssi,天氣,Weather,A,名詞 (Noun / 명사)，如 사람（人）、집（家）。
1139,더불다,deobulda,一起、共同（~와 더불어）,"Join in, do together",C,動詞 (Verb / 동사)，如 하다（做）、가다（去）。
1140,의사,uisa,醫生、醫師,"A doctor, a physician",A,名詞 (Noun / 명사)，如 사람（人）、집（家）。
1141,개방,gaebang,開放,Open or throw open,C,名詞 (Noun / 명사)，如 사람（人）、집（家）。
1142,건강하다,geonganghada,健康,To be healthy,A,形容詞 (Adjective / 형용사)，如 크다（大）、좋다（好）。
1143,미래,mirae,未來,Future,B,名詞 (Noun / 명사)，如 사람（人）、집（家）。
1144,앞서,apseo,先前、在...之前 / 提前,"Before, previously 2) in anticipation,beforehand",C,副詞 (Adverb / 부사)，如 더（更）、잘（好）。
1145,여러분,yeoreobun,各位、大家,"You (plural, to address a group at speech time)",A,代名詞 (Pronoun / 대명사)，如 나（我）、우리（我們）、그（他）。
1146,왜냐하면,waenyahamyeon,因為、之所以,Because,A,副詞 (Adverb / 부사)，如 더（更）、잘（好）。
1147,인구,ingu,人口,Population,B,名詞 (Noun / 명사)，如 사람（人）、집（家）。
1148,기대하다,gidaehada,期待、指望,To expect or look forward to,B,動詞 (Verb / 동사)，如 하다（做）、가다（去）。
1149,네,ne,你（口語代名詞，通常讀成 니）,You,A,冠形詞 (Determiner / 관형사)，如 한（一個）、어떤（某種）。
1150,도착하다,dochakhada,到達、抵達,To arrive,A,動詞 (Verb / 동사)，如 하다（做）、가다（去）。
1151,병,byeong,病、疾病,Sickness,A,名詞 (Noun / 명사)，如 사람（人）、집（家）。
1152,소프트웨어,sopeuteuweeo,軟體,Software,C,名詞 (Noun / 명사)，如 사람（人）、집（家）。
1153,흘리다,heulrida,流、灑、掉下（眼淚/血）,"spill,shed (tears,blood)",B,動詞 (Verb / 동사)，如 하다（做）、가다（去）。
1154,반응,baneung,反應,Reaction,C,名詞 (Noun / 명사)，如 사람（人）、집（家）。
1155,주인공,juingong,主角、主人翁,"The head of a family, the hero/heroine",B,名詞 (Noun / 명사)，如 사람（人）、집（家）。
1156,당연하다,dangyeonhada,理所當然、當然,"Be natural, be no wonder",B,形容詞 (Adjective / 형용사)，如 크다（大）、좋다（好）。
1157,비판,bipan,批判、評論,"criticism,a comment",C,名詞 (Noun / 명사)，如 사람（人）、집（家）。
1158,빌리다,bilrida,借、借用,To lend,B,動詞 (Verb / 동사)，如 하다（做）、가다（去）。
1159,세대,sedae,世代、代,Generation,C,名詞 (Noun / 명사)，如 사람（人）、집（家）。
1160,축구,chukgu,足球,Football,A,名詞 (Noun / 명사)，如 사람（人）、집（家）。
1161,형님,hyeongnim,哥哥、大哥（敬稱）,"The respectful, proper way a man refers to an older friend",B,名詞 (Noun / 명사)，如 사람（人）、집（家）。
1162,놓이다,noida,被放置 / 安心、平靜（마음이 놓이다）,Be put on sth else (2) to become peaceful,B,動詞 (Verb / 동사)，如 하다（做）、가다（去）。
1163,당장,dangjang,當場、立刻、馬上,"On the spot, immediately",B,名詞 (Noun / 명사)，如 사람（人）、집（家）。
1164,무렵,muryeop,...的時候、時分,The time when,B,依存名詞 / 量詞 (Dependent Noun / 의존명사)，如 것（東西/事情）、개（個）、명（名）。
1165,밝다,bakda,明亮 / 前途光明,To be promising,A,形容詞 (Adjective / 형용사)，如 크다（大）、좋다（好）。
1166,사물,samul,事物、物體,"objects,things",B,名詞 (Noun / 명사)，如 사람（人）、집（家）。
1167,일반적,ilbanjeok,一般的、普遍的,"Universal, general",B,名詞 (Noun / 명사)，如 사람（人）、집（家）。
1168,장소,jangso,場所、地點,Place,A,名詞 (Noun / 명사)，如 사람（人）、집（家）。
1169,곱다,gopda,美麗、好看、細膩,Beautiful,B,形容詞 (Adjective / 형용사)，如 크다（大）、좋다（好）。
1170,바닥,badak,地面、地板、底層,Floor,B,名詞 (Noun / 명사)，如 사람（人）、집（家）。
1171,새끼,saekki,幼崽、小動物（亦作粗俗稱呼）,Baby animal,B,名詞 (Noun / 명사)，如 사람（人）、집（家）。
1172,생각되다,saenggakdoeda,覺得、被認為,To come to think sth,B,動詞 (Verb / 동사)，如 하다（做）、가다（去）。
1173,서비스,seobiseu,服務、招待,Service,B,名詞 (Noun / 명사)，如 사람（人）、집（家）。
1174,선택하다,seontaekhada,選擇、挑選,To choose,B,動詞 (Verb / 동사)，如 하다（做）、가다（去）。
1175,심다,simda,種植、栽種,"plant,sow (a tree)",B,動詞 (Verb / 동사)，如 하다（做）、가다（去）。
1176,적다,jeokda,寫下、記錄,Write down,A,動詞 (Verb / 동사)，如 하다（做）、가다（去）。
1177,코,ko,鼻子,The nose,A,名詞 (Noun / 명사)，如 사람（人）、집（家）。
1178,간단하다,gandanhada,簡單、簡要,To be simple,B,形容詞 (Adjective / 형용사)，如 크다（大）、좋다（好）。
1179,고등학교,godeunghakgyo,高中、高級中學,A senior high school,A,名詞 (Noun / 명사)，如 사람（人）、집（家）。
1180,공개,gonggae,公開,"opening to the public, making public",C,名詞 (Noun / 명사)，如 사람（人）、집（家）。
1181,교실,gyosil,教室,Classroom,A,名詞 (Noun / 명사)，如 사람（人）、집（家）。
1182,스스로,seuseuro,自己、親自、自發,"By oneself, do it alone",B,名詞 (Noun / 명사)，如 사람（人）、집（家）。
1183,견디다,gyeondida,忍受、熬過、經受,Endure or bear,B,動詞 (Verb / 동사)，如 하다（做）、가다（去）。
1184,기사,gisa,報導、新聞文章,An article or an account,B,名詞 (Noun / 명사)，如 사람（人）、집（家）。
1185,막히다,makhida,被堵住、堵塞,Be stopped up,B,動詞 (Verb / 동사)，如 하다（做）、가다（去）。
1186,매체,maeche,媒體、媒介,"A medium,medias",C,名詞 (Noun / 명사)，如 사람（人）、집（家）。
1187,별,byeol,星星,A star,A,名詞 (Noun / 명사)，如 사람（人）、집（家）。
1188,복잡하다,bokjaphada,複雜、繁雜,Be complicated,A,形容詞 (Adjective / 형용사)，如 크다（大）、좋다（好）。
1189,뿌리다,ppurida,撒、灑、散播,"sprinkle,scatter",B,動詞 (Verb / 동사)，如 하다（做）、가다（去）。
1190,영역,yeongyeok,領域、領地,Territory,C,名詞 (Noun / 명사)，如 사람（人）、집（家）。
1191,체험,cheheom,體驗,An experience,C,名詞 (Noun / 명사)，如 사람（人）、집（家）。
1192,구속,gusok,拘留、逮捕、拘束,To arrest or put in detention,C,名詞 (Noun / 명사)，如 사람（人）、집（家）。
1193,어쩌면,eojjeomyeon,或許、說不定 / 怎麼會,"(1) it is possible that 아마도 2) how on earth, how the hell",B,副詞 (Adverb / 부사)，如 더（更）、잘（好）。
1194,극복하다,geukbokhada,克服,To overcome or surmount,C,動詞 (Verb / 동사)，如 하다（做）、가다（去）。
1195,불법,bulbeop,非法、違法,Illegal,C,名詞 (Noun / 명사)，如 사람（人）、집（家）。
1196,비밀,bimil,秘密,A secret,B,名詞 (Noun / 명사)，如 사람（人）、집（家）。
1197,색,saek,顏色、色彩,Color,A,名詞 (Noun / 명사)，如 사람（人）、집（家）。
1198,쓰이다,sseuida,被使用、被利用（被動）,"To be used, to be utilized/employed",C,動詞 (Verb / 동사)，如 하다（做）、가다（去）。
1199,일정하다,iljeonghada,固定、一定、均勻,"To be regular, established, uniform ; changeless, constant, certain, definite ; invariable (mathematics)",C,形容詞 (Adjective / 형용사)，如 크다（大）、좋다（好）。
1200,다지다,dajida,堅定、下定（決心）/ 夯實,"Make sure, to harden oneself, firm up one's will",C,動詞 (Verb / 동사)，如 하다（做）、가다（去）。
1201,아까,akka,剛才、方才,A little while ago,B,副詞 (Adverb / 부사)，如 더（更）、잘（好）。
1202,알맞다,almatda,合適、適宜、相稱,"To fit, be fitting, suitable",B,形容詞 (Adjective / 형용사)，如 크다（大）、좋다（好）。
1203,이념,inyeom,理念、思想、意識形態,"An idea, a doctrine, ideology",C,名詞 (Noun / 명사)，如 사람（人）、집（家）。
1204,희다,huida,白、潔白,"White, fair",B,形容詞 (Adjective / 형용사)，如 크다（大）、좋다（好）。
1205,가리키다,garikida,指、指向、指示,Point to or indicate,B,動詞 (Verb / 동사)，如 하다（做）、가다（去）。
1206,모시다,mosida,侍奉、陪伴、款待,Attend on,B,動詞 (Verb / 동사)，如 하다（做）、가다（去）。
1207,발달,baldal,發達、發展,"Development, growth",B,名詞 (Noun / 명사)，如 사람（人）、집（家）。
1208,수많다,sumanta,眾多、無數,Many and many,B,形容詞 (Adjective / 형용사)，如 크다（大）、좋다（好）。
1209,치르다,chireuda,支付、付出 / 經歷,"Pay off, pay one’s bill",C,動詞 (Verb / 동사)，如 하다（做）、가다（去）。
1210,평화,pyeonghwa,和平,Peace,B,名詞 (Noun / 명사)，如 사람（人）、집（家）。
1211,공사,gongsa,工程、施工,Construction work or engineering work,B,名詞 (Noun / 명사)，如 사람（人）、집（家）。
1212,박사,baksa,博士,Doctor,B,名詞 (Noun / 명사)，如 사람（人）、집（家）。
1213,성,seong,性別、性,"a sex (male or female), a sexual gender",C,名詞 (Noun / 명사)，如 사람（人）、집（家）。
1214,전문가,jeonmunga,專家,A specialist,B,名詞 (Noun / 명사)，如 사람（人）、집（家）。
1215,단지,danji,僅僅、只是、單純,"Simple, merely",B,副詞 (Adverb / 부사)，如 더（更）、잘（好）。
1216,말씀하다,malsseumhada,說、講（말하다之敬語）,Speak,A,動詞 (Verb / 동사)，如 하다（做）、가다（去）。
1217,무용,muyong,舞蹈、跳舞,"dancing,a dance",B,名詞 (Noun / 명사)，如 사람（人）、집（家）。
1218,불리다,bulrida,被稱為、被叫作（被動）,To be called,B,動詞 (Verb / 동사)，如 하다（做）、가다（去）。
1219,싸움,ssaum,爭吵、打架、戰鬥,A fight,B,名詞 (Noun / 명사)，如 사람（人）、집（家）。
1220,자꾸,jakku,總是、老是、頻繁,"Constantly, repeatedly",B,副詞 (Adverb / 부사)，如 더（更）、잘（好）。
1221,차리다,charida,準備、擺設（飯菜）/ 振作,"Make ready,prepare",B,動詞 (Verb / 동사)，如 하다（做）、가다（去）。
1222,해외,haeoe,海外、國外,"Abroad, foreign countries",B,名詞 (Noun / 명사)，如 사람（人）、집（家）。
1223,그리,geuri,那麼、那樣、並不那麼,So or to that extent,B,副詞 (Adverb / 부사)，如 더（更）、잘（好）。
1224,문화재,munhwajae,文化資產、文物,Cultural assets,C,名詞 (Noun / 명사)，如 사람（人）、집（家）。
1225,미소,miso,微笑,Smile,B,名詞 (Noun / 명사)，如 사람（人）、집（家）。
1226,보통,botong,普通、尋常（名詞）,The normal,A,名詞 (Noun / 명사)，如 사람（人）、집（家）。
1227,식당,sikdang,餐廳、食堂,Restaurant,A,名詞 (Noun / 명사)，如 사람（人）、집（家）。
1228,의미하다,uimihada,意味著、表示,"To mean, signify",B,動詞 (Verb / 동사)，如 하다（做）、가다（去）。
1229,이래,irae,以來、此後,"Since, after that, hereafter",C,依存名詞 / 量詞 (Dependent Noun / 의존명사)，如 것（東西/事情）、개（個）、명（名）。
1230,체육,cheyuk,體育,Physical education,B,名詞 (Noun / 명사)，如 사람（人）、집（家）。
1231,구성되다,guseongdoeda,構成、組成（被動）,To be organized,C,動詞 (Verb / 동사)，如 하다（做）、가다（去）。
1232,독특하다,dokteukhada,獨特、獨具一格,"Unique, characteristic, distinctive, peculiar, specific",C,形容詞 (Adjective / 형용사)，如 크다（大）、좋다（好）。
1233,사례,sarye,謝禮、感謝 / 事例,"thanks,gratitude",C,名詞 (Noun / 명사)，如 사람（人）、집（家）。
1234,소개하다,sogaehada,介紹,"To introduce,present",A,動詞 (Verb / 동사)，如 하다（做）、가다（去）。
1235,잘되다,jaldoeda,順利、成功、進展良好,To turn out well,B,動詞 (Verb / 동사)，如 하다（做）、가다（去）。
1236,추진하다,chujinhada,推進、推動,"To propel, drive forward",C,動詞 (Verb / 동사)，如 하다（做）、가다（去）。
1237,칠월,chirwol,七月,Month of July,A,名詞 (Noun / 명사)，如 사람（人）、집（家）。
1238,틀,teul,框架、模具、模式,"A frame, framework; mold",C,名詞 (Noun / 명사)，如 사람（人）、집（家）。
1239,평균,pyeonggyun,平均,Average,C,名詞 (Noun / 명사)，如 사람（人）、집（家）。
1240,훈련,hunryeon,訓練,Training,C,名詞 (Noun / 명사)，如 사람（人）、집（家）。
1241,흐름,heureum,流動、潮流、趨勢,"Flowing, a stream/current",C,名詞 (Noun / 명사)，如 사람（人）、집（家）。
1242,십이월,sibiwol,十二月,December,A,名詞 (Noun / 명사)，如 사람（人）、집（家）。
1243,쌓이다,ssaida,堆積、積累（被動）,Be piled/heaped up,B,動詞 (Verb / 동사)，如 하다（做）、가다（去）。
1244,이익,iik,利益、利潤,Profit,B,名詞 (Noun / 명사)，如 사람（人）、집（家）。
1245,쥐다,jwida,握住、抓牢、掌握,"To hold,seize",B,動詞 (Verb / 동사)，如 하다（做）、가다（去）。
1246,컵,keop,杯子,Cup,A,名詞 (Noun / 명사)，如 사람（人）、집（家）。
1247,게다가,gedaga,而且、再加上、況且,In addition,B,副詞 (Adverb / 부사)，如 더（更）、잘（好）。
1248,끓이다,kkeulida,煮、燒開、熬,Boil or heat or make hot,B,動詞 (Verb / 동사)，如 하다（做）、가다（去）。
1249,논문,nonmun,論文,"Dissertations , an academic paper (these are 2 separate meanings)",B,名詞 (Noun / 명사)，如 사람（人）、집（家）。
1250,멈추다,meomchuda,停止、停下,Stop,B,動詞 (Verb / 동사)，如 하다（做）、가다（去）。
1251,사용되다,sayongdoeda,被使用、被應用（被動）,"Be used, be employed",B,動詞 (Verb / 동사)，如 하다（做）、가다（去）。
1252,오랫동안,oraetdong-an,長期、長久以來,For a long time,B,名詞 (Noun / 명사)，如 사람（人）、집（家）。
1253,위기,wigi,危機、緊急關頭,"A crisis,an emergency situation",C,名詞 (Noun / 명사)，如 사람（人）、집（家）。
1254,정당,jeongdang,政黨,A political party,C,名詞 (Noun / 명사)，如 사람（人）、집（家）。
1255,종이,jongi,紙、紙張,Paper,A,名詞 (Noun / 명사)，如 사람（人）、집（家）。
1256,찾아가다,chajagada,前往拜訪、去找,To go to a place to meet somebody,B,動詞 (Verb / 동사)，如 하다（做）、가다（去）。
1257,폭력,pokryeok,暴力,"voilent,brute force",C,名詞 (Noun / 명사)，如 사람（人）、집（家）。
1258,혹시,hoksi,或許、萬一、是不是,Sometimes,C,副詞 (Adverb / 부사)，如 더（更）、잘（好）。
1259,늘다,neulda,增加、增長、進步,"Increase, gain",B,動詞 (Verb / 동사)，如 하다（做）、가다（去）。
1260,양,yang,數量、份量,"quantity,volume",B,名詞 (Noun / 명사)，如 사람（人）、집（家）。
1261,절차,jeolcha,程序、手續,"process,formalities; 수속",C,名詞 (Noun / 명사)，如 사람（人）、집（家）。
1262,계시다,gyesida,在、居住（있다之敬語）,(honorofic) to stay or reside,A,補助用言 (Auxiliary / 補助用言 (Auxiliary / 보조용언)，如 ～버리다、～싶다。조용언)，如 ～버리다、～싶다。
1263,공기,gonggi,空氣,Air,B,名詞 (Noun / 명사)，如 사람（人）、집（家）。
1264,닿다,data,觸及、到達、聯繫,"To reach, get to",B,動詞 (Verb / 동사)，如 하다（做）、가다（去）。
1265,속하다,sokhada,屬於、歸屬於,"Belong to, be affiliated with",B,動詞 (Verb / 동사)，如 하다（做）、가다（去）。
1266,올림픽,olrimpik,奧運會,Olympic,B,名詞 (Noun / 명사)，如 사람（人）、집（家）。
1267,이외,ioe,以外、除外,"Except, apart from",B,名詞 (Noun / 명사)，如 사람（人）、집（家）。
1268,재미,jaemi,樂趣、趣味、好玩,"amusement,enjoyment",A,名詞 (Noun / 명사)，如 사람（人）、집（家）。
1269,제공하다,jegonghada,提供、供應,"offer,proffer",B,動詞 (Verb / 동사)，如 하다（做）、가다（去）。
1270,증가하다,jeunggahada,增加、增長,"increase,rise,grow",C,動詞 (Verb / 동사)，如 하다（做）、가다（去）。
1271,기대,gidae,期待、指望,Expectation,B,名詞 (Noun / 명사)，如 사람（人）、집（家）。
1272,식물,singmul,植物 / 食物、糧食,"food,provisions",B,名詞 (Noun / 명사)，如 사람（人）、집（家）。
1273,옛,yet,古老、往日、過去（冠形詞）,"Old, ancient",B,冠形詞 (Determiner / 관형사)，如 한（一個）、어떤（某種）。
1274,외치다,oechida,喊叫、高呼,"To shout, scream",C,動詞 (Verb / 동사)，如 하다（做）、가다（去）。
1275,적어도,jeogeodo,至少、起碼,At the least,B,副詞 (Adverb / 부사)，如 더（更）、잘（好）。
1276,편하다,pyeonhada,舒服、安心、自在,Untroubled from cares,B,形容詞 (Adjective / 형용사)，如 크다（大）、좋다（好）。
1277,평,pyeong,坪（面積單位，約3.3平方公尺）,"a Pyeong, a square area about 2 square meters",C,依存名詞 / 量詞 (Dependent Noun / 의존명사)，如 것（東西/事情）、개（個）、명（名）。
1278,권리,gwonri,權利、權益,A right or a claim to,C,名詞 (Noun / 명사)，如 사람（人）、집（家）。
1279,끝내다,kkeunnaeda,結束、完成,To end,A,動詞 (Verb / 동사)，如 하다（做）、가다（去）。
1280,대답,daedap,回答、答覆,An answer,A,名詞 (Noun / 명사)，如 사람（人）、집（家）。
1281,시작,sijak,開始、起初,The beginning,A,名詞 (Noun / 명사)，如 사람（人）、집（家）。
1282,어려움,eoryeoum,困難、難處,"difficulty, hardship",B,名詞 (Noun / 명사)，如 사람（人）、집（家）。
1283,일주일,iljuil,一週、一個星期,One whole day,A,名詞 (Noun / 명사)，如 사람（人）、집（家）。
1284,자원,jawon,資源,Resources,C,名詞 (Noun / 명사)，如 사람（人）、집（家）。
1285,춤,chum,舞蹈、跳舞,Dance,A,名詞 (Noun / 명사)，如 사람（人）、집（家）。
1286,넘기다,neomgida,翻過、轉交、度過,"Pass over, send across",C,動詞 (Verb / 동사)，如 하다（做）、가다（去）。
1287,물체,mulche,物體,A material body,C,名詞 (Noun / 명사)，如 사람（人）、집（家）。
1288,분명히,bunmyeonghi,明顯地、分明、清楚,Obviously,B,副詞 (Adverb / 부사)，如 더（更）、잘（好）。
1289,시위,siwi,示威、遊行,A demonstration,C,名詞 (Noun / 명사)，如 사람（人）、집（家）。
1290,아무것,amugeot,任何事物、任何東西,Anything,B,名詞 (Noun / 명사)，如 사람（人）、집（家）。
1291,온,on,全、整、全部（冠形詞）,"All, whole, entire",B,冠形詞 (Determiner / 관형사)，如 한（一個）、어떤（某種）。
1292,젖다,jeotda,濕、濕透、浸潤,"To be wet, soaked",B,動詞 (Verb / 동사)，如 하다（做）、가다（去）。
1293,제외하다,jeoehada,排除、除外,To exclude,C,動詞 (Verb / 동사)，如 하다（做）、가다（去）。
1294,최대,choedae,最大、最高,"The greatest, the largest",B,名詞 (Noun / 명사)，如 사람（人）、집（家）。
1295,평소,pyeongso,平時、平日,"Ordinary times, ordinarily",B,名詞 (Noun / 명사)，如 사람（人）、집（家）。
1296,견해,gyeonhae,見解、看法,An opinion or view. Same as 의견,C,名詞 (Noun / 명사)，如 사람（人）、집（家）。
1297,깨끗하다,kkaekkeuthada,乾淨、整潔,To be clean or pure,A,形容詞 (Adjective / 형용사)，如 크다（大）、좋다（好）。
1298,농사,nongsa,農事、務農,Farming,B,名詞 (Noun / 명사)，如 사람（人）、집（家）。
1299,안정,anjeong,穩定、安定,Stability,C,名詞 (Noun / 명사)，如 사람（人）、집（家）。
1300,어둠,eodum,黑暗、暗處,Darkness,B,名詞 (Noun / 명사)，如 사람（人）、집（家）。
1301,어둡다,eodupda,黑暗、昏暗、陰沉,"To be dark, dim, gloomy",B,形容詞 (Adjective / 형용사)，如 크다（大）、좋다（好）。
1302,어쨌든,eojjaetdeun,無論如何、反正,"In any case, anyhow",C,副詞 (Adverb / 부사)，如 더（更）、잘（好）。
1303,주택,jutaek,住宅、房屋,A house,B,名詞 (Noun / 명사)，如 사람（人）、집（家）。
1304,고장,gojang,地方、地區、產地,A district or producing area,B,名詞 (Noun / 명사)，如 사람（人）、집（家）。
1305,관련하다,gwanryeonhada,相關、關聯,To be related to or connected to,B,動詞 (Verb / 동사)，如 하다（做）、가다（去）。
1306,눈길,nungil,視線、眼神,Line of vision,C,名詞 (Noun / 명사)，如 사람（人）、집（家）。
1307,물어보다,mureoboda,詢問、打聽,Ask,A,動詞 (Verb / 동사)，如 하다（做）、가다（去）。
1308,미안하다,mianhada,抱歉、對不起,To be sorry,A,形容詞 (Adjective / 형용사)，如 크다（大）、좋다（好）。
1309,밀다,milda,推、推動、推擠,"push, shove",B,動詞 (Verb / 동사)，如 하다（做）、가다（去）。
1310,스트레스,seuteureseu,壓力,Stress,A,名詞 (Noun / 명사)，如 사람（人）、집（家）。
1311,음,eum,嗯（表示沉吟、猶豫之聲）,"Sound you make to express doubt, worry",B,名詞 (Noun / 명사)，如 사람（人）、집（家）。0
1312,인사,insa,人士、社會名流,"People, men of society",A,名詞 (Noun / 명사)，如 사람（人）、집（家）。
1313,주어지다,jueojida,給予、賦予（被動）,"To offer, proffer (conditions)",C,動詞 (Verb / 동사)，如 하다（做）、가다（去）。
1314,고려하다,goryeohada,考慮、顧及,Regard or respect,B,動詞 (Verb / 동사)，如 하다（做）、가다（去）。
1315,과일,gwail,水果,A fruit,A,名詞 (Noun / 명사)，如 사람（人）、집（家）。
1316,널리,neolri,廣泛地、廣為,Widely,C,副詞 (Adverb / 부사)，如 더（更）、잘（好）。
1317,농촌,nongchon,農村、鄉村,A farm village,B,名詞 (Noun / 명사)，如 사람（人）、집（家）。
1318,올라오다,olraoda,上來、上升、登陸,Come up,B,動詞 (Verb / 동사)，如 하다（做）、가다（去）。
1319,챙기다,chaenggida,收拾、準備、打理,"gather, collect, assemble your stuff — to amass (money, a collection)",B,動詞 (Verb / 동사)，如 하다（做）、가다（去）。
1320,고르다,goreuda,挑選、選擇 / 平整,Choose or select,B,動詞 (Verb / 동사)，如 하다（做）、가다（去）。
1321,바르다,bareuda,塗抹、塗刷、敷,"Spread, apply",B,動詞 (Verb / 동사)，如 하다（做）、가다（去）。
1322,벌어지다,beoreojida,發生、擴大、展開,"To get serious, enlarge",B,動詞 (Verb / 동사)，如 하다（做）、가다（去）。
1323,소재,sojae,素材、題材,"material, subject matter",C,動詞 (Verb / 동사)，如 하다（做）、가다（去）。
1324,전망,jeonmang,展望、前景、視野,"A view, prospect",C,名詞 (Noun / 명사)，如 사람（人）、집（家）。
1325,포기하다,pogihada,放棄,"To give up, to abandon",B,動詞 (Verb / 동사)，如 하다（做）、가다（去）。
1326,형성되다,hyeongseongdoeda,形成、構成（被動）,"To be formed, made up",C,動詞 (Verb / 동사)，如 하다（做）、가다（去）。
1327,고치다,gochida,修理、修改、治療,"To fix, amend, change",B,名詞 (Noun / 명사)，如 사람（人）、집（家）。
1328,그림자,geurimja,影子、黑影,A shadow or a silhouette or an image,B,名詞 (Noun / 명사)，如 사람（人）、집（家）。
1329,눈,nun,雪、降雪,Snow,A,名詞 (Noun / 명사)，如 사람（人）、집（家）。
1330,다하다,dahada,竭盡、用盡、完畢,"Finish, go through, be exhausted, run out of",B,動詞 (Verb / 동사)，如 하다（做）、가다（去）。
1331,마침내,machimnae,終於、最後,"Finally, in the end",B,副詞 (Adverb / 부사)，如 더（更）、잘（好）。
1332,비교하다,bigyohada,比較,To compare,B,動詞 (Verb / 동사)，如 하다（做）、가다（去）。
1333,시월,siwol,十月,October,A,名詞 (Noun / 명사)，如 사람（人）、집（家）。
1334,커지다,keojida,變大、擴大、增長,To become bigger,B,動詞 (Verb / 동사)，如 하다（做）、가다（去）。
1335,한쪽,hanjjok,一邊、一方面,On one side,B,名詞 (Noun / 명사)，如 사람（人）、집（家）。
1336,검사,geomsa,檢查、檢驗、檢察官,Investigation or inspection or examination or audit,B,名詞 (Noun / 명사)，如 사람（人）、집（家）。
1337,결론,gyeolron,結論,A conclusion,C,名詞 (Noun / 명사)，如 사람（人）、집（家）。
1338,맡기다,matgida,委託、託付、寄存,Entrust sb with sth,B,動詞 (Verb / 동사)，如 하다（做）、가다（去）。
1339,박물관,bangmulgwan,博物館,Museum,A,名詞 (Noun / 명사)，如 사람（人）、집（家）。
1340,소문,somun,傳聞、謠言,A rumor,B,名詞 (Noun / 명사)，如 사람（人）、집（家）。
1341,싣다,sitda,裝載、刊登、載運,"To load, take (passengers)",B,動詞 (Verb / 동사)，如 하다（做）、가다（去）。
1342,쌓다,ssata,堆積、累積、築起,To pile up,B,動詞 (Verb / 동사)，如 하다（做）、가다（去）。
1343,어서,eoseo,快、趕快 / 請,Quickly 2) kindly,A,副詞 (Adverb / 부사)，如 더（更）、잘（好）。
1344,자녀,janyeo,子女、孩子們,one’s children,C,名詞 (Noun / 명사)，如 사람（人）、집（家）。
1345,제목,jemok,題目、標題,"A subject, theme",B,名詞 (Noun / 명사)，如 사람（人）、집（家）。
1346,짓,jit,行為、舉動（貶義）,Something you do,B,名詞 (Noun / 명사)，如 사람（人）、집（家）。
1347,판결,pangyeol,判決,A judgment (from a judge),C,名詞 (Noun / 명사)，如 사람（人）、집（家）。
1348,팔월,parwol,八月,August,A,名詞 (Noun / 명사)，如 사람（人）、집（家）。
1349,하얗다,hayata,潔白、純白,White,B,形容詞 (Adjective / 형용사)，如 크다（大）、좋다（好）。
1350,희망,huimang,希望、期望,"Hope, wish",B,名詞 (Noun / 명사)，如 사람（人）、집（家）。
1351,가방,gabang,包包、皮包、提袋,Bag,A,名詞 (Noun / 명사)，如 사람（人）、집（家）。
1352,군대,gundae,軍隊,Troops or an army,B,名詞 (Noun / 명사)，如 사람（人）、집（家）。
1353,그만큼,geumankeum,那麼多、那樣的程度,That much or to that extent,B,副詞 (Adverb / 부사)，如 더（更）、잘（好）。
1354,무어,mueo,什麼（무엇的口語縮略）,What? 무엇,B,代名詞 (Pronoun / 대명사)，如 나（我）、우리（我們）、그（他）。
1355,비로소,biroso,始、這才、才,For the first time,C,副詞 (Adverb / 부사)，如 더（更）、잘（好）。
1356,상대방,sangdaebang,對方、對談對象,Conversation partner,B,名詞 (Noun / 명사)，如 사람（人）、집（家）。
1357,서구,seogu,西歐、西方,Western Europe,C,名詞 (Noun / 명사)，如 사람（人）、집（家）。
1358,소유,soyu,所有、擁有,Possession,C,名詞 (Noun / 명사)，如 사람（人）、집（家）。
1359,시골,sigol,鄉下、農村,Countryside,B,名詞 (Noun / 명사)，如 사람（人）、집（家）。
1360,실수,silsu,失誤、過失、差錯,A mistake,B,名詞 (Noun / 명사)，如 사람（人）、집（家）。
1361,잘못되다,jalmotdoeda,出錯、不順利、出差錯,To turn out wrong,B,動詞 (Verb / 동사)，如 하다（做）、가다（去）。
1362,치료,chiryo,治療、醫療,"Medical treatment, medical care",B,名詞 (Noun / 명사)，如 사람（人）、집（家）。
1363,폭,pok,寬度、幅度、範圍,Width; range,B,名詞 (Noun / 명사)，如 사람（人）、집（家）。
1364,호,ho,號、期（期數/筆名/門牌）,"A pen name, a title; a number, an issue",A,依存名詞 / 量詞 (Dependent Noun / 의존명사)，如 것（東西/事情）、개（個）、명（名）。
1365,내밀다,naemilda,伸出、遞出、突出,To Push out,B,動詞 (Verb / 동사)，如 하다（做）、가다（去）。
1366,맞다,matda,挨打、被擊中、遭受,"Be struck, beaten",B,動詞 (Verb / 동사)，如 하다（做）、가다（去）。
1367,부문,bumun,部門、領域、部分,"A section, department",C,名詞 (Noun / 명사)，如 사람（人）、집（家）。
1368,시리즈,sirijeu,系列、連續劇,Series,B,名詞 (Noun / 명사)，如 사람（人）、집（家）。
1369,임신,imsin,懷孕、妊娠,Pregnant,B,名詞 (Noun / 명사)，如 사람（人）、집（家）。
1370,잡히다,japhida,被抓、被逮 / 熄滅（火勢受控）,To be caught ; to extinguish a fire,B,動詞 (Verb / 동사)，如 하다（做）、가다（去）。
1371,규정,gyujeong,規定、規章,Provision or stipulation,C,名詞 (Noun / 명사)，如 사람（人）、집（家）。
1372,그램,geuraem,克（重量單位 g）,Gram,B,依存名詞 / 量詞 (Dependent Noun / 의존명사)，如 것（東西/事情）、개（個）、명（名）。
1373,밭,bat,田、旱田,"A field, farm",B,名詞 (Noun / 명사)，如 사람（人）、집（家）。
1374,분석하다,bunseokhada,分析,To analyze,B,動詞 (Verb / 동사)，如 하다（做）、가다（去）。
1375,식구,sikgu,家人、家庭成員,"Members of a family, your immediate family members (those you live with, preferably)",B,名詞 (Noun / 명사)，如 사람（人）、집（家）。
1376,아예,aye,乾脆、根本、一開始就,"From the very first, from the very beginning",C,副詞 (Adverb / 부사)，如 더（更）、잘（好）。
1377,어찌,eojji,怎能、如何、怎麼,"How, in what way, by what means",C,副詞 (Adverb / 부사)，如 더（更）、잘（好）。
1378,울리다,ulrida,鳴響、迴盪 / 使哭泣,To ring (a bell) ; to create an echo effect,B,動詞 (Verb / 동사)，如 하다（做）、가다（去）。
1379,작용하다,jagyonghada,起作用、發揮影響,"To apply , use",C,動詞 (Verb / 동사)，如 하다（做）、가다（去）。
1380,확실하다,hwaksilhada,確實、確鑿、明確,"To be sure, certain",B,形容詞 (Adjective / 형용사)，如 크다（大）、좋다（好）。
1381,개선,gaeseon,改善、改進,Renovation or improvement or betterment,C,名詞 (Noun / 명사)，如 사람（人）、집（家）。
1382,그릇,geureut,碗、容器、器具,A vessel or receptacle,A,名詞 (Noun / 명사)，如 사람（人）、집（家）。
1383,글자,geulja,文字、字,A letter or a character,B,名詞 (Noun / 명사)，如 사람（人）、집（家）。
1384,바람직하다,baramjikhada,理想、可取、妥當,"Be desirable, advisable, to be appropriate, good",C,形容詞 (Adjective / 형용사)，如 크다（大）、좋다（好）。
1385,연구하다,yeonguhada,研究、鑽研,"To research, investigate",B,動詞 (Verb / 동사)，如 하다（做）、가다（去）。
1386,착하다,chakhada,善良、乖巧,To be nice,B,形容詞 (Adjective / 형용사)，如 크다（大）、좋다（好）。
1387,개,gae,狗、犬,A dog,A,名詞 (Noun / 명사)，如 사람（人）、집（家）。
1388,부동산,budongsan,不動產、房地產,Real estate,B,名詞 (Noun / 명사)，如 사람（人）、집（家）。
1389,신화,sinhwa,神話,A myth,C,名詞 (Noun / 명사)，如 사람（人）、집（家）。
1390,양,yang,...小姐（對女性稱呼）,Miss ~,C,依存名詞 / 量詞 (Dependent Noun / 의존명사)，如 것（東西/事情）、개（個）、명（名）。
1391,점,jeom,污點、斑點、瑕疵,"a spot, a blemish",B,依存名詞 / 量詞 (Dependent Noun / 의존명사)，如 것（東西/事情）、개（個）、명（名）。
1392,직업,jigeop,職業、工作,"An occupation, calling",B,名詞 (Noun / 명사)，如 사람（人）、집（家）。
1393,거두다,geoduda,收穫、收集、收攏,Collect or gather up,C,動詞 (Verb / 동사)，如 하다（做）、가다（去）。
1394,방학,banghak,假期、寒暑假,School holidays,A,名詞 (Noun / 명사)，如 사람（人）、집（家）。
1395,범위,beomwi,範圍,"Range, area",C,名詞 (Noun / 명사)，如 사람（人）、집（家）。
1396,조상,josang,祖先、祖宗,Ancestors,B,名詞 (Noun / 명사)，如 사람（人）、집（家）。
1397,철학,cheolhak,哲學,Philosophy,C,名詞 (Noun / 명사)，如 사람（人）、집（家）。
1398,검다,geomda,黑色、深黑,Black or dark,B,形容詞 (Adjective / 형용사)，如 크다（大）、좋다（好）。
1399,곁,gyeot,身旁、旁邊、身邊,Neighborhood or vicinity,B,名詞 (Noun / 명사)，如 사람（人）、집（家）。
1400,근본적,geunbonjeok,根本的、基本的,"foundational, fundamental",C,名詞 (Noun / 명사)，如 사람（人）、집（家）。
1401,너희,neohui,你們,You guys,B,代名詞 (Pronoun / 대명사)，如 나（我）、우리（我們）、그（他）。
1402,대형,daehyeong,大型、大號,"Large, full-sized",C,名詞 (Noun / 명사)，如 사람（人）、집（家）。
1403,문제점,munjejeom,問題點、癥結,The point at issue,B,名詞 (Noun / 명사)，如 사람（人）、집（家）。
1404,본격적,bongyeokjeok,正式的、真正的、全面的,Exemplary,C,名詞 (Noun / 명사)，如 사람（人）、집（家）。
1405,불가능하다,bulganeunghada,不可能,Impossible,B,形容詞 (Adjective / 형용사)，如 크다（大）、좋다（好）。
1406,충격,chunggyeok,衝擊、震驚,"An impact, a shock",B,名詞 (Noun / 명사)，如 사람（人）、집（家）。
1407,퍼지다,peojida,擴散、傳播、蔓延,"Spread out, get broader",C,動詞 (Verb / 동사)，如 하다（做）、가다（去）。
1408,금방,geumbang,剛才 / 馬上、立刻,Just now or a moment ago,B,副詞 (Adverb / 부사)，如 더（更）、잘（好）。
1409,남쪽,namjjok,南方、南面,South side,A,名詞 (Noun / 명사)，如 사람（人）、집（家）。
1410,누르다,nureuda,按、壓、壓制,Press or push down,B,動詞 (Verb / 동사)，如 하다（做）、가다（去）。
1411,미술,misul,美術、藝術,"art, the fine arts",B,名詞 (Noun / 명사)，如 사람（人）、집（家）。
1412,백성,baekseong,百姓、平民,The common people,C,名詞 (Noun / 명사)，如 사람（人）、집（家）。
1413,상당히,sangdanghi,相當、頗為、十分,"fairly, considerably",C,副詞 (Adverb / 부사)，如 더（更）、잘（好）。
1414,색깔,saekkkal,顏色、色彩,Color,A,名詞 (Noun / 명사)，如 사람（人）、집（家）。
1415,요리,yori,料理、烹飪,Cooking,A,名詞 (Noun / 명사)，如 사람（人）、집（家）。
1416,유명하다,yumyeonghada,著名、有名,To be famous,A,形容詞 (Adjective / 형용사)，如 크다（大）、좋다（好）。
1417,자네,jane,你、老弟（長輩對晚輩稱呼）,You,C,代名詞 (Pronoun / 대명사)，如 나（我）、우리（我們）、그（他）。
1418,기,gi,氣、精氣、氣力,1) energy 2) breath or wind,C,名詞 (Noun / 명사)，如 사람（人）、집（家）。
1419,꽤,kkwae,相當、頗、挺,Fairly or considerably,B,副詞 (Adverb / 부사)，如 더（更）、잘（好）。
1420,외국인,oegugin,外國人,"A foreigner, a foreign national",A,名詞 (Noun / 명사)，如 사람（人）、집（家）。
1421,한참,hancham,好一陣子、許久,"For some time, for a while",B,名詞 (Noun / 명사)，如 사람（人）、집（家）。
1422,군사,gunsa,軍事,Military affairs,C,名詞 (Noun / 명사)，如 사람（人）、집（家）。
1423,끊다,kkeunta,切斷、中斷、戒掉,Cut off or sever,B,動詞 (Verb / 동사)，如 하다（做）、가다（去）。
1424,넘어가다,neomeogada,越過、翻過、轉入,Cross or go over,B,動詞 (Verb / 동사)，如 하다（做）、가다（去）。
1425,담기다,damgida,盛裝、裝著、醃製（被動）,Be put food in a bottle or for pickling,B,動詞 (Verb / 동사)，如 하다（做）、가다（去）。
1426,마당,madang,院子、庭院,Garden,C,名詞 (Noun / 명사)，如 사람（人）、집（家）。
1427,부인,buin,夫人、妻子,A woman,A,名詞 (Noun / 명사)，如 사람（人）、집（家）。
1428,서두르다,seodureuda,趕快、急忙、匆忙,To hurry up,B,動詞 (Verb / 동사)，如 하다（做）、가다（去）。
1429,지적,jijeok,指出、指明,"Pointing out, indication",C,名詞 (Noun / 명사)，如 사람（人）、집（家）。
1430,짝,jjak,一對、搭檔、伴侶,"One pair, one couple",C,名詞 (Noun / 명사)，如 사람（人）、집（家）。
1431,참으로,chameuro,真是、確實、真正地,"really, indeed",C,副詞 (Adverb / 부사)，如 더（更）、잘（好）。
1432,충분하다,chungbunhada,充分、足夠,"To be sufficient, ample",B,形容詞 (Adjective / 형용사)，如 크다（大）、좋다（好）。
1433,기쁘다,gippeuda,高興、開心,To be happy,B,形容詞 (Adjective / 형용사)，如 크다（大）、좋다（好）。
1434,숙제,sukje,作業、功課,Homework,A,名詞 (Noun / 명사)，如 사람（人）、집（家）。
1435,앞두다,apduda,面臨、擺在眼前,Have a distance ahead,C,動詞 (Verb / 동사)，如 하다（做）、가다（去）。
1436,예산,yesan,預算,"An estimate, budget",C,名詞 (Noun / 명사)，如 사람（人）、집（家）。
1437,온갖,ongat,各種、形形色色、種種,"All kinds, all sorts",C,冠形詞 (Determiner / 관형사)，如 한（一個）、어떤（某種）。
1438,우려,uryeo,擔憂、憂慮,"worry, anxiety, fear",C,名詞 (Noun / 명사)，如 사람（人）、집（家）。
1439,우산,usan,雨傘,An umbrella,A,名詞 (Noun / 명사)，如 사람（人）、집（家）。
1440,기쁨,gippeum,喜悅、高興,Joy or delight,B,名詞 (Noun / 명사)，如 사람（人）、집（家）。
1441,깊이,gipi,深度、深處,Deepness,B,副詞 (Adverb / 부사)，如 더（更）、잘（好）。
1442,꾸미다,kkumida,裝飾、打扮、佈置,Decorate,B,動詞 (Verb / 동사)，如 하다（做）、가다（去）。
1443,늘리다,neulrida,增加、擴大、增長,"Increase, multiply",B,動詞 (Verb / 동사)，如 하다（做）、가다（去）。
1444,무릎,mureup,膝蓋,A knee,B,名詞 (Noun / 명사)，如 사람（人）、집（家）。
1445,발견되다,balgyeondoeda,被發現,Be discovered,B,動詞 (Verb / 동사)，如 하다（做）、가다（去）。
1446,보호하다,bohohada,保護、庇護,"protect, shelter, guard",C,動詞 (Verb / 동사)，如 하다（做）、가다（去）。
1447,시스템,siseutem,系統,System,C,名詞 (Noun / 명사)，如 사람（人）、집（家）。
1448,이용,iyong,利用、使用,To use,B,名詞 (Noun / 명사)，如 사람（人）、집（家）。
1449,지난달,jinandal,上個月,Last month,A,名詞 (Noun / 명사)，如 사람（人）、집（家）。
1450,지르다,jireuda,呼喊、大叫（소리를 지르다）,"Holler, yell, scream",B,動詞 (Verb / 동사)，如 하다（做）、가다（去）。
1451,참여,chamyeo,參與、參加,Participation,C,名詞 (Noun / 명사)，如 사람（人）、집（家）。
1452,걸음,georeum,步履、腳步、步伐,Walking or stepping or a step,B,名詞 (Noun / 명사)，如 사람（人）、집（家）。
1453,겨우,gyeou,勉強、好不容易、僅僅,Barely or narrowly. 간신히,B,副詞 (Adverb / 부사)，如 더（更）、잘（好）。
1454,마르다,mareuda,變乾、乾枯 / 消瘦,Become dry,B,動詞 (Verb / 동사)，如 하다（做）、가다（去）。
1455,비교적,bigyojeok,比較、相對地,Comparatively,B,副詞 (Adverb / 부사)，如 더（更）、잘（好）。
1456,애쓰다,aesseuda,費力、竭力、費心,Make efforts/pains to do sth,C,動詞 (Verb / 동사)，如 하다（做）、가다（去）。
1457,올바르다,olbareuda,端正、正確、正直,"Be honest, straightforward",C,形容詞 (Adjective / 형용사)，如 크다（大）、좋다（好）。
1458,책상,chaeksang,書桌、辦公桌,On the desk,A,名詞 (Noun / 명사)，如 사람（人）、집（家）。
1459,춥다,chupda,寒冷、冷,To be cold,A,形容詞 (Adjective / 형용사)，如 크다（大）、좋다（好）。
1460,흔하다,heunhada,常見、多的是,To be everywhere,C,形容詞 (Adjective / 형용사)，如 크다（大）、좋다（好）。
1461,높아지다,nopajida,變高、升高,Become high,B,動詞 (Verb / 동사)，如 하다（做）、가다（去）。
1462,늙다,neukda,變老、衰老,Grow old,B,動詞 (Verb / 동사)，如 하다（做）、가다（去）。
1463,단위,danwi,單位,"A unit, a monad",C,名詞 (Noun / 명사)，如 사람（人）、집（家）。
1464,무겁다,mugeopda,沉重、重,Heavy ; a stuffy atmosphere,A,形容詞 (Adjective / 형용사)，如 크다（大）、좋다（好）。
1465,바람,baram,因為...緣故、由於（~는 바람에）,"As a result, by the influence of",A,依存名詞 / 量詞 (Dependent Noun / 의존명사)，如 것（東西/事情）、개（個）、명（名）。
1466,상상,sangsang,想像,Imagination,B,名詞 (Noun / 명사)，如 사람（人）、집（家）。
1467,소득,sodeuk,收入、所得,"An income, earnings",C,名詞 (Noun / 명사)，如 사람（人）、집（家）。
1468,수도,sudo,首都 / 自來水,"the capital city, e.g. Seoul, of a country",C,名詞 (Noun / 명사)，如 사람（人）、집（家）。
1469,역,yeok,角色、作用,"A part, a role",C,名詞 (Noun / 명사)，如 사람（人）、집（家）。
1470,인식하다,insikhada,認識、認知、意識到,"recognition, cognizance",C,動詞 (Verb / 동사)，如 하다（做）、가다（去）。
1471,자,ja,字、漢字、字母,A Chinese character,C,名詞 (Noun / 명사)，如 사람（人）、집（家）。
1472,침대,chimdae,床,A bed,A,名詞 (Noun / 명사)，如 사람（人）、집（家）。
1473,권,gwon,卷、本（書籍量詞）,A volume or a book,A,依存名詞 / 量詞 (Dependent Noun / 의존명사)，如 것（東西/事情）、개（個）、명（名）。
1474,맺다,maetda,結下、簽署、結成,"form, tie",C,動詞 (Verb / 동사)，如 하다（做）、가다（去）。
1475,수요,suyo,需求,"demand, requirement",C,名詞 (Noun / 명사)，如 사람（人）、집（家）。
1476,스타,seuta,明星、巨星,Star,B,名詞 (Noun / 명사)，如 사람（人）、집（家）。
1477,시계,sigye,鐘錶、手錶,"clock, timekeeper, timepiece",A,名詞 (Noun / 명사)，如 사람（人）、집（家）。
1478,입술,ipsul,嘴唇,The lips,B,名詞 (Noun / 명사)，如 사람（人）、집（家）。
1479,잎,ip,樹葉、葉子,A leaf,A,名詞 (Noun / 명사)，如 사람（人）、집（家）。
1480,중간,junggan,中間、中途,In the middle,B,名詞 (Noun / 명사)，如 사람（人）、집（家）。
1481,지도자,jidoja,領導人、領袖,Leader,C,名詞 (Noun / 명사)，如 사람（人）、집（家）。
1482,천천히,cheoncheonhi,慢慢地、緩慢地,Slowly,A,副詞 (Adverb / 부사)，如 더（更）、잘（好）。
1483,구성하다,guseonghada,構成、組成,To organize or makeup,C,動詞 (Verb / 동사)，如 하다（做）、가다（去）。
1484,대체로,daechero,大體上、大致、一般來說,"Generally, on the whole, for the most part",C,副詞 (Adverb / 부사)，如 더（更）、잘（好）。
1485,몹시,mopsi,非常、極其、十分,Extremely,B,副詞 (Adverb / 부사)，如 더（更）、잘（好）。
1486,문득,mundeuk,忽然、猛然、驟然,Suddenly,C,副詞 (Adverb / 부사)，如 더（更）、잘（好）。
1487,스포츠,seupocheu,體育、運動,Sports,A,名詞 (Noun / 명사)，如 사람（人）、집（家）。
1488,위원장,wiwonjang,委員長、主任委員,A chairman of a committee,C,名詞 (Noun / 명사)，如 사람（人）、집（家）。
1489,저기,jeogi,那裡、那兒,"That place, there",A,代名詞 (Pronoun / 대명사)，如 나（我）、우리（我們）、그（他）。
1490,특별하다,teukbyeolhada,特別、格外,"To be special, extraordinary",B,形容詞 (Adjective / 형용사)，如 크다（大）、좋다（好）。
1491,효과적,hyogwajeok,有效的、成效顯著的,Effective,C,名詞 (Noun / 명사)，如 사람（人）、집（家）。
1492,가까이,gakkai,靠近、附近、緊密,Close,B,副詞 (Adverb / 부사)，如 더（更）、잘（好）。
1493,낫다,natda,較好、更佳 / 痊癒,Superior,B,形容詞 (Adjective / 형용사)，如 크다（大）、좋다（好）。
1494,넘어서다,neomeoseoda,跨越、越過、超越,Pass over,B,動詞 (Verb / 동사)，如 하다（做）、가다（去）。
1495,볶다,bokda,炒、烘焙,"fry, roast",B,動詞 (Verb / 동사)，如 하다（做）、가다（去）。
1496,생산하다,saengsanhada,生產、製造,"To produce, make",C,動詞 (Verb / 동사)，如 하다（做）、가다（去）。
1497,언젠가,eonjenga,總有一天、不知何時,"One of these days, at some time in the future",B,副詞 (Adverb / 부사)，如 더（更）、잘（好）。
1498,예술가,yesulga,藝術家,An artist,B,名詞 (Noun / 명사)，如 사람（人）、집（家）。
1499,의도,uido,意圖、意向,"An intention, an aim",C,名詞 (Noun / 명사)，如 사람（人）、집（家）。
1500,저지르다,jeojireuda,犯下、搞砸（錯誤/罪行）,"do,commit, spoil",C,動詞 (Verb / 동사)，如 하다（做）、가다（去）。
1501,줄어들다,jureodeulda,減少、縮小,Dwindle away,C,動詞 (Verb / 동사)，如 하다（做）、가다（去）。
1502,가만히,gamanhi,靜靜地、一動不動地,Quietly or softly,B,副詞 (Adverb / 부사)，如 더（更）、잘（好）。
1503,건,geon,件、事、案件,A matter or an object or a case,C,依存名詞 / 量詞 (Dependent Noun / 의존명사)，如 것（東西/事情）、개（個）、명（名）。
1504,교회,gyohoe,教誨、感化、教導,Preach or moral instruction,A,名詞 (Noun / 명사)，如 사람（人）、집（家）。
1505,대구,daegu,大邱（城市名）,Daegu city,B,專有名詞 (Proper Noun / 고유명사)，如 대구（大邱）。
1506,외부,oebu,外部、外面,"The exterior, the outside",C,名詞 (Noun / 명사)，如 사람（人）、집（家）。
1507,한두,handu,一兩個、一二,One or two,B,冠形詞 (Determiner / 관형사)，如 한（一個）、어떤（某種）。
1508,한때,hanttae,一時、曾經、一段時期,"For a while, temporarily",C,名詞 (Noun / 명사)，如 사람（人）、집（家）。
1509,화,hwa,火氣、怒氣,Anger (get angry),A,名詞 (Noun / 명사)，如 사람（人）、집（家）。
1510,흙,heuk,泥土、泥沙,"earth, the soil",B,名詞 (Noun / 명사)，如 사람（人）、집（家）。
1511,가난하다,gananhada,貧窮、貧困,Poor,B,形容詞 (Adjective / 형용사)，如 크다（大）、좋다（好）。
1512,고객,gogaek,顧客、客戶,Customer,B,名詞 (Noun / 명사)，如 사람（人）、집（家）。
1513,과학자,gwahakja,科學家,Scientist,B,名詞 (Noun / 명사)，如 사람（人）、집（家）。
1514,관광,gwangwang,觀光、旅遊,Sightseeing or tourism,B,名詞 (Noun / 명사)，如 사람（人）、집（家）。
1515,살아오다,saraoda,活下來、生還,To come out alive,C,動詞 (Verb / 동사)，如 하다（做）、가다（去）。
1516,상대적,sangdaejeok,相對的,"relatively, correlatively",C,名詞 (Noun / 명사)，如 사람（人）、집（家）。
1517,수술,susul,手術,Surgery,B,名詞 (Noun / 명사)，如 사람（人）、집（家）。
1518,식품,sikpum,食品,Groceries,B,名詞 (Noun / 명사)，如 사람（人）、집（家）。
1519,연기,yeongi,演技、表演 / 煙,"performance, acting",B,名詞 (Noun / 명사)，如 사람（人）、집（家）。
1520,일월,irwol,一月,January,A,名詞 (Noun / 명사)，如 사람（人）、집（家）。
1521,조,jo,條、條款,"article, clause",C,依存名詞 / 量詞 (Dependent Noun / 의존명사)，如 것（東西/事情）、개（個）、명（名）。
1522,첫째,cheotjjae,第一、首要,The first,A,數詞 (Numeral / 수사)，如 하나（一）。：數詞 (Numeral / 수사)，如 하나（一）。
1523,회원,hoewon,會員,A member of a society,B,名詞 (Noun / 명사)，如 사람（人）、집（家）。
1524,도서관,doseogwan,圖書館,Library,A,名詞 (Noun / 명사)，如 사람（人）、집（家）。
1525,들려오다,deulryeooda,傳來、迴響（聲音）,To echo (sound),B,動詞 (Verb / 동사)，如 하다（做）、가다（去）。
1526,조금씩,jogeumssik,漸漸、一點一點地,"A little at a time, little by little",B,副詞 (Adverb / 부사)，如 더（更）、잘（好）。
1527,조미료,jomiryo,調味料,"seasoning, condiment",C,名詞 (Noun / 명사)，如 사람（人）、집（家）。
1528,풀리다,pulrida,解開、緩解、鬆開,To come loose,B,動詞 (Verb / 동사)，如 하다（做）、가다（去）。
1529,강력하다,gangryeokhada,強力、強大,To be strong or powerful,C,形容詞 (Adjective / 형용사)，如 크다（大）、좋다（好）。
1530,마늘,maneul,大蒜,Garlic,B,名詞 (Noun / 명사)，如 사람（人）、집（家）。
1531,선물,seonmul,禮物,"A present,gift",A,名詞 (Noun / 명사)，如 사람（人）、집（家）。
1532,습관,seupgwan,習慣,Habit,B,名詞 (Noun / 명사)，如 사람（人）、집（家）。
1533,아주머니,ajumeoni,伯母、大嬸、阿姨,"An aunt, a respectable word for a married, older woman",A,名詞 (Noun / 명사)，如 사람（人）、집（家）。
1534,위험,wiheom,危險,Danger,A,名詞 (Noun / 명사)，如 사람（人）、집（家）。
1535,지하,jiha,地下,Underground,A,名詞 (Noun / 명사)，如 사람（人）、집（家）。
1536,활용하다,hwaryonghada,活用、加以利用,"Utilize, make practical use of",B,動詞 (Verb / 동사)，如 하다（做）、가다（去）。
1537,가꾸다,gakkuda,培育、種植 / 打扮,1) grow or cultivatea 2) dress oneself up,B,動詞 (Verb / 동사)，如 하다（做）、가다（去）。
1538,고민,gomin,苦惱、煩惱,Worry or anguish,B,名詞 (Noun / 명사)，如 사람（人）、집（家）。
1539,맨,maen,"光、赤、最（맨손, 맨발）","bare,naked",B,冠形詞 (Determiner / 관형사)，如 한（一個）、어떤（某種）。
1540,법률,beopryul,法律,"A law, statute",C,名詞 (Noun / 명사)，如 사람（人）、집（家）。
1541,상처,sangcheo,傷口、傷害,Wound,B,名詞 (Noun / 명사)，如 사람（人）、집（家）。
1542,좁다,jopda,狹窄、窄,Narrow,B,形容詞 (Adjective / 형용사)，如 크다（大）、좋다（好）。
1543,지하철,jihacheol,地鐵、捷運,Subway,A,名詞 (Noun / 명사)，如 사람（人）、집（家）。
1544,집다,jipda,夾取、撿起、拿起,Pick up,B,動詞 (Verb / 동사)，如 하다（做）、가다（去）。
1545,현,hyeon,現、現任、現在,"The present, the existence, actuality",C,冠形詞 (Determiner / 관형사)，如 한（一個）、어떤（某種）。
1546,화면,hwamyeon,畫面、螢幕,Screen,C,名詞 (Noun / 명사)，如 사람（人）、집（家）。
1547,군,gun,...君、...老弟（男性尊稱）,Mr.,B,依存名詞 / 量詞 (Dependent Noun / 의존명사)，如 것（東西/事情）、개（個）、명（名）。
1548,대표적,daepyojeok,代表性的,Representative,B,名詞 (Noun / 명사)，如 사람（人）、집（家）。
1549,만일,manil,萬一、如果,"If, suppose",B,名詞 (Noun / 명사)，如 사람（人）、집（家）。
1550,사회적,sahoejeok,社會性的、社會的,Socially,B,名詞 (Noun / 명사)，如 사람（人）、집（家）。
1551,생겨나다,saenggyeonada,產生、出現、萌發,"To begin, germinate",B,動詞 (Verb / 동사)，如 하다（做）、가다（去）。
1552,이어,ieo,俚語、俗語 / 接著,"vulgarity, slang",C,副詞 (Adverb / 부사)，如 더（更）、잘（好）。
1553,주부,jubu,主婦、家庭主婦,A wife,B,名詞 (Noun / 명사)，如 사람（人）、집（家）。
1554,진리,jinri,真理,"A truth, a fact",C,名詞 (Noun / 명사)，如 사람（人）、집（家）。
1555,태양,taeyang,太陽,The sun,B,名詞 (Noun / 명사)，如 사람（人）、집（家）。
1556,틀림없다,teulrimeopda,沒錯、無疑,No mistaking it,B,形容詞 (Adjective / 형용사)，如 크다（大）、좋다（好）。
1557,프로,peuro,職業、專業選手,Professional,B,名詞 (Noun / 명사)，如 사람（人）、집（家）。
1558,피다,pida,盛開、綻放,To bloom ( a flower ~),B,動詞 (Verb / 동사)，如 하다（做）、가다（去）。
1559,공급,gonggeup,供應、供給,Supply or provision,C,名詞 (Noun / 명사)，如 사람（人）、집（家）。
1560,도로,doro,道路、馬路,"A road, way",B,名詞 (Noun / 명사)，如 사람（人）、집（家）。
1561,잘못,jalmot,錯誤、過錯,"wrong, mistake",B,副詞 (Adverb / 부사)，如 더（更）、잘（好）。
1562,지다,jida,背負、承擔,Carry (on the back),B,動詞 (Verb / 동사)，如 하다（做）、가다（去）。
1563,채우다,chaeuda,填滿、裝滿、滿足,"To fill up, complete, fulfill",B,動詞 (Verb / 동사)，如 하다（做）、가다（去）。
1564,균형,gyunhyeong,平衡、均衡,Balance or equilibrium,C,名詞 (Noun / 명사)，如 사람（人）、집（家）。
1565,기본적,gibonjeok,基本的,Fundamental or basic,C,名詞 (Noun / 명사)，如 사람（人）、집（家）。
1566,부족,bujok,部落、族群,A tribe,B,名詞 (Noun / 명사)，如 사람（人）、집（家）。
1567,사무실,samusil,辦公室,Office,A,名詞 (Noun / 명사)，如 사람（人）、집（家）。
1568,이월,iwol,二月,February,A,名詞 (Noun / 명사)，如 사람（人）、집（家）。
1569,일요일,iryoil,星期日、週日,Sunday,A,名詞 (Noun / 명사)，如 사람（人）、집（家）。
1570,접근,jeopgeun,接近、靠近,Proximity,C,名詞 (Noun / 명사)，如 사람（人）、집（家）。
1571,지켜보다,jikyeoboda,守望、注視、靜觀,"Watch, stare at ( wait on some situation)",C,動詞 (Verb / 동사)，如 하다（做）、가다（去）。
1572,개성,gaeseong,個性、特色,Individuality or personality,C,名詞 (Noun / 명사)，如 사람（人）、집（家）。
1573,달리다,dalrida,懸掛、繫著、結（果）,"Hang, be suspended",B,動詞 (Verb / 동사)，如 하다（做）、가다（去）。
1574,더하다,deohada,加重、增加、更甚,Get worse,B,動詞 (Verb / 동사)，如 하다（做）、가다（去）。
1575,무너지다,muneojida,倒塌、崩潰,Collapse,C,動詞 (Verb / 동사)，如 하다（做）、가다（去）。
1576,보통,botong,平時、通常（副詞）,Usually,B,副詞 (Adverb / 부사)，如 더（更）、잘（好）。
1577,쓰다,sseuda,戴（帽子/眼鏡）、撐（傘）,To wear (a hat),A,動詞 (Verb / 동사)，如 하다（做）、가다（去）。
1578,이러다,ireoda,這樣做、這麼說,do/say think this way,C,動詞 (Verb / 동사)，如 하다（做）、가다（去）。
1579,일어서다,ireoseoda,站起來、起立,"To rise to one’s feet, stand up",C,動詞 (Verb / 동사)，如 하다（做）、가다（去）。
1580,죄,joe,罪、罪過、罪惡,"A crime, a sin",C,名詞 (Noun / 명사)，如 사람（人）、집（家）。
1581,참,cham,事實、真相、真的,In reality,B,名詞 (Noun / 명사)，如 사람（人）、집（家）。0
1582,총장,chongjang,校長、總長,"The president, the chancellor (university’s)",B,名詞 (Noun / 명사)，如 사람（人）、집（家）。
1583,핵심,haeksim,核心,"The kernel, the core",C,名詞 (Noun / 명사)，如 사람（人）、집（家）。
1584,후반,huban,後半、後半期,The後半 / second half,C,名詞 (Noun / 명사)，如 사람（人）、집（家）。
1585,단순히,dansunhi,單純地、僅僅,Simply,B,副詞 (Adverb / 부사)，如 더（更）、잘（好）。
1586,달려가다,dalryeogada,跑去、奔去,"Run, rush, dash",B,動詞 (Verb / 동사)，如 하다（做）、가다（去）。
1587,방문,bangmun,訪問、拜訪 / 房門,A visit,B,名詞 (Noun / 명사)，如 사람（人）、집（家）。
1588,불만,bulman,不滿,Dissatisfaction,B,名詞 (Noun / 명사)，如 사람（人）、집（家）。
1589,불편하다,bulpyeonhada,不便、不舒服,To be unpleasant,B,形容詞 (Adjective / 형용사)，如 크다（大）、좋다（好）。
1590,종,jong,種類、物種,"A sort, kind, species",B,名詞 (Noun / 명사)，如 사람（人）、집（家）。
1591,피,pi,血、血液,Blood (is flowing),B,名詞 (Noun / 명사)，如 사람（人）、집（家）。
1592,강,gang,江、河,River,A,名詞 (Noun / 명사)，如 사람（人）、집（家）。
1593,관객,gwangaek,觀眾,Spectator,B,名詞 (Noun / 명사)，如 사람（人）、집（家）。
1594,막,mak,剛剛、方才,Just now,B,副詞 (Adverb / 부사)，如 더（更）、잘（好）。
1595,밀리미터,milrimiteo,毫米,Millimeter,B,依存名詞 / 量詞 (Dependent Noun / 의존명사)，如 것（東西/事情）、개（個）、명（名）。
1596,비싸다,bissada,昂貴、貴,To be expensive,A,形容詞 (Adjective / 형용사)，如 크다（大）、좋다（好）。
1597,숫자,sutja,數字,"A figure, number",B,名詞 (Noun / 명사)，如 사람（人）、집（家）。
1598,열,yeol,熱、體溫、熱度,Heat,B,名詞 (Noun / 명사)，如 사람（人）、집（家）。
1599,왼쪽,oenjjok,左邊、左側,The left side,A,名詞 (Noun / 명사)，如 사람（人）、집（家）。
1600,중세,jungse,中世紀,The middle ages,C,名詞 (Noun / 명사)，如 사람（人）、집（家）。
1601,택시,taeksi,計程車、的士,Taxi,A,名詞 (Noun / 명사)，如 사람（人）、집（家）。
1602,통합,tonghap,整合、統合、一體化,"Unity, unification",C,名詞 (Noun / 명사)，如 사람（人）、집（家）。
1603,계산,gyesan,計算、結帳,Calculation,B,名詞 (Noun / 명사)，如 사람（人）、집（家）。
1604,꼬리,kkori,尾巴,Tail,C,名詞 (Noun / 명사)，如 사람（人）、집（家）。
1605,놀랍다,nolrapda,驚人、令人吃驚,To be surprising,B,形容詞 (Adjective / 형용사)，如 크다（大）、좋다（好）。
1606,양식,yangsik,形式、樣式、模式 / 西餐,"A mode, a style, an order, a modality",C,名詞 (Noun / 명사)，如 사람（人）、집（家）。
1607,예전,yejeon,從前、往昔、過去,"Old days, former days",B,名詞 (Noun / 명사)，如 사람（人）、집（家）。
1608,전기,jeongi,電力、電,Electricity,B,名詞 (Noun / 명사)，如 사람（人）、집（家）。
1609,주식,jusik,股票、股份,Stock,C,名詞 (Noun / 명사)，如 사람（人）、집（家）。
1610,틀리다,teulrida,錯誤、不對、相左,"To be turned, warped 2) go wrong, be mistaken",B,動詞 (Verb / 동사)，如 하다（做）、가다（去）。
1611,끊임없이,kkeunimeopsi,不斷地、連續不斷,Constantly or unceasingly,C,副詞 (Adverb / 부사)，如 더（更）、잘（好）。
1612,모델,model,模型、模特兒,Model,B,名詞 (Noun / 명사)，如 사람（人）、집（家）。
1613,붓다,butda,倒（水/液體）/ 腫脹,"to pour (water, liquid)",B,動詞 (Verb / 동사)，如 하다（做）、가다（去）。
1614,상식,sangsik,常識,Common sense,C,名詞 (Noun / 명사)，如 사람（人）、집（家）。
1615,상표,sangpyo,商標、品牌,"trademark, brand",C,名詞 (Noun / 명사)，如 사람（人）、집（家）。
1616,시원하다,siwonhada,涼爽、清涼、痛快,"Be cool, refreshing",A,形容詞 (Adjective / 형용사)，如 크다（大）、좋다（好）。
1617,아니하다,anihada,不、不是、未,To be/do not,C,補助用言 (Auxiliary / 補助用言 (Auxiliary / 보조용언)，如 ～버리다、～싶다。조용언)，如 ～버리다、～싶다。
1618,의식하다,uisikhada,意識到、覺察,"Be conscious of, be aware of",C,動詞 (Verb / 동사)，如 하다（做）、가다（去）。
1619,고모,gomo,姑姑、姑母,A paternal aunt,B,名詞 (Noun / 명사)，如 사람（人）、집（家）。
1620,궁금하다,gunggeumhada,好奇、想知道,To wonder or be curious about,B,形容詞 (Adjective / 형용사)，如 크다（大）、좋다（好）。
1621,민주화,minjuhwa,民主化,Democratization,C,名詞 (Noun / 명사)，如 사람（人）、집（家）。
1622,보도,bodo,報導、新聞,"news, report",C,名詞 (Noun / 명사)，如 사람（人）、집（家）。
1623,살피다,salpida,觀察、查看、審視,Take a good look at,C,動詞 (Verb / 동사)，如 하다（做）、가다（去）。
1624,약하다,yakhada,虛弱、軟弱、薄弱,To be weak,B,形容詞 (Adjective / 형용사)，如 크다（大）、좋다（好）。
1625,잘못하다,jalmothada,做錯、失誤、搞錯,To make a mistake,B,動詞 (Verb / 동사)，如 하다（做）、가다（去）。
1626,잡지,japji,雜誌,A magazine,A,名詞 (Noun / 명사)，如 사람（人）、집（家）。
1627,거부하다,geobuhada,拒絕、抗拒、否決,Deny or reject or disapprove,C,動詞 (Verb / 동사)，如 하다（做）、가다（去）。
1628,공무원,gongmuwon,公務員,Public servant,B,名詞 (Noun / 명사)，如 사람（人）、집（家）。
1629,그만두다,geumanduda,停止、辭去、罷休,Stop or discontinue,B,動詞 (Verb / 동사)，如 하다（做）、가다（去）。
1630,댁,daek,府上、您家（敬稱）,You and your family,A,名詞 (Noun / 명사)，如 사람（人）、집（家）。
1631,반갑다,bangapda,高興、歡喜（見面時）,Be happy,A,形容詞 (Adjective / 형용사)，如 크다（大）、좋다（好）。
1632,부족,bujok,不足、缺乏,"lack, want (scarcity, insufficiency)",B,名詞 (Noun / 명사)，如 사람（人）、집（家）。
1633,실시,silsi,實施、施行,"execution, enforcement",C,名詞 (Noun / 명사)，如 사람（人）、집（家）。
1634,운명,unmyeong,命運,"fate, fortune",C,名詞 (Noun / 명사)，如 사람（人）、집（家）。
1635,재정,jaejeong,財政,"finances, economy",C,名詞 (Noun / 명사)，如 사람（人）、집（家）。
1636,차라리,charari,倒不如、寧可、與其,"rather, preferably",C,副詞 (Adverb / 부사)，如 더（更）、잘（好）。
1637,학자,hakja,學者,Scholar,C,名詞 (Noun / 명사)，如 사람（人）、집（家）。
1638,다녀오다,danyeooda,去去就回、拜訪歸來,Drop in for a short visit,A,動詞 (Verb / 동사)，如 하다（做）、가다（去）。
1639,달다,dalda,配戴、懸掛、附上,"to attach, fix",B,動詞 (Verb / 동사)，如 하다（做）、가다（去）。
1640,대규모,daegyumo,大規模,On a large scale,C,名詞 (Noun / 명사)，如 사람（人）、집（家）。
1641,동,dong,同、相同,the same,C,冠形詞 (Determiner / 관형사)，如 한（一個）、어떤（某種）。
1642,민간,mingan,民間、私營,"civil, private",C,名詞 (Noun / 명사)，如 사람（人）、집（家）。
1643,법원,beobwon,法院,Court of justice,C,名詞 (Noun / 명사)，如 사람（人）、집（家）。
1644,비디오,bidio,錄影、視訊、影片,Video,A,名詞 (Noun / 명사)，如 사람（人）、집（家）。
1645,사실상,sasilsang,事實上、實際上,"Actually, in truth",C,副詞 (Adverb / 부사)，如 더（更）、잘（好）。
1646,아끼다,akkida,愛惜、珍惜、節省,"grudge, spare",C,動詞 (Verb / 동사)，如 하다（做）、가다（去）。
1647,이쪽,ijjok,這邊、這一方,"This side, our way",A,代名詞 (Pronoun / 대명사)，如 나（我）、우리（我們）、그（他）。
1648,지대,jidae,地帶、區域,"Zone, belt, district",C,名詞 (Noun / 명사)，如 사람（人）、집（家）。
1649,판단하다,pandanhada,判斷、裁決,To make a conclusion,C,動詞 (Verb / 동사)，如 하다（做）、가다（去）。
1650,행복하다,haengbokhada,幸福,To be happy,B,形容詞 (Adjective / 형용사)，如 크다（大）、좋다（好）。
1651,굽다,gupda,烤、烘,To roast or bake,B,動詞 (Verb / 동사)，如 하다（做）、가다（去）。
1652,기름,gireum,油、油脂,Oil or fat,B,名詞 (Noun / 명사)，如 사람（人）、집（家）。
1653,실천하다,silcheonhada,實踐、實行,"To practice, put in theory",C,動詞 (Verb / 동사)，如 하다（做）、가다（去）。
1654,쏟아지다,ssodajida,傾瀉、傾盆而下、湧出,To pour out,B,動詞 (Verb / 동사)，如 하다（做）、가다（去）。
1655,연습,yeonseup,練習,"practice, exercise",A,名詞 (Noun / 명사)，如 사람（人）、집（家）。
1656,오른쪽,oreunjjok,右邊、右側,The right side,A,名詞 (Noun / 명사)，如 사람（人）、집（家）。
1657,용어,yongeo,術語、用語,Technical terminology,C,名詞 (Noun / 명사)，如 사람（人）、집（家）。
1658,익히다,ikhida,熟練、習得 / 煮熟,Habituate oneself to,C,動詞 (Verb / 동사)，如 하다（做）、가다（去）。
1659,지도,jido,地圖,"Map, atlas",A,名詞 (Noun / 명사)，如 사람（人）、집（家）。
1660,지위,jiwi,地位、職位,"Position, status",C,名詞 (Noun / 명사)，如 사람（人）、집（家）。
1661,풍부하다,pungbuhada,豐富、充裕,"To be abundant, copious, plentiful",C,形容詞 (Adjective / 형용사)，如 크다（大）、좋다（好）。
1662,화장실,hwajangsil,洗手間、廁所,Bathroom,A,名詞 (Noun / 명사)，如 사람（人）、집（家）。
1663,기억하다,gieokhada,記住、記憶、記得,To recall or remember,B,動詞 (Verb / 동사)，如 하다（做）、가다（去）。
1664,식량,sikryang,糧食,"food, provisions",C,名詞 (Noun / 명사)，如 사람（人）、집（家）。
1665,실험,silheom,實驗、試驗,"An experiment, test",C,名詞 (Noun / 명사)，如 사람（人）、집（家）。
1666,용기,yonggi,勇氣 / 容器,Bravery,C,名詞 (Noun / 명사)，如 사람（人）、집（家）。
1667,토론,toron,討論、辯論,"A debate, discussion",B,名詞 (Noun / 명사)，如 사람（人）、집（家）。
1668,핵,haek,核心、核子、核武器,"A nucleus, core",C,名詞 (Noun / 명사)，如 사람（人）、집（家）。
1669,고급,gogeup,高級、頂級,High rank or first class,B,名詞 (Noun / 명사)，如 사람（人）、집（家）。
1670,고생,gosaeng,辛苦、吃苦、辛勞,A hard life or privation,B,名詞 (Noun / 명사)，如 사람（人）、집（家）。
1671,미치다,michida,發瘋、瘋狂,Be crazy,B,動詞 (Verb / 동사)，如 하다（做）、가다（去）。
1672,밟다,bapda,踩、踏,Step on,B,動詞 (Verb / 동사)，如 하다（做）、가다（去）。
1673,상당하다,sangdanghada,相當、相當多、相稱,"Be proper, suitable",C,形容詞 (Adjective / 형용사)，如 크다（大）、좋다（好）。
1674,섞다,seokda,混合、摻雜,"blend, mix",B,動詞 (Verb / 동사)，如 하다（做）、가다（去）。
1675,수석,suseok,首席、第一名,The top seat,C,名詞 (Noun / 명사)，如 사람（人）、집（家）。
1676,없애다,eopsaeda,消除、去掉、除去,"Remove, get rid of, do away with",B,動詞 (Verb / 동사)，如 하다（做）、가다（去）。
1677,이뤄지다,irwojida,實現、形成、達成,To make something for a specific purpose,B,動詞 (Verb / 동사)，如 하다（做）、가다（去）。
1678,적절하다,jeokjeolhada,適當、恰當,Appropriateness,C,形容詞 (Adjective / 형용사)，如 크다（大）、좋다（好）。
1679,정상,jeongsang,頂峰、頂點 / 正常,"The top, summit",B,名詞 (Noun / 명사)，如 사람（人）、집（家）。
1680,제사,jesa,祭祀、祭祖典禮,A holiday ceremony,C,名詞 (Noun / 명사)，如 사람（人）、집（家）。
1681,주말,jumal,週末,Weekend,A,名詞 (Noun / 명사)，如 사람（人）、집（家）。
1682,지혜,jihye,智慧,"Wisdom, wits",C,名詞 (Noun / 명사)，如 사람（人）、집（家）。
1683,참새,chamsae,麻雀,A sparrow,C,名詞 (Noun / 명사)，如 사람（人）、집（家）。
1684,화장품,hwajangpum,化妝品,"Makup, cosmetics",B,名詞 (Noun / 명사)，如 사람（人）、집（家）。
1685,굵다,gukda,粗、粗壯,Be thick or fat,B,形容詞 (Adjective / 형용사)，如 크다（大）、좋다（好）。
1686,깨끗이,kkaekkeusi,乾乾淨淨地、徹底,Clean or neatly,B,副詞 (Adverb / 부사)，如 더（更）、잘（好）。
1687,낡다,nakda,陳舊、破舊、老化,Clear,B,形容詞 (Adjective / 형용사)，如 크다（大）、좋다（好）。
1688,내년,naenyeon,明年,Next year,A,名詞 (Noun / 명사)，如 사람（人）、집（家）。
1689,농산물,nongsanmul,農產品,Agricultural products,C,名詞 (Noun / 명사)，如 사람（人）、집（家）。
1690,눈앞,nunap,眼前,Before one’s eyes,B,名詞 (Noun / 명사)，如 사람（人）、집（家）。
1691,대학생,daehaksaeng,大學生,University student,A,名詞 (Noun / 명사)，如 사람（人）、집（家）。
1692,방문하다,bangmunhada,訪問、拜訪,To visit,B,動詞 (Verb / 동사)，如 하다（做）、가다（去）。
1693,붉다,bukda,紅、赤紅,"Be red, scalet",B,形容詞 (Adjective / 형용사)，如 크다（大）、좋다（好）。
1694,사고,sago,思考、思維,"thought, contemplation",C,名詞 (Noun / 명사)，如 사람（人）、집（家）。
1695,순서,sunseo,順序、次序,"system, order, sequence",B,名詞 (Noun / 명사)，如 사람（人）、집（家）。
1696,아무래도,amuraedo,無論如何、怎麼看也是,"Never on any account, no matter what",B,副詞 (Adverb / 부사)，如 더（更）、잘（好）。
1697,연구소,yeonguso,研究所,A research institute,B,名詞 (Noun / 명사)，如 사람（人）、집（家）。
1698,올,ol,今年（올해縮略）,This year,C,冠形詞 (Determiner / 관형사)，如 한（一個）、어떤（某種）。
1699,위대하다,widaehada,偉大,"To be great, mighty, grand",C,形容詞 (Adjective / 형용사)，如 크다（大）、좋다（好）。
1700,이사,isa,搬家 / 董事,House-moving,B,名詞 (Noun / 명사)，如 사람（人）、집（家）。
1701,지배하다,jibaehada,支配、統治、控制,"Control, direct",C,動詞 (Verb / 동사)，如 하다（做）、가다（去）。
1702,틈,teum,縫隙、空隙、閒暇,"A crack, gap, opening",C,名詞 (Noun / 명사)，如 사람（人）、집（家）。
1703,가령,garyeong,假使、倘若、例如,1) For example 2) supposing or admitting,C,副詞 (Adverb / 부사)，如 더（更）、잘（好）。
1704,거대하다,geodaehada,巨大、龐大,Huge or gigantic or enormous,C,形容詞 (Adjective / 형용사)，如 크다（大）、좋다（好）。
1705,닫다,datda,關閉、關上,To close,A,動詞 (Verb / 동사)，如 하다（做）、가다（去）。
1706,매달리다,maedalrida,懸掛 / 執著、專注於,"Be suspended, to be hanging down (from) ; to stick to a job, to persevere",C,動詞 (Verb / 동사)，如 하다（做）、가다（去）。
1707,생일,saengil,生日,A birthday,A,名詞 (Noun / 명사)，如 사람（人）、집（家）。
1708,섬,seom,島嶼、海島,An island,B,名詞 (Noun / 명사)，如 사람（人）、집（家）。
1709,이하,iha,以下,"Less than, below",B,名詞 (Noun / 명사)，如 사람（人）、집（家）。
1710,참석하다,chamseokhada,出席、參加,"To attend, take part in",B,動詞 (Verb / 동사)，如 하다（做）、가다（去）。
1711,토대,todae,基礎、基石,"A foundation, a base",C,名詞 (Noun / 명사)，如 사람（人）、집（家）。
1712,해결,haegyeol,解決,"Solution, settlement",B,名詞 (Noun / 명사)，如 사람（人）、집（家）。
1713,행복,haengbok,幸福,Happiness,B,名詞 (Noun / 명사)，如 사람（人）、집（家）。
1714,걸어가다,georeogada,走去、步行,To go on foot or walk,A,動詞 (Verb / 동사)，如 하다（做）、가다（去）。
1715,근로자,geunroja,勞動者、勞工,Laborer,B,名詞 (Noun / 명사)，如 사람（人）、집（家）。
1716,글쎄,geulsse,這個嘛、哎呀（沉吟）,Now or well or let me see,B,名詞 (Noun / 명사)，如 사람（人）、집（家）。0
1717,목숨,moksum,性命、生命,Life,C,名詞 (Noun / 명사)，如 사람（人）、집（家）。
1718,백화점,baekhwajeom,百貨公司、百貨商店,Department store,A,名詞 (Noun / 명사)，如 사람（人）、집（家）。
1719,변화하다,byeonhwahada,變化、改變,"To change, vary",B,動詞 (Verb / 동사)，如 하다（做）、가다（去）。
1720,병,byeong,瓶、玻璃瓶,A bottle,A,名詞 (Noun / 명사)，如 사람（人）、집（家）。
1721,빠져나가다,ppajyeonagada,逃脫、溜走、脫離,Get/go out of here,C,動詞 (Verb / 동사)，如 하다（做）、가다（去）。
1722,안녕하다,annyeonghada,平安、安好（問候語根）,To say hello,A,形容詞 (Adjective / 형용사)，如 크다（大）、좋다（好）。
1723,여론,yeoron,輿論、民意,"Public opinion, public sentiment towards sth",C,名詞 (Noun / 명사)，如 사람（人）、집（家）。
1724,의복,uibok,衣服、服裝,"Clothes, garments",C,名詞 (Noun / 명사)，如 사람（人）、집（家）。
1725,체조,chejo,體操,Gymnastics,C,名詞 (Noun / 명사)，如 사람（人）、집（家）。
1726,출발하다,chulbalhada,出發,"To depart, leave",A,動詞 (Verb / 동사)，如 하다（做）、가다（去）。
1727,현실적,hyeonsiljeok,現實的,"Down to earth, Realistic",C,名詞 (Noun / 명사)，如 사람（人）、집（家）。
1728,화제,hwaje,話題,Subject of conversation,C,名詞 (Noun / 명사)，如 사람（人）、집（家）。
1729,결정되다,gyeoljeongdoeda,被決定、敲定（被動）,To become decided,B,動詞 (Verb / 동사)，如 하다（做）、가다（去）。
1730,고양이,goyangi,貓、小貓,Kitten,A,名詞 (Noun / 명사)，如 사람（人）、집（家）。
1731,공격,gonggyeok,攻擊、進攻,Attack,C,名詞 (Noun / 명사)，如 사람（人）、집（家）。
1732,물가,mulga,物價,Prices of products,C,名詞 (Noun / 명사)，如 사람（人）、집（家）。
1733,민주주의,minjujuui,民主主義,Democracy,C,名詞 (Noun / 명사)，如 사람（人）、집（家）。
1734,불안,buran,不安、焦慮,"uneasiness, anxiety",B,名詞 (Noun / 명사)，如 사람（人）、집（家）。
1735,소중하다,sojunghada,珍貴、重要,"To be important, valuable",C,形容詞 (Adjective / 형용사)，如 크다（大）、좋다（好）。
1736,여유,yeoyu,余裕、從容、寬裕,"reserve, surplus",B,名詞 (Noun / 명사)，如 사람（人）、집（家）。
1737,의문,uimun,疑問、懷疑,"A question, a doubt",C,名詞 (Noun / 명사)，如 사람（人）、집（家）。
1738,중학교,junghakgyo,國中、中學,Middle school,A,名詞 (Noun / 명사)，如 사람（人）、집（家）。
1739,킬로미터,kilromiteo,公里,Kilometer,B,依存名詞 / 量詞 (Dependent Noun / 의존명사)，如 것（東西/事情）、개（個）、명（名）。
1740,파도,pado,波濤、海浪,"Waves, billows",B,名詞 (Noun / 명사)，如 사람（人）、집（家）。
1741,흰색,huinsaek,白色,"gray, ash color",A,名詞 (Noun / 명사)，如 사람（人）、집（家）。
1742,가수,gasu,歌手,Singer,A,名詞 (Noun / 명사)，如 사람（人）、집（家）。
1743,단,dan,僅僅、只有、單單,"Only one, alone",B,冠形詞 (Determiner / 관형사)，如 한（一個）、어떤（某種）。
1744,방송국,bangsongguk,廣播電台、電視台,Broadcasting station,B,名詞 (Noun / 명사)，如 사람（人）、집（家）。
1745,빛나다,binnada,發光、閃爍、燦爛,"shine, glitter",C,動詞 (Verb / 동사)，如 하다（做）、가다（去）。
1746,숨다,sumda,隱藏、躲藏,"To be in hiding, to hide oneself",B,動詞 (Verb / 동사)，如 하다（做）、가다（去）。
1747,실리다,silrida,被刊登 / 被裝載（被動）,"To be printed,recorded; to be loaded onto a truck (luggage)",C,名詞 (Noun / 명사)，如 사람（人）、집（家）。
1748,압력,apryeok,壓力,"pressure, stress",C,名詞 (Noun / 명사)，如 사람（人）、집（家）。
1749,예금,yegeum,存款、儲蓄,Deposit money,B,名詞 (Noun / 명사)，如 사람（人）、집（家）。
1750,예상되다,yesangdoeda,預計、預估（被動）,"To expect, anticipate",C,動詞 (Verb / 동사)，如 하다（做）、가다（去）。
1751,입학,iphak,入學,Admission into school,B,名詞 (Noun / 명사)，如 사람（人）、집（家）。
1752,증권,jeunggwon,證券,"securities, document,deed",C,名詞 (Noun / 명사)，如 사람（人）、집（家）。
1753,직후,jikhu,...之後不久、緊接著,Immediately after,C,名詞 (Noun / 명사)，如 사람（人）、집（家）。
1754,차량,charyang,車輛,"vehicles, cars",C,名詞 (Noun / 명사)，如 사람（人）、집（家）。
1755,출산,chulsan,生產、分娩,Child birth,C,名詞 (Noun / 명사)，如 사람（人）、집（家）。
1756,물다,mulda,咬、叼著 / 賠償,"bite, put in the mouth",B,動詞 (Verb / 동사)，如 하다（做）、가다（去）。
1757,선진국,seonjinguk,先進國、發達國家,A developed country,C,名詞 (Noun / 명사)，如 사람（人）、집（家）。
1758,약,yak,藥物、藥品,Medicine,A,名詞 (Noun / 명사)，如 사람（人）、집（家）。
1759,어느새,eoneusae,不知不覺間、轉眼間,"In no time, quickly",B,副詞 (Adverb / 부사)，如 더（更）、잘（好）。
1760,재판,jaepan,審判、裁判,A trial,C,名詞 (Noun / 명사)，如 사람（人）、집（家）。
1761,저쪽,jeojjok,那邊、那一邊,"Over there, in that direction",A,代名詞 (Pronoun / 대명사)，如 나（我）、우리（我們）、그（他）。
1762,제자,jeja,弟子、學生,A disciple,C,名詞 (Noun / 명사)，如 사람（人）、집（家）。
1763,창문,changmun,窗戶,A window,A,名詞 (Noun / 명사)，如 사람（人）、집（家）。
1764,초,cho,秒（時間單位）,A second,B,依存名詞 / 量詞 (Dependent Noun / 의존명사)，如 것（東西/事情）、개（個）、명（名）。
1765,치즈,chijeu,起司、乳酪,Cheese,B,名詞 (Noun / 명사)，如 사람（人）、집（家）。
1766,회복,hoebok,恢復、康復,"Recovery, recuperation",C,名詞 (Noun / 명사)，如 사람（人）、집（家）。
1767,구역,guyeok,區域、地帶,A zone or district,C,名詞 (Noun / 명사)，如 사람（人）、집（家）。
1768,대응,daeeung,對應、應對,"Confrontation, opposition",C,名詞 (Noun / 명사)，如 사람（人）、집（家）。
1769,반대하다,bandaehada,反對,Be opposed to,B,動詞 (Verb / 동사)，如 하다（做）、가다（去）。
1770,발휘하다,balhwihada,發揮,"Display, exhibit",C,動詞 (Verb / 동사)，如 하다（做）、가다（去）。
1771,소비,sobi,消費,Consumption,C,名詞 (Noun / 명사)，如 사람（人）、집（家）。
1772,심장,simjang,心臟,The heart,C,名詞 (Noun / 명사)，如 사람（人）、집（家）。
1773,아이고,aigo,哎呀、天哪,Oh my god!,B,名詞 (Noun / 명사)，如 사람（人）、집（家）。0
1774,조용히,joyonghi,安靜地、默默地,Quietly,B,副詞 (Adverb / 부사)，如 더（更）、잘（好）。
1775,중소기업,jungsogieop,中小企業,Small and medium enterprises,C,名詞 (Noun / 명사)，如 사람（人）、집（家）。
1776,직접적,jikjeopjeok,直接的,"Directly, immediately",C,名詞 (Noun / 명사)，如 사람（人）、집（家）。
1777,진실,jinsil,真實、真相,"Truth, sincerity",C,名詞 (Noun / 명사)，如 사람（人）、집（家）。
1778,필자,pilja,筆者、作者,"The writer, author",C,名詞 (Noun / 명사)，如 사람（人）、집（家）。
1779,협력,hyeopryeok,合作、協力,"Cooperation, cooperate with",C,名詞 (Noun / 명사)，如 사람（人）、집（家）。
1780,가스,gaseu,瓦斯、氣體,Gas,B,名詞 (Noun / 명사)，如 사람（人）、집（家）。
1781,계층,gyecheung,階層,A class or social stratum,C,名詞 (Noun / 명사)，如 사람（人）、집（家）。
1782,구멍,gumeong,洞、孔穴,A hole,B,名詞 (Noun / 명사)，如 사람（人）、집（家）。
1783,담당,damdang,擔當、負責,"Charge, undertaking",C,名詞 (Noun / 명사)，如 사람（人）、집（家）。
1784,만화,manhwa,漫畫,Cartoons,B,名詞 (Noun / 명사)，如 사람（人）、집（家）。
1785,먹이다,meogida,餵食、扶養,"support, feed",B,動詞 (Verb / 동사)，如 하다（做）、가다（去）。
1786,무시하다,musihada,忽視、無視、輕視,"disregard, ignore ; to be defiant and fail to observe",B,動詞 (Verb / 동사)，如 하다（做）、가다（去）。
1787,보도하다,bodohada,報導,"To report, inform",C,動詞 (Verb / 동사)，如 하다（做）、가다（去）。
1788,살짝,saljjak,輕輕地、悄悄地、稍微,"(1) softly, lightly, just a little (2) furtively, stealthily",B,副詞 (Adverb / 부사)，如 더（更）、잘（好）。
1789,생각나다,saenggangnada,想起、記起,To remember,B,動詞 (Verb / 동사)，如 하다（做）、가다（去）。
1790,우유,uyu,牛奶,Milk,A,名詞 (Noun / 명사)，如 사람（人）、집（家）。
1791,인상,insang,上調、調漲,pulling/drawing up,C,名詞 (Noun / 명사)，如 사람（人）、집（家）。
1792,차갑다,chagapda,冰冷、冷淡,Cold,B,形容詞 (Adjective / 형용사)，如 크다（大）、좋다（好）。
1793,철저하다,cheoljeohada,徹底、周密,"thoroughness, cleanliness",C,形容詞 (Adjective / 형용사)，如 크다（大）、좋다（好）。
1794,태아,taea,胎兒,"A fetus, an unborn child",C,名詞 (Noun / 명사)，如 사람（人）、집（家）。
1795,관찰하다,gwanchalhada,觀察,Observe or view or watch,B,動詞 (Verb / 동사)，如 하다（做）、가다（去）。
1796,괜히,gwaenhi,白白地、徒然、無故,"In vain or useless or fruitless, for a stupid reason",B,名詞 (Noun / 명사)，如 사람（人）、집（家）。
1797,끼다,kkida,戴（戒指/手套）/ 夾,"To put on or wear, to wear (a ring)",B,動詞 (Verb / 동사)，如 하다（做）、가다（去）。
1798,날개,nalgae,翅膀、羽翼,The wings,B,名詞 (Noun / 명사)，如 사람（人）、집（家）。
1799,녀석,nyeoseok,家伙、小子,Fellow,B,依存名詞 / 量詞 (Dependent Noun / 의존명사)，如 것（東西/事情）、개（個）、명（名）。
1800,눈빛,nunbit,眼神、目光,The glitter of one’s eyes,B,名詞 (Noun / 명사)，如 사람（人）、집（家）。
1801,단지,danji,社區、園區、大廈群（團地）,A public apt complex,B,名詞 (Noun / 명사)，如 사람（人）、집（家）。
1802,물속,mulsok,水中、水裡,Inside the water,B,名詞 (Noun / 명사)，如 사람（人）、집（家）。
1803,민주,minju,民主,Democracy,C,名詞 (Noun / 명사)，如 사람（人）、집（家）。
1804,성공하다,seonggonghada,成功,To succeed,B,動詞 (Verb / 동사)，如 하다（做）、가다（去）。
1805,소나무,sonamu,松樹,A pine tree,B,名詞 (Noun / 명사)，如 사람（人）、집（家）。
1806,여기저기,yeogijeogi,到處、各處,Here and there,B,名詞 (Noun / 명사)，如 사람（人）、집（家）。
1807,여인,yeoin,美人、女子、佳人,"beauty, belle",C,名詞 (Noun / 명사)，如 사람（人）、집（家）。
1808,운영하다,unyeonghada,營運、經營、管理,"manage, administer",C,動詞 (Verb / 동사)，如 하다（做）、가다（去）。
1809,평가하다,pyeonggahada,評價、評估,"To evaluate, estimate, judge",C,動詞 (Verb / 동사)，如 하다（做）、가다（去）。
1810,표,pyo,標記、記號、標誌,"A marker, indication",A,名詞 (Noun / 명사)，如 사람（人）、집（家）。
1811,필요성,piryoseong,必要性,Necessity,C,名詞 (Noun / 명사)，如 사람（人）、집（家）。
1812,감추다,gamchuda,隱藏、掩飾,Hide or conceal,C,動詞 (Verb / 동사)，如 하다（做）、가다（去）。
1813,머무르다,meomureuda,停留、留宿,Stay overnight,B,動詞 (Verb / 동사)，如 하다（做）、가다（去）。
1814,부위,buwi,部位,"A region, part",C,名詞 (Noun / 명사)，如 사람（人）、집（家）。
1815,비우다,biuda,清空、倒空、騰出,"empty, vacate",C,動詞 (Verb / 동사)，如 하다（做）、가다（去）。
1816,설치하다,seolchihada,設置、安裝、設立,"To found, establish, create",C,動詞 (Verb / 동사)，如 하다（做）、가다（去）。
1817,십일월,sibirwol,十一月,November,A,名詞 (Noun / 명사)，如 사람（人）、집（家）。
1818,싸다,ssada,包裝、打包、包（飯糰）,"Wrap in, bundle",B,動詞 (Verb / 동사)，如 하다（做）、가다（去）。
1819,아울러,aulreo,同時、兼、並且,"And, both together",C,副詞 (Adverb / 부사)，如 더（更）、잘（好）。
1820,지시,jisi,指示、命令,"Directions, orders",C,名詞 (Noun / 명사)，如 사람（人）、집（家）。
1821,형성하다,hyeongseonghada,形成、構成,"To form, make, take shape",C,動詞 (Verb / 동사)，如 하다（做）、가다（去）。
1822,형제,hyeongje,兄弟、手足,Brothers and sisters,B,名詞 (Noun / 명사)，如 사람（人）、집（家）。
1823,화려하다,hwaryeohada,華麗、燦爛、富麗,"Splendor, magnificence of a display, a look",B,形容詞 (Adjective / 형용사)，如 크다（大）、좋다（好）。
1824,거울,geoul,鏡子 / 榜樣、模範,1) mirror 2) a pattern or model or exemplar,A,名詞 (Noun / 명사)，如 사람（人）、집（家）。
1825,덧붙이다,deotbutida,附加、補充、增添,"Add a thing, append",C,動詞 (Verb / 동사)，如 하다（做）、가다（去）。
1826,몇몇,myeonmyeot,幾個、若干,Several,B,冠形詞 (Determiner / 관형사)，如 한（一個）、어떤（某種）。
1827,무기,mugi,武器,Weapon,C,名詞 (Noun / 명사)，如 사람（人）、집（家）。
1828,세계적,segyejeok,世界性的、國際的,International,B,名詞 (Noun / 명사)，如 사람（人）、집（家）。
1829,안전,anjeon,安全,Safety,B,名詞 (Noun / 명사)，如 사람（人）、집（家）。
1830,양파,yangpa,洋蔥,An onion,B,名詞 (Noun / 명사)，如 사람（人）、집（家）。
1831,이상,isang,異常、毛病、不對勁,"Indisposition, abnormal",B,名詞 (Noun / 명사)，如 사람（人）、집（家）。
1832,일종,iljong,一種、某種,"A kind, a sort, a species",C,名詞 (Noun / 명사)，如 사람（人）、집（家）。
1833,처지,cheoji,處境、境遇,"A situation,circumstances",C,名詞 (Noun / 명사)，如 사람（人）、집（家）。
1834,촬영,chwaryeong,攝影、拍攝,"Photographing, taking pictures/films",B,名詞 (Noun / 명사)，如 사람（人）、집（家）。
1835,타다,tada,燃燒、著火、燒焦,"Burn, blaze (firewood)",C,動詞 (Verb / 동사)，如 하다（做）、가다（去）。
1836,틀다,teulda,扭轉、擰、擰開,"To twist, wind",B,動詞 (Verb / 동사)，如 하다（做）、가다（去）。
1837,형편,hyeongpyeon,情況、家境、境況（尤指經濟）,"The situation, the state of things (esp. financial)",C,名詞 (Noun / 명사)，如 사람（人）、집（家）。
1838,가지,gaji,茄子,Eggplant,B,名詞 (Noun / 명사)，如 사람（人）、집（家）。
1839,감다,gamda,閉上（眼睛）、合眼,Close,B,動詞 (Verb / 동사)，如 하다（做）、가다（去）。
1840,고추,gochu,辣椒,Red pepper,B,名詞 (Noun / 명사)，如 사람（人）、집（家）。
1841,규칙,gyuchik,規則、規章,Rules or regulations,B,名詞 (Noun / 명사)，如 사람（人）、집（家）。
1842,본질,bonjil,本質,"True nature,essence",C,名詞 (Noun / 명사)，如 사람（人）、집（家）。
1843,비치다,bichida,照耀、映照、照射,Shine,C,動詞 (Verb / 동사)，如 하다（做）、가다（去）。
1844,빵,ppang,麵包,Bread,A,名詞 (Noun / 명사)，如 사람（人）、집（家）。
1845,서서히,seoseohi,慢慢地、緩緩地、逐漸,"Slowly, little by little",C,副詞 (Adverb / 부사)，如 더（更）、잘（好）。
1846,스승,seuseung,恩師、師長,"A teacher,master",C,名詞 (Noun / 명사)，如 사람（人）、집（家）。
1847,신분,sinbun,身分、社會地位,Social position,C,名詞 (Noun / 명사)，如 사람（人）、집（家）。
1848,실시되다,silsidoeda,被實施、推行（被動）,To be enforced,C,動詞 (Verb / 동사)，如 하다（做）、가다（去）。
1849,아마도,amado,大概、恐怕、也許,Probably,B,副詞 (Adverb / 부사)，如 더（更）、잘（好）。
1850,안방,anbang,內室、主臥室,The inner room,B,名詞 (Noun / 명사)，如 사람（人）、집（家）。
1851,앓다,alta,患病、受折磨、病痛,"To be ill, sick with sth",B,動詞 (Verb / 동사)，如 하다（做）、가다（去）。
1852,어제,eoje,昨天,Yesterday,A,副詞 (Adverb / 부사)，如 더（更）、잘（好）。
1853,오직,ojik,只有、唯獨、僅僅,"Only, merely, solely",B,副詞 (Adverb / 부사)，如 더（更）、잘（好）。
1854,위험하다,wiheomhada,危險,To be dangerous,A,形容詞 (Adjective / 형용사)，如 크다（大）、좋다（好）。
1855,자신,jasin,自信、信心,Self-confidence,B,名詞 (Noun / 명사)，如 사람（人）、집（家）。
1856,잠시,jamsi,暫時、片刻、一會兒,For a little while,B,名詞 (Noun / 명사)，如 사람（人）、집（家）。
1857,졸업하다,joreophada,畢業,To graduate,A,動詞 (Verb / 동사)，如 하다（做）、가다（去）。
1858,증거,jeunggeo,證據,"evidence,proof",C,名詞 (Noun / 명사)，如 사람（人）、집（家）。
1859,초점,chojeom,焦點,"A focus, a focal point",C,名詞 (Noun / 명사)，如 사람（人）、집（家）。
1860,포함되다,pohamdoeda,被包含、包括在內（被動）,To be included in,B,動詞 (Verb / 동사)，如 하다（做）、가다（去）。
1861,호랑이,horangi,老虎,A tiger,B,名詞 (Noun / 명사)，如 사람（人）、집（家）。
1862,강화하다,ganghwahada,強化、加強,Strengthen,C,動詞 (Verb / 동사)，如 하다（做）、가다（去）。
1863,공포,gongpo,恐怖、恐懼,Fear or dread,C,名詞 (Noun / 명사)，如 사람（人）、집（家）。
1864,권위,gwonwi,權威、威嚴,1) Authority or power 2) dignity or prestige,C,名詞 (Noun / 명사)，如 사람（人）、집（家）。
1865,덜,deol,比較不、較少、尚未,"Less, incompletely",B,副詞 (Adverb / 부사)，如 더（更）、잘（好）。
1866,미루다,miruda,推遲、推延 / 推測,"Postpone ; (2) to guess, infer and make an educated guess",C,動詞 (Verb / 동사)，如 하다（做）、가다（去）。
1867,본래,bonrae,本來、原本,"originally,primarily",B,名詞 (Noun / 명사)，如 사람（人）、집（家）。
1868,부엌,bueok,廚房,Kitchen,A,名詞 (Noun / 명사)，如 사람（人）、집（家）。
1869,세금,segeum,稅、稅金,Tax,B,名詞 (Noun / 명사)，如 사람（人）、집（家）。
1870,실정,siljeong,實情、實際情況,The actual situation,C,名詞 (Noun / 명사)，如 사람（人）、집（家）。
1871,영양,yeongyang,營養,Nutrition,C,名詞 (Noun / 명사)，如 사람（人）、집（家）。
1872,육체,yukche,肉體、身軀,"The flesh, the body",C,名詞 (Noun / 명사)，如 사람（人）、집（家）。
1873,입구,ipgu,入口,Entrance,B,名詞 (Noun / 명사)，如 사람（人）、집（家）。
1874,잔뜩,jantteuk,滿滿地、極其、飽飽地,"extremely, to the utmost",B,副詞 (Adverb / 부사)，如 더（更）、잘（好）。
1875,적극,jeokgeuk,積極、正面,The positive,B,名詞 (Noun / 명사)，如 사람（人）、집（家）。
1876,최소한,choesohan,至少、起碼,At least,B,名詞 (Noun / 명사)，如 사람（人）、집（家）。
1877,펼쳐지다,pyeolchyeojida,展開、鋪展開來,"Stretch, extend away",B,動詞 (Verb / 동사)，如 하다（做）、가다（去）。
1878,경험하다,gyeongheomhada,經歷、體驗,To experience or go through,B,動詞 (Verb / 동사)，如 하다（做）、가다（去）。
1879,그이,geui,那人、他 / 她,That person or he or him / she or her,C,代名詞 (Pronoun / 대명사)，如 나（我）、우리（我們）、그（他）。
1880,넘치다,neomchida,溢出、漫出、充溢,Overflow,B,動詞 (Verb / 동사)，如 하다（做）、가다（去）。
1881,놓치다,notchida,錯過、漏掉、失去,"Miss, let slip",B,動詞 (Verb / 동사)，如 하다（做）、가다（去）。
1882,대기,daegi,大氣、空氣,The atmosphere,C,名詞 (Noun / 명사)，如 사람（人）、집（家）。
1883,독립,dongnip,獨立,Independence,C,名詞 (Noun / 명사)，如 사람（人）、집（家）。
1884,머릿속,meoritsok,腦海裡、腦海,Inside one’s head,B,名詞 (Noun / 명사)，如 사람（人）、집（家）。
1885,북쪽,bukjjok,北方、北面,The north direction,A,名詞 (Noun / 명사)，如 사람（人）、집（家）。
1886,불안하다,buranhada,不安、焦慮,"To be uneasy, anxious",B,形容詞 (Adjective / 형용사)，如 크다（大）、좋다（好）。
1887,쇠고기,soegogi,牛肉,Beef,A,名詞 (Noun / 명사)，如 사람（人）、집（家）。
1888,위반,wiban,違反、違規,"Violation, infringement",B,名詞 (Noun / 명사)，如 사람（人）、집（家）。
1889,카드,kadeu,卡片、信用卡,Card,A,名詞 (Noun / 명사)，如 사람（人）、집（家）。
1890,평생,pyeongsaeng,一生、終身、一輩子,A lifetime,B,名詞 (Noun / 명사)，如 사람（人）、집（家）。
1891,해당하다,haedanghada,相當於、適用於、屬於,To be applied/applicable under,C,動詞 (Verb / 동사)，如 하다（做）、가다（去）。
1892,간부,ganbu,幹部、主管,"The leaders (cadre, exec, executive, management)",C,名詞 (Noun / 명사)，如 사람（人）、집（家）。
1893,관념,gwannyeom,觀念、概念,An idea or notion,C,名詞 (Noun / 명사)，如 사람（人）、집（家）。
1894,굉장히,goengjanghi,非常、極其、了不起,Very much or greatly,B,副詞 (Adverb / 부사)，如 더（更）、잘（好）。
1895,단어,daneo,單字、詞彙,Word,A,名詞 (Noun / 명사)，如 사람（人）、집（家）。
1896,덮다,deopda,蓋上、遮蓋,"To cover, veil",B,動詞 (Verb / 동사)，如 하다（做）、가다（去）。
1897,도와주다,dowajuda,幫助、協助,To help,A,動詞 (Verb / 동사)，如 하다（做）、가다（去）。
1898,도입,doip,引入、引進,"introduction, invitation",C,名詞 (Noun / 명사)，如 사람（人）、집（家）。
1899,몰다,molda,駕駛、驅趕、趕,Drive ; to chase or urge on,B,動詞 (Verb / 동사)，如 하다（做）、가다（去）。
1900,배우,baeu,演員,Actor,B,名詞 (Noun / 명사)，如 사람（人）、집（家）。
1901,비추다,bichuda,照亮、照射 / 映照,"(1) Shed, throw light on (2) to reflect in the mirror",C,動詞 (Verb / 동사)，如 하다（做）、가다（去）。
1902,신발,sinbal,鞋子,"shoes, footwear",A,名詞 (Noun / 명사)，如 사람（人）、집（家）。
1903,알,al,卵、蛋、魚卵,"An egg, spawn (fish)",B,名詞 (Noun / 명사)，如 사람（人）、집（家）。
1904,앞서다,apseoda,領先、走在前面、超前,"To go before, precede",B,動詞 (Verb / 동사)，如 하다（做）、가다（去）。
1905,여건,yeogeon,條件、環境條件,"A postulate, a given condition",C,名詞 (Noun / 명사)，如 사람（人）、집（家）。
1906,오래전,oraejeon,很久以前,Since a long time before,B,名詞 (Noun / 명사)，如 사람（人）、집（家）。
1907,자격,jagyeok,資格,Qualification,B,名詞 (Noun / 명사)，如 사람（人）、집（家）。
1908,통제,tongje,控制、管制,"control, regulation",C,名詞 (Noun / 명사)，如 사람（人）、집（家）。
1909,계단,gyedan,樓梯、階梯,A staircase or a set of stairs,B,名詞 (Noun / 명사)，如 사람（人）、집（家）。
1910,김치,gimchi,泡菜、辛奇,Spicy cabbage,A,名詞 (Noun / 명사)，如 사람（人）、집（家）。
1911,끄덕이다,kkeudeogida,點頭,Nod,B,動詞 (Verb / 동사)，如 하다（做）、가다（去）。
1912,낯설다,natseolda,生疏、陌生、不適應,"To be unfamiliar with, to be a stranger to ( a person)",B,形容詞 (Adjective / 형용사)，如 크다（大）、좋다（好）。
1913,높이,nopi,高度、高處,Height (noun),B,名詞 (Noun / 명사)，如 사람（人）、집（家）。
1914,닮다,damda,相像、長得像,Resemble,B,動詞 (Verb / 동사)，如 하다（做）、가다（去）。
1915,마음속,maeumsok,心中、心底,Deep in one’s heart,B,名詞 (Noun / 명사)，如 사람（人）、집（家）。
1916,못지않다,motjianta,不亞於、不輸給,Be just as good as,C,形容詞 (Adjective / 형용사)，如 크다（大）、좋다（好）。
1917,반영하다,banyeonghada,反映,"Reflect, be reflected",C,動詞 (Verb / 동사)，如 하다（做）、가다（去）。
1918,뼈,ppyeo,骨頭、骨骼,A bone,B,名詞 (Noun / 명사)，如 사람（人）、집（家）。
1919,성장하다,seongjanghada,成長、長大,"To grow,be brought up",C,動詞 (Verb / 동사)，如 하다（做）、가다（去）。
1920,소속,sosok,所屬、歸屬,"Belong to, attached to",C,名詞 (Noun / 명사)，如 사람（人）、집（家）。
1921,연결되다,yeongyeoldoeda,被連接、相連（被動）,"Connect, attach",B,動詞 (Verb / 동사)，如 하다（做）、가다（去）。
1922,장사,jangsa,生意、經商,"trade,business",B,名詞 (Noun / 명사)，如 사람（人）、집（家）。
1923,제작,jejak,製作、製造,"manufacture,production",C,名詞 (Noun / 명사)，如 사람（人）、집（家）。
1924,제한,jehan,限制,"limits,bounds",B,名詞 (Noun / 명사)，如 사람（人）、집（家）。
1925,차다,chada,踢（球）、踹,to kick,B,動詞 (Verb / 동사)，如 하다（做）、가다（去）。
1926,추진,chujin,推進、推動,"Propulsion, drive",C,名詞 (Noun / 명사)，如 사람（人）、집（家）。
1927,취하다,chwihada,喝醉、酒醉,To be drunk,B,動詞 (Verb / 동사)，如 하다（做）、가다（去）。
1928,콩,kong,大豆、黃豆、豆類,A bean,B,名詞 (Noun / 명사)，如 사람（人）、집（家）。
1929,한숨,hansum,嘆氣、嘆息,A breath,B,名詞 (Noun / 명사)，如 사람（人）、집（家）。
1930,헤어지다,heeojida,分手、告別、離別,"Part from, part company with",B,動詞 (Verb / 동사)，如 하다（做）、가다（去）。
1931,구입하다,guiphada,購買、購入,Purchase or buying,C,動詞 (Verb / 동사)，如 하다（做）、가다（去）。
1932,날다,nalda,飛翔、飛,To fly,A,動詞 (Verb / 동사)，如 하다（做）、가다（去）。
1933,너머,neomeo,那邊、越過...,"Beyond, on the other side",B,名詞 (Noun / 명사)，如 사람（人）、집（家）。
1934,여간,yeogan,普通、平常（여간 ~지 않다 非常）,"just, a little. 여간 ~지 않다 means very very ~다",C,名詞 (Noun / 명사)，如 사람（人）、집（家）。
1935,마련,maryeon,準備、籌劃 / 必定（~기 마련이다）,"planning, making arrangements ; provisions, preparations",C,名詞 (Noun / 명사)，如 사람（人）、집（家）。
1936,살,sal,肉、肌肉、肌膚,"flesh,muscle",B,名詞 (Noun / 명사)，如 사람（人）、집（家）。
1937,선장,seonjang,船長,A captain,C,名詞 (Noun / 명사)，如 사람（人）、집（家）。
1938,설탕,seoltang,白糖、砂糖,Sugar,A,名詞 (Noun / 명사)，如 사람（人）、집（家）。
1939,순수하다,sunsuhada,純粹、純真,To be pure,B,形容詞 (Adjective / 형용사)，如 크다（大）、좋다（好）。
1940,스타일,seutail,風格、樣式,Style,B,名詞 (Noun / 명사)，如 사람（人）、집（家）。
1941,시점,sijeom,時點、時間點、觀點,Point in time,C,名詞 (Noun / 명사)，如 사람（人）、집（家）。
1942,싸다,ssada,便宜、廉價,Be inexpensive,A,形容詞 (Adjective / 형용사)，如 크다（大）、좋다（好）。
1943,의사,uisa,意思、意圖、意願,"An intention, a purpose",C,名詞 (Noun / 명사)，如 사람（人）、집（家）。
1944,집중,jipjung,集中、專注,Concentration,B,名詞 (Noun / 명사)，如 사람（人）、집（家）。
1945,코드,kodeu,代碼、編碼 / 電源線,Code,C,名詞 (Noun / 명사)，如 사람（人）、집（家）。
1946,큰일,keunil,大事、重大事件,"An important affair, a serious matter",B,名詞 (Noun / 명사)，如 사람（人）、집（家）。
1947,거짓말,geojinmal,謊言、說謊,A lie or falsehood,B,名詞 (Noun / 명사)，如 사람（人）、집（家）。
1948,대단하다,daedanhada,了不起、巨大、厲害,"Considerable, grand",B,形容詞 (Adjective / 형용사)，如 크다（大）、좋다（好）。
1949,대단히,daedanhi,非常、極其、大大地,Extremely,B,副詞 (Adverb / 부사)，如 더（更）、잘（好）。
1950,마주,maju,面對面、正對著,Face to face,B,副詞 (Adverb / 부사)，如 더（更）、잘（好）。
1951,세계관,segyegwan,世界觀,A worldview,C,名詞 (Noun / 명사)，如 사람（人）、집（家）。
1952,온통,ontong,全部、滿滿、整個,"Wholly, entirely",B,副詞 (Adverb / 부사)，如 더（更）、잘（好）。
1953,의존하다,uijonhada,依靠、依賴,"To depend on, rely on",C,動詞 (Verb / 동사)，如 하다（做）、가다（去）。
1954,자세히,jasehi,詳細地、仔細地,In detail,B,副詞 (Adverb / 부사)，如 더（更）、잘（好）。
1955,점심,jeomsim,午餐、中午,Lunch,A,名詞 (Noun / 명사)，如 사람（人）、집（家）。
1956,정확히,jeonghwakhi,準確地、精確地,Exactly,B,副詞 (Adverb / 부사)，如 더（更）、잘（好）。
1957,지치다,jichida,疲憊、精疲力竭,"Be exhausted, fatigued",B,動詞 (Verb / 동사)，如 하다（做）、가다（去）。
1958,청년,cheongnyeon,青年、年輕人,"A young man, a youth",B,名詞 (Noun / 명사)，如 사람（人）、집（家）。
1959,혀,hyeo,舌頭,The tongue,B,名詞 (Noun / 명사)，如 사람（人）、집（家）。
1960,확대하다,hwakdaehada,擴大、放大,"To enlarge,magnify",B,動詞 (Verb / 동사)，如 하다（做）、가다（去）。
1961,후춧가루,huchutgaru,胡椒粉,Ground pepper,B,名詞 (Noun / 명사)，如 사람（人）、집（家）。
1962,건설하다,geonseolhada,建設、建造,To construct or erect,C,動詞 (Verb / 동사)，如 하다（做）、가다（去）。
1963,경쟁력,gyeongjaengryeok,競爭力,Competitiveness,C,名詞 (Noun / 명사)，如 사람（人）、집（家）。
1964,마침,machim,恰好、正好、剛好,"Just, exactly",B,副詞 (Adverb / 부사)，如 더（更）、잘（好）。
1965,신용,sinyong,信用、信譽,"confidence,trust",B,名詞 (Noun / 명사)，如 사람（人）、집（家）。
1966,연락,yeonrak,聯繫、聯絡,"Connection, communication",C,名詞 (Noun / 명사)，如 사람（人）、집（家）。
1967,온몸,onmom,全身、通體,The whole body,B,名詞 (Noun / 명사)，如 사람（人）、집（家）。
1968,정,jeong,情、情意、情誼,Feeling of attachment,B,名詞 (Noun / 명사)，如 사람（人）、집（家）。
1969,정신적,jeongsinjeok,精神上的、心理的,Mental,B,名詞 (Noun / 명사)，如 사람（人）、집（家）。
1970,증상,jeungsang,症狀,Symptoms,B,名詞 (Noun / 명사)，如 사람（人）、집（家）。
1971,출연하다,churyeonhada,出演、登台演出,"Appear on stage, act, sing",B,動詞 (Verb / 동사)，如 하다（做）、가다（去）。
1972,칼,kal,刀、菜刀,A knife,A,名詞 (Noun / 명사)，如 사람（人）、집（家）。
1973,한꺼번에,hankkeobeone,一下子、一口氣、同時,All at once,B,副詞 (Adverb / 부사)，如 더（更）、잘（好）。
1974,강제,gangje,強制、強迫,Compulsion or coercion,B,名詞 (Noun / 명사)，如 사람（人）、집（家）。
1975,건너다,geonneoda,渡過、過（馬路/河）,Go over or go across,B,動詞 (Verb / 동사)，如 하다（做）、가다（去）。
1976,깨다,kkaeda,醒來、清醒 / 打碎,Wake up from sleep,B,動詞 (Verb / 동사)，如 하다（做）、가다（去）。
1977,낚시,naksi,釣魚、捕魚,Fishing,B,名詞 (Noun / 명사)，如 사람（人）、집（家）。
1978,다가가다,dagagada,走近、靠近、接近,To get near to,B,動詞 (Verb / 동사)，如 하다（做）、가다（去）。
1979,문자,munja,文字、簡訊,"letters,character",C,名詞 (Noun / 명사)，如 사람（人）、집（家）。
1980,묻다,mutda,沾上、沾染（污漬）,to Stain,B,動詞 (Verb / 동사)，如 하다（做）、가다（去）。
1981,비롯되다,birotdoeda,始於、源於（被動）,"To be begun, to have started",C,動詞 (Verb / 동사)，如 하다（做）、가다（去）。
1982,슬프다,seulpeuda,悲傷、悲痛、難過,"To be sad,sorrowful",A,形容詞 (Adjective / 형용사)，如 크다（大）、좋다（好）。
1983,신부,sinbu,新娘 / 神父,Bride,B,名詞 (Noun / 명사)，如 사람（人）、집（家）。
1984,여겨지다,yeogyeojida,被認為、被看作,"To look, appear, think of sth as",C,動詞 (Verb / 동사)，如 하다（做）、가다（去）。
1985,오징어,ojing-eo,魷魚、烏賊,"Cuttlefish, squid",B,名詞 (Noun / 명사)，如 사람（人）、집（家）。
1986,요금,yogeum,費用、收費,"A rate, a fare",B,名詞 (Noun / 명사)，如 사람（人）、집（家）。
1987,용돈,yongdon,零用錢,"Pocket money, money for expenses",B,名詞 (Noun / 명사)，如 사람（人）、집（家）。
1988,위주,wiju,為主、以...為主,Put first in importance,C,名詞 (Noun / 명사)，如 사람（人）、집（家）。
1989,음료,eumnyo,飲料,"A beverage, a drink",B,名詞 (Noun / 명사)，如 사람（人）、집（家）。
1990,의자,uija,椅子,A chair,A,名詞 (Noun / 명사)，如 사람（人）、집（家）。
1991,전자,jeonja,電子 / 前者,An electron,B,名詞 (Noun / 명사)，如 사람（人）、집（家）。
1992,전해지다,jeonhaejida,傳遞、流傳、傳達（被動）,To be transmitted,B,動詞 (Verb / 동사)，如 하다（做）、가다（去）。
1993,전환,jeonhwan,轉換、轉變,"To exchange, convert, change",C,名詞 (Noun / 명사)，如 사람（人）、집（家）。
1994,지경,jigyeong,地步、境地、邊界,"A boundary,situation,state",C,依存名詞 / 量詞 (Dependent Noun / 의존명사)，如 것（東西/事情）、개（個）、명（名）。
1995,진행,jinhaeng,進行、進展,"Progress, advance",C,名詞 (Noun / 명사)，如 사람（人）、집（家）。
1996,카메라,kamera,相機、攝影機,Camera,A,名詞 (Noun / 명사)，如 사람（人）、집（家）。
1997,통증,tongjeung,疼痛、痛症,"An ache, pain",C,名詞 (Noun / 명사)，如 사람（人）、집（家）。
1998,편리하다,pyeonrihada,便利、方便,"To be convenient, handy",B,形容詞 (Adjective / 형용사)，如 크다（大）、좋다（好）。
1999,하천,hacheon,河川、河流,"A river, watercourse",C,名詞 (Noun / 명사)，如 사람（人）、집（家）。
2000,현금,hyeongeum,現金、現款,"Cash, ready funds, not a credit card",B,名詞 (Noun / 명사)，如 사람（人）、집（家）。
2001,화학,hwahak,化學,Chemistry,C,名詞 (Noun / 명사)，如 사람（人）、집（家）。
2002,활발하다,hwalbalhada,活潑、活躍,"Be lively, sprightly",B,形容詞 (Adjective / 형용사)，如 크다（大）、좋다（好）。
2003,가리다,garida,堆積、堆放、遮蔽,Pile up or stack up or heap up,B,動詞 (Verb / 동사)，如 하다（做）、가다（去）。
2004,거칠다,geochilda,粗糙、粗暴、荒涼,Coarse (texture) or wild (behavior) or (rain and wind) rough or wild,C,形容詞 (Adjective / 형용사)，如 크다（大）、좋다（好）。
2005,그나마,geunama,儘管如此、好在、幸好,Even though or nevertheless,C,副詞 (Adverb / 부사)，如 더（更）、잘（好）。
2006,껍질,kkeopjil,皮、外殼、外皮,Skin or nutshell,B,名詞 (Noun / 명사)，如 사람（人）、집（家）。
2007,남부,nambu,南部、南方,The south part,C,名詞 (Noun / 명사)，如 사람（人）、집（家）。
2008,명령,myeongryeong,命令、指示,"An order,command",B,名詞 (Noun / 명사)，如 사람（人）、집（家）。
2009,몰래,molrae,偷偷地、暗暗地,"secretly,quietly",B,副詞 (Adverb / 부사)，如 더（更）、잘（好）。
2010,무조건,mujogeon,無條件地、盲目地,Unconditional,B,副詞 (Adverb / 부사)，如 더（更）、잘（好）。
2011,반장,banjang,班長、組長,Squad leader,B,名詞 (Noun / 명사)，如 사람（人）、집（家）。
2012,부근,bugeun,附近、周圍,"neighborhood,vicinity",B,名詞 (Noun / 명사)，如 사람（人）、집（家）。
2013,선택,seontaek,選擇、抉擇,A choice,B,名詞 (Noun / 명사)，如 사람（人）、집（家）。
2014,역사가,yeoksaga,歷史學家,Historian,B,名詞 (Noun / 명사)，如 사람（人）、집（家）。
2015,연구자,yeonguja,研究人員、研究者,Researcher,B,名詞 (Noun / 명사)，如 사람（人）、집（家）。
2016,연기자,yeongija,演員、表演者,"A performer, an actor",C,名詞 (Noun / 명사)，如 사람（人）、집（家）。
2017,조그맣다,jogeumata,小巧、矮小、微小,"Be tiny,small",B,形容詞 (Adjective / 형용사)，如 크다（大）、좋다（好）。
2018,줄기,julgi,莖、樹幹、枝條,"A trunk, stem, stalk",B,名詞 (Noun / 명사)，如 사람（人）、집（家）。
2019,찾아내다,chajanaeda,找出、查出、發現,"To find out, discover",B,動詞 (Verb / 동사)，如 하다（做）、가다（去）。
2020,토요일,toyoil,星期六、週六,Saturday,A,名詞 (Noun / 명사)，如 사람（人）、집（家）。
2021,경찰관,gyeongchalgwan,警察、警官,a policeman,A,名詞 (Noun / 명사)，如 사람（人）、집（家）。
2022,권하다,gwonhada,勸導、推薦、勸告,1) advise or persuade 2) recommend,B,動詞 (Verb / 동사)，如 하다（做）、가다（去）。
2023,극장,geukjang,劇場、電影院、戲院,Theater or playhouse,A,名詞 (Noun / 명사)，如 사람（人）、집（家）。
2024,끝내,kkeunnae,終究、最終、到底,The end,B,副詞 (Adverb / 부사)，如 더（更）、잘（好）。
2025,대문,daemun,大門,A big gate,B,名詞 (Noun / 명사)，如 사람（人）、집（家）。
2026,더욱이,deougi,何況、更加、況且,"Besides, moreover",C,副詞 (Adverb / 부사)，如 더（更）、잘（好）。
2027,별도,byeoldo,另外、特別、個別,A separate way,C,名詞 (Noun / 명사)，如 사람（人）、집（家）。
2028,비극,bigeuk,悲劇,A tragedy,C,名詞 (Noun / 명사)，如 사람（人）、집（家）。
2029,솜씨,somssi,手藝、技巧、本領,"skill,ability",C,名詞 (Noun / 명사)，如 사람（人）、집（家）。
2030,시내,sinae,市區、市內 / 小溪,The city,B,名詞 (Noun / 명사)，如 사람（人）、집（家）。
2031,신,sin,興致、興奮、興頭,"joy,delight",B,名詞 (Noun / 명사)，如 사람（人）、집（家）。
2032,실내,silnae,室內,In the room,B,名詞 (Noun / 명사)，如 사람（人）、집（家）。
2033,쏟다,ssotda,傾注、傾倒、傾瀉,To pour . 붓다,B,動詞 (Verb / 동사)，如 하다（做）、가다（去）。
2034,연결하다,yeongyeolhada,連接、連繫,"Connect, attach",B,動詞 (Verb / 동사)，如 하다（做）、가다（去）。
2035,외교,oegyo,外交,Diplomacy,B,名詞 (Noun / 명사)，如 사람（人）、집（家）。
2036,주머니,jumeoni,口袋、荷包、錢袋,Pocket,B,名詞 (Noun / 명사)，如 사람（人）、집（家）。
2037,계약,gyeyak,契約、合約,Contract,B,名詞 (Noun / 명사)，如 사람（人）、집（家）。
2038,과장,gwajang,課長、處長 / 誇張,The department/section head,B,名詞 (Noun / 명사)，如 사람（人）、집（家）。
2039,극,geuk,戲劇、劇,Drama or play,C,名詞 (Noun / 명사)，如 사람（人）、집（家）。
2040,나란히,naranhi,並排、齊聲,"In a line, row",C,副詞 (Adverb / 부사)，如 더（更）、잘（好）。
2041,다방,dabang,茶館、咖啡廳,Tea room,C,名詞 (Noun / 명사)，如 사람（人）、집（家）。
2042,부끄럽다,bukkeureopda,害羞、慚愧、難為情,"Be shameful,disgraceful",B,形容詞 (Adjective / 형용사)，如 크다（大）、좋다（好）。
2043,성공,seonggong,成功,"success,achievement",B,名詞 (Noun / 명사)，如 사람（人）、집（家）。
2044,수행하다,suhaenghada,執行、履行、完成,Accomplishment,C,動詞 (Verb / 동사)，如 하다（做）、가다（去）。
2045,신청,sincheong,申請,"application,request",B,名詞 (Noun / 명사)，如 사람（人）、집（家）。
2046,실로,silro,確實、實在、真正,"really,indeed",C,副詞 (Adverb / 부사)，如 더（更）、잘（好）。
2047,아픔,apeum,痛苦、痛楚,Pain,B,名詞 (Noun / 명사)，如 사람（人）、집（家）。
2048,알아듣다,aradeutda,聽懂、領會,To listen and comprehend,B,動詞 (Verb / 동사)，如 하다（做）、가다（去）。
2049,약간,yakgan,稍微、些許、略微,"Some, a little",B,名詞 (Noun / 명사)，如 사람（人）、집（家）。
2050,연기,yeongi,煙、煙霧,"Smoke, fume",B,名詞 (Noun / 명사)，如 사람（人）、집（家）。
2051,이동,idong,移動、遷移,"movement,migration,drift",B,名詞 (Noun / 명사)，如 사람（人）、집（家）。
2052,인연,inyeon,緣分、因緣,Cause and occasion,C,名詞 (Noun / 명사)，如 사람（人）、집（家）。
2053,일행,ilhaeng,同行者、一行人,"A party, a troupe; a row, a line",C,名詞 (Noun / 명사)，如 사람（人）、집（家）。
2054,지도,jido,指導、引導,"Instruction, guidance",C,名詞 (Noun / 명사)，如 사람（人）、집（家）。
2055,지식인,jisigin,知識分子,An intellectual,C,名詞 (Noun / 명사)，如 사람（人）、집（家）。
2056,진지하다,jinjihada,認真、嚴肅,"To be serious, earnest",C,形容詞 (Adjective / 형용사)，如 크다（大）、좋다（好）。
2057,치다,chida,算作、計算、當作,"to count, reckon, calculate",C,動詞 (Verb / 동사)，如 하다（做）、가다（去）。
2058,호흡,hoheup,呼吸、氣息,"Respiration, breath",C,名詞 (Noun / 명사)，如 사람（人）、집（家）。
2059,흔들리다,heundeulrida,搖晃、動搖（被動）,"Shake, swing,rock,tremble",C,動詞 (Verb / 동사)，如 하다（做）、가다（去）。
2060,기온,gion,氣溫,Temperature,B,名詞 (Noun / 명사)，如 사람（人）、집（家）。
2061,날아가다,naragada,飛走、飛去,To fly away,B,動詞 (Verb / 동사)，如 하다（做）、가다（去）。
2062,많아지다,manajida,變多、增加,Become a lot,B,動詞 (Verb / 동사)，如 하다（做）、가다（去）。
2063,바위,bawi,岩石、礁石,"A rock, a crag",B,名詞 (Noun / 명사)，如 사람（人）、집（家）。
2064,버릇,beoreut,習慣、習氣、毛病,Habit,B,名詞 (Noun / 명사)，如 사람（人）、집（家）。
2065,비판하다,bipanhada,批判、批評,To criticize,B,動詞 (Verb / 동사)，如 하다（做）、가다（去）。
2066,빨갛다,ppalgata,鮮紅、通紅,"deep-red,crimson",B,形容詞 (Adjective / 형용사)，如 크다（大）、좋다（好）。
2067,세워지다,sewojida,被建立、豎立（被動）,To become erected,B,動詞 (Verb / 동사)，如 하다（做）、가다（去）。
2068,술집,suljip,酒吧、酒館,Bar of some kind,B,名詞 (Noun / 명사)，如 사람（人）、집（家）。
2069,쉬다,swida,呼吸、喘氣,to breathe,B,動詞 (Verb / 동사)，如 하다（做）、가다（去）。
2070,오랜만,oraenman,隔了許久、好久,After a long time,A,名詞 (Noun / 명사)，如 사람（人）、집（家）。
2071,일부러,ilbureo,特意、故意,"On purpose, intentionally",C,副詞 (Adverb / 부사)，如 더（更）、잘（好）。
2072,전체적,jeonchejeok,全體的、總體的,"entirely,generally",B,名詞 (Noun / 명사)，如 사람（人）、집（家）。
2073,절반,jeolban,一半、半數,Half,B,名詞 (Noun / 명사)，如 사람（人）、집（家）。
2074,접근하다,jeopgeunhada,接近、靠近,"approach,get near",C,動詞 (Verb / 동사)，如 하다（做）、가다（去）。
2075,편안하다,pyeonanhada,平安、舒適、安寧,To be peaceful,B,形容詞 (Adjective / 형용사)，如 크다（大）、좋다（好）。
2076,확실히,hwaksilhi,確實、明確地,"certainly,for sure",B,副詞 (Adverb / 부사)，如 더（更）、잘（好）。
2077,흩어지다,heuteojida,散開、分散,Scatter about,C,動詞 (Verb / 동사)，如 하다（做）、가다（去）。
2078,갈다,galda,磨（刀）、研磨、榨（汁）,1) sharpen (a blade) 2) rub or chafe 3) make juice in a mixer,B,動詞 (Verb / 동사)，如 하다（做）、가다（去）。
2079,교류,gyoryu,交流 / 交流電,Interchange (cultural) ; alternating current (electrical),B,名詞 (Noun / 명사)，如 사람（人）、집（家）。
2080,글쓰기,geulsseugi,寫作、寫文章,Writing,B,名詞 (Noun / 명사)，如 사람（人）、집（家）。
2081,기후,gihu,氣候,Climate or weather,C,名詞 (Noun / 명사)，如 사람（人）、집（家）。
2082,내내,naenae,一直、始終,"All along, the entire time",B,副詞 (Adverb / 부사)，如 더（更）、잘（好）。
2083,대기업,daegieop,大企業、大集團,Big enterprise,B,名詞 (Noun / 명사)，如 사람（人）、집（家）。
2084,대응하다,daeeunghada,應對、對應,Cope or correspond to,C,動詞 (Verb / 동사)，如 하다（做）、가다（去）。
2085,도구,dogu,工具、器具,"Tool, instrument",B,名詞 (Noun / 명사)，如 사람（人）、집（家）。
2086,매력,maeryeok,魅力、吸引力,"fascination,charm, bewitchery",B,名詞 (Noun / 명사)，如 사람（人）、집（家）。
2087,백,baek,數百、許多,Hundreds of,A,冠形詞 (Determiner / 관형사)，如 한（一個）、어떤（某種）。
2088,보험,boheom,保險,"guarantee,insurance",B,名詞 (Noun / 명사)，如 사람（人）、집（家）。
2089,부럽다,bureopda,羨慕、眼紅,Be enviable,B,形容詞 (Adjective / 형용사)，如 크다（大）、좋다（好）。
2090,부장,bujang,部長、處長,Head of a department,B,名詞 (Noun / 명사)，如 사람（人）、집（家）。
2091,섞이다,seokkida,混合、摻雜（被動）,"To be mixed,blended",B,動詞 (Verb / 동사)，如 하다（做）、가다（去）。
2092,소,so,牛、黃牛,A cow,B,名詞 (Noun / 명사)，如 사람（人）、집（家）。
2093,심리,simri,心理,A mental state,B,名詞 (Noun / 명사)，如 사람（人）、집（家）。
2094,심정,simjeong,心情、心緒,"one’s heart, one’s feelings",C,名詞 (Noun / 명사)，如 사람（人）、집（家）。
2095,쏘다,ssoda,發射、射擊 / 叮、螫,"(1) To shoot (2) to sting, bite (an insect, animal)",B,動詞 (Verb / 동사)，如 하다（做）、가다（去）。
2096,아줌마,ajumma,大嬸、阿姨,Old or married lady,A,名詞 (Noun / 명사)，如 사람（人）、집（家）。
2097,위치하다,wichihada,位於、坐落於,To be located,B,動詞 (Verb / 동사)，如 하다（做）、가다（去）。
2098,이룩하다,irukhada,建立、成就、達成,"Erect, build",C,動詞 (Verb / 동사)，如 하다（做）、가다（去）。
2099,이틀,iteul,兩天、兩日,Two days,B,名詞 (Noun / 명사)，如 사람（人）、집（家）。
2100,전달하다,jeondalhada,傳達、轉達、傳遞,To deliver,B,動詞 (Verb / 동사)，如 하다（做）、가다（去）。
2101,정말로,jeongmalro,真的、確實,Really,B,副詞 (Adverb / 부사)，如 더（更）、잘（好）。
2102,추다,chuda,跳（舞）（춤을 추다）,To dance,A,動詞 (Verb / 동사)，如 하다（做）、가다（去）。
2103,켜다,kyeoda,打開（電燈/電器）、點亮,"To light, turn on, kindle",A,動詞 (Verb / 동사)，如 하다（做）、가다（去）。
2104,코너,koneo,專櫃、角落、專欄,Corner,B,名詞 (Noun / 명사)，如 사람（人）、집（家）。
2105,행동하다,haengdonghada,行動、表現、行事,"To act, behave",B,動詞 (Verb / 동사)，如 하다（做）、가다（去）。
2106,형사,hyeongsa,刑事、刑警,"A criminal, penal case",C,名詞 (Noun / 명사)，如 사람（人）、집（家）。
2107,희곡,huigok,戲劇、劇本,"A drama, a play",C,名詞 (Noun / 명사)，如 사람（人）、집（家）。
2108,감동,gamdong,感動、觸動,Agitate or stir up the emotions,B,名詞 (Noun / 명사)，如 사람（人）、집（家）。
2109,공항,gonghang,機場、航空港,Airport,A,名詞 (Noun / 명사)，如 사람（人）、집（家）。
2110,군인,gunin,軍人,Sb in the military,A,名詞 (Noun / 명사)，如 사람（人）、집（家）。
2111,굳이,guji,硬要、非得、執意,Firmly or admanantly,B,副詞 (Adverb / 부사)，如 더（更）、잘（好）。
2112,그늘,geuneul,樹蔭、陰涼處 / 庇護,1) shade 2)parental prodection,B,名詞 (Noun / 명사)，如 사람（人）、집（家）。
2113,급하다,geuphada,急迫、緊急、著急,Be urgent or pressing or iminent,B,形容詞 (Adjective / 형용사)，如 크다（大）、좋다（好）。
2114,달걀,dalgyal,雞蛋,An egg,B,名詞 (Noun / 명사)，如 사람（人）、집（家）。
2115,대중문화,daejungmunhwa,大眾文化、流行文化,Pop culture,B,名詞 (Noun / 명사)，如 사람（人）、집（家）。
2116,마련되다,maryeondoeda,被準備、備妥（被動）,To be planned and arranged,B,動詞 (Verb / 동사)，如 하다（做）、가다（去）。
2117,마루,maru,地板、客廳大廳,"A wooden floor, floor, flooring",B,名詞 (Noun / 명사)，如 사람（人）、집（家）。
2118,무게,muge,重量、分量,Weight,B,名詞 (Noun / 명사)，如 사람（人）、집（家）。
2119,물기,mulgi,水分、水氣、濕氣,Moisture,C,名詞 (Noun / 명사)，如 사람（人）、집（家）。
2120,성적,seongjeok,成績、分數,"A result,grade",B,名詞 (Noun / 명사)，如 사람（人）、집（家）。
2121,솔직히,soljikhi,坦白地、坦率地,"frankly,candidly",B,副詞 (Adverb / 부사)，如 더（更）、잘（好）。
2122,시도하다,sidohada,嘗試、試圖,"To try,attempt",B,動詞 (Verb / 동사)，如 하다（做）、가다（去）。
2123,아니요,aniyo,不是、不（敬語否定）,"No, that’s not the case",A,名詞 (Noun / 명사)，如 사람（人）、집（家）。0
2124,예절,yejeol,禮節、禮儀,"propriety,decorum",B,名詞 (Noun / 명사)，如 사람（人）、집（家）。
2125,인상,insang,印象 / 面相,"Impression, imprint",B,名詞 (Noun / 명사)，如 사람（人）、집（家）。
2126,인터넷,inteonet,網際網路、網路,Internet,B,名詞 (Noun / 명사)，如 사람（人）、집（家）。
2127,적용하다,jeogyonghada,應用、適用,To apply (sth to sth else),B,動詞 (Verb / 동사)，如 하다（做）、가다（去）。
2128,전통적,jeontongjeok,傳統的,Traditional,B,名詞 (Noun / 명사)，如 사람（人）、집（家）。
2129,참가하다,chamgahada,參加、參賽,"To take part in, join",B,動詞 (Verb / 동사)，如 하다（做）、가다（去）。
2130,치마,chima,裙子,A skirt,A,名詞 (Noun / 명사)，如 사람（人）、집（家）。
2131,친척,chincheok,親戚,Relatives,B,名詞 (Noun / 명사)，如 사람（人）、집（家）。
2132,특정하다,teukjeonghada,特定、指明,Specify,C,形容詞 (Adjective / 형용사)，如 크다（大）、좋다（好）。
2133,호텔,hotel,飯店、旅館,Hotel,A,名詞 (Noun / 명사)，如 사람（人）、집（家）。
2134,경계,gyeonggye,警戒、邊界、分界,Boundary,C,名詞 (Noun / 명사)，如 사람（人）、집（家）。
2135,공식,gongsik,公式、正式、常規,A formula or formality,C,名詞 (Noun / 명사)，如 사람（人）、집（家）。
2136,그다지,geudaji,並不怎麼、不大,So much or to that extent,B,副詞 (Adverb / 부사)，如 더（更）、잘（好）。
2137,긴장,ginjang,緊張,Tension,B,名詞 (Noun / 명사)，如 사람（人）、집（家）。
2138,깎다,kkakda,削（皮）、砍價、剪,Cut or trim,A,動詞 (Verb / 동사)，如 하다（做）、가다（去）。
2139,다리,dari,橋、橋樑,Bridge,A,名詞 (Noun / 명사)，如 사람（人）、집（家）。
2140,머물다,meomulda,停留、留宿,Stay overnight,C,動詞 (Verb / 동사)，如 하다（做）、가다（去）。
2141,명예,myeongye,名譽、榮譽,Honor,C,名詞 (Noun / 명사)，如 사람（人）、집（家）。
2142,뱃사람,baetsaram,水手、船員、漁民,"A seaman, sailor",C,名詞 (Noun / 명사)，如 사람（人）、집（家）。
2143,부처,bucheo,佛祖、佛陀 / 夫婦,Buddha,B,名詞 (Noun / 명사)，如 사람（人）、집（家）。
2144,숙이다,sugida,低下、垂下（頭）,Lower one’s head,B,動詞 (Verb / 동사)，如 하다（做）、가다（去）。
2145,아가씨,agassi,小姐、姑娘,"Mis, young lady",B,名詞 (Noun / 명사)，如 사람（人）、집（家）。
2146,온도,ondo,溫度,Temperature,B,名詞 (Noun / 명사)，如 사람（人）、집（家）。
2147,이마,ima,前額、額頭,Forehead,B,名詞 (Noun / 명사)，如 사람（人）、집（家）。
2148,절대로,jeoldaero,絕對、萬萬（加否定）,Absolutely,B,副詞 (Adverb / 부사)，如 더（更）、잘（好）。
2149,지붕,jibung,屋頂,A roof,B,名詞 (Noun / 명사)，如 사람（人）、집（家）。
2150,지원하다,jiwonhada,應徵、報名、志願,"To desire, aspire, hence to apply for [e.g. a job] or volunteer for sth",C,動詞 (Verb / 동사)，如 하다（做）、가다（去）。
2151,진짜,jinjja,真的、真實,Real,B,名詞 (Noun / 명사)，如 사람（人）、집（家）。
2152,짙다,jitda,濃、深、厚,"Be dark, dense",B,形容詞 (Adjective / 형용사)，如 크다（大）、좋다（好）。
2153,창밖,changbak,窗外,Outside the window,B,名詞 (Noun / 명사)，如 사람（人）、집（家）。
2154,청소,cheongso,打掃、清潔,Cleaning,A,名詞 (Noun / 명사)，如 사람（人）、집（家）。
2155,침묵,chimmuk,沉默,Silence,C,名詞 (Noun / 명사)，如 사람（人）、집（家）。
2156,텍스트,tekseuteu,文本、文章,Text,C,名詞 (Noun / 명사)，如 사람（人）、집（家）。
2157,표면,pyomyeon,表面,"Front, surface, exterior",C,名詞 (Noun / 명사)，如 사람（人）、집（家）。
2158,햇살,haetsal,陽光、日光,The rays of the sun,B,名詞 (Noun / 명사)，如 사람（人）、집（家）。
2159,객관적,gaekgwanjeok,客觀的,Objective,C,名詞 (Noun / 명사)，如 사람（人）、집（家）。
2160,걱정하다,geokjeonghada,擔心、操心,To worry or be anxious,A,動詞 (Verb / 동사)，如 하다（做）、가다（去）。
2161,경제적,gyeongjejeok,經濟的、划算的,Economical,B,名詞 (Noun / 명사)，如 사람（人）、집（家）。
2162,구름,gureum,雲、白雲,A cloud or the clouds,A,名詞 (Noun / 명사)，如 사람（人）、집（家）。
2163,구석,guseok,角落、偏僻處,1) a corner 2) an out of the way place,C,名詞 (Noun / 명사)，如 사람（人）、집（家）。
2164,끄다,kkeuda,關閉（電器）、熄滅（火）,Put out or extinguish,A,動詞 (Verb / 동사)，如 하다（做）、가다（去）。
2165,담당하다,damdanghada,擔任、負責,Take charge of,B,動詞 (Verb / 동사)，如 하다（做）、가다（去）。
2166,벗기다,beotgida,脫去、剝掉,"Unclothe, undress",B,動詞 (Verb / 동사)，如 하다（做）、가다（去）。
2167,부대,budae,部隊、軍隊,"A detachment, squad",C,名詞 (Noun / 명사)，如 사람（人）、집（家）。
2168,불빛,bulbit,燈光、火光,Fire light,B,名詞 (Noun / 명사)，如 사람（人）、집（家）。
2169,서클,seokeul,社團、俱樂部,Circle,C,名詞 (Noun / 명사)，如 사람（人）、집（家）。
2170,시청자,sicheongja,觀眾、電視觀眾,TV audience member,B,名詞 (Noun / 명사)，如 사람（人）、집（家）。
2171,실체,silche,實體、真相,"substance,essence",C,名詞 (Noun / 명사)，如 사람（人）、집（家）。
2172,엄격하다,eomgyeokhada,嚴格、嚴厲,"To be strict, serious",C,形容詞 (Adjective / 형용사)，如 크다（大）、좋다（好）。
2173,완벽하다,wanbyeokhada,完美、完美無缺,Perfect,B,形容詞 (Adjective / 형용사)，如 크다（大）、좋다（好）。
2174,완전하다,wanjeonhada,完整、健全、毫無瑕疵,To be perfect and faultless,C,形容詞 (Adjective / 형용사)，如 크다（大）、좋다（好）。
2175,절,jeol,寺院、寺廟,A Buddhist temple,B,名詞 (Noun / 명사)，如 사람（人）、집（家）。
2176,종업원,jongeobwon,服務生、員工,waiter/waitress,B,名詞 (Noun / 명사)，如 사람（人）、집（家）。
2177,증가,jeungga,增加、增長,"An increase,augmentation",C,名詞 (Noun / 명사)，如 사람（人）、집（家）。
2178,출연,churyeon,出演、登台,Going on stage,C,名詞 (Noun / 명사)，如 사람（人）、집（家）。
2179,학기,hakgi,學期,An educational term,B,名詞 (Noun / 명사)，如 사람（人）、집（家）。
2180,한동안,handongan,一段時間、好一陣子,For quite a while,B,名詞 (Noun / 명사)，如 사람（人）、집（家）。
2181,후기,hugi,後期、下半期,The latter term/period,C,名詞 (Noun / 명사)，如 사람（人）、집（家）。
2182,계절,gyejeol,季節,Season,A,名詞 (Noun / 명사)，如 사람（人）、집（家）。
2183,만지다,manjida,觸摸、摸,To touch,B,動詞 (Verb / 동사)，如 하다（做）、가다（去）。
2184,목사,moksa,牧師,A pastor,B,名詞 (Noun / 명사)，如 사람（人）、집（家）。
2185,바늘,baneul,針、指針,"A needle, pin",B,名詞 (Noun / 명사)，如 사람（人）、집（家）。
2186,버티다,beotida,堅持、撐住、頂住,"Endure, tolerate",C,動詞 (Verb / 동사)，如 하다（做）、가다（去）。
2187,부,bu,部、部門、部數,"A department, a part",B,依存名詞 / 量詞 (Dependent Noun / 의존명사)，如 것（東西/事情）、개（個）、명（名）。
2188,분포하다,bunpohada,分布,Distribution,C,動詞 (Verb / 동사)，如 하다（做）、가다（去）。
2189,비중,bijung,比重,Specific gravity,C,名詞 (Noun / 명사)，如 사람（人）、집（家）。
2190,수입,suip,收入、收益,Income,B,名詞 (Noun / 명사)，如 사람（人）、집（家）。
2191,아이디어,aidieo,想法、點子、構想,Idea,C,名詞 (Noun / 명사)，如 사람（人）、집（家）。
2192,양쪽,yangjjok,雙方、兩側、兩邊,Both sides,B,名詞 (Noun / 명사)，如 사람（人）、집（家）。
2193,예컨대,yekeondae,例如、譬如,"For example, such as",C,副詞 (Adverb / 부사)，如 더（更）、잘（好）。
2194,운동장,undongjang,運動場、操場,"Stadium, playground",A,名詞 (Noun / 명사)，如 사람（人）、집（家）。
2195,전개,jeongae,展開、發展,"unfolding,development,expansion",C,名詞 (Noun / 명사)，如 사람（人）、집（家）。
2196,접촉,jeopchok,接觸,"contact,touch",C,名詞 (Noun / 명사)，如 사람（人）、집（家）。
2197,짐,jim,行李、負擔,Luggage ; what is on a person,B,名詞 (Noun / 명사)，如 사람（人）、집（家）。
2198,풀,pul,草、雜草、草坪,Grass (cut the ~),B,名詞 (Noun / 명사)，如 사람（人）、집（家）。
2199,해마다,haemada,年年、每年,"Every year, each year",B,副詞 (Adverb / 부사)，如 더（更）、잘（好）。
2200,후배,hubae,後輩、學弟妹,one’s junior,B,名詞 (Noun / 명사)，如 사람（人）、집（家）。
2201,휴가,hyuga,休假、假期,"holidays,vacation",B,名詞 (Noun / 명사)，如 사람（人）、집（家）。
2202,경기,gyeonggi,景氣、經濟狀況,The business market’s state,C,名詞 (Noun / 명사)，如 사람（人）、집（家）。
2203,계곡,gyegok,溪谷、峽谷,A valley or gorge,C,名詞 (Noun / 명사)，如 사람（人）、집（家）。
2204,국회의원,gukhoeuiwon,國會議員,A member of the national Assembly,B,名詞 (Noun / 명사)，如 사람（人）、집（家）。
2205,다투다,datuda,爭吵、爭奪,Quarrel,C,動詞 (Verb / 동사)，如 하다（做）、가다（去）。
2206,도저히,dojeohi,到底、無論如何也（加否定）,(도저히 + negative (지 않다/없다))Absolutely impossible ; by all means,C,副詞 (Adverb / 부사)，如 더（更）、잘（好）。
2207,뻗다,ppeotda,伸展、延伸、延伸到,"Stretch out, extend beyond",B,動詞 (Verb / 동사)，如 하다（做）、가다（去）。
2208,생활하다,saenghwalhada,生活、過日子,"To live, make a living",B,動詞 (Verb / 동사)，如 하다（做）、가다（去）。
2209,솔직하다,soljikhada,率直、坦誠,"frankness,candidness",B,形容詞 (Adjective / 형용사)，如 크다（大）、좋다（好）。
2210,안타깝다,antakkapda,遺憾、痛心、可惜,To be heart-breaking,B,形容詞 (Adjective / 형용사)，如 크다（大）、좋다（好）。
2211,앞장서다,apjangseoda,帶頭、領頭、走在前面,To be in the lead/ at the head,C,動詞 (Verb / 동사)，如 하다（做）、가다（去）。
2212,요청하다,yocheonghada,請求、要求,"To ask for, to request",C,動詞 (Verb / 동사)，如 하다（做）、가다（去）。
2213,이르다,ireuda,早、過早、尚早,"Be early, premature",B,形容詞 (Adjective / 형용사)，如 크다（大）、좋다（好）。
2214,일치하다,ilchihada,一致、吻合,"Agree with, to be in accord with",C,動詞 (Verb / 동사)，如 하다（做）、가다（去）。
2215,젓다,jeotda,搖（頭）、擺（手）/ 攪拌,"To make a sign,gesticulate",B,動詞 (Verb / 동사)，如 하다（做）、가다（去）。
2216,정치권,jeongchigwon,政治界、政界,Political rights,C,名詞 (Noun / 명사)，如 사람（人）、집（家）。
2217,처녀,cheonyeo,處女、未婚少女,"A virgin, a young maiden",C,名詞 (Noun / 명사)，如 사람（人）、집（家）。
2218,축제,chukje,節慶、慶典,a festival,B,動詞 (Verb / 동사)，如 하다（做）、가다（去）。
2219,터뜨리다,teotteurida,爆發、引爆、使破裂,"Break, burst,explode",B,動詞 (Verb / 동사)，如 하다（做）、가다（去）。
2220,학습,hakseup,學習,"Learning, education",B,名詞 (Noun / 명사)，如 사람（人）、집（家）。
2221,개발되다,gaebaldoeda,被開發、被研發（被動）,To be developed or exploited,C,動詞 (Verb / 동사)，如 하다（做）、가다（去）。
2222,높이,nopi,高高地（副詞）,"High, aloft (adverb)",B,副詞 (Adverb / 부사)，如 더（更）、잘（好）。
2223,당연히,dangyeonhi,當然、理所當然地,Of course,B,副詞 (Adverb / 부사)，如 더（更）、잘（好）。
2224,대비하다,daebihada,預備、防備、做好準備,"Provide for, prepare onself for",C,動詞 (Verb / 동사)，如 하다（做）、가다（去）。
2225,마구,magu,胡亂、隨便、接連不斷,"continuously, without pause",B,副詞 (Adverb / 부사)，如 더（更）、잘（好）。
2226,만남,mannam,相遇、會面,A meeting,B,名詞 (Noun / 명사)，如 사람（人）、집（家）。
2227,미디어,midieo,媒體、大眾傳媒,Media,B,名詞 (Noun / 명사)，如 사람（人）、집（家）。
2228,복도,bokdo,走廊、迴廊,A corridor,B,名詞 (Noun / 명사)，如 사람（人）、집（家）。
2229,수상,susang,總理、首相 / 獲獎,The prime minister,B,名詞 (Noun / 명사)，如 사람（人）、집（家）。
2230,쓰러지다,sseureojida,倒下、暈倒、癱倒,"Fall, collapse",C,動詞 (Verb / 동사)，如 하다（做）、가다（去）。
2231,영상,yeongsang,影像、畫面 / 零上（氣溫）,"An image [picture], reflection (moving pictures, movies)",C,名詞 (Noun / 명사)，如 사람（人）、집（家）。
2232,영혼,yeonghon,靈魂,"A soul, a spirit",C,名詞 (Noun / 명사)，如 사람（人）、집（家）。
2233,운전사,unjeonsa,司機、駕駛員,The driver (of a taxi),C,名詞 (Noun / 명사)，如 사람（人）、집（家）。
2234,자랑스럽다,jarangseureopda,感到自豪、驕傲,To be proud,B,形容詞 (Adjective / 형용사)，如 크다（大）、좋다（好）。
2235,잠깐,jamkkan,稍微、片刻、一會兒,For a little while,A,名詞 (Noun / 명사)，如 사람（人）、집（家）。
2236,적당하다,jeokdanghada,適當、合適,To be appropriate,B,形容詞 (Adjective / 형용사)，如 크다（大）、좋다（好）。
2237,적용되다,jeogyongdoeda,被應用、被適用（被動）,To be applied,C,動詞 (Verb / 동사)，如 하다（做）、가다（去）。
2238,주,ju,週、星期,One week,A,依存名詞 / 量詞 (Dependent Noun / 의존명사)，如 것（東西/事情）、개（個）、명（名）。
2239,지속적,jisokjeok,持續的,Continuous,C,名詞 (Noun / 명사)，如 사람（人）、집（家）。
2240,진행하다,jinhaenghada,進行、推進,"Advance, proceed",B,動詞 (Verb / 동사)，如 하다（做）、가다（去）。
2241,차별,chabyeol,差別、歧視,"distinction,differentiation",C,名詞 (Noun / 명사)，如 사람（人）、집（家）。
2242,곳곳,gotgot,到處、處處,Everywhere,B,名詞 (Noun / 명사)，如 사람（人）、집（家）。
2243,구분,gubun,區分、劃分,A division or section,C,名詞 (Noun / 명사)，如 사람（人）、집（家）。
2244,금지,geumji,禁止,Forbidden or prohibitted,B,名詞 (Noun / 명사)，如 사람（人）、집（家）。
2245,내지,naeji,乃至、或者,From A to B,B,副詞 (Adverb / 부사)，如 더（更）、잘（好）。
2246,달려오다,dalryeooda,跑來、奔來,Come running,B,動詞 (Verb / 동사)，如 하다（做）、가다（去）。
2247,분노,bunno,憤怒、狂怒,"rage,anger",C,名詞 (Noun / 명사)，如 사람（人）、집（家）。
2248,비교,bigyo,比較,A comparison,B,名詞 (Noun / 명사)，如 사람（人）、집（家）。
2249,소위,sowi,所謂,What is called for,C,副詞 (Adverb / 부사)，如 더（更）、잘（好）。
2250,스치다,seuchida,擦過、掠過,Graze past,C,動詞 (Verb / 동사)，如 하다（做）、가다（去）。
2251,역사적,yeoksajeok,歷史性的、歷史的,Historical,B,名詞 (Noun / 명사)，如 사람（人）、집（家）。
2252,열차,yeolcha,列車、火車,Train,B,名詞 (Noun / 명사)，如 사람（人）、집（家）。
2253,요즈음,yojeueum,最近、近來,"Recently, nowadays",A,名詞 (Noun / 명사)，如 사람（人）、집（家）。
2254,유난히,yunanhi,格外、格外特別、異常,"uncommon,exceptional",B,副詞 (Adverb / 부사)，如 더（更）、잘（好）。
2255,의무,uimu,義務,"A duty, an obligation",C,名詞 (Noun / 명사)，如 사람（人）、집（家）。
2256,잃어버리다,ileobeorida,遺失、丟失,To lose,A,動詞 (Verb / 동사)，如 하다（做）、가다（去）。
2257,잠깐,jamkkan,稍等、片刻、一會兒,For a little while,A,副詞 (Adverb / 부사)，如 더（更）、잘（好）。
2258,잠들다,jamdeulda,入睡、睡著,Fall asleep,B,動詞 (Verb / 동사)，如 하다（做）、가다（去）。
2259,정식,jeongsik,正式,"Formality, due form",B,名詞 (Noun / 명사)，如 사람（人）、집（家）。
2260,조용하다,joyonghada,安靜、平靜,"To be quiet,still",A,形容詞 (Adjective / 형용사)，如 크다（大）、좋다（好）。
2261,즉시,jeuksi,即刻、立刻,"At once,immediately",B,名詞 (Noun / 명사)，如 사람（人）、집（家）。
2262,최선,choeseon,盡力、最好、最佳辦法,"The best, one’s best",B,名詞 (Noun / 명사)，如 사람（人）、집（家）。
2263,탑,tap,塔、佛塔,A tower,B,名詞 (Noun / 명사)，如 사람（人）、집（家）。
2264,한복,hanbok,韓服,Korean traditional clothing,A,名詞 (Noun / 명사)，如 사람（人）、집（家）。
2265,활동하다,hwaldonghada,活動、過活躍的生活,"To be active, lead an active life",B,動詞 (Verb / 동사)，如 하다（做）、가다（去）。
2266,건축,geonchuk,建築,Construction or building or erection,B,名詞 (Noun / 명사)，如 사람（人）、집（家）。
2267,귀엽다,gwiyeopda,可愛,To be cute,B,形容詞 (Adjective / 형용사)，如 크다（大）、좋다（好）。
2268,답답하다,dapdaphada,悶悶不樂、憋悶、焦急,Feel anxious,B,形容詞 (Adjective / 형용사)，如 크다（大）、좋다（好）。
2269,당황하다,danghwanghada,慌張、不知所措,Be confused,B,動詞 (Verb / 동사)，如 하다（做）、가다（去）。
2270,말,mal,馬、駿馬,Horse,B,名詞 (Noun / 명사)，如 사람（人）、집（家）。
2271,밀가루,milgaru,麵粉,Flour,B,名詞 (Noun / 명사)，如 사람（人）、집（家）。
2272,바깥,bakkat,外面、外部,Outside,B,名詞 (Noun / 명사)，如 사람（人）、집（家）。
2273,바지,baji,褲子,Pants,A,名詞 (Noun / 명사)，如 사람（人）、집（家）。
2274,벌리다,beolrida,張開、張大,"Open, wide",B,動詞 (Verb / 동사)，如 하다（做）、가다（去）。
2275,보고서,bogoseo,報告書,Report,B,名詞 (Noun / 명사)，如 사람（人）、집（家）。
2276,보관하다,bogwanhada,保管、存放,Keep in one’s custody,B,動詞 (Verb / 동사)，如 하다（做）、가다（去）。
2277,부딪치다,buditchida,碰撞、撞上,"Collide with, bump against",B,動詞 (Verb / 동사)，如 하다（做）、가다（去）。
2278,빨래,ppalrae,洗衣、洗滌物,"washing,laundry",B,名詞 (Noun / 명사)，如 사람（人）、집（家）。
2279,상하다,sanghada,受傷、受損、變質,"damage,injure",B,動詞 (Verb / 동사)，如 하다（做）、가다（去）。
2280,설치,seolchi,設置、設立、安裝,"establisment,institution",C,名詞 (Noun / 명사)，如 사람（人）、집（家）。
2281,식용유,sigyongyu,食用油,Food oil,B,名詞 (Noun / 명사)，如 사람（人）、집（家）。
2282,싫어하다,sileohada,討厭、不喜歡,"To dislike, be reluctant (to do)",A,動詞 (Verb / 동사)，如 하다（做）、가다（去）。
2283,업종,eopjong,行業、業種,Types of industry,C,名詞 (Noun / 명사)，如 사람（人）、집（家）。
2284,연출,yeonchul,導演、策劃、演出,"Production, presentation",C,名詞 (Noun / 명사)，如 사람（人）、집（家）。
2285,테이블,teibeul,桌子、餐桌,Table,A,名詞 (Noun / 명사)，如 사람（人）、집（家）。
2286,트이다,teuida,敞開、開朗、通暢,"Get cleared out, open up",C,動詞 (Verb / 동사)，如 하다（做）、가다（去）。
2287,피곤하다,pigonhada,疲勞、疲憊,"To be very tired, exhausted",A,形容詞 (Adjective / 형용사)，如 크다（大）、좋다（好）。
2288,한국어,hangugeo,韓國語、韓語,Korean (language),A,名詞 (Noun / 명사)，如 사람（人）、집（家）。
2289,한자,hanja,漢字,"Korean character, derived from chinese",A,名詞 (Noun / 명사)，如 사람（人）、집（家）。
2290,겁,geop,害怕、恐懼,Fear or fright,B,名詞 (Noun / 명사)，如 사람（人）、집（家）。
2291,관리,gwanri,官吏、官員,A government official,C,名詞 (Noun / 명사)，如 사람（人）、집（家）。
2292,국제화,gukjehwa,國際化,Internationalization,C,名詞 (Noun / 명사)，如 사람（人）、집（家）。
2293,근육,geunyuk,肌肉,Muscles,C,名詞 (Noun / 명사)，如 사람（人）、집（家）。
2294,깔리다,kkalrida,鋪著、被鋪上（被動）,To be spread or overspread,C,動詞 (Verb / 동사)，如 하다（做）、가다（去）。
2295,사전,sajeon,事先、預先,"beforehand,in advance",C,名詞 (Noun / 명사)，如 사람（人）、집（家）。
2296,산소,sanso,氧氣 / 墳墓,Oxygen,B,名詞 (Noun / 명사)，如 사람（人）、집（家）。
2297,석유,seogyu,石油,Petroleum,B,名詞 (Noun / 명사)，如 사람（人）、집（家）。
2298,소리치다,sorichida,大聲喊叫、高呼,"To shout, yell",B,動詞 (Verb / 동사)，如 하다（做）、가다（去）。
2299,시,si,市、城市 / 詩,City,A,名詞 (Noun / 명사)，如 사람（人）、집（家）。
2300,신선하다,sinseonhada,新鮮,Fresh,B,形容詞 (Adjective / 형용사)，如 크다（大）、좋다（好）。
2301,안경,angyeong,眼鏡,Glasses,A,名詞 (Noun / 명사)，如 사람（人）、집（家）。
2302,약속하다,yaksokhada,約定、承諾,To make a promise,A,動詞 (Verb / 동사)，如 하다（做）、가다（去）。
2303,연합,yeonhap,聯合、同盟,"Combination, federacy, union",C,名詞 (Noun / 명사)，如 사람（人）、집（家）。
2304,인격,ingyeok,人格,"Personality, character",C,名詞 (Noun / 명사)，如 사람（人）、집（家）。
2305,장,jang,章（書之章節）,A chapter in a book,B,名詞 (Noun / 명사)，如 사람（人）、집（家）。
2306,적,jeok,敵人,The enemy,B,名詞 (Noun / 명사)，如 사람（人）、집（家）。
2307,조심하다,josimhada,小心、提防,To be careful,B,動詞 (Verb / 동사)，如 하다（做）、가다（去）。
2308,질,jil,品質、質量、性質,"Quality, character",B,名詞 (Noun / 명사)，如 사람（人）、집（家）。
2309,찌르다,jjireuda,刺、戳、扎,"stab,thrust",B,動詞 (Verb / 동사)，如 하다（做）、가다（去）。
2310,책임자,chaegimja,負責人,Person responsible,B,名詞 (Noun / 명사)，如 사람（人）、집（家）。
2311,총,chong,總計、全部（冠形詞）,"all,entire,whole",C,冠形詞 (Determiner / 관형사)，如 한（一個）、어떤（某種）。
2312,취미,chwimi,興趣、愛好,Hobby,A,名詞 (Noun / 명사)，如 사람（人）、집（家）。
2313,표,pyo,標記、記號、標誌,"A marker, indication",C,名詞 (Noun / 명사)，如 사람（人）、집（家）。
2314,품목,pummok,品項、項目,"The name of an article, a list of articles",C,名詞 (Noun / 명사)，如 사람（人）、집（家）。
2315,확대되다,hwakdaedoeda,被擴大、放大（被動）,To be magnified,B,動詞 (Verb / 동사)，如 하다（做）、가다（去）。
2316,거실,geosil,客廳,Living room,B,名詞 (Noun / 명사)，如 사람（人）、집（家）。
2317,논,non,水田、稻田,A rice field,C,名詞 (Noun / 명사)，如 사람（人）、집（家）。
2318,덥다,deopda,熱、炎熱,"Be hot, heated",A,形容詞 (Adjective / 형용사)，如 크다（大）、좋다（好）。
2319,바보,babo,傻瓜、笨蛋,Ignorant,B,名詞 (Noun / 명사)，如 사람（人）、집（家）。
2320,별,byeol,依...分類（~별）,Classified by,B,冠形詞 (Determiner / 관형사)，如 한（一個）、어떤（某種）。
2321,보람,boram,意義、價值、成效,"worth,result",B,名詞 (Noun / 명사)，如 사람（人）、집（家）。
2322,부작용,bujagyong,副作用,"reaction,side effect",B,名詞 (Noun / 명사)，如 사람（人）、집（家）。
2323,비난,binan,譴責、責難,"Criticism, reproach",C,名詞 (Noun / 명사)，如 사람（人）、집（家）。
2324,신고,singo,申報、報案,"A statement,declaration",B,名詞 (Noun / 명사)，如 사람（人）、집（家）。
2325,야구,yagu,棒球,Baseball,A,名詞 (Noun / 명사)，如 사람（人）、집（家）。
2326,어떡하다,eotteokhada,怎麼辦、如何處置,"To take some measures, to manage somehow",B,不變化詞 / 獨立詞 / 未分類詞），用來標記如 그래도（即使那樣/仍然）、걔（那孩子）、그래（是的/那樣） 等
2327,예상,yesang,預想、預測,"Expectation, anticipation; forecast, preconception, prenotion",B,名詞 (Noun / 명사)，如 사람（人）、집（家）。
2328,위협,wihyeop,威脅、恐嚇,"Menace, threat, intimidation",C,名詞 (Noun / 명사)，如 사람（人）、집（家）。
2329,이,i,牙齒、齒,A tooth,A,名詞 (Noun / 명사)，如 사람（人）、집（家）。
2330,이상,isang,理想、目標,"An ideal, a goal",B,名詞 (Noun / 명사)，如 사람（人）、집（家）。
2331,잠기다,jamgida,淹沒、沉浸 / 鎖上,Sink in water,C,動詞 (Verb / 동사)，如 하다（做）、가다（去）。
2332,주고받다,jugobatda,相互給予、交流,"Give and receive, exchange",C,動詞 (Verb / 동사)，如 하다（做）、가다（去）。
2333,주먹,jumeok,拳頭,Fist,B,名詞 (Noun / 명사)，如 사람（人）、집（家）。
2334,지지,jiji,支持,"support,backing",C,名詞 (Noun / 명사)，如 사람（人）、집（家）。
2335,털다,teolda,抖落、拂去,"To shake off, brush up",B,動詞 (Verb / 동사)，如 하다（做）、가다（去）。
2336,경고,gyeonggo,警告,Warning,C,名詞 (Noun / 명사)，如 사람（人）、집（家）。
2337,공개하다,gonggaehada,公開,Open to the public,C,動詞 (Verb / 동사)，如 하다（做）、가다（去）。
2338,과목,gwamok,科目、學科,A subject or a lesson,B,名詞 (Noun / 명사)，如 사람（人）、집（家）。
2339,구경,gugyeong,參觀、觀賞、看熱鬧,An enjoyable sight or spectacle,A,名詞 (Noun / 명사)，如 사람（人）、집（家）。
2340,그분,geubun,那位（敬稱）,That person (respectful),A,代名詞 (Pronoun / 대명사)，如 나（我）、우리（我們）、그（他）。
2341,근무,geunmu,勤務、工作,Duty or service or work,B,名詞 (Noun / 명사)，如 사람（人）、집（家）。
2342,논쟁,nonjaeng,爭論、爭辯,"Controversy, argument",C,名詞 (Noun / 명사)，如 사람（人）、집（家）。
2343,달아나다,daranada,逃跑、逃脫,"Escape, flee",B,動詞 (Verb / 동사)，如 하다（做）、가다（去）。
2344,묶다,mukda,綑綁、綁,"bind,tie",B,動詞 (Verb / 동사)，如 하다（做）、가다（去）。
2345,성명,seongmyeong,聲明 / 姓名,"A declaration,statement",C,名詞 (Noun / 명사)，如 사람（人）、집（家）。
2346,소스,soseu,醬汁、沙司,Sauce,B,名詞 (Noun / 명사)，如 사람（人）、집（家）。
2347,수십,susip,數十,Tens of sth,C,冠形詞 (Determiner / 관형사)，如 한（一個）、어떤（某種）。
2348,신다,sinda,穿（鞋/襪）,"Put on, wear",A,動詞 (Verb / 동사)，如 하다（做）、가다（去）。
2349,우리말,urimal,我們的母語、韓語,Korean (language),B,名詞 (Noun / 명사)，如 사람（人）、집（家）。
2350,유교,yugyo,儒教、儒家,Confucianism,B,名詞 (Noun / 명사)，如 사람（人）、집（家）。
2351,이불,ibul,棉被、被子,"Bedding, bed clothes",B,名詞 (Noun / 명사)，如 사람（人）、집（家）。
2352,이성,iseong,理性,"Reason, reasoning",B,名詞 (Noun / 명사)，如 사람（人）、집（家）。
2353,일상,ilsang,日常、平時,"Everyday, usual, ordinary",B,名詞 (Noun / 명사)，如 사람（人）、집（家）。
2354,자동,jadong,自動,"self-acting, self-moving, automatic",B,名詞 (Noun / 명사)，如 사람（人）、집（家）。
2355,장래,jangrae,將來、前途,The future,B,名詞 (Noun / 명사)，如 사람（人）、집（家）。
2356,전개되다,jeongaedoeda,展開、展開進展（被動）,"To be unfolded,spread out",C,動詞 (Verb / 동사)，如 하다（做）、가다（去）。
2357,죄송하다,joesonghada,抱歉、慚愧,"regret,be sorry for",A,形容詞 (Adjective / 형용사)，如 크다（大）、좋다（好）。
2358,중요성,jungyoseong,重要性,"importance,gravity",B,名詞 (Noun / 명사)，如 사람（人）、집（家）。
2359,크다,keuda,大、長大,"To be big, large",A,動詞 (Verb / 동사)，如 하다（做）、가다（去）。
2360,탤런트,taelreonteu,電視演員、藝能人才,Talent,B,名詞 (Noun / 명사)，如 사람（人）、집（家）。
2361,특별히,teukbyeolhi,特別地、格外,Especially,B,副詞 (Adverb / 부사)，如 더（更）、잘（好）。
2362,품질,pumjil,品質、質量,The quality of the article ( but not the article itself),C,名詞 (Noun / 명사)，如 사람（人）、집（家）。
2363,회견,hoegyeon,會見、記者會,"An interview, a meeting",C,名詞 (Noun / 명사)，如 사람（人）、집（家）。
2364,훔치다,humchida,偷竊、偷,To steal,C,動詞 (Verb / 동사)，如 하다（做）、가다（去）。
2365,흔적,heunjeok,痕跡、蹤跡,"traces,signs,evidences",C,名詞 (Noun / 명사)，如 사람（人）、집（家）。
2366,고전,gojeon,古典,A classic in literature,C,名詞 (Noun / 명사)，如 사람（人）、집（家）。
2367,과학적,gwahakjeok,科學的,Scientifically,B,名詞 (Noun / 명사)，如 사람（人）、집（家）。
2368,구분하다,gubunhada,區分、劃分,To divide or to classify,C,動詞 (Verb / 동사)，如 하다（做）、가다（去）。
2369,그럼,geureom,那麼 / 當然（感嘆詞）,Interjection: “yeh or that’s right”,A,名詞 (Noun / 명사)，如 사람（人）、집（家）。0
2370,뇌,noe,大腦、腦,Brains,C,名詞 (Noun / 명사)，如 사람（人）、집（家）。
2371,봉투,bongtu,信封、紙袋,Envelope,B,名詞 (Noun / 명사)，如 사람（人）、집（家）。
2372,분명,bunmyeong,明顯、清楚,Obviousness,B,副詞 (Adverb / 부사)，如 더（更）、잘（好）。
2373,사설,saseol,社論、社評,An editorial,C,名詞 (Noun / 명사)，如 사람（人）、집（家）。
2374,승리,seungri,勝利,A victory,C,名詞 (Noun / 명사)，如 사람（人）、집（家）。
2375,좌우,jwau,左右,Left and right,C,名詞 (Noun / 명사)，如 사람（人）、집（家）。
2376,주,ju,主人、雇主,"one’s master, ones employer",C,冠形詞 (Determiner / 관형사)，如 한（一個）、어떤（某種）。
2377,지다,jida,落下、下沉（太陽）,Set (the sun),B,動詞 (Verb / 동사)，如 하다（做）、가다（去）。
2378,추억,chueok,回憶,Memory,B,名詞 (Noun / 명사)，如 사람（人）、집（家）。
2379,하여튼,hayeoteun,無論如何、總之,Anyways,B,副詞 (Adverb / 부사)，如 더（更）、잘（好）。
2380,함부로,hamburo,隨便、隨意、胡亂,"Indiscriminately, at random",B,副詞 (Adverb / 부사)，如 더（更）、잘（好）。
2381,향기,hyanggi,香氣、芬芳,"fragrance,aroma,perfume",B,名詞 (Noun / 명사)，如 사람（人）、집（家）。
2382,현지,hyeonji,當地、現場,"The actual place, the very spot",B,名詞 (Noun / 명사)，如 사람（人）、집（家）。
2383,가늘다,ganeulda,細、苗條,Thin or fine or slender,B,形容詞 (Adjective / 형용사)，如 크다（大）、좋다（好）。
2384,개인적,gaeinjeok,個人的、私人的,Private or personal,B,名詞 (Noun / 명사)，如 사람（人）、집（家）。
2385,겉,geot,表面、外表,The outer surface,B,名詞 (Noun / 명사)，如 사람（人）、집（家）。
2386,굽히다,guphida,彎曲、屈服,Bend or stoop,C,動詞 (Verb / 동사)，如 하다（做）、가다（去）。
2387,근무하다,geunmuhada,工作、任職,Work or labor,B,動詞 (Verb / 동사)，如 하다（做）、가다（去）。
2388,깜짝,kkamjjak,猛然、吃驚地,With a surprise,B,副詞 (Adverb / 부사)，如 더（更）、잘（好）。
2389,넓히다,neophida,拓寬、擴大,Widen,B,動詞 (Verb / 동사)，如 하다（做）、가다（去）。
2390,대,dae,對、對比 / 一對,"1) Versus 2)a pair, counterpart",B,依存名詞 / 量詞 (Dependent Noun / 의존명사)，如 것（東西/事情）、개（個）、명（名）。
2391,매년,maenyeon,每年,Every year,B,副詞 (Adverb / 부사)，如 더（更）、잘（好）。
2392,발생,balsaeng,發生、產生,1) Birth 2) development,B,名詞 (Noun / 명사)，如 사람（人）、집（家）。
2393,셋,set,三,Three,A,數詞 (Numeral / 수사)，如 하나（一）。：數詞 (Numeral / 수사)，如 하나（一）。
2394,소주,soju,燒酒,Korean sake,B,名詞 (Noun / 명사)，如 사람（人）、집（家）。
2395,손바닥,sonbadak,手掌,The palm,B,名詞 (Noun / 명사)，如 사람（人）、집（家）。
2396,승용차,seungyongcha,轎車、客車,A passenger car,B,名詞 (Noun / 명사)，如 사람（人）、집（家）。
2397,어색하다,eosaekhada,尷尬、不自在、生硬,"To be awkward, shy with words, speechless",B,形容詞 (Adjective / 형용사)，如 크다（大）、좋다（好）。
2398,얹다,eonda,擱在...上、放上,"Put on, place, lay, set",B,動詞 (Verb / 동사)，如 하다（做）、가다（去）。
2399,의학,uihak,醫學,Medical science,C,名詞 (Noun / 명사)，如 사람（人）、집（家）。
2400,장점,jangjeom,優點、長處,"A merit,strong point",B,名詞 (Noun / 명사)，如 사람（人）、집（家）。
2401,적당히,jeokdanghi,適當地、恰當地,"suitable,proper",B,副詞 (Adverb / 부사)，如 더（更）、잘（好）。
2402,줍다,jupda,撿起、拾起,"Pick up, gather",B,動詞 (Verb / 동사)，如 하다（做）、가다（去）。
2403,진출,jinchul,進軍、走向、進出,An advance,B,名詞 (Noun / 명사)，如 사람（人）、집（家）。
2404,창조,changjo,創造,Creation,C,名詞 (Noun / 명사)，如 사람（人）、집（家）。
2405,킬로그램,kilrogeuraem,公斤、千克,Kilogram,B,依存名詞 / 量詞 (Dependent Noun / 의존명사)，如 것（東西/事情）、개（個）、명（名）。
2406,평범하다,pyeongbeomhada,平凡、普通,"Plain, average",B,形容詞 (Adjective / 형용사)，如 크다（大）、좋다（好）。
2407,프로,peuro,節目 / 專業,Program,B,名詞 (Noun / 명사)，如 사람（人）、집（家）。
2408,홍보,hongbo,宣傳、公關,"Public information, public relations",C,名詞 (Noun / 명사)，如 사람（人）、집（家）。
2409,확인,hwagin,確認、核實,"A check,confirmation",B,名詞 (Noun / 명사)，如 사람（人）、집（家）。
2410,가루,garu,粉末、粉,Powder or flour; meal,B,名詞 (Noun / 명사)，如 사람（人）、집（家）。
2411,건지다,geonjida,撈起 / 拯救、挽救,Take or bring out of the water or 2) rescue a person from danger,B,動詞 (Verb / 동사)，如 하다（做）、가다（去）。
2412,깨지다,kkaejida,碎裂、打碎 / 破裂,To break,B,動詞 (Verb / 동사)，如 하다（做）、가다（去）。
2413,내다보다,naedaboda,遠望、展望、預測,Look out for,C,動詞 (Verb / 동사)，如 하다（做）、가다（去）。
2414,대량,daeryang,大量,A large quantity,C,名詞 (Noun / 명사)，如 사람（人）、집（家）。
2415,마땅하다,mattanghada,理當、應當、合適,"Be right, approppriate",C,形容詞 (Adjective / 형용사)，如 크다（大）、좋다（好）。
2416,바로잡다,barojapda,糾正、矯正、端正,Straighten,C,動詞 (Verb / 동사)，如 하다（做）、가다（去）。
2417,박히다,bakhida,被釘入、嵌入、深印,Be nailed in,C,動詞 (Verb / 동사)，如 하다（做）、가다（去）。
2418,방금,banggeum,剛才、方才,Just now,B,副詞 (Adverb / 부사)，如 더（更）、잘（好）。
2419,생선,saengseon,鮮魚、生魚,Raw fish,A,名詞 (Noun / 명사)，如 사람（人）、집（家）。
2420,슬픔,seulpeum,悲傷、悲痛,Sorrow,B,名詞 (Noun / 명사)，如 사람（人）、집（家）。
2421,아무렇지 않다,amureochi anta,若無其事、毫不介意,"To be indifferent, casually",B,形容詞 (Adjective / 형용사)，如 크다（大）、좋다（好）。
2422,이용되다,iyongdoeda,被利用、被使用（被動）,To be used,B,動詞 (Verb / 동사)，如 하다（做）、가다（去）。
2423,이튿날,iteunnal,翌日、次日、第二天,The second day after,B,名詞 (Noun / 명사)，如 사람（人）、집（家）。
2424,임시,imsi,臨時、特別,"Temporary, special",B,名詞 (Noun / 명사)，如 사람（人）、집（家）。
2425,제거하다,jegeohada,消除、除去、清除,"exclusion,removal",C,動詞 (Verb / 동사)，如 하다（做）、가다（去）。
2426,줄다,julda,減少、縮小,Diminish,B,動詞 (Verb / 동사)，如 하다（做）、가다（去）。
2427,지구,jigu,地區、地帶,"A district,region",B,名詞 (Noun / 명사)，如 사람（人）、집（家）。
2428,지우다,jiuda,擦掉、抹去、消除,To erase,A,動詞 (Verb / 동사)，如 하다（做）、가다（去）。
2429,참기름,chamgireum,麻油、芝麻油,Sesame oil,B,名詞 (Noun / 명사)，如 사람（人）、집（家）。
2430,통,tong,桶、木桶 / 封（信件量詞）,"A tub, a cask",B,名詞 (Noun / 명사)，如 사람（人）、집（家）。
2431,특수,teuksu,特殊、特別,"characteristic,distinct,unique",C,名詞 (Noun / 명사)，如 사람（人）、집（家）。
2432,팬,paen,平底鍋 / 粉絲,Pan,B,名詞 (Noun / 명사)，如 사람（人）、집（家）。
2433,합치다,hapchida,合併、結合,"combine,unite",B,動詞 (Verb / 동사)，如 하다（做）、가다（去）。
2434,호기심,hogisim,好奇心,Curiousity,C,名詞 (Noun / 명사)，如 사람（人）、집（家）。
2435,골목,golmok,小巷、胡同,A side street or alley,B,名詞 (Noun / 명사)，如 사람（人）、집（家）。
2436,기운,giun,精神、氣力、氣色,Strength or might (the strength you feel you have on that particular day),B,名詞 (Noun / 명사)，如 사람（人）、집（家）。
2437,기획,gihoek,企劃、策劃,Planning,C,名詞 (Noun / 명사)，如 사람（人）、집（家）。
2438,대충,daechung,大致、大致上、草率,"Almost, nearly, about",C,副詞 (Adverb / 부사)，如 더（更）、잘（好）。
2439,맞서다,matseoda,對峙、抗衡、面對,Stand opposite,B,動詞 (Verb / 동사)，如 하다（做）、가다（去）。
2440,모자라다,mojarada,不足、不夠、欠缺,To be insufficient,B,動詞 (Verb / 동사)，如 하다（做）、가다（去）。
2441,박다,bakda,釘入、鑲嵌、釘,"Drive,hammer in",C,動詞 (Verb / 동사)，如 하다（做）、가다（去）。
2442,본성,bonseong,本性、天性,Original nature or character,C,名詞 (Noun / 명사)，如 사람（人）、집（家）。
2443,상상하다,sangsanghada,想像,Imagine,B,動詞 (Verb / 동사)，如 하다（做）、가다（去）。
2444,생산력,saengsanryeok,生產力,Productive capacity,C,名詞 (Noun / 명사)，如 사람（人）、집（家）。
2445,안전하다,anjeonhada,安全,To be safe,B,形容詞 (Adjective / 형용사)，如 크다（大）、좋다（好）。
2446,유학,yuhak,留學,Studying abroad,B,名詞 (Noun / 명사)，如 사람（人）、집（家）。
2447,이르다,ireuda,告訴、告知、告發,"Inform, report, tell",C,動詞 (Verb / 동사)，如 하다（做）、가다（去）。
2448,장비,jangbi,裝備、設備,"equipment,fittings",C,名詞 (Noun / 명사)，如 사람（人）、집（家）。
2449,정치인,jeongchiin,政治家、政界人士,Politician,C,名詞 (Noun / 명사)，如 사람（人）、집（家）。
2450,정치적,jeongchijeok,政治的,Political,B,名詞 (Noun / 명사)，如 사람（人）、집（家）。
2451,졸업,joreop,畢業,Graduation,A,名詞 (Noun / 명사)，如 사람（人）、집（家）。
2452,처벌,cheobeol,處罰、懲處,"punishment,penalty",C,名詞 (Noun / 명사)，如 사람（人）、집（家）。
2453,카페,kape,咖啡館、咖啡廳,Cafe (place to drink coffee),B,名詞 (Noun / 명사)，如 사람（人）、집（家）。
2454,콤플렉스,kompeulrekseu,自卑感、情結,Complex,B,名詞 (Noun / 명사)，如 사람（人）、집（家）。
2455,검토,geomto,檢討、審查、研議,An examination or investigation or study,C,名詞 (Noun / 명사)，如 사람（人）、집（家）。
2456,그다음,geudaeum,其次、接下來、隨後,Next,B,名詞 (Noun / 명사)，如 사람（人）、집（家）。
2457,기법,gibeop,技法、技巧,Techniques,C,名詞 (Noun / 명사)，如 사람（人）、집（家）。
2458,끓다,kkeulta,沸騰、煮開,Boil or simmer,B,動詞 (Verb / 동사)，如 하다（做）、가다（去）。
2459,날아오다,naraoda,飛來,Come flying,B,動詞 (Verb / 동사)，如 하다（做）、가다（去）。
2460,농담,nongdam,玩笑,A joke,B,名詞 (Noun / 명사)，如 사람（人）、집（家）。
2461,닭,dak,雞,Chicken,A,名詞 (Noun / 명사)，如 사람（人）、집（家）。
2462,담임,damim,導師、班主任、擔當,"Charge, duty",B,名詞 (Noun / 명사)，如 사람（人）、집（家）。
2463,도중,dojung,途中、中途,On the way,B,名詞 (Noun / 명사)，如 사람（人）、집（家）。
2464,맥주,maekju,啤酒,Beer,A,名詞 (Noun / 명사)，如 사람（人）、집（家）。
2465,모래,morae,沙子,Sand,B,名詞 (Noun / 명사)，如 사람（人）、집（家）。
2466,살아남다,saranamda,生存、活下來,Survive,C,動詞 (Verb / 동사)，如 하다（做）、가다（去）。
2467,살인,sarin,殺人、謀殺,Murder,C,名詞 (Noun / 명사)，如 사람（人）、집（家）。
2468,성질,seongjil,性質、脾氣、性格,"naure,disposition",C,名詞 (Noun / 명사)，如 사람（人）、집（家）。
2469,신호,sinho,信號、暗號,"A signal,signaling",B,名詞 (Noun / 명사)，如 사람（人）、집（家）。
2470,아버님,abeonim,父親、令尊（敬稱）,Father (respectful word),B,名詞 (Noun / 명사)，如 사람（人）、집（家）。
2471,의심하다,uisimhada,懷疑,"To be suspicious, to doubt",B,動詞 (Verb / 동사)，如 하다（做）、가다（去）。
2472,인,in,人、名（人數單位）,A person,C,名詞 (Noun / 명사)，如 사람（人）、집（家）。
2473,잇따르다,itttareuda,接連、接二連三,Follow one after another,C,動詞 (Verb / 동사)，如 하다（做）、가다（去）。
2474,자랑하다,jaranghada,炫耀、誇耀、自豪,To be proud,B,動詞 (Verb / 동사)，如 하다（做）、가다（去）。
2475,자판,japan,鍵盤,Keyboard,C,名詞 (Noun / 명사)，如 사람（人）、집（家）。
2476,적용,jeogyong,適用、應用,Application,C,名詞 (Noun / 명사)，如 사람（人）、집（家）。
2477,전기,jeongi,前期、前半期 / 傳記,the former period/term,C,名詞 (Noun / 명사)，如 사람（人）、집（家）。
2478,중반,jungban,中期、中葉、中盤,"At the middle stage (of a game or contest, or otherwise)",C,名詞 (Noun / 명사)，如 사람（人）、집（家）。
2479,지시하다,jisihada,指示、命令,"To direct, instruct",C,動詞 (Verb / 동사)，如 하다（做）、가다（去）。
2480,출발,chulbal,出發,"To start (a journey,trip)",B,名詞 (Noun / 명사)，如 사람（人）、집（家）。
2481,허용하다,heoyonghada,允許、准許、容許,"To permit, approve, grant, allow",B,動詞 (Verb / 동사)，如 하다（做）、가다（去）。
2482,가르침,gareuchim,教導、教誨、指引,Teaching or an instruction,C,名詞 (Noun / 명사)，如 사람（人）、집（家）。
2483,각국,gakguk,各國,Each country,B,名詞 (Noun / 명사)，如 사람（人）、집（家）。
2484,교과서,gyogwaseo,教科書、課本,Textbook,A,名詞 (Noun / 명사)，如 사람（人）、집（家）。
2485,그려지다,geuryeojida,被描繪、浮現（被動）,Draw,B,動詞 (Verb / 동사)，如 하다（做）、가다（去）。
2486,꾸준히,kkujunhi,堅持不懈地、持續地,"Untiringly, ceaselessly",B,副詞 (Adverb / 부사)，如 더（更）、잘（好）。
2487,년도,nyeondo,年度,Year,B,依存名詞 / 量詞 (Dependent Noun / 의존명사)，如 것（東西/事情）、개（個）、명（名）。
2488,다수,dasu,多數、眾多,A great number,B,名詞 (Noun / 명사)，如 사람（人）、집（家）。
2489,덕분,deokbun,多虧、托福,Indebtedness,B,名詞 (Noun / 명사)，如 사람（人）、집（家）。
2490,무리,muri,勉強、過度、不合情理,Be unreasonable,C,名詞 (Noun / 명사)，如 사람（人）、집（家）。
2491,물음,mureum,提問、問題,A question,B,名詞 (Noun / 명사)，如 사람（人）、집（家）。
2492,빌다,bilda,祈求、祈願、乞求,"pray,wish,ask",B,動詞 (Verb / 동사)，如 하다（做）、가다（去）。
2493,수영,suyeong,游泳,Swimming,A,名詞 (Noun / 명사)，如 사람（人）、집（家）。
2494,스님,seunim,和尚、僧人,A priest,B,名詞 (Noun / 명사)，如 사람（人）、집（家）。
2495,썩다,sseokda,腐爛、腐敗,"Go bad, rot",B,動詞 (Verb / 동사)，如 하다（做）、가다（去）。
2496,어머님,eomeonim,母親、令堂（敬稱）,Mother (respectful word),B,名詞 (Noun / 명사)，如 사람（人）、집（家）。
2497,엉뚱하다,eongttunghada,荒唐、離奇、異想天開,"Be extraordinary, extravagant ; to misdirect somebody's attention",B,形容詞 (Adjective / 형용사)，如 크다（大）、좋다（好）。
2498,여보,yeobo,老公/老婆（夫妻親暱稱呼）,Spouse (term of affection),B,名詞 (Noun / 명사)，如 사람（人）、집（家）。0
2499,잊어버리다,ijeobeorida,忘掉、忘記,To forget,A,動詞 (Verb / 동사)，如 하다（做）、가다（去）。
2500,정면,jeongmyeon,正面,"The front, the facade",C,名詞 (Noun / 명사)，如 사람（人）、집（家）。
2501,조각,jogak,雕刻、雕塑,Sculpture,B,名詞 (Noun / 명사)，如 사람（人）、집（家）。
2502,태우다,taeuda,燃燒、燒掉 / 載（人）,"Burn, commit to flames",B,動詞 (Verb / 동사)，如 하다（做）、가다（去）。
2503,해석,haeseok,解釋、解說、註釋,"Interpretation, a comment",B,名詞 (Noun / 명사)，如 사람（人）、집（家）。
2504,가리다,garida,挑選、分辨、認生,Choose or select,B,動詞 (Verb / 동사)，如 하다（做）、가다（去）。
2505,개국,gaeguk,開國、建國,The foundation of a country,C,依存名詞 / 量詞 (Dependent Noun / 의존명사)，如 것（東西/事情）、개（個）、명（名）。
2506,계산하다,gyesanhada,計算、結帳,To calculate,B,動詞 (Verb / 동사)，如 하다（做）、가다（去）。
2507,근원,geunwon,根源、本源,The origin or root or source,C,名詞 (Noun / 명사)，如 사람（人）、집（家）。
2508,기차,gicha,火車、列車,A train,A,名詞 (Noun / 명사)，如 사람（人）、집（家）。
2509,담그다,damgeuda,浸泡、醃製,Soak in water,B,動詞 (Verb / 동사)，如 하다（做）、가다（去）。
2510,마음대로,maeumdaero,隨心所欲、隨意,As you wish,B,副詞 (Adverb / 부사)，如 더（更）、잘（好）。
2511,며느리,myeoneuri,媳婦、兒媳,Daughter-in-law,B,名詞 (Noun / 명사)，如 사람（人）、집（家）。
2512,믿음,mideum,信任、信念、信仰,Belief,B,名詞 (Noun / 명사)，如 사람（人）、집（家）。
2513,발견,balgyeon,發現,Discovery,B,名詞 (Noun / 명사)，如 사람（人）、집（家）。
2514,보고,bogo,報告、匯報,"report,information",B,名詞 (Noun / 명사)，如 사람（人）、집（家）。
2515,부탁하다,butakhada,拜託、請求,Ask sb a favor,B,動詞 (Verb / 동사)，如 하다（做）、가다（去）。
2516,사용자,sayongja,使用者、用戶,"A user,consumer,employer",B,名詞 (Noun / 명사)，如 사람（人）、집（家）。
2517,사회주의,sahoejuui,社會主義,Socialism,C,名詞 (Noun / 명사)，如 사람（人）、집（家）。
2518,설치되다,seolchidoeda,被安裝、被設立（被動）,To be established,C,動詞 (Verb / 동사)，如 하다（做）、가다（去）。
2519,수도권,sudogwon,首都圈、都會區,The Metropolitan area,C,名詞 (Noun / 명사)，如 사람（人）、집（家）。
2520,식탁,siktak,餐桌、飯桌,Dinner table,A,名詞 (Noun / 명사)，如 사람（人）、집（家）。
2521,실패하다,silpaehada,失敗,To fail,B,動詞 (Verb / 동사)，如 하다（做）、가다（去）。
2522,영원하다,yeongwonhada,永遠、永恆,To be eternal,B,形容詞 (Adjective / 형용사)，如 크다（大）、좋다（好）。
2523,우연히,uyeonhi,偶然地、意外地,"accidentally,by chance",B,副詞 (Adverb / 부사)，如 더（更）、잘（好）。
2524,자극,jageuk,刺激,A stimulus,C,名詞 (Noun / 명사)，如 사람（人）、집（家）。
2525,정해지다,jeonghaejida,被確定、定下來（被動）,"To be determined, settled",B,動詞 (Verb / 동사)，如 하다（做）、가다（去）。
2526,짚다,jipda,觸摸、摸索 / 拄（拐杖）,"Feel, examine",C,動詞 (Verb / 동사)，如 하다（做）、가다（去）。
2527,총리,chongri,總理,"General overseeing, presiding over",C,名詞 (Noun / 명사)，如 사람（人）、집（家）。
2528,칭찬,chingchan,表揚、稱讚,"Praide, admiration",B,名詞 (Noun / 명사)，如 사람（人）、집（家）。
2529,튼튼하다,teunteunhada,堅固、結實、健康,"Solid, compact, firm",B,形容詞 (Adjective / 형용사)，如 크다（大）、좋다（好）。
2530,햇빛,haetbit,陽光、日光,"Sunshine, sunlight",B,名詞 (Noun / 명사)，如 사람（人）、집（家）。
2531,공원,gongwon,公園,Park,A,名詞 (Noun / 명사)，如 사람（人）、집（家）。
2532,긍정적,geungjeongjeok,肯定的、積極正面的,Affirmation or admission,B,名詞 (Noun / 명사)，如 사람（人）、집（家）。
2533,논의하다,nonuihada,討論、研討,Discussion,B,動詞 (Verb / 동사)，如 하다（做）、가다（去）。
2534,대출,daechul,貸款、借出,Lending,C,名詞 (Noun / 명사)，如 사람（人）、집（家）。
2535,덕,deok,德、恩德、恩惠,"Virtue, morality",C,名詞 (Noun / 명사)，如 사람（人）、집（家）。
2536,먼지,meonji,灰塵、塵土,Dust,B,名詞 (Noun / 명사)，如 사람（人）、집（家）。
2537,바닷가,badatga,海邊、海岸,The beach,B,名詞 (Noun / 명사)，如 사람（人）、집（家）。
2538,바치다,bachida,獻出、奉獻,"Give, offer",C,動詞 (Verb / 동사)，如 하다（做）、가다（去）。
2539,반하다,banhada,相反、違背 / 著迷,To be contrary to,B,動詞 (Verb / 동사)，如 하다（做）、가다（去）。
2540,발표되다,balpyodoeda,被發表、被公佈（被動）,Be announced,C,動詞 (Verb / 동사)，如 하다（做）、가다（去）。
2541,부정하다,bujeonghada,不定、無常、不規則,"Be uncertain,irregular",C,動詞 (Verb / 동사)，如 하다（做）、가다（去）。
2542,불러일으키다,bulreoireukida,引起、喚起、激發,"rouse,stir up",C,動詞 (Verb / 동사)，如 하다（做）、가다（去）。
2543,사원,sawon,職員、社員 / 寺院,Company employee,B,名詞 (Noun / 명사)，如 사람（人）、집（家）。
2544,소유자,soyuja,擁有者、所有人,Possessor,C,名詞 (Noun / 명사)，如 사람（人）、집（家）。
2545,씹다,ssipda,咀嚼、嚼,To chew,B,動詞 (Verb / 동사)，如 하다（做）、가다（去）。
2546,아무튼,amuteun,總之、無論如何,In any case,B,副詞 (Adverb / 부사)，如 더（更）、잘（好）。
2547,안되다,andoeda,不行、不能,"Must not, should not",A,動詞 (Verb / 동사)，如 하다（做）、가다（去）。
2548,액수,aeksu,金額、數額,"A sum, an amount",C,名詞 (Noun / 명사)，如 사람（人）、집（家）。
2549,왠지,waenji,不知為何、總覺得,"I don’t know why, there is no reason for it",B,副詞 (Adverb / 부사)，如 더（更）、잘（好）。
2550,욕심,yoksim,貪心、慾望,"Greed, selfishness",B,名詞 (Noun / 명사)，如 사람（人）、집（家）。
2551,우승,useung,冠軍、優勝,First place,B,名詞 (Noun / 명사)，如 사람（人）、집（家）。
2552,익다,ikda,熟、成熟 / 熟悉,"Ripe, be ripe",B,動詞 (Verb / 동사)，如 하다（做）、가다（去）。
2553,제출하다,jechulhada,提交、提出,"To submit,tender",B,動詞 (Verb / 동사)，如 하다（做）、가다（去）。
2554,조심스럽다,josimseureopda,謹慎、小心翼翼,Cautious,B,形容詞 (Adjective / 형용사)，如 크다（大）、좋다（好）。
2555,직전,jikjeon,緊接著之前、正前方,Just immediately before,C,名詞 (Noun / 명사)，如 사람（人）、집（家）。
2556,짐작하다,jimjakhada,推測、猜想,"To guess, infer",C,動詞 (Verb / 동사)，如 하다（做）、가다（去）。
2557,택하다,taekhada,選擇、挑選,"Choose, select",C,動詞 (Verb / 동사)，如 하다（做）、가다（去）。
2558,터,teo,場地、地基、處所,"A site, place",C,名詞 (Noun / 명사)，如 사람（人）、집（家）。
2559,피시,pisi,個人電腦、PC,"PC, personal computer",B,名詞 (Noun / 명사)，如 사람（人）、집（家）。
2560,흘러나오다,heulreonaoda,流出、傳出,"Flow out, run, effuse",B,動詞 (Verb / 동사)，如 하다（做）、가다（去）。
2561,가구,gagu,戶、家庭 / 家具,Family,C,名詞 (Noun / 명사)，如 사람（人）、집（家）。
2562,간단히,gandanhi,簡單地、簡約地,Simply speaking,B,副詞 (Adverb / 부사)，如 더（更）、잘（好）。
2563,강물,gangmul,江水、河水,River water,B,名詞 (Noun / 명사)，如 사람（人）、집（家）。
2564,궁극적,gunggeukjeok,終極的、最終的,"Finally or in the end, 마지막으로",C,名詞 (Noun / 명사)，如 사람（人）、집（家）。
2565,극히,geukhi,極其、極端地,Exceedingly or extremely,C,副詞 (Adverb / 부사)，如 더（更）、잘（好）。
2566,기여하다,giyeohada,貢獻、致力,Contribute or add much to,C,動詞 (Verb / 동사)，如 하다（做）、가다（去）。
2567,꼭,kkok,緊緊地 / 一定,Tightly or fast,C,副詞 (Adverb / 부사)，如 더（更）、잘（好）。
2568,날짜,naljja,日期,Date,A,名詞 (Noun / 명사)，如 사람（人）、집（家）。
2569,대륙,daeryuk,大陸,A continent,C,名詞 (Noun / 명사)，如 사람（人）、집（家）。
2570,모니터,moniteo,螢幕、監視器,Monitor,B,名詞 (Noun / 명사)，如 사람（人）、집（家）。
2571,범인,beomin,犯人、罪犯,A criminal,C,名詞 (Noun / 명사)，如 사람（人）、집（家）。
2572,변동,byeondong,變動、波動,"Change, flucutation",C,名詞 (Noun / 명사)，如 사람（人）、집（家）。
2573,불가피하다,bulgapihada,不可避免、無可奈何,"Inevitable, unavoidable",C,形容詞 (Adjective / 형용사)，如 크다（大）、좋다（好）。
2574,삶다,samda,煮、燉、蒸（蛋/肉）,"boil,cook (eggs)",B,動詞 (Verb / 동사)，如 하다（做）、가다（去）。
2575,샌드위치,saendeuwichi,三明治,Sandwich,A,名詞 (Noun / 명사)，如 사람（人）、집（家）。
2576,서류,seoryu,文件、公文,"documents,papers",B,名詞 (Noun / 명사)，如 사람（人）、집（家）。
2577,손해,sonhae,損害、損失,"damage,injury",C,名詞 (Noun / 명사)，如 사람（人）、집（家）。
2578,숨지다,sumjida,斷氣、逝世,Breathe one’s last breath,C,動詞 (Verb / 동사)，如 하다（做）、가다（去）。
2579,아유,ayu,哎呀（感嘆詞）,Good heavens!,C,名詞 (Noun / 명사)，如 사람（人）、집（家）。0
2580,요청,yocheong,請求、要求,"request,demand,claim",B,名詞 (Noun / 명사)，如 사람（人）、집（家）。
2581,운,un,運氣、命運,"Fortune, luck, fate",B,名詞 (Noun / 명사)，如 사람（人）、집（家）。
2582,일상생활,ilsangsaenghwal,日常生活,Everyday (daily) life,B,名詞 (Noun / 명사)，如 사람（人）、집（家）。
2583,자존심,jajonsim,自尊心,Self-confidence,C,名詞 (Noun / 명사)，如 사람（人）、집（家）。
2584,주저앉다,jujeoanda,癱坐、跌坐,"Sit down, plump down",C,動詞 (Verb / 동사)，如 하다（做）、가다（去）。
2585,증권사,jeunggwonsa,證券公司,Securities corporation,C,名詞 (Noun / 명사)，如 사람（人）、집（家）。
2586,진하다,jinhada,濃厚、深濃,"Be dark, deep",B,形容詞 (Adjective / 형용사)，如 크다（大）、좋다（好）。
2587,초원,chowon,草原,"A plain, a prarie",C,名詞 (Noun / 명사)，如 사람（人）、집（家）。
2588,최종,choejong,最終、最後,"last,final,terminal",C,名詞 (Noun / 명사)，如 사람（人）、집（家）。
2589,회복하다,hoebokhada,恢復、康復,"To recover, get better, get well again",B,動詞 (Verb / 동사)，如 하다（做）、가다（去）。
2590,흘러가다,heulreogada,流淌、流逝,"flow,run,drift along",B,動詞 (Verb / 동사)，如 하다（做）、가다（去）。
2591,흥미,heungmi,興趣、興致,"interest,zeal",B,名詞 (Noun / 명사)，如 사람（人）、집（家）。
2592,검사,geomsa,檢察官,A public prosecutor,C,名詞 (Noun / 명사)，如 사람（人）、집（家）。
2593,그쪽,geujjok,那邊、他們,Those people,A,代名詞 (Pronoun / 대명사)，如 나（我）、우리（我們）、그（他）。
2594,꾸다,kkuda,借入（錢/物）,Borrow or loan,B,動詞 (Verb / 동사)，如 하다（做）、가다（去）。
2595,내려다보다,naeryeodaboda,俯視、俯瞰,Overlook,B,動詞 (Verb / 동사)，如 하다（做）、가다（去）。
2596,눈썹,nunsseop,眉毛,The eyebrow,B,名詞 (Noun / 명사)，如 사람（人）、집（家）。
2597,대신하다,daesinhada,代替、取代,"Relieve, replace another",C,動詞 (Verb / 동사)，如 하다（做）、가다（去）。
2598,마디,madi,節、段、節拍、言語片段,"A word, a tune, a song, a paragraph",C,名詞 (Noun / 명사)，如 사람（人）、집（家）。
2599,미처,micheo,尚未、來不及,To that extent,C,副詞 (Adverb / 부사)，如 더（更）、잘（好）。
2600,비닐,binil,塑膠、乙烯基,"a thin sheet of plastic, vinyl",B,名詞 (Noun / 명사)，如 사람（人）、집（家）。
2601,비율,biyul,比率、比例,"ratio,percentage",C,名詞 (Noun / 명사)，如 사람（人）、집（家）。
2602,생물,saengmul,生物,A living thing,C,名詞 (Noun / 명사)，如 사람（人）、집（家）。
2603,소음,soeum,噪音、雜音,"A noise,cacaphony",C,名詞 (Noun / 명사)，如 사람（人）、집（家）。
2604,양국,yangguk,兩國、雙方國家,Both countries,C,名詞 (Noun / 명사)，如 사람（人）、집（家）。
2605,얼핏,eolpit,隱約、乍看、一閃,at a momentary glance or intermittently appearing (e.g. catch a fleeting glimpse of),C,副詞 (Adverb / 부사)，如 더（更）、잘（好）。
2606,오래되다,oraedoeda,久遠、年代久遠,To last for a long time,B,動詞 (Verb / 동사)，如 하다（做）、가다（去）。
2607,웬,wen,什麼樣的、哪來的,"What sort of, what kind of",C,冠形詞 (Determiner / 관형사)，如 한（一個）、어떤（某種）。
2608,조각,jogak,碎片、零碎、薄片,"A piece,scrap,fragment",C,名詞 (Noun / 명사)，如 사람（人）、집（家）。
2609,중부,jungbu,中部,"The center, middle part",C,名詞 (Noun / 명사)，如 사람（人）、집（家）。
2610,차,cha,茶、茶水,Tea,A,名詞 (Noun / 명사)，如 사람（人）、집（家）。
2611,채소,chaeso,蔬菜,"vegetables,greens",B,名詞 (Noun / 명사)，如 사람（人）、집（家）。
2612,침,chim,口水、唾液 / 針,Spit,C,名詞 (Noun / 명사)，如 사람（人）、집（家）。
2613,털,teol,毛、毛髮、羽毛,"Hair; fur, feathers",B,名詞 (Noun / 명사)，如 사람（人）、집（家）。
2614,판매하다,panmaehada,銷售、販賣,To sell,B,動詞 (Verb / 동사)，如 하다（做）、가다（去）。
2615,항의,hangui,抗議,A protest,C,名詞 (Noun / 명사)，如 사람（人）、집（家）。
2616,해당,haedang,該當、符合、相應,Come/fall under the purview of,C,名詞 (Noun / 명사)，如 사람（人）、집（家）。
2617,확보,hwakbo,確保、掌握,"security,insurance",C,名詞 (Noun / 명사)，如 사람（人）、집（家）。
2618,환경오염,hwangyeongoyeom,環境污染,Environmental pollution,C,名詞 (Noun / 명사)，如 사람（人）、집（家）。
2619,가치관,gachigwan,價值觀,"one’s values or sense of values, a value system",C,名詞 (Noun / 명사)，如 사람（人）、집（家）。
2620,검은색,geomeunsaek,黑色,Black or dark,A,名詞 (Noun / 명사)，如 사람（人）、집（家）。
2621,고생하다,gosaenghada,吃苦、受苦、辛勞,"To suffer or to have trials ; to do something you don't want to do, 하고 싶자 않은 것",B,動詞 (Verb / 동사)，如 하다（做）、가다（去）。
2622,기원전,giwonjeon,公元前、西元前,B.C.,C,名詞 (Noun / 명사)，如 사람（人）、집（家）。
2623,기타,gita,其他、其餘 / 吉他,The others or the rest,C,名詞 (Noun / 명사)，如 사람（人）、집（家）。
2624,긴급,gingeup,緊急,Emergency,C,名詞 (Noun / 명사)，如 사람（人）、집（家）。
2625,꺾다,kkeokda,折斷、轉折、挫敗,Break off or snap off,C,動詞 (Verb / 동사)，如 하다（做）、가다（去）。
2626,꿈꾸다,kkumkkuda,做夢、夢想,To dream,B,動詞 (Verb / 동사)，如 하다（做）、가다（去）。
2627,무려,muryeo,高達、竟然有、多達,"As many as, no less than",C,副詞 (Adverb / 부사)，如 더（更）、잘（好）。
2628,묻히다,muthida,被埋、被掩蓋 / 沾上（被動）,Get buried,C,動詞 (Verb / 동사)，如 하다（做）、가다（去）。
2629,수표,supyo,支票,A check,B,名詞 (Noun / 명사)，如 사람（人）、집（家）。
2630,실태,siltae,實態、實際情況,"The actual conditions,reality",C,名詞 (Noun / 명사)，如 사람（人）、집（家）。
2631,아쉽다,aswipda,惋惜、可惜、捨不得,"To miss, feel the loss of",C,形容詞 (Adjective / 형용사)，如 크다（大）、좋다（好）。
2632,애정,aejeong,愛情、熱愛、喜愛,"Love for a person, affection",C,名詞 (Noun / 명사)，如 사람（人）、집（家）。
2633,얘,yae,這孩子、餵（稱呼晚輩）,"Sonny, you there",B,不變化詞 / 獨立詞 / 未分類詞），用來標記如 그래도（即使那樣/仍然）、걔（那孩子）、그래（是的/那樣） 等
2634,어머,eomeo,哎呀、天哪,Oh my god!,B,名詞 (Noun / 명사)，如 사람（人）、집（家）。0
2635,여보세요,yeoboseyo,餵（電話問候）,Telephone HELLO,A,名詞 (Noun / 명사)，如 사람（人）、집（家）。0
2636,일정,iljeong,日程、固定,"To be fixed, settled, regular",B,名詞 (Noun / 명사)，如 사람（人）、집（家）。
2637,장르,jangreu,類型、體裁,Genre,C,名詞 (Noun / 명사)，如 사람（人）、집（家）。
2638,저렇다,jeoreota,那樣、像那樣,Such a thing as that,B,形容詞 (Adjective / 형용사)，如 크다（大）、좋다（好）。
2639,접하다,jeophada,挨著、鄰接 / 接觸,"adjoin,be adjacent to",C,動詞 (Verb / 동사)，如 하다（做）、가다（去）。
2640,정성,jeongseong,精誠、誠心、心意,"True heart,devotion",C,名詞 (Noun / 명사)，如 사람（人）、집（家）。
2641,제약,jeyak,制約、限制,"A condition,restriction",C,名詞 (Noun / 명사)，如 사람（人）、집（家）。
2642,쫓다,jjotda,驅趕、追逐、驅逐,"Drive away, chase off",C,動詞 (Verb / 동사)，如 하다（做）、가다（去）。
2643,추가,chuga,追加、添加,An addition,C,名詞 (Noun / 명사)，如 사람（人）、집（家）。
2644,테이프,teipeu,膠帶、錄音帶,Tape,B,名詞 (Noun / 명사)，如 사람（人）、집（家）。
2645,품,pum,衣服胸圍 / 懷抱、胸口,"Width; bosom, breast (the clothes have a big ~)",C,名詞 (Noun / 명사)，如 사람（人）、집（家）。
2646,해석,haeseok,分析、解析,"Analysis, analytical research",C,名詞 (Noun / 명사)，如 사람（人）、집（家）。
2647,확인되다,hwagindoeda,被確認、核實（被動）,To be confirmed,C,動詞 (Verb / 동사)，如 하다（做）、가다（去）。
2648,가하다,gahada,加以、施加,To add,C,動詞 (Verb / 동사)，如 하다（做）、가다（去）。
2649,간장,ganjang,醬油 / 肝腸,Soy sauce,B,名詞 (Noun / 명사)，如 사람（人）、집（家）。
2650,강의,gangui,講課、講座、課程,A lecture or discourse,C,名詞 (Noun / 명사)，如 사람（人）、집（家）。
2651,거,geo,那件事、那個（것的口語）,That thing,A,代名詞 (Pronoun / 대명사)，如 나（我）、우리（我們）、그（他）。
2652,고민하다,gominhada,苦惱、焦慮,Be in anguish or worried,B,動詞 (Verb / 동사)，如 하다（做）、가다（去）。
2653,과,gwa,科、系、部門,1) A course or branch of study 2) a department or a faculty,C,名詞 (Noun / 명사)，如 사람（人）、집（家）。
2654,교환,gyohwan,交換、交流,An exchange,B,名詞 (Noun / 명사)，如 사람（人）、집（家）。
2655,국어,gugeo,國語、韓語,1) The national language or 2) Korean,B,名詞 (Noun / 명사)，如 사람（人）、집（家）。
2656,노랗다,norata,黃色、發黃,Be yellow,B,形容詞 (Adjective / 형용사)，如 크다（大）、좋다（好）。
2657,다치다,dachida,受傷、碰傷,To hurt,B,動詞 (Verb / 동사)，如 하다（做）、가다（去）。
2658,상,sang,上、上等 / 獎,Upper,C,名詞 (Noun / 명사)，如 사람（人）、집（家）。
2659,새,sae,之間、間隔、空隙,An interval,C,名詞 (Noun / 명사)，如 사람（人）、집（家）。
2660,악기,akgi,樂器,Musical instrument,B,名詞 (Noun / 명사)，如 사람（人）、집（家）。
2661,연말,yeonmal,年底、歲末,"The end, close of the year",B,名詞 (Noun / 명사)，如 사람（人）、집（家）。
2662,올려놓다,olryeonota,放在上面、擱置,Put a thing on a place,B,動詞 (Verb / 동사)，如 하다（做）、가다（去）。
2663,외면하다,oemyeonhada,轉移視線、迴避 / 外貌,Outward appearance,C,動詞 (Verb / 동사)，如 하다（做）、가다（去）。
2664,원고,wongo,原稿、稿件 / 原告,A manuscript,C,名詞 (Noun / 명사)，如 사람（人）、집（家）。
2665,줄곧,julgot,一直、始終,"All the time, all through, repeatedly, constantly",C,副詞 (Adverb / 부사)，如 더（更）、잘（好）。
2666,지출,jichul,支出、開銷,"Expenses, expenditure",C,名詞 (Noun / 명사)，如 사람（人）、집（家）。
2667,차,cha,差距、差額、差別,"difference,margin",C,名詞 (Noun / 명사)，如 사람（人）、집（家）。
2668,치우다,chiuda,收拾、移開、整理,"Straighten up, tidy, remove",B,動詞 (Verb / 동사)，如 하다（做）、가다（去）。
2669,피로,piro,疲勞、疲倦,"Fatigue, exhaustion",B,名詞 (Noun / 명사)，如 사람（人）、집（家）。
2670,향,hyang,香、香氣、芬芳,"perfume,incense",C,名詞 (Noun / 명사)，如 사람（人）、집（家）。
2671,개선하다,gaeseonhada,改善、改進,To renovate or to improve,C,動詞 (Verb / 동사)，如 하다（做）、가다（去）。
2672,계좌,gyejwa,帳戶、帳號,Account,C,名詞 (Noun / 명사)，如 사람（人）、집（家）。
2673,당기다,danggida,拉、拽 / 引起食慾,Pull,B,動詞 (Verb / 동사)，如 하다（做）、가다（去）。
2674,들다,deulda,拿、持 / 進入 / 費用,"Means continuing the main verb’s action ; to enter/go into ; to hold, to carry",B,補助用言 (Auxiliary / 補助用言 (Auxiliary / 보조용언)，如 ～버리다、～싶다。조용언)，如 ～버리다、～싶다。
2675,말기,malgi,末期、晚期,"The end, final period",C,名詞 (Noun / 명사)，如 사람（人）、집（家）。
2676,말없이,mareopsi,默默地、無言地,At a loss for words,C,副詞 (Adverb / 부사)，如 더（更）、잘（好）。
2677,망하다,manghada,敗亡、滅亡、完蛋,Go to ruin,C,動詞 (Verb / 동사)，如 하다（做）、가다（去）。
2678,문서,munseo,文件、公文、文書,A document,C,名詞 (Noun / 명사)，如 사람（人）、집（家）。
2679,박수,baksu,鼓掌、拍手,Applause,B,名詞 (Noun / 명사)，如 사람（人）、집（家）。
2680,부자,buja,富翁、富人 / 父子,A rich person,B,名詞 (Noun / 명사)，如 사람（人）、집（家）。
2681,사흘,saheul,三天,Three days,C,名詞 (Noun / 명사)，如 사람（人）、집（家）。
2682,서쪽,seojjok,西方、西面,The west,A,名詞 (Noun / 명사)，如 사람（人）、집（家）。
2683,성립되다,seongripdoeda,成立、達成（被動）,"To be concluded, formed",C,動詞 (Verb / 동사)，如 하다（做）、가다（去）。
2684,손자,sonja,孫子,Grandson,B,名詞 (Noun / 명사)，如 사람（人）、집（家）。
2685,신랑,sinrang,新郎,A bridegroom,B,名詞 (Noun / 명사)，如 사람（人）、집（家）。
2686,실습,silseup,實習、實踐練習,"Actual training,practice",C,名詞 (Noun / 명사)，如 사람（人）、집（家）。
2687,일찍이,iljjigi,早早地、早先、很早就,Early,C,副詞 (Adverb / 부사)，如 더（更）、잘（好）。
2688,자율,jayul,自律、自主,"self-control,autonomy",C,名詞 (Noun / 명사)，如 사람（人）、집（家）。
2689,제법,jebeop,相當、頗為、蠻,"quite,fairly,considerably",B,副詞 (Adverb / 부사)，如 더（更）、잘（好）。
2690,집중되다,jipjungdoeda,集中、匯聚（被動）,To concentrate,C,動詞 (Verb / 동사)，如 하다（做）、가다（去）。
2691,창조적,changjojeok,創造性的、創新的,Creatively,C,名詞 (Noun / 명사)，如 사람（人）、집（家）。
2692,천장,cheonjang,天花板、頂棚,The ceiling,C,名詞 (Noun / 명사)，如 사람（人）、집（家）。
2693,파다,pada,挖、掘,To dig,C,動詞 (Verb / 동사)，如 하다（做）、가다（去）。
2694,하긴,hagin,事實上、說的也是、確實,"Indeed, though, nevertheless",C,副詞 (Adverb / 부사)，如 더（更）、잘（好）。
2695,해결되다,haegyeoldoeda,獲得解決、迎刃而解（被動）,"To be settled, resolved",C,動詞 (Verb / 동사)，如 하다（做）、가다（去）。
2696,향상,hyangsang,提高、提升、向上,"Improve; elevation,rise",C,名詞 (Noun / 명사)，如 사람（人）、집（家）。
2697,화가,hwaga,畫家,"A painter, a drawer artist",B,名詞 (Noun / 명사)，如 사람（人）、집（家）。
2698,가라앉다,garaanda,下沉、沉靜、平息,"To sink (calm,settle,subside)",C,名詞 (Noun / 명사)，如 사람（人）、집（家）。
2699,감싸다,gamssada,包裹 / 袒護、包庇,1) wrap up or tuck in 2) to protect or defend,C,動詞 (Verb / 동사)，如 하다（做）、가다（去）。
2700,고작,gojak,頂多、充其量、僅僅,To be at the highest or the best,C,副詞 (Adverb / 부사)，如 더（更）、잘（好）。
2701,구경하다,gugyeonghada,參觀、觀看、看熱鬧,To watch or enjoy watching,B,動詞 (Verb / 동사)，如 하다（做）、가다（去）。
2702,국물,gungmul,湯汁、菜湯,soup or broth or gravy,B,名詞 (Noun / 명사)，如 사람（人）、집（家）。
2703,기구,gigu,器具、器械,A utensil or tool,C,名詞 (Noun / 명사)，如 사람（人）、집（家）。
2704,깔다,kkalda,鋪（床/路）、鋪設,"to pave (a road), lay down a floor, spread a blanket etc.",C,動詞 (Verb / 동사)，如 하다（做）、가다（去）。
2705,다짐하다,dajimhada,下決心、保證、下定志向,"Pledge, vow, swear",C,動詞 (Verb / 동사)，如 하다（做）、가다（去）。
2706,대합실,daehapsil,等候室、候車室,A waiting room,C,名詞 (Noun / 명사)，如 사람（人）、집（家）。
2707,말씀드리다,malsseumdeurida,向...稟告、說（敬語）,Speak (honor.),B,動詞 (Verb / 동사)，如 하다（做）、가다（去）。
2708,매장,maejang,賣場、專賣店 / 埋葬,"A store, shop",C,名詞 (Noun / 명사)，如 사람（人）、집（家）。
2709,멀어지다,meoreojida,疏遠、變遠,Become distant to,B,動詞 (Verb / 동사)，如 하다（做）、가다（去）。
2710,명칭,myeongching,名稱、稱謂,"A name,title",C,名詞 (Noun / 명사)，如 사람（人）、집（家）。
2711,불쌍하다,bulssanghada,可憐,To be deplorable,B,形容詞 (Adjective / 형용사)，如 크다（大）、좋다（好）。
2712,상업,sangeop,商業,"commerce,trade",C,名詞 (Noun / 명사)，如 사람（人）、집（家）。
2713,생산되다,saengsandoeda,被生產、製造（被動）,To be produced,C,動詞 (Verb / 동사)，如 하다（做）、가다（去）。
2714,숨기다,sumgida,隱藏、藏匿,To hide,C,動詞 (Verb / 동사)，如 하다（做）、가다（去）。
2715,실력,silryeok,實力、才能,"one’s real ability,talent",B,名詞 (Noun / 명사)，如 사람（人）、집（家）。
2716,야채,yachae,蔬菜,Vegetables,B,名詞 (Noun / 명사)，如 사람（人）、집（家）。
2717,엉덩이,eongdeongi,屁股、臀部,The buttocks,C,名詞 (Noun / 명사)，如 사람（人）、집（家）。
2718,울음,ureum,哭聲、哭泣,"crying,weeping",B,名詞 (Noun / 명사)，如 사람（人）、집（家）。
2719,이달,idal,本月、這個月,This month,C,名詞 (Noun / 명사)，如 사람（人）、집（家）。
2720,인체,inche,人體,The human body,C,名詞 (Noun / 명사)，如 사람（人）、집（家）。
2721,저고리,jeogori,上衣、短襖（韓服）,"A coat, korean jacket",C,名詞 (Noun / 명사)，如 사람（人）、집（家）。
2722,전부,jeonbu,全部、全體,"All, everything",B,名詞 (Noun / 명사)，如 사람（人）、집（家）。
2723,즐거움,jeulgeoum,快樂、樂趣,"pleasure,merriment",B,名詞 (Noun / 명사)，如 사람（人）、집（家）。
2724,지다,jida,輸、失敗（在比賽/戰爭中）,"To lose (at war, a game)",B,動詞 (Verb / 동사)，如 하다（做）、가다（去）。
2725,진단,jindan,診斷,Diagnosis,C,名詞 (Noun / 명사)，如 사람（人）、집（家）。
2726,질병,jilbyeong,疾病,"A disease, sickness",C,名詞 (Noun / 명사)，如 사람（人）、집（家）。
2727,짜다,jjada,編織、組織、構思 / 鹹,"Form, organize",C,動詞 (Verb / 동사)，如 하다（做）、가다（去）。
2728,체력,cheryeok,體力,Physical strength,C,名詞 (Noun / 명사)，如 사람（人）、집（家）。
2729,친하다,chinhada,親近、要好,"To be intimate, familiar, close, friendly",B,形容詞 (Adjective / 형용사)，如 크다（大）、좋다（好）。
2730,헤아리다,hearida,體諒、揣摩、清點,"Consider, weigh, ponder, consider",C,動詞 (Verb / 동사)，如 하다（做）、가다（去）。
2731,각기,gakgi,各自、各個,Each or severally or respectively,C,副詞 (Adverb / 부사)，如 더（更）、잘（好）。
2732,경찰서,gyeongchalseo,警察局、派出所,A police station,A,名詞 (Noun / 명사)，如 사람（人）、집（家）。
2733,곧바로,gotbaro,徑直、立刻,At once or straight away,B,副詞 (Adverb / 부사)，如 더（更）、잘（好）。
2734,관찰,gwanchal,觀察,Observation or survey,C,名詞 (Noun / 명사)，如 사람（人）、집（家）。
2735,구두,gudu,皮鞋,Shoes or boots,A,名詞 (Noun / 명사)，如 사람（人）、집（家）。
2736,군사,gunsa,軍士、士兵,A soldier or a private,C,名詞 (Noun / 명사)，如 사람（人）、집（家）。
2737,귀신,gwisin,鬼、鬼神,A ghost,C,名詞 (Noun / 명사)，如 사람（人）、집（家）。
2738,귀하다,gwihada,珍貴、寶貴、尊貴,1) noble or high 2) dear 3) lovable or precious,C,形容詞 (Adjective / 형용사)，如 크다（大）、좋다（好）。
2739,그토록,geutorok,那麼、那樣、如此地,So much or to such an extent,C,副詞 (Adverb / 부사)，如 더（更）、잘（好）。
2740,기초하다,gichohada,基於、奠基於,Make the basis for,C,動詞 (Verb / 동사)，如 하다（做）、가다（去）。
2741,깊이,gipi,深度、深處,Depth,B,名詞 (Noun / 명사)，如 사람（人）、집（家）。
2742,나뭇가지,namutgaji,樹枝,A tree branch,B,名詞 (Noun / 명사)，如 사람（人）、집（家）。
2743,낫다,natda,痊癒、好轉,to get better (from an illness),B,動詞 (Verb / 동사)，如 하다（做）、가다（去）。
2744,답하다,daphada,回答、答覆,"Answer, reply",B,動詞 (Verb / 동사)，如 하다（做）、가다（去）。
2745,대가,daega,代價、報酬 / 大家,"A price, cost, charge, consideration, purchase money, value",C,名詞 (Noun / 명사)，如 사람（人）、집（家）。
2746,더위,deowi,炎熱、暑氣,The heat,B,名詞 (Noun / 명사)，如 사람（人）、집（家）。
2747,말리다,malrida,曬乾、弄乾 / 勸阻,Dry sth,C,動詞 (Verb / 동사)，如 하다（做）、가다（去）。
2748,무덤,mudeom,墳墓、墳塚,"A grave,tomb",C,名詞 (Noun / 명사)，如 사람（人）、집（家）。
2749,물결,mulgyeol,水波、波浪,A wave,C,名詞 (Noun / 명사)，如 사람（人）、집（家）。
2750,밥상,bapsang,飯桌、餐桌,Dinner table,C,名詞 (Noun / 명사)，如 사람（人）、집（家）。
2751,보장하다,bojanghada,保障、保證,"To secure,guarantee",C,動詞 (Verb / 동사)，如 하다（做）、가다（去）。
2752,사과,sagwa,蘋果 / 道歉,An apple,A,名詞 (Noun / 명사)，如 사람（人）、집（家）。
2753,사귀다,sagwida,結交、交往,Make friends with,C,動詞 (Verb / 동사)，如 하다（做）、가다（去）。
2754,서너,seoneo,三四個、三四（冠形詞）,"About three, three or four",B,冠形詞 (Determiner / 관형사)，如 한（一個）、어떤（某種）。
2755,솟다,sotda,湧出、高聳、冒出,"rise,soar,tower above",C,動詞 (Verb / 동사)，如 하다（做）、가다（去）。
2756,실패,silpae,失敗,Failure,B,名詞 (Noun / 명사)，如 사람（人）、집（家）。
2757,예상하다,yesanghada,預想、預估,"To expect, anticipate",C,動詞 (Verb / 동사)，如 하다（做）、가다（去）。
2758,예외,yeoe,例外,An exception,C,名詞 (Noun / 명사)，如 사람（人）、집（家）。
2759,완전,wanjeon,完全、完美,"Perfection, completeness",C,名詞 (Noun / 명사)，如 사람（人）、집（家）。
2760,웃기다,utgida,好笑、逗笑,To be funny,B,動詞 (Verb / 동사)，如 하다（做）、가다（去）。
2761,유리,yuri,玻璃,A glass pane,B,名詞 (Noun / 명사)，如 사람（人）、집（家）。
2762,절대적,jeoldaejeok,絕對的,"absolute,unconditional",C,名詞 (Noun / 명사)，如 사람（人）、집（家）。
2763,제작하다,jejakhada,製作、製造,"To produce,manufacture",C,動詞 (Verb / 동사)，如 하다（做）、가다（去）。
2764,쥐,jwi,老鼠,Mouse,B,名詞 (Noun / 명사)，如 사람（人）、집（家）。
2765,최대한,choedaehan,最大限度、最大限,"At the most, at the maximum",C,名詞 (Noun / 명사)，如 사람（人）、집（家）。
2766,턱,teok,下巴 / 緣故,The chin,B,名詞 (Noun / 명사)，如 사람（人）、집（家）。
2767,팔리다,palrida,賣出、暢銷（被動）,"To be in demand, to be sold",B,動詞 (Verb / 동사)，如 하다（做）、가다（去）。
2768,품다,pumda,懷抱、抱有、孵,"To hold, embrace",C,動詞 (Verb / 동사)，如 하다（做）、가다（去）。
2769,하하,haha,哈哈（笑聲）,Ha ha ha ha ha,B,副詞 (Adverb / 부사)，如 더（更）、잘（好）。
2770,형부,hyeongbu,姐夫（女稱姐夫）,A husband of a girl’s older sister,B,名詞 (Noun / 명사)，如 사람（人）、집（家）。
2771,휴식,hyusik,休息,"Rest, take a rest",C,名詞 (Noun / 명사)，如 사람（人）、집（家）。
2772,굳다,gutda,堅硬、變硬、堅定,Harden or become hard,C,形容詞 (Adjective / 형용사)，如 크다（大）、좋다（好）。
2773,굳어지다,gudeojida,變硬、固化、確定,Become hard,C,動詞 (Verb / 동사)，如 하다（做）、가다（去）。
2774,굶다,gumda,挨餓、餓肚子,To starve or go hungry,C,動詞 (Verb / 동사)，如 하다（做）、가다（去）。
2775,금년,geumnyeon,今年,This year,B,名詞 (Noun / 명사)，如 사람（人）、집（家）。
2776,기기,gigi,機器、設備、儀器,Machinery and tools,C,名詞 (Noun / 명사)，如 사람（人）、집（家）。
2777,까맣다,kkamata,烏黑、漆黑,Black,B,形容詞 (Adjective / 형용사)，如 크다（大）、좋다（好）。
2778,나침반,nachimban,指南針、羅盤,A compass,C,名詞 (Noun / 명사)，如 사람（人）、집（家）。
2779,농부,nongbu,農民、農夫,A farmer,C,名詞 (Noun / 명사)，如 사람（人）、집（家）。
2780,대학원,daehagwon,研究所、研究生院,Graduate school,B,名詞 (Noun / 명사)，如 사람（人）、집（家）。
2781,더럽다,deoreopda,骯髒、卑劣,"Foul, dirty",B,形容詞 (Adjective / 형용사)，如 크다（大）、좋다（好）。
2782,도달하다,dodalhada,到達、達到,Arrival,C,動詞 (Verb / 동사)，如 하다（做）、가다（去）。
2783,맛보다,matboda,品嚐、嚐到,Taste,C,動詞 (Verb / 동사)，如 하다（做）、가다（去）。
2784,무늬,munui,花紋、圖案,Pattern,B,名詞 (Noun / 명사)，如 사람（人）、집（家）。
2785,문장,munjang,文章、句子,"writing,composition",B,名詞 (Noun / 명사)，如 사람（人）、집（家）。
2786,묻다,mutda,埋、掩埋、埋藏,to Bury,C,動詞 (Verb / 동사)，如 하다（做）、가다（去）。
2787,변호사,byeonhosa,律師,Lawyer,B,名詞 (Noun / 명사)，如 사람（人）、집（家）。
2788,상,sang,塑像、圖像、雕像,"A statue,a figure",C,名詞 (Noun / 명사)，如 사람（人）、집（家）。
2789,상상력,sangsangryeok,想像力,Imaginative powers,C,名詞 (Noun / 명사)，如 사람（人）、집（家）。
2790,여학생,yeohaksaeng,女學生,Female student,A,名詞 (Noun / 명사)，如 사람（人）、집（家）。
2791,영업,yeongeop,營業、經商,"business, doing business",C,名詞 (Noun / 명사)，如 사람（人）、집（家）。
2792,예,ye,昔日、從前,"Old days, days gone by",C,名詞 (Noun / 명사)，如 사람（人）、집（家）。
2793,예방,yebang,預防,"Prevention, protection",C,名詞 (Noun / 명사)，如 사람（人）、집（家）。
2794,완성,wanseong,完成,"completion,accomplishment",C,名詞 (Noun / 명사)，如 사람（人）、집（家）。
2795,유리하다,yurihada,有利,"To be profitable, favorable",C,形容詞 (Adjective / 형용사)，如 크다（大）、좋다（好）。
2796,자연환경,jayeonhwangyeong,自然環境,Natural surroundings,C,名詞 (Noun / 명사)，如 사람（人）、집（家）。
2797,증명하다,jeungmyeonghada,證明,"To prove,show,bear",C,動詞 (Verb / 동사)，如 하다（做）、가다（去）。
2798,지적되다,jijeokdoeda,被指出、被指明（被動）,To be pointed out to,C,動詞 (Verb / 동사)，如 하다（做）、가다（去）。
2799,지점,jijeom,地點、分店、據點,"A spot, point",B,名詞 (Noun / 명사)，如 사람（人）、집（家）。
2800,철저히,cheoljeohi,徹底地,Thoroughly,C,副詞 (Adverb / 부사)，如 더（更）、잘（好）。
2801,코스,koseu,路線、球場、課程,Course,C,名詞 (Noun / 명사)，如 사람（人）、집（家）。
2802,학부모,hakbumo,學生家長,Mothers of the students,C,名詞 (Noun / 명사)，如 사람（人）、집（家）。
2803,합리적,haprijeok,合理的,"Rational, reasonable",C,名詞 (Noun / 명사)，如 사람（人）、집（家）。
2804,해석하다,haeseokhada,解釋、解析,"To intrepret, construe",C,動詞 (Verb / 동사)，如 하다（做）、가다（去）。
2805,힘쓰다,himsseuda,努力、竭力、用力,To try really hard,C,動詞 (Verb / 동사)，如 하다（做）、가다（去）。
2806,거듭,geodeup,一再、再三、反覆,Again or over and over,C,副詞 (Adverb / 부사)，如 더（更）、잘（好）。
2807,귀국하다,gwigukhada,回國、歸國,To return to one’s home country,B,動詞 (Verb / 동사)，如 하다（做）、가다（去）。
2808,기뻐하다,gippeohada,高興、喜悅,Be pleased or delighted with,B,動詞 (Verb / 동사)，如 하다（做）、가다（去）。
2809,날리다,nalrida,使飛起、放飛 / 揮霍,To send flying,C,動詞 (Verb / 동사)，如 하다（做）、가다（去）。
2810,내려놓다,naeryeonota,放下、擱下,Set or put down,B,動詞 (Verb / 동사)，如 하다（做）、가다（去）。
2811,냉장고,naengjanggo,冰箱、冷凍庫,Freezer,A,名詞 (Noun / 명사)，如 사람（人）、집（家）。
2812,당근,danggeun,胡蘿蔔 / 當然,A carrot,B,名詞 (Noun / 명사)，如 사람（人）、집（家）。
2813,덜다,deolda,減少、減輕、分出,"Save, lighten",C,動詞 (Verb / 동사)，如 하다（做）、가다（去）。
2814,마누라,manura,老婆、老伴,one’s wife,C,名詞 (Noun / 명사)，如 사람（人）、집（家）。
2815,맞이하다,majihada,迎接、迎來,Go to greet,C,動詞 (Verb / 동사)，如 하다（做）、가다（去）。
2816,불행하다,bulhaenghada,不幸、倒楣、坎坷,"Unfortunate, unlucky (opp. 다행하다)",B,形容詞 (Adjective / 형용사)，如 크다（大）、좋다（好）。
2817,신고하다,singohada,申報、報案,"To state, declare",C,動詞 (Verb / 동사)，如 하다（做）、가다（去）。
2818,연속,yeonsok,連續,"continuity,succession",C,名詞 (Noun / 명사)，如 사람（人）、집（家）。
2819,외롭다,oeropda,孤單、寂寞,"To be lonely, lonesome",B,形容詞 (Adjective / 형용사)，如 크다（大）、좋다（好）。
2820,욕,yok,辱罵、髒話 / 恥辱,An insult,C,名詞 (Noun / 명사)，如 사람（人）、집（家）。
2821,원장,wonjang,院長（補習班/幼兒園/醫院）,The chief/head (of a 학원),C,名詞 (Noun / 명사)，如 사람（人）、집（家）。
2822,유물,yumul,遺物、文化遺產,"A relic, cultural remains",C,名詞 (Noun / 명사)，如 사람（人）、집（家）。
2823,저절로,jeojeolro,自然而然地、自動地,"Of itself, on its own accord",C,副詞 (Adverb / 부사)，如 더（更）、잘（好）。
2824,절,jeol,行禮、鞠躬、拜年,Bow in salutation,B,名詞 (Noun / 명사)，如 사람（人）、집（家）。
2825,정비,jeongbi,整備、整頓、保養維修,maintaining equipment in good working order,C,名詞 (Noun / 명사)，如 사람（人）、집（家）。
2826,주의,juui,注意、留心 / 主義,"attention,notice",C,名詞 (Noun / 명사)，如 사람（人）、집（家）。
2827,지난번,jinanbeon,上次、上回,Last time,B,名詞 (Noun / 명사)，如 사람（人）、집（家）。
2828,집어넣다,jibeoneota,放進、塞進,Put in,C,動詞 (Verb / 동사)，如 하다（做）、가다（去）。
2829,통계,tonggye,統計,Statistics,C,名詞 (Noun / 명사)，如 사람（人）、집（家）。
2830,파일,pail,檔案、文件夾,File,B,名詞 (Noun / 명사)，如 사람（人）、집（家）。
2831,판,pan,局、盤、場（比賽單位）,"A match, game, contest",C,依存名詞 / 量詞 (Dependent Noun / 의존명사)，如 것（東西/事情）、개（個）、명（名）。
2832,피해자,pihaeja,受害者、受害人,"A sufferer, the injured party",C,名詞 (Noun / 명사)，如 사람（人）、집（家）。
2833,필수적,pilsujeok,必須的、必不可少的,"necessary,indispensable",C,名詞 (Noun / 명사)，如 사람（人）、집（家）。
2834,학용품,hagyongpum,學生文具、學習用品,"School things, supplies",C,名詞 (Noun / 명사)，如 사람（人）、집（家）。
2835,화분,hwabun,花盆,Flower pot,B,名詞 (Noun / 명사)，如 사람（人）、집（家）。
2836,환하다,hwanhada,明亮、豁亮、燦爛,"To be clear, unobstructed ; to be light, bright (opp. 어둡다)",C,形容詞 (Adjective / 형용사)，如 크다（大）、좋다（好）。
2837,갈색,galsaek,褐色、棕色,Brown,B,名詞 (Noun / 명사)，如 사람（人）、집（家）。
2838,감기,gamgi,感冒,A cold,A,名詞 (Noun / 명사)，如 사람（人）、집（家）。
2839,강남,gangnam,江南（漢江以南）,South of a river,C,名詞 (Noun / 명사)，如 사람（人）、집（家）。
2840,구속되다,gusokdoeda,被拘留、拘捕（被動）,To be arrested,C,動詞 (Verb / 동사)，如 하다（做）、가다（去）。
2841,멋지다,meotjida,帥氣、精彩、極棒,Be splendid,C,形容詞 (Adjective / 형용사)，如 크다（大）、좋다（好）。
2842,반발,banbal,反彈、抗拒、強烈反對,"Repulsion, a backlash",C,名詞 (Noun / 명사)，如 사람（人）、집（家）。
2843,반찬,banchan,小菜、配菜,Sie dishes,B,名詞 (Noun / 명사)，如 사람（人）、집（家）。
2844,방지,bangji,防止、預防,"Prevention, check",C,名詞 (Noun / 명사)，如 사람（人）、집（家）。
2845,배다,baeda,滲透、滲入、習慣成自然,Soak into,C,動詞 (Verb / 동사)，如 하다（做）、가다（去）。
2846,보장,bojang,保障、保證,"guarantee,security",C,名詞 (Noun / 명사)，如 사람（人）、집（家）。
2847,빠져나오다,ppajyeonaoda,擺脫、逃出、走出來,Come out of somewhere,C,動詞 (Verb / 동사)，如 하다（做）、가다（去）。
2848,새다,saeda,漏、滲漏、破曉,"leak,escape from",C,動詞 (Verb / 동사)，如 하다（做）、가다（去）。
2849,소개되다,sogaedoeda,被介紹（被動）,"To be introduced,presented",B,動詞 (Verb / 동사)，如 하다（做）、가다（去）。
2850,씨,ssi,種子、種,Seeds (sow),B,名詞 (Noun / 명사)，如 사람（人）、집（家）。
2851,안쪽,anjjok,內側、裡面,"The inside, the inner part",B,名詞 (Noun / 명사)，如 사람（人）、집（家）。
2852,억울하다,eogulhada,冤枉、委屈,"To be regrettable, disappointing",C,形容詞 (Adjective / 형용사)，如 크다（大）、좋다（好）。
2853,오가다,ogada,來往、穿梭,"Come and go, keep going and coming",B,動詞 (Verb / 동사)，如 하다（做）、가다（去）。
2854,요구되다,yogudoeda,被要求（被動）,"To be requested, claimed",C,動詞 (Verb / 동사)，如 하다（做）、가다（去）。
2855,음성,eumseong,聲音、語音,A voice,C,名詞 (Noun / 명사)，如 사람（人）、집（家）。
2856,이윽고,ieukgo,不久、隨後,"After a while, shortly",C,副詞 (Adverb / 부사)，如 더（更）、잘（好）。
2857,장식,jangsik,裝飾、裝潢,Decoration,C,名詞 (Noun / 명사)，如 사람（人）、집（家）。
2858,전개하다,jeongaehada,展開、開展,"To unfold,evolve,spread out",C,動詞 (Verb / 동사)，如 하다（做）、가다（去）。
2859,전날,jeonnal,前一天、前日,"The day before, the day prior",B,名詞 (Noun / 명사)，如 사람（人）、집（家）。
2860,전반적,jeonbanjeok,全盤的、普遍的,"over-all,all",C,名詞 (Noun / 명사)，如 사람（人）、집（家）。
2861,척하다,cheokhada,假裝、裝作,The preceding verb is a lie,C,補助用言 (Auxiliary / 補助用言 (Auxiliary / 보조용언)，如 ～버리다、～싶다。조용언)，如 ～버리다、～싶다。
2862,풍습,pungseup,風俗、習俗,"customs,manners,practices ; a ritual, rituals",C,名詞 (Noun / 명사)，如 사람（人）、집（家）。
2863,한가운데,hangaunde,正中間、正中央,"The very middle, the center",C,名詞 (Noun / 명사)，如 사람（人）、집（家）。
2864,한정되다,hanjeongdoeda,受限、被限定（被動）,"To be limiited, qualified",C,動詞 (Verb / 동사)，如 하다（做）、가다（去）。
2865,해내다,haenaeda,戰勝、克服、完成,"To accomplish, achieve, carry through",C,動詞 (Verb / 동사)，如 하다（做）、가다（去）。
2866,흉내,hyungnae,模仿、效仿,"Imitation, mimicry",C,名詞 (Noun / 명사)，如 사람（人）、집（家）。
2867,감옥,gamok,監獄,Prison,C,名詞 (Noun / 명사)，如 사람（人）、집（家）。
2868,갚다,gapda,償還、報答、報復,Pay back a loan,C,動詞 (Verb / 동사)，如 하다（做）、가다（去）。
2869,건전하다,geonjeonhada,健全、健康,Health or soundness or vitality,C,形容詞 (Adjective / 형용사)，如 크다（大）、좋다（好）。
2870,결혼식,gyeolhonsik,結婚典禮、婚禮,Wedding,A,名詞 (Noun / 명사)，如 사람（人）、집（家）。
2871,계산기,gyesangi,計算機,Calculator,B,名詞 (Noun / 명사)，如 사람（人）、집（家）。
2872,광장,gwangjang,廣場,An open space or a plaza or public square,C,名詞 (Noun / 명사)，如 사람（人）、집（家）。
2873,그렇지,geureochi,是啊、沒錯,So it is or that is right,B,名詞 (Noun / 명사)，如 사람（人）、집（家）。0
2874,깨다,kkaeda,打碎、摔破、打破,Break or crack,B,動詞 (Verb / 동사)，如 하다（做）、가다（去）。
2875,꽉,kkwak,緊緊地、塞滿,Tightly or fast,C,副詞 (Adverb / 부사)，如 더（更）、잘（好）。
2876,끼우다,kkiuda,插入、夾入、套入,To put between or insert,C,動詞 (Verb / 동사)，如 하다（做）、가다（去）。
2877,노래하다,noraehada,唱歌、歌唱,To sing,A,動詞 (Verb / 동사)，如 하다（做）、가다（去）。
2878,다듬다,dadeumda,修整、修剪、梳理,"Trim, shave",C,動詞 (Verb / 동사)，如 하다（做）、가다（去）。
2879,다름없다,dareumeopda,毫無二致、差不多,"Be similar, not different",C,形容詞 (Adjective / 형용사)，如 크다（大）、좋다（好）。
2880,당당하다,dangdanghada,堂堂正正、威風凜凜,Dignified,C,形容詞 (Adjective / 형용사)，如 크다（大）、좋다（好）。
2881,댐,daem,水壩、水庫,Dam,C,名詞 (Noun / 명사)，如 사람（人）、집（家）。
2882,덩어리,deongeori,塊、團、疙瘩,"A lump, a cluster",C,名詞 (Noun / 명사)，如 사람（人）、집（家）。
2883,모처럼,mocheoreom,難得、好不容易,At long last,C,副詞 (Adverb / 부사)，如 더（更）、잘（好）。
2884,물리학,mulrihak,物理學,Physics,C,名詞 (Noun / 명사)，如 사람（人）、집（家）。
2885,벌,beol,懲罰、罰 / 套（衣服量詞）,Punishment,C,名詞 (Noun / 명사)，如 사람（人）、집（家）。
2886,부정적,bujeongjeok,否定的、消極的,"negative, contradicting sth else, not positive",C,名詞 (Noun / 명사)，如 사람（人）、집（家）。
2887,북부,bukbu,北部、北方,The north part,C,名詞 (Noun / 명사)，如 사람（人）、집（家）。
2888,분리,bunri,分離、分開,"separation,segration",C,名詞 (Noun / 명사)，如 사람（人）、집（家）。
2889,상당,sangdang,相當、合適,"proper,fit,suitable",C,名詞 (Noun / 명사)，如 사람（人）、집（家）。
2890,세다,seda,強、強烈、厲害,"To be strong, mighty",B,形容詞 (Adjective / 형용사)，如 크다（大）、좋다（好）。
2891,소개,sogae,介紹,Introduction,B,名詞 (Noun / 명사)，如 사람（人）、집（家）。
2892,수화기,suhwagi,話筒、聽筒,Telephone receiver,B,名詞 (Noun / 명사)，如 사람（人）、집（家）。
2893,애인,aein,愛人、情人、戀人,A lover,B,名詞 (Noun / 명사)，如 사람（人）、집（家）。
2894,애초,aecho,當初、一開始,"The first, the beginning",C,名詞 (Noun / 명사)，如 사람（人）、집（家）。
2895,얇다,yalda,薄,To be thin,B,形容詞 (Adjective / 형용사)，如 크다（大）、좋다（好）。
2896,양념,yangnyeom,調味料、佐料,Spices and condiments,B,名詞 (Noun / 명사)，如 사람（人）、집（家）。
2897,에,e,在、於、到（助詞）,at/in/on,C,名詞 (Noun / 명사)，如 사람（人）、집（家）。0
2898,오염되다,oyeomdoeda,被污染（被動）,"To be polluted, contaminated",C,動詞 (Verb / 동사)，如 하다（做）、가다（去）。
2899,오해,ohae,誤會、誤解,Misunderstanding,C,名詞 (Noun / 명사)，如 사람（人）、집（家）。
2900,웬일,wenil,什麼事、怎麼回事,"What cause, what reason",B,名詞 (Noun / 명사)，如 사람（人）、집（家）。
2901,의식,uisik,儀式 / 意識,A ceremony,C,名詞 (Noun / 명사)，如 사람（人）、집（家）。
2902,의지하다,uijihada,依靠、依賴,"To look to, depend on, rely on",C,動詞 (Verb / 동사)，如 하다（做）、가다（去）。
2903,일기,ilgi,日記,"A diary, journal",B,名詞 (Noun / 명사)，如 사람（人）、집（家）。
2904,절대,jeoldae,絕對,Absoluteness,B,副詞 (Adverb / 부사)，如 더（更）、잘（好）。
2905,제한하다,jehanhada,限制、局限,"To restrict,limit",C,動詞 (Verb / 동사)，如 하다（做）、가다（去）。
2906,존중하다,jonjunghada,尊重,"appreciate,esteem,value",C,動詞 (Verb / 동사)，如 하다（做）、가다（去）。
2907,창고,changgo,倉庫,"A warehouse,storehouse",B,名詞 (Noun / 명사)，如 사람（人）、집（家）。
2908,채,chae,尚未、不到（副詞） / 棟,"Still, not yet",C,副詞 (Adverb / 부사)，如 더（更）、잘（好）。
2909,책임지다,chaegimjida,承擔責任、負責,Take responsibility,C,動詞 (Verb / 동사)，如 하다（做）、가다（去）。
2910,청춘,cheongchun,青春,"youth,the springtime of life",C,名詞 (Noun / 명사)，如 사람（人）、집（家）。
2911,초반,choban,前期、前半期、開局,The opening part (of a game of baduk),C,名詞 (Noun / 명사)，如 사람（人）、집（家）。
2912,트럭,teureok,卡車、貨車,Truck,C,名詞 (Noun / 명사)，如 사람（人）、집（家）。
2913,파,pa,蔥、大蔥,Onions,B,名詞 (Noun / 명사)，如 사람（人）、집（家）。
2914,폭넓다,pongneolda,廣泛、寬廣,To be broad,C,形容詞 (Adjective / 형용사)，如 크다（大）、좋다（好）。
2915,표현되다,pyohyeondoeda,被表達、呈現（被動）,To have been expressed,C,動詞 (Verb / 동사)，如 하다（做）、가다（去）。
2916,학번,hakbeon,入學年份、學號,Year of graduation,C,名詞 (Noun / 명사)，如 사람（人）、집（家）。
2917,학원,hagwon,補習班、學院,Learning institute,B,名詞 (Noun / 명사)，如 사람（人）、집（家）。
2918,허가,heoga,許可、批准,"Permission, grant, leave",C,名詞 (Noun / 명사)，如 사람（人）、집（家）。
2919,헤매다,hemaeda,徘徊、迷惘,"Wander about, roam about",C,動詞 (Verb / 동사)，如 하다（做）、가다（去）。
2920,가장,gajang,家長、一家之主,Head of a household,C,名詞 (Noun / 명사)，如 사람（人）、집（家）。
2921,곡,gok,曲子、歌曲,A tune or an air,C,名詞 (Noun / 명사)，如 사람（人）、집（家）。
2922,곡식,goksik,糧食、穀物,Cereals or grain,C,名詞 (Noun / 명사)，如 사람（人）、집（家）。
2923,꽂다,kkotda,插、插上,Be stuck in or insert,C,動詞 (Verb / 동사)，如 하다（做）、가다（去）。
2924,망설이다,mangseorida,猶豫、躊躇,Hesitate,C,動詞 (Verb / 동사)，如 하다（做）、가다（去）。
2925,무리,muri,群、群體、幫,"A company, a band",C,名詞 (Noun / 명사)，如 사람（人）、집（家）。
2926,버터,beoteo,奶油、牛油,Butter,B,名詞 (Noun / 명사)，如 사람（人）、집（家）。
2927,별다르다,byeoldareuda,特別、與眾不同,Be of a peculiar kind,C,形容詞 (Adjective / 형용사)，如 크다（大）、좋다（好）。
2928,보편적,bopyeonjeok,普遍的,Universal,C,名詞 (Noun / 명사)，如 사람（人）、집（家）。
2929,부품,bupum,零件、配件,"Parts, accessories",C,名詞 (Noun / 명사)，如 사람（人）、집（家）。
2930,뻔하다,ppeonhada,差一點、險些 / 明擺著,"almost,nearly",C,形容詞 (Adjective / 형용사)，如 크다（大）、좋다（好）。
2931,뽑히다,ppophida,被拔出、被選中（被動）,"Be taken out, pulled out",C,動詞 (Verb / 동사)，如 하다（做）、가다（去）。
2932,상담,sangdam,諮詢、商談,Consultation,C,名詞 (Noun / 명사)，如 사람（人）、집（家）。
2933,서부,seobu,西部、西方,The western part,C,名詞 (Noun / 명사)，如 사람（人）、집（家）。
2934,속담,sokdam,俗語、諺語,"A proverb,saying",C,名詞 (Noun / 명사)，如 사람（人）、집（家）。
2935,시중,sijung,市面、民間,In the city,C,名詞 (Noun / 명사)，如 사람（人）、집（家）。
2936,심사,simsa,審查、評審,"judgment,examination",C,名詞 (Noun / 명사)，如 사람（人）、집（家）。
2937,아이,ai,哎呀（感嘆詞） / 孩子,Oh my god!,B,名詞 (Noun / 명사)，如 사람（人）、집（家）。0
2938,앞세우다,apseuda,讓...走在前面、推舉、由...領頭,Make a person go,C,動詞 (Verb / 동사)，如 하다（做）、가다（去）。
2939,유사하다,yusahada,相似、雷同,"To be similar, to resemble",C,形容詞 (Adjective / 형용사)，如 크다（大）、좋다（好）。
2940,유치원,yuchiwon,幼兒園,Kindergarten,B,名詞 (Noun / 명사)，如 사람（人）、집（家）。
2941,의욕,uiyok,幹勁、意志、意欲,"volition,will,desire",C,名詞 (Noun / 명사)，如 사람（人）、집（家）。
2942,인근,ingeun,附近、鄰近地區,The neighborhood,C,名詞 (Noun / 명사)，如 사람（人）、집（家）。
2943,일반인,ilbanin,一般人、大眾,Of the general public,C,名詞 (Noun / 명사)，如 사람（人）、집（家）。
2944,작성하다,jakseonghada,填寫、編寫、製作,"To edit or compose, write up ; to fill out a form",C,動詞 (Verb / 동사)，如 하다（做）、가다（去）。
2945,전공,jeongong,專業、主修,Specialty,B,名詞 (Noun / 명사)，如 사람（人）、집（家）。
2946,정기,jeonggi,定期,A fixed time period,C,名詞 (Noun / 명사)，如 사람（人）、집（家）。
2947,제의,jeui,提議、提請,"A proposal,an offer",C,名詞 (Noun / 명사)，如 사람（人）、집（家）。
2948,종일,jongil,整天、終日,"All day, throughout the whole day",B,名詞 (Noun / 명사)，如 사람（人）、집（家）。
2949,좋아지다,joajida,好轉、變好,To become better,B,動詞 (Verb / 동사)，如 하다（做）、가다（去）。
2950,차림,charim,打扮、裝束,Appearance of clothes or worn objecs,C,名詞 (Noun / 명사)，如 사람（人）、집（家）。
2951,창조하다,changjohada,創造,Create,C,動詞 (Verb / 동사)，如 하다（做）、가다（去）。
2952,추위,chuwi,寒冷、嚴寒,Cold,B,名詞 (Noun / 명사)，如 사람（人）、집（家）。
2953,토마토,tomato,番茄、西紅柿,Tomato,B,名詞 (Noun / 명사)，如 사람（人）、집（家）。
2954,파랗다,parata,湛藍、碧綠、青,To be blue,B,形容詞 (Adjective / 형용사)，如 크다（大）、좋다（好）。
2955,펴내다,pyeonaeda,出版、發行,"Publish, bring out in print",C,動詞 (Verb / 동사)，如 하다（做）、가다（去）。
2956,하드웨어,hadeuweeo,硬體,Hardwaer,C,名詞 (Noun / 명사)，如 사람（人）、집（家）。
2957,화장,hwajang,化妝 / 火葬,Makeup,C,名詞 (Noun / 명사)，如 사람（人）、집（家）。
2958,가져가다,gajyeogada,帶走、拿去,To take or carry,B,動詞 (Verb / 동사)，如 하다（做）、가다（去）。
2959,감자,gamja,馬鈴薯、土豆,Potato,B,名詞 (Noun / 명사)，如 사람（人）、집（家）。
2960,강렬하다,gangryeolhada,強烈、劇烈,Intense or strong or severe,C,形容詞 (Adjective / 형용사)，如 크다（大）、좋다（好）。
2961,갖다,gatda,擁有、具有、拿著,Possess,B,補助用言 (Auxiliary / 補助用言 (Auxiliary / 보조용언)，如 ～버리다、～싶다。조용언)，如 ～버리다、～싶다。
2962,괴롭다,goeropda,痛苦、難受,Be painful or distressing,B,形容詞 (Adjective / 형용사)，如 크다（大）、좋다（好）。
2963,교통사고,gyotongsago,交通事故、車禍,Traffic accident,B,名詞 (Noun / 명사)，如 사람（人）、집（家）。
2964,군데,gunde,處、處所、個（場所單位）,A place or spot,B,依存名詞 / 量詞 (Dependent Noun / 의존명사)，如 것（東西/事情）、개（個）、명（名）。
2965,메시지,mesiji,訊息、短信,Message,B,名詞 (Noun / 명사)，如 사람（人）、집（家）。
2966,면하다,myeonhada,免除、避開、免於,"escape,avoid",C,動詞 (Verb / 동사)，如 하다（做）、가다（去）。
2967,모색하다,mosaekhada,摸索、尋求,"Seek, explore",C,動詞 (Verb / 동사)，如 하다（做）、가다（去）。
2968,붙잡다,butjapda,抓緊、抓住,"seize,catch",C,動詞 (Verb / 동사)，如 하다（做）、가다（去）。
2969,빛깔,bitkkal,色彩、色澤,"A color,shade,hue",C,名詞 (Noun / 명사)，如 사람（人）、집（家）。
2970,뺨,ppyam,臉頰、面頰,Cheek,B,名詞 (Noun / 명사)，如 사람（人）、집（家）。
2971,사방,sabang,四方、周圍,The four directions,C,名詞 (Noun / 명사)，如 사람（人）、집（家）。
2972,살림,salrim,家計、生計、過日子,"living,livelihood",C,名詞 (Noun / 명사)，如 사람（人）、집（家）。
2973,실현,silhyeon,實現,"realization,materialization",C,名詞 (Noun / 명사)，如 사람（人）、집（家）。
2974,아냐,anya,不是、沒有（平語）,"No, that’s not the case",C,名詞 (Noun / 명사)，如 사람（人）、집（家）。0
2975,연예인,yeonyein,演藝人員、藝人,"A performer, an entertainer",C,名詞 (Noun / 명사)，如 사람（人）、집（家）。
2976,영원히,yeongwonhi,永遠、長久,Forever,B,副詞 (Adverb / 부사)，如 더（更）、잘（好）。
2977,월급,wolgeup,月薪、月工資,Monthly salary,B,名詞 (Noun / 명사)，如 사람（人）、집（家）。
2978,유행,yuhaeng,流行、風尚,"Fashion, vogue",B,名詞 (Noun / 명사)，如 사람（人）、집（家）。
2979,이내,inae,很快、立刻 / 以內,"soon,right away",C,副詞 (Adverb / 부사)，如 더（更）、잘（好）。
2980,이리,iri,這邊、這樣 / 狼,"This way, this direction",B,副詞 (Adverb / 부사)，如 더（更）、잘（好）。
2981,제발,jebal,拜託、千萬、懇請,"kindly,please",B,副詞 (Adverb / 부사)，如 더（更）、잘（好）。
2982,차츰,chacheum,漸漸、逐步,"gradually,step by step",C,副詞 (Adverb / 부사)，如 더（更）、잘（好）。
2983,투표,tupyo,投票,"vote,voting",C,名詞 (Noun / 명사)，如 사람（人）、집（家）。
2984,파괴하다,pagoehada,破壞、摧毀,"Destruction, demolition",C,動詞 (Verb / 동사)，如 하다（做）、가다（去）。
2985,하느님,haneunim,天主、上帝、老天爺,God,C,名詞 (Noun / 명사)，如 사람（人）、집（家）。
2986,해당되다,haedangdoeda,屬於、符合、相應（被動）,To be applied/applicable under,C,動詞 (Verb / 동사)，如 하다（做）、가다（去）。
2987,홀로,holro,獨自、一人,"Alone, by oneself",C,副詞 (Adverb / 부사)，如 더（更）、잘（好）。
2988,가까이,gakkai,靠近、接近（副詞）,Close,B,名詞 (Noun / 명사)，如 사람（人）、집（家）。
2989,가득하다,gadeukhada,充滿、滿溢,To fill,B,形容詞 (Adjective / 형용사)，如 크다（大）、좋다（好）。
2990,각자,gakja,各自、各自每個人,Each one or every one,B,副詞 (Adverb / 부사)，如 더（更）、잘（好）。
2991,감히,gamhi,敢於、竟敢、貿然,Daringly or boldly,C,副詞 (Adverb / 부사)，如 더（更）、잘（好）。
2992,강요하다,gangyohada,強迫、強求、施壓,"Insist on, demand, force",C,動詞 (Verb / 동사)，如 하다（做）、가다（去）。
2993,개미,gaemi,螞蟻,Ant,C,名詞 (Noun / 명사)，如 사람（人）、집（家）。
2994,관습,gwanseup,習俗、慣例,Custom or usage,C,名詞 (Noun / 명사)，如 사람（人）、집（家）。
2995,광경,gwanggyeong,光景、情景、景象,A spectacle or a sight in 3-d and uncut (compare 관광 tourism),C,名詞 (Noun / 명사)，如 사람（人）、집（家）。
2996,금세,geumse,頓時、轉眼間、立刻,In a moment or at once,C,副詞 (Adverb / 부사)，如 더（更）、잘（好）。
2997,낮추다,natchuda,降低、調低,"Lower, make low",C,動詞 (Verb / 동사)，如 하다（做）、가다（去）。
2998,내주다,naejuda,讓出、拿出給予,Take out and give away,C,動詞 (Verb / 동사)，如 하다（做）、가다（去）。
2999,명의,myeongui,人數（...名）、名義,"name,title",C,名詞 (Noun / 명사)，如 사람（人）、집（家）。
3000,물고기,mulgogi,魚、魚類,Fish,B,名詞 (Noun / 명사)，如 사람（人）、집（家）。
3001,물러나다,mulreonada,退下、後退、退位,"Fall back, to pull back, to pull back your position",C,動詞 (Verb / 동사)，如 하다（做）、가다（去）。
3002,밀접하다,miljeophada,密切、緊密,"Be close,intimate with",C,形容詞 (Adjective / 형용사)，如 크다（大）、좋다（好）。
3003,부탁,butak,託付、拜託、請求,"request,favor",B,名詞 (Noun / 명사)，如 사람（人）、집（家）。
3004,분량,bunryang,份量、分量,"quantity,measure",C,名詞 (Noun / 명사)，如 사람（人）、집（家）。
3005,불과,bulgwa,只不過、僅僅,"Only, not more than",C,副詞 (Adverb / 부사)，如 더（更）、잘（好）。
3006,뻔하다,ppeonhada,明擺著、顯而易見,"Be clear,evident",C,補助用言 (Auxiliary / 補助用言 (Auxiliary / 보조용언)，如 ～버리다、～싶다。조용언)，如 ～버리다、～싶다。
3007,상자,sangja,箱子、盒子,"A box,case",B,名詞 (Noun / 명사)，如 사람（人）、집（家）。
3008,새해,saehae,新年、新春,A new year,B,名詞 (Noun / 명사)，如 사람（人）、집（家）。
3009,소박하다,sobakhada,樸素、淳樸,"simple, naive, ingenuous",C,名詞 (Noun / 명사)，如 사람（人）、집（家）。
3010,수없이,sueopsi,無數地、數不清地,"Countless, innumerably",C,副詞 (Adverb / 부사)，如 더（更）、잘（好）。
3011,승진,seungjin,晉升、升職,"promotion,advancement",C,名詞 (Noun / 명사)，如 사람（人）、집（家）。
3012,양,yang,兩者、雙方,"Both, two",C,冠形詞 (Determiner / 관형사)，如 한（一個）、어떤（某種）。
3013,얼음,eoreum,冰、冰塊,Ice,B,名詞 (Noun / 명사)，如 사람（人）、집（家）。
3014,열매,yeolmae,果實、成果,Fruit,C,名詞 (Noun / 명사)，如 사람（人）、집（家）。
3015,적히다,jeokhida,被記錄、被寫下（被動）,"To be recorded,written down",C,動詞 (Verb / 동사)，如 하다（做）、가다（去）。
3016,점수,jeomsu,分數、得分,"marks,the number of marks",B,名詞 (Noun / 명사)，如 사람（人）、집（家）。
3017,제한되다,jehandoeda,受限、被限制（被動）,"To be restricted,limited",C,動詞 (Verb / 동사)，如 하다（做）、가다（去）。
3018,지속되다,jisokdoeda,持續、延續（被動）,"Be lasting a long time, be continous",C,動詞 (Verb / 동사)，如 하다（做）、가다（去）。
3019,쫓기다,jjotgida,被追逐、被催逼（被動）,"To be chased, be driven",C,動詞 (Verb / 동사)，如 하다（做）、가다（去）。
3020,쭉,jjuk,一直、連貫地,All the time,C,副詞 (Adverb / 부사)，如 더（更）、잘（好）。
3021,통장,tongjang,存摺,A bankbook (check register),B,名詞 (Noun / 명사)，如 사람（人）、집（家）。
3022,평가되다,pyeonggadoeda,被評價、被評估（被動）,To be appraised,C,動詞 (Verb / 동사)，如 하다（做）、가다（去）。
3023,하도,hado,過於、實在太,"Too much, excessively",C,副詞 (Adverb / 부사)，如 더（更）、잘（好）。
3024,한창,hanchang,正盛、正值高潮,"The height, summit , the top",C,副詞 (Adverb / 부사)，如 더（更）、잘（好）。
3025,해안,haean,海岸、海濱,"The seashore, the coast",C,名詞 (Noun / 명사)，如 사람（人）、집（家）。
3026,호박,hobak,南瓜 / 琥珀,Pumpkin,C,名詞 (Noun / 명사)，如 사람（人）、집（家）。
3027,흑인,heugin,黑人,A black person,C,名詞 (Noun / 명사)，如 사람（人）、집（家）。
3028,간,gan,肝、肝臟,Liver,C,名詞 (Noun / 명사)，如 사람（人）、집（家）。
3029,갇히다,gathida,被關押、被囚禁（被動）,Be confined or shut up,C,動詞 (Verb / 동사)，如 하다（做）、가다（去）。
3030,결심하다,gyeolsimhada,下定決心、決意,To resolve or be determined,B,動詞 (Verb / 동사)，如 하다（做）、가다（去）。
3031,경기장,gyeonggijang,體育場、競技場,Sports stadium or a sports field,B,名詞 (Noun / 명사)，如 사람（人）、집（家）。
3032,고장,gojang,故障、損壞 / 故鄉,Broken,B,名詞 (Noun / 명사)，如 사람（人）、집（家）。
3033,근로,geunro,勞動、勤勞,Labor or exertion,C,名詞 (Noun / 명사)，如 사람（人）、집（家）。
3034,눈동자,nundongja,瞳孔、眼珠,The pupil,C,名詞 (Noun / 명사)，如 사람（人）、집（家）。
3035,늦다,neutda,晚、遲到、延遲,"Be late, overdue",A,動詞 (Verb / 동사)，如 하다（做）、가다（去）。
3036,닥치다,dakchida,逼近、臨頭 / 閉嘴,Shut the mouth!,C,動詞 (Verb / 동사)，如 하다（做）、가다（去）。
3037,도시락,dosirak,便當、飯盒,Lunchbox lunch,B,名詞 (Noun / 명사)，如 사람（人）、집（家）。
3038,몸짓,momjit,肢體動作、手勢,A gesture,C,名詞 (Noun / 명사)，如 사람（人）、집（家）。
3039,부담하다,budamhada,負擔、承擔,"bear,shoulder a responsibility",C,動詞 (Verb / 동사)，如 하다（做）、가다（去）。
3040,부회장,buhoejang,副會長、副總裁,A vice president,C,名詞 (Noun / 명사)，如 사람（人）、집（家）。
3041,빼앗다,ppaeatda,搶奪、奪取,"Snach, take away from",C,動詞 (Verb / 동사)，如 하다（做）、가다（去）。
3042,삼키다,samkida,吞嚥、吞下,Swallow,C,動詞 (Verb / 동사)，如 하다（做）、가다（去）。
3043,성실하다,seongsilhada,誠實、真誠、踏實,"Be sincere, faithful, earnest",C,形容詞 (Adjective / 형용사)，如 크다（大）、좋다（好）。
3044,스튜디오,seutyudio,工作室、攝影棚,Studio,C,名詞 (Noun / 명사)，如 사람（人）、집（家）。
3045,실제,silje,實際、真相,"The truth, a fact",C,副詞 (Adverb / 부사)，如 더（更）、잘（好）。
3046,요새,yosae,最近、近來 / 要塞,"recently,lately",B,名詞 (Noun / 명사)，如 사람（人）、집（家）。
3047,이상적,isangjeok,理想的 / 異常的,Ideal / Abnormal,C,名詞 (Noun / 명사)，如 사람（人）、집（家）。
3048,일쑤,ilssu,常有的事、習慣,Habitual practice,C,名詞 (Noun / 명사)，如 사람（人）、집（家）。
3049,일체,ilche,一切、全部,"All, everything,the whole",C,名詞 (Noun / 명사)，如 사람（人）、집（家）。
3050,자꾸만,jakkuman,屢屢、老是、頻頻,Repeatedly (emphasized),B,副詞 (Adverb / 부사)，如 더（更）、잘（好）。
3051,잦다,jatda,頻繁、頻密 / 平息,"Be frequent, incessant",C,形容詞 (Adjective / 형용사)，如 크다（大）、좋다（好）。
3052,절망,jeolmang,絕望,"despair,hopelessness",C,名詞 (Noun / 명사)，如 사람（人）、집（家）。
3053,접다,jeopda,折疊、折、放棄,Fold up,C,動詞 (Verb / 동사)，如 하다（做）、가다（去）。
3054,제시되다,jesidoeda,被提出、被呈現（被動）,To be presented,C,動詞 (Verb / 동사)，如 하다（做）、가다（去）。
3055,주방,jubang,廚房,"A kitchen, a cookroom",C,名詞 (Noun / 명사)，如 사람（人）、집（家）。
3056,진출하다,jinchulhada,進軍、進出、挺進,"Penetrate into, advance",C,動詞 (Verb / 동사)，如 하다（做）、가다（去）。
3057,짜증,jjajeung,煩躁、厭煩、發脾氣,Annoyance,B,名詞 (Noun / 명사)，如 사람（人）、집（家）。
3058,첫날,cheonnal,第一天、首日,The first day,B,名詞 (Noun / 명사)，如 사람（人）、집（家）。
3059,통과하다,tonggwahada,通過,Passage through,C,動詞 (Verb / 동사)，如 하다（做）、가다（去）。
3060,투명하다,tumyeonghada,透明,"To be transparent, clear",C,形容詞 (Adjective / 형용사)，如 크다（大）、좋다（好）。
3061,확산되다,hwaksandoeda,擴散、蔓延（被動）,To get diffused,C,動詞 (Verb / 동사)，如 하다（做）、가다（去）。
3062,경력,gyeongryeok,經歷、資歷、履歷,one’s personal history,C,名詞 (Noun / 명사)，如 사람（人）、집（家）。
3063,고통스럽다,gotongseureopda,痛苦、難受,Be painful or torment,C,形容詞 (Adjective / 형용사)，如 크다（大）、좋다（好）。
3064,곤란하다,gonranhada,困難、為難、棘手,Difficulty or trouble,C,形容詞 (Adjective / 형용사)，如 크다（大）、좋다（好）。
3065,공중,gongjung,空中、大眾,The air or the sky,C,名詞 (Noun / 명사)，如 사람（人）、집（家）。
3066,공해,gonghae,公害、污染,Environmental pollution,C,名詞 (Noun / 명사)，如 사람（人）、집（家）。
3067,귀찮다,gwichanta,厭煩、麻煩,Annoying irksome,C,形容詞 (Adjective / 형용사)，如 크다（大）、좋다（好）。
3068,기대다,gidaeda,依靠、倚靠,1) To rely upon or lean upon 2) lean against,C,動詞 (Verb / 동사)，如 하다（做）、가다（去）。
3069,깨어나다,kkaeeonada,甦醒、清醒,Return to consciousness,C,動詞 (Verb / 동사)，如 하다（做）、가다（去）。
3070,꼽히다,kkophida,被屈指推崇、被評選（被動）,To be elected,C,動詞 (Verb / 동사)，如 하다（做）、가다（去）。
3071,대다수,daedasu,大多數、絕大多數,A large majority,C,名詞 (Noun / 명사)，如 사람（人）、집（家）。
3072,듯싶다,deutsipda,似乎、好像,"To be like something, i guess",C,補助用言 (Auxiliary / 補助用言 (Auxiliary / 보조용언)，如 ～버리다、～싶다。조용언)，如 ～버리다、～싶다。
3073,먹이,meogi,飼料、食物、獵物,Food,C,名詞 (Noun / 명사)，如 사람（人）、집（家）。
3074,무,mu,白蘿蔔、蘿蔔,Radish,B,名詞 (Noun / 명사)，如 사람（人）、집（家）。
3075,무료,muryo,免費,Free,C,名詞 (Noun / 명사)，如 사람（人）、집（家）。
3076,밉다,mipda,可憎、討厭,Be detestable,B,形容詞 (Adjective / 형용사)，如 크다（大）、좋다（好）。
3077,발레,balre,芭蕾舞,Ballet,C,名詞 (Noun / 명사)，如 사람（人）、집（家）。
3078,상징하다,sangjinghada,象徵,Symbolize,C,動詞 (Verb / 동사)，如 하다（做）、가다（去）。
3079,실현하다,silhyeonhada,實現,"To realize,bring to fruition",C,動詞 (Verb / 동사)，如 하다（做）、가다（去）。
3080,아깝다,akkapda,可惜、捨不得、惋惜,"regrettable,pitiful",C,形容詞 (Adjective / 형용사)，如 크다（大）、좋다（好）。
3081,안정되다,anjeongdoeda,穩定、平穩（被動）,To be stable,C,動詞 (Verb / 동사)，如 하다（做）、가다（去）。
3082,어리석다,eoriseokda,愚蠢、愚昧,"juvenile,foolish",C,形容詞 (Adjective / 형용사)，如 크다（大）、좋다（好）。
3083,엎드리다,eopdeurida,趴下、伏地,"Prostrate oneself, lie on the ground",C,動詞 (Verb / 동사)，如 하다（做）、가다（去）。
3084,여럿,yeoreot,多數、眾多（名詞/代詞）,"many,many people",C,名詞 (Noun / 명사)，如 사람（人）、집（家）。
3085,연설,yeonseol,演說、演講,A public speech,C,名詞 (Noun / 명사)，如 사람（人）、집（家）。
3086,연필,yeonpil,鉛筆,Pencil,A,名詞 (Noun / 명사)，如 사람（人）、집（家）。
3087,염려,yeomryeo,擔憂、掛念,"anxiety,worry",C,名詞 (Noun / 명사)，如 사람（人）、집（家）。
3088,우습다,useupda,滑稽、可笑,"To be funny, amusing",C,形容詞 (Adjective / 형용사)，如 크다（大）、좋다（好）。
3089,운전,unjeon,駕駛、開車,Driving,A,名詞 (Noun / 명사)，如 사람（人）、집（家）。
3090,익숙하다,iksukhada,熟練、習慣,To become accustomed to,B,形容詞 (Adjective / 형용사)，如 크다（大）、좋다（好）。
3091,일자,ilja,日期、日程,"A date, the number of days",C,名詞 (Noun / 명사)，如 사람（人）、집（家）。
3092,잔치,janchi,宴席、宴會,"banquet,feast",B,名詞 (Noun / 명사)，如 사람（人）、집（家）。
3093,전달되다,jeondaldoeda,被轉達、被傳達（被動）,To be delivered,C,動詞 (Verb / 동사)，如 하다（做）、가다（去）。
3094,차다,chada,寒冷、冰冷,"cold,chilly",B,形容詞 (Adjective / 형용사)，如 크다（大）、좋다（好）。
3095,치료하다,chiryohada,治療、醫治,"To cure, heal, treat a patient",B,動詞 (Verb / 동사)，如 하다（做）、가다（去）。
3096,칸,kan,欄位、格子、隔間,Blank space,C,名詞 (Noun / 명사)，如 사람（人）、집（家）。
3097,한,han,恨、怨恨、憾恨,"A grudge, rancor",C,名詞 (Noun / 명사)，如 사람（人）、집（家）。
3098,갈수록,galsurok,越來越、隨著時間流逝,As one goes aong,C,副詞 (Adverb / 부사)，如 더（更）、잘（好）。
3099,갖가지,gatgaji,形形色色、各式各樣,A variety of or all sorts,C,名詞 (Noun / 명사)，如 사람（人）、집（家）。
3100,거절하다,geojeolhada,拒絕,Refuse or reject,C,動詞 (Verb / 동사)，如 하다（做）、가다（去）。
3101,관광객,gwangwanggaek,觀光客、遊客,A tourist,B,名詞 (Noun / 명사)，如 사람（人）、집（家）。
3102,구별하다,gubyeolhada,區別、辨別,To distinguish between A and B,C,動詞 (Verb / 동사)，如 하다（做）、가다（去）。
3103,국,guk,湯、菜湯,Soup or broth,B,名詞 (Noun / 명사)，如 사람（人）、집（家）。
3104,다행,dahaeng,幸運、萬幸,Good luck,C,名詞 (Noun / 명사)，如 사람（人）、집（家）。
3105,마무리,mamuri,結尾、收尾、結束,"Finish, completion",C,名詞 (Noun / 명사)，如 사람（人）、집（家）。
3106,마주치다,majuchida,偶遇、碰面、相撞,Collide with,C,動詞 (Verb / 동사)，如 하다（做）、가다（去）。
3107,막상,maksang,實際上、臨到關頭,"Really, actually",C,副詞 (Adverb / 부사)，如 더（更）、잘（好）。
3108,몸통,momtong,軀幹、身軀,"The trunk,body",C,名詞 (Noun / 명사)，如 사람（人）、집（家）。
3109,못,mot,釘子 / 湖泊,A nail,C,名詞 (Noun / 명사)，如 사람（人）、집（家）。
3110,묘사하다,myosahada,描寫、描繪,To describe,C,動詞 (Verb / 동사)，如 하다（做）、가다（去）。
3111,미술관,misulgwan,美術館,Fine arts museum,B,名詞 (Noun / 명사)，如 사람（人）、집（家）。
3112,베다,beda,割、砍、切 / 枕（枕頭）,"Cut, chop",C,動詞 (Verb / 동사)，如 하다（做）、가다（去）。
3113,보장되다,bojangdoeda,被保障、獲保障（被動）,Be secured,C,動詞 (Verb / 동사)，如 하다（做）、가다（去）。
3114,볼,bol,臉頰,Cheek,C,名詞 (Noun / 명사)，如 사람（人）、집（家）。
3115,부분적,bubunjeok,部分的,Departmental,C,名詞 (Noun / 명사)，如 사람（人）、집（家）。
3116,불고기,bulgogi,烤肉,Roast meat,A,名詞 (Noun / 명사)，如 사람（人）、집（家）。
3117,불리다,bulrida,浸泡、發泡（使膨脹）,"soak,steep",C,動詞 (Verb / 동사)，如 하다（做）、가다（去）。
3118,불행,bulhaeng,不幸,Unhappiness,C,名詞 (Noun / 명사)，如 사람（人）、집（家）。
3119,비명,bimyeong,悲鳴、慘叫、尖叫,A scream,C,名詞 (Noun / 명사)，如 사람（人）、집（家）。
3120,순수,sunsu,純粹、純真,"purity,genuineness",C,名詞 (Noun / 명사)，如 사람（人）、집（家）。
3121,시각,sigak,時刻、時間,The time of day,C,名詞 (Noun / 명사)，如 사람（人）、집（家）。
3122,실질적,siljiljeok,實質的,"substantial,essential",C,名詞 (Noun / 명사)，如 사람（人）、집（家）。
3123,안개,angae,霧,Fog,C,名詞 (Noun / 명사)，如 사람（人）、집（家）。
3124,여름철,yeoreumcheol,夏季、夏天,Summertime,B,名詞 (Noun / 명사)，如 사람（人）、집（家）。
3125,오로지,oroji,唯有、專門、只,"Only, solely, exclusively",C,副詞 (Adverb / 부사)，如 더（更）、잘（好）。
3126,완성하다,wanseonghada,完成,"To accomplish, to end successfully",C,動詞 (Verb / 동사)，如 하다（做）、가다（去）。
3127,이런저런,ireonjeoreon,形形色色、這般那樣,"This and that, one and another",C,冠形詞 (Determiner / 관형사)，如 한（一個）、어떤（某種）。
3128,임무,immu,任務,"A duty, an office, a task",C,名詞 (Noun / 명사)，如 사람（人）、집（家）。
3129,자연히,jayeonhi,自然地,Naturally,C,副詞 (Adverb / 부사)，如 더（更）、잘（好）。
3130,장난,jangnan,惡作劇、玩笑、玩鬧,"A game,playing",C,名詞 (Noun / 명사)，如 사람（人）、집（家）。
3131,저런,jeoreon,那樣的、那種,"Such a, that sort of",B,冠形詞 (Determiner / 관형사)，如 한（一個）、어떤（某種）。
3132,전용,jeonyong,專用,Exclusive or private use,C,名詞 (Noun / 명사)，如 사람（人）、집（家）。
3133,지극히,jigeukhi,極其、極端地,"very,extremely",C,副詞 (Adverb / 부사)，如 더（更）、잘（好）。
3134,청하다,cheonghada,請求、懇請,"ask,request",C,動詞 (Verb / 동사)，如 하다（做）、가다（去）。
3135,확정,hwakjeong,確定、敲定,"decision,settlement",C,名詞 (Noun / 명사)，如 사람（人）、집（家）。
3136,가상,gasang,虛擬、假想,Imagination,C,名詞 (Noun / 명사)，如 사람（人）、집（家）。
3137,각자,gakja,各自,Each one or every one,B,名詞 (Noun / 명사)，如 사람（人）、집（家）。
3138,간혹,ganhok,偶爾、有時,Occasionally or at times,C,副詞 (Adverb / 부사)，如 더（更）、잘（好）。
3139,개방하다,gaebanghada,開放,To open or to throw open,C,動詞 (Verb / 동사)，如 하다（做）、가다（去）。
3140,관계되다,gwangyedoeda,有關聯、受影響（被動）,Be affected or influenced by,C,動詞 (Verb / 동사)，如 하다（做）、가다（去）。
3141,국산,guksan,國產,A country’s product,C,名詞 (Noun / 명사)，如 사람（人）、집（家）。
3142,그해,geuhae,當年、那一年,That year,B,名詞 (Noun / 명사)，如 사람（人）、집（家）。
3143,꺼지다,kkeojida,熄滅、消退、沉下,To go or die out,B,動詞 (Verb / 동사)，如 하다（做）、가다（去）。
3144,꼭대기,kkokdaegi,頂部、山頂、頂端,The top,B,名詞 (Noun / 명사)，如 사람（人）、집（家）。
3145,끊어지다,kkeuneojida,斷開、斷絕（被動）,To break off or expire or be done with,B,動詞 (Verb / 동사)，如 하다（做）、가다（去）。
3146,도,do,道（行政區劃） / 道路,Road,C,名詞 (Noun / 명사)，如 사람（人）、집（家）。
3147,마이크,maikeu,麥克風、話筒,Mike,C,名詞 (Noun / 명사)，如 사람（人）、집（家）。
3148,메우다,meuda,填補、塞滿,"To carry,attach;put on",C,名詞 (Noun / 명사)，如 사람（人）、집（家）。
3149,면적,myeonjeok,面積,"area,dimensions",C,名詞 (Noun / 명사)，如 사람（人）、집（家）。
3150,목욕,mogyok,洗澡、沐浴,A bath,A,名詞 (Noun / 명사)，如 사람（人）、집（家）。
3151,반성,banseong,反省,Reflection,C,名詞 (Noun / 명사)，如 사람（人）、집（家）。
3152,벌떡,beoltteok,突然一躍、猛然站起,"Suddenly, abruptly",C,副詞 (Adverb / 부사)，如 더（更）、잘（好）。
3153,보상,bosang,補償、賠償,Compensation,C,名詞 (Noun / 명사)，如 사람（人）、집（家）。
3154,분리되다,bunridoeda,被分離、分開（被動）,To be segregated,C,動詞 (Verb / 동사)，如 하다（做）、가다（去）。
3155,빚,bit,債務、欠債,Debt,C,名詞 (Noun / 명사)，如 사람（人）、집（家）。
3156,새기다,saegida,雕刻、刻印、銘記,"To sculpt,engrave",C,動詞 (Verb / 동사)，如 하다（做）、가다（去）。
3157,서민,seomin,平民、老百姓,Common people,C,名詞 (Noun / 명사)，如 사람（人）、집（家）。
3158,석,seok,座位、席位,"A seat,sitting place",C,依存名詞 / 量詞 (Dependent Noun / 의존명사)，如 것（東西/事情）、개（個）、명（名）。
3159,선정하다,seonjeonghada,選定、挑選,"select,choose",C,動詞 (Verb / 동사)，如 하다（做）、가다（去）。
3160,세다,seda,計算、數數,Count,C,動詞 (Verb / 동사)，如 하다（做）、가다（去）。
3161,소수,sosu,少數,"A small number, a few",C,名詞 (Noun / 명사)，如 사람（人）、집（家）。
3162,쇼,syo,表演、秀,Show,B,名詞 (Noun / 명사)，如 사람（人）、집（家）。
3163,수학,suhak,數學,Mathematics,B,名詞 (Noun / 명사)，如 사람（人）、집（家）。
3164,시어머니,sieomeoni,婆婆,one’s husband’s mother,B,名詞 (Noun / 명사)，如 사람（人）、집（家）。
3165,시집,sijip,婆家,one’s husband’s home/family,B,名詞 (Noun / 명사)，如 사람（人）、집（家）。
3166,연간,yeongan,年間、一年內,For a year,C,名詞 (Noun / 명사)，如 사람（人）、집（家）。
3167,영화제,yeonghwaje,電影節,Movie festival,C,名詞 (Noun / 명사)，如 사람（人）、집（家）。
3168,예측하다,yecheukhada,預測、預見,"To predict, forecast",C,動詞 (Verb / 동사)，如 하다（做）、가다（去）。
3169,용도,yongdo,用途,"use,service",C,名詞 (Noun / 명사)，如 사람（人）、집（家）。
3170,의심,uisim,懷疑、疑惑,A doubt,C,名詞 (Noun / 명사)，如 사람（人）、집（家）。
3171,이동하다,idonghada,移動、遷移,"To move,migrate,travel",C,動詞 (Verb / 동사)，如 하다（做）、가다（去）。
3172,자극하다,jageukhada,刺激,To stimulate,C,動詞 (Verb / 동사)，如 하다（做）、가다（去）。
3173,재빨리,jaeppalri,迅速地、敏捷地,"quickly,rapidly",C,副詞 (Adverb / 부사)，如 더（更）、잘（好）。
3174,적합하다,jeokhaphada,適合、切合,"suitability,fitness",C,形容詞 (Adjective / 형용사)，如 크다（大）、좋다（好）。
3175,전화번호,jeonhwabeonho,電話號碼,Telephone number,A,名詞 (Noun / 명사)，如 사람（人）、집（家）。
3176,조절하다,jojeolhada,調節、調控,"To regulate,tune",C,動詞 (Verb / 동사)，如 하다（做）、가다（去）。
3177,조정,jojeong,調整、調解,"regulation,control,coordination",C,名詞 (Noun / 명사)，如 사람（人）、집（家）。
3178,중얼거리다,jungeolgeorida,喃喃自語、低聲嘀咕,Mutter to oneself,C,動詞 (Verb / 동사)，如 하다（做）、가다（去）。
3179,지급하다,jigeuphada,支付、發放,"To pay,allow,furnish sth",C,動詞 (Verb / 동사)，如 하다（做）、가다（去）。
3180,확장,hwakjang,擴張、拓展,"expansion, enlargement",C,名詞 (Noun / 명사)，如 사람（人）、집（家）。
3181,힘차다,himchada,有力、強勁,"Be forcible,powerful",C,形容詞 (Adjective / 형용사)，如 크다（大）、좋다（好）。
3182,건조,geonjo,乾燥,Dryness or aridity,C,名詞 (Noun / 명사)，如 사람（人）、집（家）。
3183,고요하다,goyohada,寂靜、平靜,Be quiet or silent or still,C,形容詞 (Adjective / 형용사)，如 크다（大）、좋다（好）。
3184,그대,geudae,你、您（詩意第二人稱）,You or thou,C,代名詞 (Pronoun / 대명사)，如 나（我）、우리（我們）、그（他）。
3185,그립다,geuripda,懷念、想念,Beloved or sweet or affectionate,B,形容詞 (Adjective / 형용사)，如 크다（大）、좋다（好）。
3186,긋다,geutda,畫（線）、劃（火柴）,1) draw or mark 2) strike,C,動詞 (Verb / 동사)，如 하다（做）、가다（去）。
3187,기둥,gidung,柱子、棟樑,A pillar,C,名詞 (Noun / 명사)，如 사람（人）、집（家）。
3188,긴장하다,ginjanghada,緊張,To become tense,B,動詞 (Verb / 동사)，如 하다（做）、가다（去）。
3189,날카롭다,nalkaropda,鋒利、尖銳、敏銳,Sharp,C,形容詞 (Adjective / 형용사)，如 크다（大）、좋다（好）。
3190,논하다,nonhada,議論、討論,"Argue, discuss,debate",C,動詞 (Verb / 동사)，如 하다（做）、가다（去）。
3191,느리다,neurida,緩慢、遲緩,"Be slow, tardy",B,形容詞 (Adjective / 형용사)，如 크다（大）、좋다（好）。
3192,도덕,dodeok,道德、倫理,"Morality, ethics",C,名詞 (Noun / 명사)，如 사람（人）、집（家）。
3193,뒷모습,dwinmoseup,背影,The features of the back side,C,名詞 (Noun / 명사)，如 사람（人）、집（家）。
3194,만,man,"萬（數字 10,000）",10000,A,冠形詞 (Determiner / 관형사)，如 한（一個）、어떤（某種）。
3195,만만하다,manmanhada,好欺負、容易應付、柔軟,"Be soft, tender ; to be easy to handle, deal with",C,形容詞 (Adjective / 형용사)，如 크다（大）、좋다（好）。
3196,못되다,motdoeda,頑劣、糟糕、變壞,To go wrong,C,形容詞 (Adjective / 형용사)，如 크다（大）、좋다（好）。
3197,보고하다,bogohada,匯報、報告,Report to a person,C,動詞 (Verb / 동사)，如 하다（做）、가다（去）。
3198,사무소,samuso,事務所、辦事處,Office,C,名詞 (Noun / 명사)，如 사람（人）、집（家）。
3199,사촌,sachon,堂/表兄弟姊妹、堂親,a cousin,B,名詞 (Noun / 명사)，如 사람（人）、집（家）。
3200,상,sang,獎品、獎項,A prize,B,名詞 (Noun / 명사)，如 사람（人）、집（家）。
3201,상인,sangin,商人、商販,"merchant,trader",C,名詞 (Noun / 명사)，如 사람（人）、집（家）。
3202,선언하다,seoneonhada,宣言、宣布,"declare,proclaim,announce",C,動詞 (Verb / 동사)，如 하다（做）、가다（去）。
3203,소원,sowon,願望、心願,one’s desire,C,名詞 (Noun / 명사)，如 사람（人）、집（家）。
3204,수입하다,suiphada,進口、輸入,To import,B,動詞 (Verb / 동사)，如 하다（做）、가다（去）。
3205,식다,sikda,冷卻、變涼、平息,"To get cold, cool off",B,動詞 (Verb / 동사)，如 하다（做）、가다（去）。
3206,엿보다,yeotboda,窺視、窺探、等待時機,Wait for an opportunity,C,動詞 (Verb / 동사)，如 하다（做）、가다（去）。
3207,완성되다,wanseongdoeda,被完成（被動）,To be accomplished,C,動詞 (Verb / 동사)，如 하다（做）、가다（去）。
3208,유적,yujeok,遺跡、古蹟,"Remains, relics,ruins",C,名詞 (Noun / 명사)，如 사람（人）、집（家）。
3209,일생,ilsaeng,一生、終生,one’s lifetime,C,名詞 (Noun / 명사)，如 사람（人）、집（家）。
3210,입히다,iphida,給...穿衣、施加,"Clothe, dress",C,動詞 (Verb / 동사)，如 하다（做）、가다（去）。
3211,잡아먹다,jabameokda,宰殺吃掉 / 耗費（時間/金錢）,Slaughter and eat,C,動詞 (Verb / 동사)，如 하다（做）、가다（去）。
3212,정보화,jeongbohwa,資訊化,Change to an information orientation,C,名詞 (Noun / 명사)，如 사람（人）、집（家）。
3213,종종,jongjong,時常、常常 / 各種各樣,A variety of things,C,副詞 (Adverb / 부사)，如 더（更）、잘（好）。
3214,지갑,jigap,錢包、皮夾,"A purse,wallet",A,名詞 (Noun / 명사)，如 사람（人）、집（家）。
3215,차다,chada,佩戴、繫上、掛著,"Put on, fasten,wear",C,動詞 (Verb / 동사)，如 하다（做）、가다（去）。
3216,창작,changjak,創作,"Creation, origination",C,名詞 (Noun / 명사)，如 사람（人）、집（家）。
3217,축소,chukso,縮小、縮減,"Reduction, a cutback",C,名詞 (Noun / 명사)，如 사람（人）、집（家）。
3218,취향,chwihyang,嗜好、品味、傾向,"Taste, liking, one’s inclinations",C,名詞 (Noun / 명사)，如 사람（人）、집（家）。
3219,친절하다,chinjeolhada,親切、熱情,"To be kind, to be nice",A,形容詞 (Adjective / 형용사)，如 크다（大）、좋다（好）。
3220,카운터,kaunteo,櫃檯,"Counter, where you pay",B,名詞 (Noun / 명사)，如 사람（人）、집（家）。
3221,탄생하다,tansaenghada,誕生,To be born,C,動詞 (Verb / 동사)，如 하다（做）、가다（去）。
3222,하숙집,hasukjip,寄宿家庭、寄宿房,"Dormitory, boarding house",B,名詞 (Noun / 명사)，如 사람（人）、집（家）。
3223,학급,hakgeup,班級,A class (school),C,名詞 (Noun / 명사)，如 사람（人）、집（家）。
3224,해군,haegun,海軍,The navy,C,名詞 (Noun / 명사)，如 사람（人）、집（家）。
3225,효율적,hyoyuljeok,有效率的、效益的,"The utility factor, efficiency",C,名詞 (Noun / 명사)，如 사람（人）、집（家）。
3226,가슴속,gaseumsok,內心深處、心中,one’s heart feelings,B,名詞 (Noun / 명사)，如 사람（人）、집（家）。
3227,간,gan,鹹淡、鹹味、鹽分,A salty taste or saltiness,C,名詞 (Noun / 명사)，如 사람（人）、집（家）。
3228,간판,ganpan,招牌、看板,A signboard,C,名詞 (Noun / 명사)，如 사람（人）、집（家）。
3229,건드리다,geondeurida,觸碰、招惹、撩撥,1) touch or jog 2) irritate or vex,C,動詞 (Verb / 동사)，如 하다（做）、가다（去）。
3230,관리하다,gwanrihada,管理、照管、監管,To manage or control or supervise or manage,C,動詞 (Verb / 동사)，如 하다（做）、가다（去）。
3231,괴로움,goeroum,痛苦、煩惱,Trouble or annoyance or distress,C,名詞 (Noun / 명사)，如 사람（人）、집（家）。
3232,근거하다,geungeohada,根據、基於,To base sth on sth,C,動詞 (Verb / 동사)，如 하다（做）、가다（去）。
3233,금액,geumaek,金額、款項,Amount ofmoney,C,名詞 (Noun / 명사)，如 사람（人）、집（家）。
3234,다행히,dahaenghi,幸好、萬幸地,Fortunately,B,副詞 (Adverb / 부사)，如 더（更）、잘（好）。
3235,달래다,dalraeda,安撫、哄勸,Calm down,C,動詞 (Verb / 동사)，如 하다（做）、가다（去）。
3236,말리다,malrida,勸阻、阻止,Make stop,C,動詞 (Verb / 동사)，如 하다（做）、가다（去）。
3237,맘,mam,心思、心思意念（마음的略語）,Heart,C,名詞 (Noun / 명사)，如 사람（人）、집（家）。
3238,먹다,meokda,吃 / 蒙受（接續助動詞詞根）,"VST + 먹다 , adds no meaning",A,補助用言 (Auxiliary / 補助用言 (Auxiliary / 보조용언)，如 ～버리다、～싶다。조용언)，如 ～버리다、～싶다。
3239,명절,myeongjeol,傳統節日、節慶,Festival days,B,名詞 (Noun / 명사)，如 사람（人）、집（家）。
3240,못하다,mothada,不如、比不上,"Be inferior, worse than",C,形容詞 (Adjective / 형용사)，如 크다（大）、좋다（好）。
3241,바이올린,baiolrin,小提琴,Violin,B,名詞 (Noun / 명사)，如 사람（人）、집（家）。
3242,밝혀내다,bakhyeonaeda,查明、揭發、查出,To find out,C,動詞 (Verb / 동사)，如 하다（做）、가다（去）。
3243,부서지다,buseojida,破碎、破裂（被動）,"Break, be broken",C,動詞 (Verb / 동사)，如 하다（做）、가다（去）。
3244,비행,bihaeng,飛行 / 不良行為,"Flying, aviation",C,名詞 (Noun / 명사)，如 사람（人）、집（家）。
3245,상관없다,sanggwaneopda,沒關係、無關,To not be of concern,C,形容詞 (Adjective / 형용사)，如 크다（大）、좋다（好）。
3246,성립하다,seongriphada,成立、形成,"To exist, to come into being",C,動詞 (Verb / 동사)，如 하다（做）、가다（去）。
3247,수명,sumyeong,壽命,Life span,C,名詞 (Noun / 명사)，如 사람（人）、집（家）。
3248,시즌,sijeun,賽季、季節,Season,C,名詞 (Noun / 명사)，如 사람（人）、집（家）。
3249,신기하다,singihada,神奇、奇妙,"To be marvelous,astounding",C,形容詞 (Adjective / 형용사)，如 크다（大）、좋다（好）。
3250,업다,eopda,背、負,"To carry on one’s back, to shoulder sth",C,動詞 (Verb / 동사)，如 하다（做）、가다（去）。
3251,예감,yegam,預感,"A presentiment, a premonition",C,名詞 (Noun / 명사)，如 사람（人）、집（家）。
3252,음식물,eumsingmul,食物、飲食,Anything to eat or drink,C,名詞 (Noun / 명사)，如 사람（人）、집（家）。
3253,자신감,jasingam,自信心,Self-confidence,C,名詞 (Noun / 명사)，如 사람（人）、집（家）。
3254,죄인,joein,罪人、犯人,A criminal,C,名詞 (Noun / 명사)，如 사람（人）、집（家）。
3255,주의하다,juuihada,注意、小心,Pay attention to,C,動詞 (Verb / 동사)，如 하다（做）、가다（去）。
3256,준비물,junbimul,準備物品、備品,Stuff that needs to be prepared,B,名詞 (Noun / 명사)，如 사람（人）、집（家）。
3257,천,cheon,布料、布匹,"Cloth, woven stuff",C,名詞 (Noun / 명사)，如 사람（人）、집（家）。
3258,출입,churip,出入、進出,Coming and going,B,名詞 (Noun / 명사)，如 사람（人）、집（家）。
3259,쾌감,kwaegam,快感、愜意,"A pleasant sensation, a good feeling",C,名詞 (Noun / 명사)，如 사람（人）、집（家）。
3260,탄생,tansaeng,誕生,Birth,C,名詞 (Noun / 명사)，如 사람（人）、집（家）。
3261,튀다,twida,濺起、彈跳、突顯,"Spring, bound, jump",C,動詞 (Verb / 동사)，如 하다（做）、가다（去）。
3262,하필,hapil,何必、偏偏,Why necessarily? Why of all things?,C,副詞 (Adverb / 부사)，如 더（更）、잘（好）。
3263,활용,hwaryong,活用、利用,Practical use,C,名詞 (Noun / 명사)，如 사람（人）、집（家）。
3264,회색,hoesaek,灰色,Gray,B,名詞 (Noun / 명사)，如 사람（人）、집（家）。
3265,거액,geoaek,巨款、大筆資金,A large sum of money,C,名詞 (Noun / 명사)，如 사람（人）、집（家）。
3266,고교,gogyo,高中、高等學校,High school,B,名詞 (Noun / 명사)，如 사람（人）、집（家）。
3267,고집하다,gojiphada,固執、堅持,To be stubborn or persistent,C,動詞 (Verb / 동사)，如 하다（做）、가다（去）。
3268,곧잘,gotjal,頗為、蠻會、經常,1) fairly or pretty well 2) frequently or too often,C,副詞 (Adverb / 부사)，如 더（更）、잘（好）。
3269,골짜기,goljjagi,山谷、峽谷,A valley or gorge,C,名詞 (Noun / 명사)，如 사람（人）、집（家）。
3270,교훈,gyohun,教訓、訓誡,Edification or giving instructions to,C,名詞 (Noun / 명사)，如 사람（人）、집（家）。
3271,구르다,gureuda,翻滾、打滾,Roll over,C,動詞 (Verb / 동사)，如 하다（做）、가다（去）。
3272,글씨,geulssi,字跡、字體,1) Handwriting 2) a letter or an ideograph or a character,B,名詞 (Noun / 명사)，如 사람（人）、집（家）。
3273,노래방,noraebang,卡拉OK、練歌房,Singing room,B,名詞 (Noun / 명사)，如 사람（人）、집（家）。
3274,단편,danpyeon,短篇 / 片段,"A piece, fragment",C,名詞 (Noun / 명사)，如 사람（人）、집（家）。
3275,대처하다,daecheohada,應對、處置,"Disposal, treatment",C,動詞 (Verb / 동사)，如 하다（做）、가다（去）。
3276,매다,maeda,繫、綁、打（領帶）,Tie,B,動詞 (Verb / 동사)，如 하다（做）、가다（去）。
3277,머리카락,meorikarak,頭髮,Headhair,B,名詞 (Noun / 명사)，如 사람（人）、집（家）。
3278,명확하다,myeonghwakhada,明確、確切,"clear,precise",C,形容詞 (Adjective / 형용사)，如 크다（大）、좋다（好）。
3279,발걸음,balgeoreum,腳步、步伐,"Gait, step",C,名詞 (Noun / 명사)，如 사람（人）、집（家）。
3280,발길,balgil,踢、腳步、行蹤,"A kick; walking pace, steps",C,動詞 (Verb / 동사)，如 하다（做）、가다（去）。
3281,벌레,beolre,蟲子、昆蟲,A bug,B,名詞 (Noun / 명사)，如 사람（人）、집（家）。
3282,빼앗기다,ppaeatgida,被奪走、被搶走（被動）,A thing be taken away,C,動詞 (Verb / 동사)，如 하다（做）、가다（去）。
3283,생산자,saengsanja,生產者、廠商,A producer,C,名詞 (Noun / 명사)，如 사람（人）、집（家）。
3284,선진,seonjin,先進,"seniority,advance",C,名詞 (Noun / 명사)，如 사람（人）、집（家）。
3285,성인,seongin,成年人、成人,An adult,B,名詞 (Noun / 명사)，如 사람（人）、집（家）。
3286,소매,somae,袖子 / 零售,1)a sleeve 2) a retail sale,C,名詞 (Noun / 명사)，如 사람（人）、집（家）。
3287,시멘트,simenteu,水泥,Cement,C,名詞 (Noun / 명사)，如 사람（人）、집（家）。
3288,신규,singyu,新設、新規定、新辦,"A new regulation, a new project, sth new on a big scale ; work being done anew",C,名詞 (Noun / 명사)，如 사람（人）、집（家）。
3289,신청하다,sincheonghada,申請,To apply (for),C,動詞 (Verb / 동사)，如 하다（做）、가다（去）。
3290,실은,sireun,其實、說實話,"In reality, to tell the truth",C,副詞 (Adverb / 부사)，如 더（更）、잘（好）。
3291,심판,simpan,裁判、審判,"referencing,umpireship",C,名詞 (Noun / 명사)，如 사람（人）、집（家）。
3292,안기다,angida,被擁抱、投入懷抱（被動）,to be embraced by sb (in their arms),C,動詞 (Verb / 동사)，如 하다（做）、가다（去）。
3293,양심,yangsim,良心,Conscience,C,名詞 (Noun / 명사)，如 사람（人）、집（家）。
3294,이사장,isajang,理事長、董事長,A director,C,名詞 (Noun / 명사)，如 사람（人）、집（家）。
3295,이자,ija,利息,Interest,C,名詞 (Noun / 명사)，如 사람（人）、집（家）。
3296,익숙해지다,iksukhaejida,漸漸習慣、變得熟練,To become accustomed to,B,動詞 (Verb / 동사)，如 하다（做）、가다（去）。
3297,자세하다,jasehada,詳細、細緻,Be detailed,C,形容詞 (Adjective / 형용사)，如 크다（大）、좋다（好）。
3298,저거,jeogeo,那個、那件東西,That thing over there,A,代名詞 (Pronoun / 대명사)，如 나（我）、우리（我們）、그（他）。
3299,저축,jeochuk,儲蓄、存錢,"savings,saving",B,名詞 (Noun / 명사)，如 사람（人）、집（家）。
3300,제비,jebi,燕子 / 抽籤,A swallow,C,名詞 (Noun / 명사)，如 사람（人）、집（家）。
3301,제안,jean,提案、提議,"A proposal,suggestion",C,名詞 (Noun / 명사)，如 사람（人）、집（家）。
3302,제안하다,jeanhada,提議、建議,"To propose,make a suggestion",C,動詞 (Verb / 동사)，如 하다（做）、가다（去）。
3303,증세,jeungse,症狀、病情,"Symptoms, a patient’s condition",B,名詞 (Noun / 명사)，如 사람（人）、집（家）。
3304,지난날,jinannal,往昔、過去的日子,"Old days, old times",C,名詞 (Noun / 명사)，如 사람（人）、집（家）。
3305,진급,jingeup,晉升、晉級,Promotion,C,名詞 (Noun / 명사)，如 사람（人）、집（家）。
3306,콩나물,kongnamul,豆芽、黃豆芽,Bean soup,B,名詞 (Noun / 명사)，如 사람（人）、집（家）。
3307,튀어나오다,twieonaoda,跳出、突起、蹦出,"Jump out, spring out",C,動詞 (Verb / 동사)，如 하다（做）、가다（去）。
3308,표준,pyojun,標準、規範,"A standard, norm, criteria",C,名詞 (Noun / 명사)，如 사람（人）、집（家）。
3309,항구,hanggu,港口、港灣,"A port, a harbor",C,名詞 (Noun / 명사)，如 사람（人）、집（家）。
3310,허용,heoyong,容許、准許,"Permission, allowance",C,名詞 (Noun / 명사)，如 사람（人）、집（家）。
3311,헬기,helgi,直升機,Helicopter,C,名詞 (Noun / 명사)，如 사람（人）、집（家）。
3312,간신히,gansinhi,勉強、好不容易,Narrowly or barely. 겨우,C,副詞 (Adverb / 부사)，如 더（更）、잘（好）。
3313,갈아입다,garaipda,換衣服,Change one’s clothes,B,動詞 (Verb / 동사)，如 하다（做）、가다（去）。
3314,감다,gamda,纏繞、捲繞,Wind up,C,動詞 (Verb / 동사)，如 하다（做）、가다（去）。
3315,같이하다,gatihada,一起做、共享,To do together or to share,C,動詞 (Verb / 동사)，如 하다（做）、가다（去）。
3316,거짓,geojit,謊言、虛假,Fabrication or fiction,B,名詞 (Noun / 명사)，如 사람（人）、집（家）。
3317,거품,geopum,泡沫、虛浮,Bubble,C,名詞 (Noun / 명사)，如 사람（人）、집（家）。
3318,걸어오다,georeooda,步行而來、走來,Come on foot or walk,A,動詞 (Verb / 동사)，如 하다（做）、가다（去）。
3319,공군,gonggun,空軍,The air force,C,名詞 (Noun / 명사)，如 사람（人）、집（家）。
3320,기술자,gisulja,技術員、技師,Technician,C,名詞 (Noun / 명사)，如 사람（人）、집（家）。
3321,나물,namul,野菜、涼拌菜,"Herbs, wild greens",B,名詞 (Noun / 명사)，如 사람（人）、집（家）。
3322,년생,nyeonsaeng,出生年份（...年生）,Year of birth,C,依存名詞 / 量詞 (Dependent Noun / 의존명사)，如 것（東西/事情）、개（個）、명（名）。
3323,달리기,dalrigi,跑步、奔跑,"A run, a spin",C,名詞 (Noun / 명사)，如 사람（人）、집（家）。
3324,대도시,daedosi,大城市、大都會,Large city,B,名詞 (Noun / 명사)，如 사람（人）、집（家）。
3325,도둑,doduk,小偷、盜賊,"A thief, a burglar",B,名詞 (Noun / 명사)，如 사람（人）、집（家）。
3326,도전,dojeon,挑戰,"Challenge, defiance",C,名詞 (Noun / 명사)，如 사람（人）、집（家）。
3327,면,myeon,面（行政區劃，鄉/面）,Subdivision of a county,C,名詞 (Noun / 명사)，如 사람（人）、집（家）。
3328,모자,moja,帽子 / 母子,A hat,A,名詞 (Noun / 명사)，如 사람（人）、집（家）。
3329,보조,bojo,補助、輔助,"assistance,aid",C,名詞 (Noun / 명사)，如 사람（人）、집（家）。
3330,불리하다,bulrihada,不利,"to be disadvantageous,unfavorable to/for",C,形容詞 (Adjective / 형용사)，如 크다（大）、좋다（好）。
3331,불편,bulpyeon,不便、不舒服,Inconvenience,C,名詞 (Noun / 명사)，如 사람（人）、집（家）。
3332,비비다,bibida,揉搓、拌（飯）,"rub,chafe",C,動詞 (Verb / 동사)，如 하다（做）、가다（去）。
3333,사과,sagwa,道歉、謝罪,An apology,C,名詞 (Noun / 명사)，如 사람（人）、집（家）。
3334,살아나다,saranada,復甦、甦醒、起死回生,"revive,be brought back to life",C,動詞 (Verb / 동사)，如 하다（做）、가다（去）。
3335,소파,sopa,沙發,Sofa,A,名詞 (Noun / 명사)，如 사람（人）、집（家）。
3336,속이다,sogida,欺騙、隱瞞,"deceive,cheat",C,動詞 (Verb / 동사)，如 하다（做）、가다（去）。
3337,수면,sumyeon,睡眠 / 水面,"sleep,slumber",C,名詞 (Noun / 명사)，如 사람（人）、집（家）。
3338,수천,sucheon,數千,Thousands,C,冠形詞 (Determiner / 관형사)，如 한（一個）、어떤（某種）。
3339,스무,seumu,二十（純韓文數詞）,20,A,冠形詞 (Determiner / 관형사)，如 한（一個）、어떤（某種）。
3340,승부,seungbu,勝負、輸贏,"A contest,match",C,名詞 (Noun / 명사)，如 사람（人）、집（家）。
3341,시기,sigi,時期、時候 / 嫉妒,"The time, the season",C,名詞 (Noun / 명사)，如 사람（人）、집（家）。
3342,신념,sinnyeom,信念,"belief,faith",C,名詞 (Noun / 명사)，如 사람（人）、집（家）。
3343,신입생,sinipsaeng,新生、大一新生,A new student,B,名詞 (Noun / 명사)，如 사람（人）、집（家）。
3344,어린아이,eorinai,小孩、幼童,"A youngster, a child",B,名詞 (Noun / 명사)，如 사람（人）、집（家）。
3345,어쩐지,eojjeonji,不知怎麼地、怪不得,"(1) somehow, in a strange way ; (2) in combination with an ending giving a reason to place stress on the action of the verb",B,副詞 (Adverb / 부사)，如 더（更）、잘（好）。
3346,여간,yeogan,普通、平常（多加否定表示極其）,"Some, a little (여간 ~지 않다 means very very ~다)",C,副詞 (Adverb / 부사)，如 더（更）、잘（好）。
3347,역,yeok,車站、火車站,A railroad station/depot,A,名詞 (Noun / 명사)，如 사람（人）、집（家）。
3348,연락하다,yeonrakhada,聯絡、聯繫,"To contact, get in touch with",B,動詞 (Verb / 동사)，如 하다（做）、가다（去）。
3349,영향력,yeonghyangryeok,影響力,"Influence, power to influence",C,名詞 (Noun / 명사)，如 사람（人）、집（家）。
3350,예의,yeui,禮儀、禮貌,"Courtesy, politeness",C,名詞 (Noun / 명사)，如 사람（人）、집（家）。
3351,이내,inae,以內、之內,"within,less than",C,名詞 (Noun / 명사)，如 사람（人）、집（家）。
3352,이리저리,irijeori,這兒那兒、到處,"This way and that, here and there",C,副詞 (Adverb / 부사)，如 더（更）、잘（好）。
3353,인간적,inganjeok,充滿人情味的、人性的,Personal,C,名詞 (Noun / 명사)，如 사람（人）、집（家）。
3354,인사하다,insahada,打招呼、行禮、問候,"To greet, say hello",A,動詞 (Verb / 동사)，如 하다（做）、가다（去）。
3355,임금,imgeum,君王、國王 / 工資,"A king, ruler,sovereign",C,名詞 (Noun / 명사)，如 사람（人）、집（家）。
3356,잘나다,jalnada,出眾、了不起、英俊,"To be handsome,excellent",C,形容詞 (Adjective / 형용사)，如 크다（大）、좋다（好）。
3357,재능,jaeneung,才能、才華,"talent,ability",C,名詞 (Noun / 명사)，如 사람（人）、집（家）。
3358,지불하다,jibulhada,支付、繳納,To pay,C,動詞 (Verb / 동사)，如 하다（做）、가다（去）。
3359,파출소,pachulso,派出所,"Small, local police box",C,名詞 (Noun / 명사)，如 사람（人）、집（家）。
3360,판,pan,木板、版,Board,C,名詞 (Noun / 명사)，如 사람（人）、집（家）。
3361,한문,hanmun,漢文、古文,"Chinese writing, chinese classics",C,名詞 (Noun / 명사)，如 사람（人）、집（家）。
3362,건네주다,geonnejuda,遞給、交給,To pass over or to put on the other side (of a river),C,動詞 (Verb / 동사)，如 하다（做）、가다（去）。
3363,결승,gyeolseung,決賽、決戰,The decision of the final round of a contest,C,名詞 (Noun / 명사)，如 사람（人）、집（家）。
3364,공공,gonggong,公共、公眾,The public or the common,C,名詞 (Noun / 명사)，如 사람（人）、집（家）。
3365,교양,gyoyang,教養、修養、文化,Culture or education,C,名詞 (Noun / 명사)，如 사람（人）、집（家）。
3366,국왕,gugwang,國王、君主,A king or a monarch,C,名詞 (Noun / 명사)，如 사람（人）、집（家）。
3367,규칙적,gyuchikjeok,規律的、規則的,Be regular or systematic,B,名詞 (Noun / 명사)，如 사람（人）、집（家）。
3368,극복,geukbok,克服,Conquest or subjugation,C,名詞 (Noun / 명사)，如 사람（人）、집（家）。
3369,글쎄요,geulsseyo,這個嘛、很難說,Now or well or let me see,B,名詞 (Noun / 명사)，如 사람（人）、집（家）。0
3370,내려지다,naeryeojida,被降下、下達（被動）,To become lower,C,動詞 (Verb / 동사)，如 하다（做）、가다（去）。
3371,냉동,naengdong,冷凍,Refrigeration,C,名詞 (Noun / 명사)，如 사람（人）、집（家）。
3372,녹다,nokda,融化、融解,To melt,C,動詞 (Verb / 동사)，如 하다（做）、가다（去）。
3373,대개,daegae,大多數、大體上,"Mostly, for the most part",C,名詞 (Noun / 명사)，如 사람（人）、집（家）。
3374,배추,baechu,大白菜,Chinese cabbage,B,名詞 (Noun / 명사)，如 사람（人）、집（家）。
3375,센터,senteo,中心、中心處,Center,B,名詞 (Noun / 명사)，如 사람（人）、집（家）。
3376,수염,suyeom,鬍鬚、鬍子,Beard,B,名詞 (Noun / 명사)，如 사람（人）、집（家）。
3377,수집하다,sujiphada,收集、蒐集,To collect,C,動詞 (Verb / 동사)，如 하다（做）、가다（去）。
3378,승객,seunggaek,乘客,Passenger,C,名詞 (Noun / 명사)，如 사람（人）、집（家）。
3379,싱싱하다,singsinghada,新鮮、水靈,"Be fresh, full of life",C,形容詞 (Adjective / 형용사)，如 크다（大）、좋다（好）。
3380,아아,aa,啊啊（感嘆詞）,Oh-oh!,B,名詞 (Noun / 명사)，如 사람（人）、집（家）。0
3381,어리다,eorida,泛起、含著（淚光）,one’s eyes dim with tears,B,動詞 (Verb / 동사)，如 하다（做）、가다（去）。
3382,여권,yeogwon,護照,A passport,A,名詞 (Noun / 명사)，如 사람（人）、집（家）。
3383,열쇠,yeolsoe,鑰匙,Lock,A,名詞 (Noun / 명사)，如 사람（人）、집（家）。
3384,오렌지,orenji,柳橙、柳丁,Orange,A,名詞 (Noun / 명사)，如 사람（人）、집（家）。
3385,외모,oemo,外貌、容貌,Outward appearance,C,名詞 (Noun / 명사)，如 사람（人）、집（家）。
3386,인공,ingong,人工、人造,"Art, human skill",C,名詞 (Noun / 명사)，如 사람（人）、집（家）。
3387,잠자리,jamjari,睡床、寢床 / 蜻蜓,Bed,C,名詞 (Noun / 명사)，如 사람（人）、집（家）。
3388,장남,jangnam,長子、大兒子,The eldest son,B,名詞 (Noun / 명사)，如 사람（人）、집（家）。
3389,저마다,jeomada,各自、每個人,"Each one, everyone",C,副詞 (Adverb / 부사)，如 더（更）、잘（好）。
3390,전국적,jeongukjeok,全國性的,National,C,名詞 (Noun / 명사)，如 사람（人）、집（家）。
3391,전반,jeonban,全盤、全面,"The whole, all, general",C,名詞 (Noun / 명사)，如 사람（人）、집（家）。
3392,제자리,jejari,原位、本來的位置,The proper/original place,C,名詞 (Noun / 명사)，如 사람（人）、집（家）。
3393,지루하다,jiruhada,乏味、無聊,Be tedious,C,形容詞 (Adjective / 형용사)，如 크다（大）、좋다（好）。
3394,척,cheok,艘（船隻量詞）,A few ships (vessels),C,依存名詞 / 量詞 (Dependent Noun / 의존명사)，如 것（東西/事情）、개（個）、명（名）。
3395,포도주,podoju,葡萄酒、紅酒,Grape wine,B,名詞 (Noun / 명사)，如 사람（人）、집（家）。
3396,학술,haksul,學術,"Science, learning, scolarship",C,名詞 (Noun / 명사)，如 사람（人）、집（家）。
3397,혈액,hyeoraek,血液,Blood,C,名詞 (Noun / 명사)，如 사람（人）、집（家）。
3398,화살,hwasal,箭、箭矢,An arrow,C,名詞 (Noun / 명사)，如 사람（人）、집（家）。
3399,화재,hwajae,火災、失火,"A fire, a blaze",C,名詞 (Noun / 명사)，如 사람（人）、집（家）。
3400,가르다,gareuda,分開、劃分、分辨,1) split or divide 2) distribute or share 3) distinguish or separate,C,動詞 (Verb / 동사)，如 하다（做）、가다（去）。
3401,각각,gakgak,各個、各自,Each and every,B,名詞 (Noun / 명사)，如 사람（人）、집（家）。
3402,간격,gangyeok,間隔、間距,A space or interval,C,名詞 (Noun / 명사)，如 사람（人）、집（家）。
3403,고함,goham,大喊、呼喊、咆哮,A shout or yell,C,名詞 (Noun / 명사)，如 사람（人）、집（家）。
3404,공격하다,gonggyeokhada,攻擊、進攻,To attack,C,動詞 (Verb / 동사)，如 하다（做）、가다（去）。
3405,그놈,geunom,那個傢伙、那小子,That person or that guy,C,代名詞 (Pronoun / 대명사)，如 나（我）、우리（我們）、그（他）。
3406,기록되다,girokdoeda,被記錄、載入（被動）,To be recorded or written down,C,動詞 (Verb / 동사)，如 하다（做）、가다（去）。
3407,끝없다,kkeuteopda,無休止、無止境,Endless or unfathomable,C,形容詞 (Adjective / 형용사)，如 크다（大）、좋다（好）。
3408,끼어들다,kkieodeulda,插嘴、插隊、插足,Interrupt,C,動詞 (Verb / 동사)，如 하다（做）、가다（去）。
3409,노선,noseon,路線,Route,C,名詞 (Noun / 명사)，如 사람（人）、집（家）。
3410,답,dap,答案、答覆,Answer,C,名詞 (Noun / 명사)，如 사람（人）、집（家）。
3411,대사,daesa,台詞、對話 / 大使,"Speech, dialogue",C,名詞 (Noun / 명사)，如 사람（人）、집（家）。
3412,도망치다,domangchida,逃跑、逃走,To make an escape,C,動詞 (Verb / 동사)，如 하다（做）、가다（去）。
3413,독서,dokseo,讀書、閱讀,Reading,B,名詞 (Noun / 명사)，如 사람（人）、집（家）。
3414,땅속,ttangsok,地下、泥土中,In the soil,C,名詞 (Noun / 명사)，如 사람（人）、집（家）。
3415,벌금,beolgeum,罰金、罰款,A fine,C,名詞 (Noun / 명사)，如 사람（人）、집（家）。
3416,복,bok,福氣、福祉,"luck,happiness",C,名詞 (Noun / 명사)，如 사람（人）、집（家）。
3417,봉사,bongsa,奉獻、服務 / 盲人,"service,attendance",C,名詞 (Noun / 명사)，如 사람（人）、집（家）。
3418,부서,buseo,部門、崗位,"one’s post,duty",C,名詞 (Noun / 명사)，如 사람（人）、집（家）。
3419,성,seong,城堡、要塞 / 姓氏,"castle,fortress",C,名詞 (Noun / 명사)，如 사람（人）、집（家）。
3420,소형,sohyeong,小型,Small size,C,名詞 (Noun / 명사)，如 사람（人）、집（家）。
3421,신인,sinin,新人、新人演員,A new man,C,名詞 (Noun / 명사)，如 사람（人）、집（家）。
3422,악몽,angmong,噩夢,Nightmare,C,名詞 (Noun / 명사)，如 사람（人）、집（家）。
3423,안내,annae,導覽、引導、接待,"Guidance, conducting",C,名詞 (Noun / 명사)，如 사람（人）、집（家）。
3424,앞뒤,apdwi,前後,Before and behind,B,名詞 (Noun / 명사)，如 사람（人）、집（家）。
3425,언덕,eondeok,山丘、丘陵、山坡,A hill,C,名詞 (Noun / 명사)，如 사람（人）、집（家）。
3426,열정,yeoljeong,熱情、激情,Passion,C,名詞 (Noun / 명사)，如 사람（人）、집（家）。
3427,오페라,opera,歌劇,An opera,C,名詞 (Noun / 명사)，如 사람（人）、집（家）。
3428,입맛,immat,胃口、食慾、口味,"Appetite, taste, palate",C,名詞 (Noun / 명사)，如 사람（人）、집（家）。
3429,재즈,jaejeu,爵士樂,Jazz,C,名詞 (Noun / 명사)，如 사람（人）、집（家）。
3430,적응하다,jeogeunghada,適應,"Be suited to, adapted to",C,動詞 (Verb / 동사)，如 하다（做）、가다（去）。
3431,절대,jeoldae,絕對,Absoluteness,C,名詞 (Noun / 명사)，如 사람（人）、집（家）。
3432,접시,jeopsi,碟子、盤子,"A plate,platter",B,名詞 (Noun / 명사)，如 사람（人）、집（家）。
3433,제공,jegong,提供、供應,An offer,C,名詞 (Noun / 명사)，如 사람（人）、집（家）。
3434,지나치다,jinachida,過度、過分 / 經過,"Go too far, to go to extremes",C,動詞 (Verb / 동사)，如 하다（做）、가다（去）。
3435,참가,chamga,參加、參與,"participation,joining",C,名詞 (Noun / 명사)，如 사람（人）、집（家）。
3436,체중,chejung,體重,Body weight,B,名詞 (Noun / 명사)，如 사람（人）、집（家）。
3437,추석,chuseok,中秋節,Korean thanksgiving,C,名詞 (Noun / 명사)，如 사람（人）、집（家）。
3438,충돌,chungdol,衝突、相撞,"A collision, clash; discord",C,名詞 (Noun / 명사)，如 사람（人）、집（家）。
3439,통로,tongro,通道、走廊、走道,"A passage, a way, an aisle",C,名詞 (Noun / 명사)，如 사람（人）、집（家）。
3440,포장,pojang,包裝 / 鋪設,"packing,wrapping",B,名詞 (Noun / 명사)，如 사람（人）、집（家）。
3441,해소,haeso,消除、緩解、解除,"Dissolution, disorganization",C,名詞 (Noun / 명사)，如 사람（人）、집（家）。
3442,현관,hyeongwan,玄關、正門門廳,"The porch, the entrance",B,名詞 (Noun / 명사)，如 사람（人）、집（家）。
3443,현대인,hyeondaein,現代人,A modern person,C,名詞 (Noun / 명사)，如 사람（人）、집（家）。
3444,혜택,hyetaek,惠澤、優惠、好處,"A favor, benefit",C,名詞 (Noun / 명사)，如 사람（人）、집（家）。
3445,호수,hosu,湖泊、湖,A lake,B,名詞 (Noun / 명사)，如 사람（人）、집（家）。
3446,확,hwak,猛然、撲鼻、一下子,"With a burst, great puff",C,副詞 (Adverb / 부사)，如 더（更）、잘（好）。
3447,건너가다,geonneogada,渡過、越過（過河/街）,To cross or go over (river or street),B,動詞 (Verb / 동사)，如 하다（做）、가다（去）。
3448,골고루,golgoru,均勻地、平均地,Evenly or among all indiscriminately,C,副詞 (Adverb / 부사)，如 더（更）、잘（好）。
3449,구석구석,guseokguseok,每個角落、處處,Every nook and corner,C,名詞 (Noun / 명사)，如 사람（人）、집（家）。
3450,그제서야,geujeseoya,直到那時、這才,Then,C,副詞 (Adverb / 부사)，如 더（更）、잘（好）。
3451,껌,kkeom,口香糖,Gum,B,名詞 (Noun / 명사)，如 사람（人）、집（家）。
3452,녹색,noksaek,綠色,Green,B,名詞 (Noun / 명사)，如 사람（人）、집（家）。
3453,막내,mangnae,老么、排行最小的孩子,The lastborn,B,名詞 (Noun / 명사)，如 사람（人）、집（家）。
3454,반복되다,banbokdoeda,被反覆、重復（被動）,To be repeated,C,動詞 (Verb / 동사)，如 하다（做）、가다（去）。
3455,발전,baljeon,發電 / 發展,Generate electricity,C,名詞 (Noun / 명사)，如 사람（人）、집（家）。
3456,방해,banghae,妨礙、干擾,"An obstacle, hindrance",C,名詞 (Noun / 명사)，如 사람（人）、집（家）。
3457,번호,beonho,號碼、編號,A number,A,名詞 (Noun / 명사)，如 사람（人）、집（家）。
3458,벼,byeo,水稻、稻子,A rice plant,C,名詞 (Noun / 명사)，如 사람（人）、집（家）。
3459,본인,bonin,本人、當事人,Person in question,C,名詞 (Noun / 명사)，如 사람（人）、집（家）。
3460,상점,sangjeom,商店、店鋪,"A shop,store",C,名詞 (Noun / 명사)，如 사람（人）、집（家）。
3461,수백,subaek,數百,Hundreds,C,冠形詞 (Determiner / 관형사)，如 한（一個）、어떤（某種）。
3462,실장,siljang,室長、主管,"boss,president",C,名詞 (Noun / 명사)，如 사람（人）、집（家）。
3463,쓸쓸하다,sseulsseulhada,寂寞、淒涼,"Be lonely,lonesome",C,形容詞 (Adjective / 형용사)，如 크다（大）、좋다（好）。
3464,악수,aksu,握手 / 臭棋,Handshake,B,名詞 (Noun / 명사)，如 사람（人）、집（家）。
3465,애,ae,焦急、心力 / 小孩,"Troubles, worries",C,名詞 (Noun / 명사)，如 사람（人）、집（家）。
3466,어지럽다,eojireopda,頭暈、暈眩 / 混亂,"To be dizzy 2) to be in chaos, disorganized",C,形容詞 (Adjective / 형용사)，如 크다（大）、좋다（好）。
3467,어찌하다,eojjihada,如何是好、不知所措,"Be subject to an attack of vertigo (figuratively), to not know what the hell is going on or what to do.",C,動詞 (Verb / 동사)，如 하다（做）、가다（去）。
3468,예정되다,yejeongdoeda,預定、排定（被動）,"Make a program, set a schedule",C,動詞 (Verb / 동사)，如 하다（做）、가다（去）。
3469,이중,ijung,雙重、二重,"duplication,double",C,名詞 (Noun / 명사)，如 사람（人）、집（家）。
3470,인원,inwon,人員、人數,The number of persons,B,名詞 (Noun / 명사)，如 사람（人）、집（家）。
3471,인정받다,injeongbatda,獲得認可、受肯定,To receive recognition,C,動詞 (Verb / 동사)，如 하다（做）、가다（去）。
3472,인터뷰,inteobyu,採訪、訪談、面試,Interview,B,名詞 (Noun / 명사)，如 사람（人）、집（家）。
3473,입학하다,iphakhada,入學,To enter/be admitted into a school,B,動詞 (Verb / 동사)，如 하다（做）、가다（去）。
3474,자랑,jarang,自豪、驕傲、誇耀,Pride,C,名詞 (Noun / 명사)，如 사람（人）、집（家）。
3475,저것,jeogeot,那個、那樣東西,That thing over there,A,代名詞 (Pronoun / 대명사)，如 나（我）、우리（我們）、그（他）。
3476,정문,jeongmun,正門、大門,"The front gate,main entrance",B,名詞 (Noun / 명사)，如 사람（人）、집（家）。
3477,착각,chakgak,錯覺、誤解,"Hallucination, illusion",C,名詞 (Noun / 명사)，如 사람（人）、집（家）。
3478,창,chang,窗戶 / 標槍,Window,C,名詞 (Noun / 명사)，如 사람（人）、집（家）。
3479,친정,chinjeong,娘家,A woman’s maiden home and family,C,名詞 (Noun / 명사)，如 사람（人）、집（家）。
3480,켜지다,kyeojida,被點亮、開啟（被動）,To become turned on,B,動詞 (Verb / 동사)，如 하다（做）、가다（去）。
3481,타입,taip,類型、型態,Type,C,名詞 (Noun / 명사)，如 사람（人）、집（家）。
3482,팩,paek,面膜、包裝盒,Pack,B,名詞 (Noun / 명사)，如 사람（人）、집（家）。
3483,표시하다,pyosihada,表示、標記、標示,"To make a sign, display",B,動詞 (Verb / 동사)，如 하다（做）、가다（去）。
3484,행하다,haenghada,實施、踐行、進行,"To do, act, behave",C,動詞 (Verb / 동사)，如 하다（做）、가다（去）。
3485,활짝,hwaljjak,敞開、燦爛地,"extensively,widely",C,副詞 (Adverb / 부사)，如 더（更）、잘（好）。
3486,감상하다,gamsanghada,欣賞、鑑賞,To show appreciation,B,動詞 (Verb / 동사)，如 하다（做）、가다（去）。
3487,개별,gaebyeol,個別、各個,An individual or a particular case,C,名詞 (Noun / 명사)，如 사람（人）、집（家）。
3488,공식적,gongsikjeok,正式的、官方的,Formal or procedural,C,名詞 (Noun / 명사)，如 사람（人）、집（家）。
3489,그런대로,geureondaero,還算、尚可、將就,Such as it is or anyways,C,副詞 (Adverb / 부사)，如 더（更）、잘（好）。
3490,기독교,gidokgyo,基督教,Christianity,C,名詞 (Noun / 명사)，如 사람（人）、집（家）。
3491,깨달음,kkaedareum,領悟、體會、覺察,Realization,C,名詞 (Noun / 명사)，如 사람（人）、집（家）。
3492,끼다,kkida,籠罩（煙霧） / 夾在,To smoke,B,動詞 (Verb / 동사)，如 하다（做）、가다（去）。
3493,넘어지다,neomeojida,摔倒、倒下,"Fall down, collapse",B,動詞 (Verb / 동사)，如 하다（做）、가다（去）。
3494,눈부시다,nunbusida,耀眼、奪目,To be dazzling,C,形容詞 (Adjective / 형용사)，如 크다（大）、좋다（好）。
3495,단점,danjeom,缺點、短處,A weak point,B,名詞 (Noun / 명사)，如 사람（人）、집（家）。
3496,마음먹다,maeummeokda,下定決心,Be determined to,C,動詞 (Verb / 동사)，如 하다（做）、가다（去）。
3497,목록,mokrok,目錄、清單,Catalogue,C,名詞 (Noun / 명사)，如 사람（人）、집（家）。
3498,반복하다,banbokhada,反覆、重復,To repeat,B,動詞 (Verb / 동사)，如 하다（做）、가다（去）。
3499,반성하다,banseonghada,反省,Examine oneself,C,動詞 (Verb / 동사)，如 하다（做）、가다（去）。
3500,별명,byeolmyeong,綽號、外號,"nickname,alias",C,名詞 (Noun / 명사)，如 사람（人）、집（家）。
3501,보전,bojeon,保全、保存,"ingegrity,preservation",C,名詞 (Noun / 명사)，如 사람（人）、집（家）。
3502,불어오다,bureooda,吹來（風）,Call to come,C,動詞 (Verb / 동사)，如 하다（做）、가다（去）。
3503,소유하다,soyuhada,擁有、持有,"To possess,hold",C,動詞 (Verb / 동사)，如 하다（做）、가다（去）。
3504,수박,subak,西瓜,Watermelon,A,名詞 (Noun / 명사)，如 사람（人）、집（家）。
3505,스위치,seuwichi,開關,Switch,C,名詞 (Noun / 명사)，如 사람（人）、집（家）。
3506,신세,sinse,恩情、受人照顧 / 身世,"indebtedness,obligation",C,名詞 (Noun / 명사)，如 사람（人）、집（家）。
3507,알아내다,aranaeda,查出、打聽出,To find out (e.g. the answer),C,動詞 (Verb / 동사)，如 하다（做）、가다（去）。
3508,암,am,癌症,Cancer,B,名詞 (Noun / 명사)，如 사람（人）、집（家）。
3509,야단,yadan,大吵大鬧 / 責罵,"A clamro, uproar 2) a scolding",C,名詞 (Noun / 명사)，如 사람（人）、집（家）。
3510,얘,yae,餵（招呼語） / 是,Yes.,C,名詞 (Noun / 명사)，如 사람（人）、집（家）。0
3511,엔,en,日圓,Yen (japanese),B,依存名詞 / 量詞 (Dependent Noun / 의존명사)，如 것（東西/事情）、개（個）、명（名）。
3512,연결,yeongyeol,連結、連接,"Connection, linking",C,名詞 (Noun / 명사)，如 사람（人）、집（家）。
3513,연관,yeongwan,關聯、關繫,"a connection, a grouping together, relationships",C,名詞 (Noun / 명사)，如 사람（人）、집（家）。
3514,용서하다,yongseohada,原諒、寬恕,"To pardon, to forgive",C,動詞 (Verb / 동사)，如 하다（做）、가다（去）。
3515,우정,ujeong,友情、友誼,Feeling of friendship,C,名詞 (Noun / 명사)，如 사람（人）、집（家）。
3516,육군,yukgun,陸軍,The army,C,名詞 (Noun / 명사)，如 사람（人）、집（家）。
3517,음식점,eumsikjeom,餐廳、飯店,Restaurant,C,名詞 (Noun / 명사)，如 사람（人）、집（家）。
3518,의논하다,uinonhada,討論、商議,"To consult,confer with, talk over a matter",C,動詞 (Verb / 동사)，如 하다（做）、가다（去）。
3519,인분,inbun,人份（餐點份數單位）,How many people counter for at restaurants,B,依存名詞 / 量詞 (Dependent Noun / 의존명사)，如 것（東西/事情）、개（個）、명（名）。
3520,주요하다,juyohada,主要,"To be chief,principal,leading",C,形容詞 (Adjective / 형용사)，如 크다（大）、좋다（好）。
3521,죽,juk,粥、稀飯,Rice porridge,B,名詞 (Noun / 명사)，如 사람（人）、집（家）。
3522,차마,chama,忍心、忍痛（加否定表示不忍）,For all the world,C,副詞 (Adverb / 부사)，如 더（更）、잘（好）。
3523,참조,chamjo,參照、參考,"reference,comparison",C,名詞 (Noun / 명사)，如 사람（人）、집（家）。
3524,첫째,cheotjjae,第一、首要,The first,A,冠形詞 (Determiner / 관형사)，如 한（一個）、어떤（某種）。
3525,타고나다,tagonada,天生、生來具備,"Be born, gifted/endowed with",C,動詞 (Verb / 동사)，如 하다（做）、가다（去）。
3526,태우다,taeuda,載（人）、搭載,"To take in a car, give a ride to",B,動詞 (Verb / 동사)，如 하다（做）、가다（去）。
3527,행사,haengsa,行使、使用,"Use, exercise",C,名詞 (Noun / 명사)，如 사람（人）、집（家）。
3528,향수,hyangsu,香水 / 鄉愁,A perfume,B,名詞 (Noun / 명사)，如 사람（人）、집（家）。
3529,허용되다,heoyongdoeda,獲准、被允許（被動）,"To be permitted, approved",C,動詞 (Verb / 동사)，如 하다（做）、가다（去）。
3530,가입,gaip,加入、加入會員,Entrance,C,名詞 (Noun / 명사)，如 사람（人）、집（家）。
3531,가정,gajeong,假定、設想 / 家庭,Supposition,C,名詞 (Noun / 명사)，如 사람（人）、집（家）。
3532,과자,gwaja,餅乾、點心、零食,A snack or pastries or candy,A,名詞 (Noun / 명사)，如 사람（人）、집（家）。
3533,교체,gyoche,替換、更替,Shift or change or alternate,C,名詞 (Noun / 명사)，如 사람（人）、집（家）。
3534,김,gim,海苔、紫菜 / 水蒸氣,"Seaweed, laver",B,名詞 (Noun / 명사)，如 사람（人）、집（家）。
3535,꼬마,kkoma,小不點、小孩子,A dwarf,C,名詞 (Noun / 명사)，如 사람（人）、집（家）。
3536,끝없이,kkeuteopsi,無休無止地、無邊無際地,Boundlessly,C,副詞 (Adverb / 부사)，如 더（更）、잘（好）。
3537,나르다,nareuda,運送、搬運,"to move a long or semi-long distance (not just within a room); Carry, convey, transport",C,動詞 (Verb / 동사)，如 하다（做）、가다（去）。
3538,놀리다,nolrida,取笑、逗弄 / 閒置,"Banter, tease",C,動詞 (Verb / 동사)，如 하다（做）、가다（去）。
3539,늘어놓다,neureonota,陳列、羅列、擺開,"(1) Scatter about haphazardly ; (2) 으로 늘어놓다 to arrange, place in order",C,動詞 (Verb / 동사)，如 하다（做）、가다（去）。
3540,닫히다,dathida,被關上、關閉（被動）,"To shut, be closed",B,動詞 (Verb / 동사)，如 하다（做）、가다（去）。
3541,대표하다,daepyohada,代表,Represent,C,動詞 (Verb / 동사)，如 하다（做）、가다（去）。
3542,대학교,daehakgyo,大學,University,A,名詞 (Noun / 명사)，如 사람（人）、집（家）。
3543,도로,doro,重新、依舊 / 道路,"Back, same as ever, same as it was before",B,副詞 (Adverb / 부사)，如 더（更）、잘（好）。
3544,막걸리,makgeolri,馬格利酒、米酒,A slightly bitter soju drink,C,名詞 (Noun / 명사)，如 사람（人）、집（家）。
3545,맡다,matda,聞、嗅 / 承擔,Smell,C,動詞 (Verb / 동사)，如 하다（做）、가다（去）。
3546,미스,miseu,小姐 / 失誤,Miss,C,名詞 (Noun / 명사)，如 사람（人）、집（家）。
3547,밀리다,milrida,被推遲、積壓 / 被推動（被動）,"to be left undone, to be late in making a payment (to fall into arrears) (2) to be pushed, shoved",C,動詞 (Verb / 동사)，如 하다（做）、가다（去）。
3548,밥그릇,bapgeureut,飯碗,A rice bown,B,名詞 (Noun / 명사)，如 사람（人）、집（家）。
3549,방문,bangmun,房門 / 訪問,A door of a room,B,名詞 (Noun / 명사)，如 사람（人）、집（家）。
3550,병들다,byeongdeulda,得病、患病,Get sick,B,動詞 (Verb / 동사)，如 하다（做）、가다（去）。
3551,부러지다,bureojida,折斷（被動）,"Break, get broken",C,動詞 (Verb / 동사)，如 하다（做）、가다（去）。
3552,불꽃,bulkkot,火花、火焰,"flame,blaze,spark",B,名詞 (Noun / 명사)，如 사람（人）、집（家）。
3553,상대성,sangdaeseong,相對性,Relativity,C,名詞 (Noun / 명사)，如 사람（人）、집（家）。
3554,설문,seolmun,問卷、問卷調查,questions like those on a questionnaire,C,名詞 (Noun / 명사)，如 사람（人）、집（家）。
3555,소설가,soseolga,小說家,Novelist,B,名詞 (Noun / 명사)，如 사람（人）、집（家）。
3556,쓸다,sseulda,打掃、清掃 / 撫摸,"brush, sweep perhaps lightly",C,動詞 (Verb / 동사)，如 하다（做）、가다（去）。
3557,안녕히,annyeonghi,平安地、安好地,Peacefully,A,副詞 (Adverb / 부사)，如 더（更）、잘（好）。
3558,안팎,anpak,內外、左右（數量）,"The interior and exterior, both sides",C,名詞 (Noun / 명사)，如 사람（人）、집（家）。
3559,예방하다,yebanghada,預防,"To protect, prevent, fend off",C,動詞 (Verb / 동사)，如 하다（做）、가다（去）。
3560,올,ol,今年（冠形詞，올해）,"Coming (year, week)",C,名詞 (Noun / 명사)，如 사람（人）、집（家）。
3561,유의하다,yuuihada,留意、注意,"To bear in mind, be heedful of",C,動詞 (Verb / 동사)，如 하다（做）、가다（去）。
3562,유학,yuhak,儒學,Confucianism,B,名詞 (Noun / 명사)，如 사람（人）、집（家）。
3563,이해되다,ihaedoeda,被理解（被動）,To be understood,C,動詞 (Verb / 동사)，如 하다（做）、가다（去）。
3564,인하,inha,調低、降價、下調,"reduction,lowering",C,名詞 (Noun / 명사)，如 사람（人）、집（家）。
3565,작성,jakseong,編寫、填寫、起草,"editing,composition ; filling out a form",C,名詞 (Noun / 명사)，如 사람（人）、집（家）。
3566,잘리다,jalrida,被切斷、被解雇（被動）,"Be snapped,broken,cut off",C,動詞 (Verb / 동사)，如 하다（做）、가다（去）。
3567,전달,jeondal,傳達、交付,Delivery,C,名詞 (Noun / 명사)，如 사람（人）、집（家）。
3568,전시회,jeonsihoe,展覽會,"An exhibition, show, display",C,名詞 (Noun / 명사)，如 사람（人）、집（家）。
3569,전화하다,jeonhwahada,打電話,To call,A,動詞 (Verb / 동사)，如 하다（做）、가다（去）。
3570,전환하다,jeonhwanhada,轉換、轉移,"To exchange, to convert, to change over",C,動詞 (Verb / 동사)，如 하다（做）、가다（去）。
3571,정치학,jeongchihak,政治學,Political science,C,名詞 (Noun / 명사)，如 사람（人）、집（家）。
3572,좌석,jwaseok,座位、席位,A seat,B,名詞 (Noun / 명사)，如 사람（人）、집（家）。
3573,주문,jumun,點餐、訂購、吩咐,"An order, a request",C,名詞 (Noun / 명사)，如 사람（人）、집（家）。
3574,집안일,jibanil,家務、家事,Housework,C,名詞 (Noun / 명사)，如 사람（人）、집（家）。
3575,체계적,chegyejeok,體系性的、系統性的,"Systematic, organizational",C,名詞 (Noun / 명사)，如 사람（人）、집（家）。
3576,출근,chulgeun,上班,Going to work,B,名詞 (Noun / 명사)，如 사람（人）、집（家）。
3577,크림,keurim,鮮奶油、乳霜,Cream,C,名詞 (Noun / 명사)，如 사람（人）、집（家）。
3578,탁월하다,tagwolhada,卓越、優秀,"Be excellent, prominished",C,形容詞 (Adjective / 형용사)，如 크다（大）、좋다（好）。
3579,텅,teong,空空蕩蕩地,Hollow,C,副詞 (Adverb / 부사)，如 더（更）、잘（好）。
3580,토하다,tohada,嘔吐、傾吐,To vomit,C,動詞 (Verb / 동사)，如 하다（做）、가다（去）。
3581,푹,puk,熟（睡）、充分地、深陷,"Completely, entirely",B,副詞 (Adverb / 부사)，如 더（更）、잘（好）。
3582,한순간,hansungan,一瞬間、轉瞬,One fleeting moment,C,名詞 (Noun / 명사)，如 사람（人）、집（家）。
3583,가사,gasa,歌詞 / 家務,Words or lyrics,C,名詞 (Noun / 명사)，如 사람（人）、집（家）。
3584,가입자,gaipja,加入者、用戶,Member or subscriber,C,名詞 (Noun / 명사)，如 사람（人）、집（家）。
3585,감소하다,gamsohada,減少,To reduce or diminish,C,動詞 (Verb / 동사)，如 하다（做）、가다（去）。
3586,개구리,gaeguri,青蛙,Frog,B,名詞 (Noun / 명사)，如 사람（人）、집（家）。
3587,결과적,gyeolgwajeok,結果性的,Resultative,C,名詞 (Noun / 명사)，如 사람（人）、집（家）。
3588,괴롭히다,goerophida,折磨、使苦惱,Afflict or worry,C,動詞 (Verb / 동사)，如 하다（做）、가다（去）。
3589,구별,gubyeol,區別、區分,A distinction or a separation,C,名詞 (Noun / 명사)，如 사람（人）、집（家）。
3590,깨우다,kkaeuda,叫醒、喚醒,To wake up or awaken,C,動詞 (Verb / 동사)，如 하다（做）、가다（去）。
3591,끈,kkeun,繩子、繩索,A string or a cord,C,名詞 (Noun / 명사)，如 사람（人）、집（家）。
3592,끊기다,kkeunkida,被切斷、斷絕（被動）,To be cut off or severed,C,動詞 (Verb / 동사)，如 하다（做）、가다（去）。
3593,끊임없다,kkeunimeopda,連綿不斷、接連不斷,To not end,C,形容詞 (Adjective / 형용사)，如 크다（大）、좋다（好）。
3594,넉넉하다,neongneokhada,充裕、富足,To be enough,C,形容詞 (Adjective / 형용사)，如 크다（大）、좋다（好）。
3595,두어,dueo,兩三個、兩二,"About two, a couple",C,冠形詞 (Determiner / 관형사)，如 한（一個）、어떤（某種）。
3596,마약,mayak,毒品、麻藥,A drug,C,名詞 (Noun / 명사)，如 사람（人）、집（家）。
3597,밑바닥,mitbadak,底層、底部,"The bottom,base",C,名詞 (Noun / 명사)，如 사람（人）、집（家）。
3598,보도되다,bododoeda,被報導（被動）,To be reported,C,動詞 (Verb / 동사)，如 하다（做）、가다（去）。
3599,보리,bori,大麥,Barley,C,名詞 (Noun / 명사)，如 사람（人）、집（家）。
3600,본부,bonbu,總部、本部,The headquarters,C,名詞 (Noun / 명사)，如 사람（人）、집（家）。
3601,부,bu,富裕、財富,"wealth,riches",C,名詞 (Noun / 명사)，如 사람（人）、집（家）。
3602,성숙하다,seongsukhada,成熟,"to ripen, to mature",C,動詞 (Verb / 동사)，如 하다（做）、가다（去）。
3603,소극적,sogeukjeok,消極的、被動的,"Passivity,passiveness",C,名詞 (Noun / 명사)，如 사람（人）、집（家）。
3604,소용,soyong,用處、效用,"use,usefulness",C,名詞 (Noun / 명사)，如 사람（人）、집（家）。
3605,손질하다,sonjilhada,修整、打理、修理,Handle with care,C,動詞 (Verb / 동사)，如 하다（做）、가다（去）。
3606,수건,sugeon,毛巾,Handkerchief,A,名詞 (Noun / 명사)，如 사람（人）、집（家）。
3607,순식간,sunsikgan,瞬間、剎那間,A brief instant,C,名詞 (Noun / 명사)，如 사람（人）、집（家）。
3608,시도,sido,嘗試、試圖,"An attempt,test",C,名詞 (Noun / 명사)，如 사람（人）、집（家）。
3609,시집,sijip,詩集,A collection of poems,C,名詞 (Noun / 명사)，如 사람（人）、집（家）。
3610,아무개,amugae,某某、某人,Mr. so-and-so,C,代名詞 (Pronoun / 대명사)，如 나（我）、우리（我們）、그（他）。
3611,약점,yakjeom,弱點、缺點,"A weak point, a vulnerable point",C,名詞 (Noun / 명사)，如 사람（人）、집（家）。
3612,양복,yangbok,西裝、西服,Western European style clothing,A,名詞 (Noun / 명사)，如 사람（人）、집（家）。
3613,어째서,eojjaeseo,為什麼、何故,"For what reason, why is that",C,不變化詞 / 獨立詞 / 未分類詞），用來標記如 그래도（即使那樣/仍然）、걔（那孩子）、그래（是的/那樣） 等
3614,얼다,eolda,結冰、凍結,"Freeze, be frozen",B,動詞 (Verb / 동사)，如 하다（做）、가다（去）。
3615,여,yeo,女、女性（冠形詞）,"A woman, a girl",B,名詞 (Noun / 명사)，如 사람（人）、집（家）。
3616,연령,yeonryeong,年齡,"Age, years of age",C,名詞 (Noun / 명사)，如 사람（人）、집（家）。
3617,예비,yebi,預備、儲備,"Preparation, reserve",C,名詞 (Noun / 명사)，如 사람（人）、집（家）。
3618,울음소리,ureumsori,哭聲,Sound of crying,C,名詞 (Noun / 명사)，如 사람（人）、집（家）。
3619,이놈,inom,這傢伙、這小子,That rascal!,C,代名詞 (Pronoun / 대명사)，如 나（我）、우리（我們）、그（他）。
3620,이력서,iryeokseo,履歷表、簡歷,"Curriculum vitae, a resume (for a job)",C,名詞 (Noun / 명사)，如 사람（人）、집（家）。
3621,인정되다,injeongdoeda,被認可、被承認（被動）,To be recognized,C,動詞 (Verb / 동사)，如 하다（做）、가다（去）。
3622,잠자다,jamjada,睡覺、入睡,Fall asleep,A,動詞 (Verb / 동사)，如 하다（做）、가다（去）。
3623,젓가락,jeotgarak,筷子,A pair of chopsticks,A,名詞 (Noun / 명사)，如 사람（人）、집（家）。
3624,주년,junyeon,週年,One whole year,C,依存名詞 / 量詞 (Dependent Noun / 의존명사)，如 것（東西/事情）、개（個）、명（名）。
3625,중단하다,jungdanhada,中斷、暫停,"To interrupt, to stop",C,動詞 (Verb / 동사)，如 하다（做）、가다（去）。
3626,중대하다,jungdaehada,重大,"importance,gravity",C,形容詞 (Adjective / 형용사)，如 크다（大）、좋다（好）。
3627,중심지,jungsimji,中心、核心地區,A central place,C,名詞 (Noun / 명사)，如 사람（人）、집（家）。
3628,집중적,jipjungjeok,集中的,Related to the concentration,C,名詞 (Noun / 명사)，如 사람（人）、집（家）。
3629,참되다,chamdoeda,真實、真誠,"To be true, honest, faithful",C,形容詞 (Adjective / 형용사)，如 크다（大）、좋다（好）。
3630,초청,chocheong,邀請、請,An invitation,C,名詞 (Noun / 명사)，如 사람（人）、집（家）。
3631,출판사,chulpansa,出版社,A publishing company,C,名詞 (Noun / 명사)，如 사람（人）、집（家）。
3632,탁자,takja,桌子、茶几,"A table, desk",C,名詞 (Noun / 명사)，如 사람（人）、집（家）。
3633,토끼,tokki,兔子,A rabbit,B,名詞 (Noun / 명사)，如 사람（人）、집（家）。
3634,퍽,peok,相當、頗為、非常,"Very, very much",C,副詞 (Adverb / 부사)，如 더（更）、잘（好）。
3635,풍속,pungsok,風俗、民俗,"Manners, customs, morals",C,名詞 (Noun / 명사)，如 사람（人）、집（家）。
3636,피아노,piano,鋼琴,Pian,A,名詞 (Noun / 명사)，如 사람（人）、집（家）。
3637,핑계,pinggye,藉口、託辭,Excuse,C,名詞 (Noun / 명사)，如 사람（人）、집（家）。
3638,한층,hancheung,更加、更進一層,"More, still more",C,副詞 (Adverb / 부사)，如 더（更）、잘（好）。
3639,행운,haengun,幸運、好運,"Good luck, good fortune",C,名詞 (Noun / 명사)，如 사람（人）、집（家）。
3640,가로막다,garomakda,阻擋、攔截,Interrupt or obstruct,C,動詞 (Verb / 동사)，如 하다（做）、가다（去）。
3641,간섭,ganseop,干涉、干預,Interfere or meddle,C,名詞 (Noun / 명사)，如 사람（人）、집（家）。
3642,갈증,galjeung,口渴、渴望,Thirst,C,名詞 (Noun / 명사)，如 사람（人）、집（家）。
3643,갑작스럽다,gapjakseureopda,突然、猝不及防,All of a sudden,C,形容詞 (Adjective / 형용사)，如 크다（大）、좋다（好）。
3644,교환하다,gyohwanhada,交換,To exchange,C,動詞 (Verb / 동사)，如 하다（做）、가다（去）。
3645,그래야,geuraeya,唯有那樣、才算,And so or and then,C,不變化詞 / 獨立詞 / 未分類詞），用來標記如 그래도（即使那樣/仍然）、걔（那孩子）、그래（是的/那樣） 等
3646,기원,giwon,起源、發源 / 祈願,Origin,C,名詞 (Noun / 명사)，如 사람（人）、집（家）。
3647,길가,gilga,路邊、街邊,The roadside,B,名詞 (Noun / 명사)，如 사람（人）、집（家）。
3648,난리,nanri,騷亂、亂子、戰亂,"A war, revolt",C,名詞 (Noun / 명사)，如 사람（人）、집（家）。
3649,남매,nammae,兄妹、姊弟,Brother and sister,B,名詞 (Noun / 명사)，如 사람（人）、집（家）。
3650,내버리다,naebeorida,拋棄、扔掉,Throw away,C,動詞 (Verb / 동사)，如 하다（做）、가다（去）。
3651,미사일,misail,飛彈、導彈,Missile,C,名詞 (Noun / 명사)，如 사람（人）、집（家）。
3652,발가락,balgarak,腳趾,A toe,B,名詞 (Noun / 명사)，如 사람（人）、집（家）。
3653,보존,bojon,保存、維護,Preservation,C,名詞 (Noun / 명사)，如 사람（人）、집（家）。
3654,보호되다,bohodoeda,受保護（被動）,To be protected,C,動詞 (Verb / 동사)，如 하다（做）、가다（去）。
3655,뵙다,boepda,拜見、謁見（敬語）,"see,meet",B,動詞 (Verb / 동사)，如 하다（做）、가다（去）。
3656,부치다,buchida,郵寄、寄出 / 煎（餅）,"to send, to post",B,動詞 (Verb / 동사)，如 하다（做）、가다（去）。
3657,상관,sanggwan,相關、關聯 / 上官,"Concern, relation",C,名詞 (Noun / 명사)，如 사람（人）、집（家）。
3658,설명되다,seolmyeongdoeda,被說明、解釋（被動）,To be explained,C,動詞 (Verb / 동사)，如 하다（做）、가다（去）。
3659,섭섭하다,seopseophada,依依不捨、難過、遺憾,"Be sorry,disappointed",C,形容詞 (Adjective / 형용사)，如 크다（大）、좋다（好）。
3660,세,se,世代、時代 / 三,"A generation,age,epoch",C,依存名詞 / 量詞 (Dependent Noun / 의존명사)，如 것（東西/事情）、개（個）、명（名）。
3661,세련되다,seryeondoeda,洗練、時尚、幹練,"To be polished,refined",C,形容詞 (Adjective / 형용사)，如 크다（大）、좋다（好）。
3662,손쉽다,sonswipda,輕易、簡便、唾手可得,"Be easy, simple",C,形容詞 (Adjective / 형용사)，如 크다（大）、좋다（好）。
3663,안주,anju,下酒菜,Appetizers for alcohol,B,名詞 (Noun / 명사)，如 사람（人）、집（家）。
3664,어린애,eorinae,小孩、小童,"A youngster, a child",B,名詞 (Noun / 명사)，如 사람（人）、집（家）。
3665,열기,yeolgi,熱氣、狂熱,"Heat, hot air",C,名詞 (Noun / 명사)，如 사람（人）、집（家）。
3666,옷차림,otcharim,服裝、衣著打扮,"Dress, one’s way of dressing",C,名詞 (Noun / 명사)，如 사람（人）、집（家）。
3667,위로하다,wirohada,慰問、安慰,"To console, soothe somebody",C,動詞 (Verb / 동사)，如 하다（做）、가다（去）。
3668,이같이,igati,如同這般、像這樣,"Like this, like so",C,副詞 (Adverb / 부사)，如 더（更）、잘（好）。
3669,인형,inhyeong,玩偶、娃娃,A doll,B,名詞 (Noun / 명사)，如 사람（人）、집（家）。
3670,일치,ilchi,一致、吻合,"Agreement, accord",C,名詞 (Noun / 명사)，如 사람（人）、집（家）。
3671,재생,jaesaeng,再生、復活、重播,"revival,restoration to life",C,名詞 (Noun / 명사)，如 사람（人）、집（家）。
3672,전철,jeoncheol,電車、地鐵 / 前轍,An electric railway,B,名詞 (Noun / 명사)，如 사람（人）、집（家）。
3673,찢어지다,jjijeojida,被撕破、破裂（被動）,"To be torn, rent",C,動詞 (Verb / 동사)，如 하다（做）、가다（去）。
3674,철학자,cheolhakja,哲學家,Philosopher,C,名詞 (Noun / 명사)，如 사람（人）、집（家）。
3675,축하하다,chukhahada,祝賀、慶祝,To Congratulate sb,A,動詞 (Verb / 동사)，如 하다（做）、가다（去）。
3676,컬러,keolreo,彩色、色彩,Color,C,名詞 (Noun / 명사)，如 사람（人）、집（家）。
3677,통화,tonghwa,通話 / 通貨（貨幣）,Conversation by telephone,C,名詞 (Noun / 명사)，如 사람（人）、집（家）。
3678,특이하다,teugihada,特異、獨特,"Be peculiar, special, unique",C,形容詞 (Adjective / 형용사)，如 크다（大）、좋다（好）。
3679,필연적,piryeonjeok,必然的,"Necessity, necessary",C,名詞 (Noun / 명사)，如 사람（人）、집（家）。
3680,하룻밤,harutbam,一夜、一晚,"One night, a single night",C,名詞 (Noun / 명사)，如 사람（人）、집（家）。
3681,흘러내리다,heulreonaerida,流淌而下、傾瀉,"Run (stream,pour) down",C,動詞 (Verb / 동사)，如 하다（做）、가다（去）。
3682,가짜,gajja,假的、贗品,Fake,B,名詞 (Noun / 명사)，如 사람（人）、집（家）。
3683,강도,gangdo,強度 / 強盜,Intensity or strength,C,名詞 (Noun / 명사)，如 사람（人）、집（家）。
3684,곰,gom,熊,Bear,B,名詞 (Noun / 명사)，如 사람（人）、집（家）。
3685,급히,geuphi,急忙地、趕緊,Fast or quickly or in a hurry,C,副詞 (Adverb / 부사)，如 더（更）、잘（好）。
3686,기념,ginyeom,紀念,Commemoration,C,名詞 (Noun / 명사)，如 사람（人）、집（家）。
3687,나아지다,naajida,好轉、改善,"Become better, be improved",C,動詞 (Verb / 동사)，如 하다（做）、가다（去）。
3688,넘어오다,neomeooda,翻越而來、越過,"Fall, come down",C,動詞 (Verb / 동사)，如 하다（做）、가다（去）。
3689,매너,maeneo,禮貌、風度,Manner,C,名詞 (Noun / 명사)，如 사람（人）、집（家）。
3690,민속,minsok,民俗,Folk-customs,C,名詞 (Noun / 명사)，如 사람（人）、집（家）。
3691,버려지다,beoryeojida,被拋棄、遺棄（被動）,"Take away, throw away to somewhere",C,動詞 (Verb / 동사)，如 하다（做）、가다（去）。
3692,빗물,binmul,雨水,Rainwater,B,名詞 (Noun / 명사)，如 사람（人）、집（家）。
3693,사위,sawi,女婿 / 周圍,"environment,surroundings",B,名詞 (Noun / 명사)，如 사람（人）、집（家）。
3694,설날,seolnal,元旦、春節,New Year’s Day,B,名詞 (Noun / 명사)，如 사람（人）、집（家）。
3695,설득하다,seoldeukhada,說服、勸導,Persuasion,C,動詞 (Verb / 동사)，如 하다（做）、가다（去）。
3696,손질,sonjil,修整、打理、照料,"handling,care",C,名詞 (Noun / 명사)，如 사람（人）、집（家）。
3697,손톱,sontop,指甲,Fingernail,B,名詞 (Noun / 명사)，如 사람（人）、집（家）。
3698,식빵,sikppang,吐司、吐司麵包,Bread,B,名詞 (Noun / 명사)，如 사람（人）、집（家）。
3699,아르바이트,areubaiteu,打工、兼職,Part time,C,名詞 (Noun / 명사)，如 사람（人）、집（家）。
3700,외로움,oeroum,孤獨、寂寞,Loneliness,C,名詞 (Noun / 명사)，如 사람（人）、집（家）。
3701,외우다,oeuda,背誦、背熟,Recite from memory,B,動詞 (Verb / 동사)，如 하다（做）、가다（去）。
3702,운전자,unjeonja,駕駛員、司機,The driver,B,名詞 (Noun / 명사)，如 사람（人）、집（家）。
3703,유리창,yurichang,玻璃窗,A window which uses glass,B,名詞 (Noun / 명사)，如 사람（人）、집（家）。
3704,입대,ipdae,入伍,"Enlistment, enrollment",C,名詞 (Noun / 명사)，如 사람（人）、집（家）。
3705,적성,jeokseong,適性、適應性,Aptitude,C,名詞 (Noun / 명사)，如 사람（人）、집（家）。
3706,전망하다,jeonmanghada,展望、預測,"Have a view of, observe",C,動詞 (Verb / 동사)，如 하다（做）、가다（去）。
3707,집단적,jipdanjeok,集體的、群體的,Collectively (of people),C,名詞 (Noun / 명사)，如 사람（人）、집（家）。
3708,차이점,chaijeom,差異處、不同點,A point of difference,C,名詞 (Noun / 명사)，如 사람（人）、집（家）。
3709,찬물,chanmul,冷水、涼水,Cold water,B,名詞 (Noun / 명사)，如 사람（人）、집（家）。
3710,철도,cheoldo,鐵路、鐵道,Railroad,C,名詞 (Noun / 명사)，如 사람（人）、집（家）。
3711,총각,chonggak,單身漢、未婚小伙子,"A bachelor, an unmarried man",C,名詞 (Noun / 명사)，如 사람（人）、집（家）。
3712,캠페인,kaempein,活動、倡導運動,Campaign,C,名詞 (Noun / 명사)，如 사람（人）、집（家）。
3713,태풍,taepung,颱風,Typhoon,B,名詞 (Noun / 명사)，如 사람（人）、집（家）。
3714,한눈,hannun,一眼、一瞥 / 分心,"A look, glampse, look",C,名詞 (Noun / 명사)，如 사람（人）、집（家）。
3715,햇볕,haetbyeot,陽光、日照,"Sunbeams, sunlight",B,名詞 (Noun / 명사)，如 사람（人）、집（家）。
3716,홍수,hongsu,洪水,"A flood, inundation",C,名詞 (Noun / 명사)，如 사람（人）、집（家）。
3717,가뭄,gamum,乾旱、旱災,A drought,C,名詞 (Noun / 명사)，如 사람（人）、집（家）。
3718,간접,ganjeop,間接,Indirectness,C,名詞 (Noun / 명사)，如 사람（人）、집（家）。
3719,강력히,gangryeokhi,強烈地、有力地,With great strengh or or might,C,副詞 (Adverb / 부사)，如 더（更）、잘（好）。
3720,개선되다,gaeseondoeda,被改善、改進（被動）,To be renovated or to get improved,C,動詞 (Verb / 동사)，如 하다（做）、가다（去）。
3721,건네다,geonneda,搭話、遞交,Speak to a person or address,C,動詞 (Verb / 동사)，如 하다（做）、가다（去）。
3722,게,ge,螃蟹,A crab,C,名詞 (Noun / 명사)，如 사람（人）、집（家）。
3723,결심,gyeolsim,決心,Determination or resolution,C,名詞 (Noun / 명사)，如 사람（人）、집（家）。
3724,곧장,gotjang,直奔、筆直地,Directly or straightforwardly ; to do something straight away,C,副詞 (Adverb / 부사)，如 더（更）、잘（好）。
3725,교직,gyojik,教職、教職工作,The teaching profession,C,名詞 (Noun / 명사)，如 사람（人）、집（家）。
3726,구속하다,gusokhada,拘捕、拘留 / 束縛,To arrest or restrain,C,動詞 (Verb / 동사)，如 하다（做）、가다（去）。
3727,귀중하다,gwijunghada,貴重、寶貴,To be precious,C,形容詞 (Adjective / 형용사)，如 크다（大）、좋다（好）。
3728,긁다,geukda,抓、搔、刮,Scratch or scrape,C,動詞 (Verb / 동사)，如 하다（做）、가다（去）。
3729,금지하다,geumjihada,禁止,To restrain or prohibit,B,動詞 (Verb / 동사)，如 하다（做）、가다（去）。
3730,기사,gisa,技師、司機 / 報導,Technician,B,名詞 (Noun / 명사)，如 사람（人）、집（家）。
3731,기숙사,gisuksa,宿舍,A hostel or residence hall,A,名詞 (Noun / 명사)，如 사람（人）、집（家）。
3732,나뭇잎,namusip,樹葉,Tree leaves,B,名詞 (Noun / 명사)，如 사람（人）、집（家）。
3733,내쉬다,naeswida,呼出、吐出（氣息）,Exhale,C,動詞 (Verb / 동사)，如 하다（做）、가다（去）。
3734,넓어지다,neolbeojida,變寬、開闊,Get wider,B,動詞 (Verb / 동사)，如 하다（做）、가다（去）。
3735,늘어지다,neureojida,垂下、拖長、鬆弛,Be lengthened,C,動詞 (Verb / 동사)，如 하다（做）、가다（去）。
3736,단독,dandok,單獨、獨立,Independence,C,名詞 (Noun / 명사)，如 사람（人）、집（家）。
3737,마당,madang,院子、場合、局面,"An instance, case",C,依存名詞 / 量詞 (Dependent Noun / 의존명사)，如 것（東西/事情）、개（個）、명（名）。
3738,마음껏,maeumkkeot,盡情地、隨心所欲地,As much as you want,C,副詞 (Adverb / 부사)，如 더（更）、잘（好）。
3739,몰려들다,molryeodeulda,蜂擁而至、湧入,Be driven into,C,動詞 (Verb / 동사)，如 하다（做）、가다（去）。
3740,미팅,miting,聯誼、會議,Meeting,B,名詞 (Noun / 명사)，如 사람（人）、집（家）。
3741,바,ba,酒吧 / 所（助詞）,Bar,C,名詞 (Noun / 명사)，如 사람（人）、집（家）。
3742,바퀴,bakwi,車輪、輪子 / 隻（螳螂/蟑螂）,Wheel,C,依存名詞 / 量詞 (Dependent Noun / 의존명사)，如 것（東西/事情）、개（個）、명（名）。
3743,발자국,baljaguk,腳印、足跡,Footprint,C,名詞 (Noun / 명사)，如 사람（人）、집（家）。
3744,뱉다,baetda,吐出、咳出,Spit,C,動詞 (Verb / 동사)，如 하다（做）、가다（去）。
3745,벌어지다,beoreojida,張開、拉大 / 發生,"Widen, get wider",C,動詞 (Verb / 동사)，如 하다（做）、가다（去）。
3746,보너스,boneoseu,獎金、紅利,Bonus,C,名詞 (Noun / 명사)，如 사람（人）、집（家）。
3747,산책,sanchaek,散步,"A walk,stroll",A,名詞 (Noun / 명사)，如 사람（人）、집（家）。
3748,생기,saenggi,生機、活力,"animation,life",C,名詞 (Noun / 명사)，如 사람（人）、집（家）。
3749,서적,seojeok,書籍,"books,publications",C,名詞 (Noun / 명사)，如 사람（人）、집（家）。
3750,소화,sohwa,消化 / 消火,Digestion,C,名詞 (Noun / 명사)，如 사람（人）、집（家）。
3751,수험생,suheomsaeng,考生、應考生,A student preparing for an examination,C,名詞 (Noun / 명사)，如 사람（人）、집（家）。
3752,시끄럽다,sikkeureopda,喧鬧、嘈雜,"To be noisy,boisterous",B,形容詞 (Adjective / 형용사)，如 크다（大）、좋다（好）。
3753,신세대,sinsedae,新一代、新世代,The new generation,C,名詞 (Noun / 명사)，如 사람（人）、집（家）。
3754,안기다,angida,歸咎、轉嫁、推卸（責任）,"To fix on a person, lay the blame on a person",C,動詞 (Verb / 동사)，如 하다（做）、가다（去）。
3755,안기다,angida,甩給、推給、託付給他人,"To throw onto sb, to pass onto sb, to pawn off onto sb, to hand over to sb",C,動詞 (Verb / 동사)，如 하다（做）、가다（去）。
3756,어기다,eogida,違背、違反,"Run counter to, go against",C,動詞 (Verb / 동사)，如 하다（做）、가다（去）。
3757,어때,eottae,怎麼樣、如何,What do you think?,B,不變化詞 / 獨立詞 / 未分類詞），用來標記如 그래도（即使那樣/仍然）、걔（那孩子）、그래（是的/那樣） 等
3758,엘리베이터,elribeiteo,電梯,Elevator,B,名詞 (Noun / 명사)，如 사람（人）、집（家）。
3759,연구원,yeonguwon,研究員,Researcher,C,名詞 (Noun / 명사)，如 사람（人）、집（家）。
3760,연애,yeonae,戀愛,"Love, tender, passion",C,名詞 (Noun / 명사)，如 사람（人）、집（家）。
3761,연휴,yeonhyu,連假、連續假期,Consecutive holidays,B,名詞 (Noun / 명사)，如 사람（人）、집（家）。
3762,요약하다,yoyakhada,摘要、概括,"summary,condense,abridge",C,動詞 (Verb / 동사)，如 하다（做）、가다（去）。
3763,운동하다,undonghada,運動,To do exercise,A,動詞 (Verb / 동사)，如 하다（做）、가다（去）。
3764,월요일,woryoil,星期一、週一,Monday,A,名詞 (Noun / 명사)，如 사람（人）、집（家）。
3765,위성,wiseong,衛星,A satellite,C,名詞 (Noun / 명사)，如 사람（人）、집（家）。
3766,의외로,uioero,出乎意料地,"unexpectedly,surprisingly",C,副詞 (Adverb / 부사)，如 더（更）、잘（好）。
3767,이모,imo,阿姨、姨母,A maternal aunt,B,名詞 (Noun / 명사)，如 사람（人）、집（家）。
3768,자살,jasal,自殺,Suicide,C,名詞 (Noun / 명사)，如 사람（人）、집（家）。
3769,제시,jesi,提出、出示,Presentation,C,名詞 (Noun / 명사)，如 사람（人）、집（家）。
3770,제외되다,jeoedoeda,被排除、除外（被動）,To be excluded,C,動詞 (Verb / 동사)，如 하다（做）、가다（去）。
3771,조카,joka,姪子、姪女、外甥,Nephew,B,名詞 (Noun / 명사)，如 사람（人）、집（家）。
3772,주소,juso,住址、地址,An address,A,名詞 (Noun / 명사)，如 사람（人）、집（家）。
3773,찍히다,jjikhida,被蓋章、被拍下（被動）,"Get sealed, stamped",C,動詞 (Verb / 동사)，如 하다（做）、가다（去）。
3774,철,cheol,鐵、鋼鐵,Steel,C,名詞 (Noun / 명사)，如 사람（人）、집（家）。
3775,취직,chwijik,就業、找到工作,"Employment, getting a job",B,名詞 (Noun / 명사)，如 사람（人）、집（家）。
3776,타락,tarak,墮落,"depravity,corruption,degradation",C,名詞 (Noun / 명사)，如 사람（人）、집（家）。
3777,통화,tonghwa,通貨、貨幣,"Currency, the unit of circulation",C,名詞 (Noun / 명사)，如 사람（人）、집（家）。
3778,틀림없이,teulrimeopsi,必定、無疑地,No mistaking it,C,副詞 (Adverb / 부사)，如 더（更）、잘（好）。
3779,파티,pati,派對、宴會,Party,A,名詞 (Noun / 명사)，如 사람（人）、집（家）。
3780,회관,hoegwan,會館、禮堂,An assembly hall,C,名詞 (Noun / 명사)，如 사람（人）、집（家）。
3781,계획하다,gyehoekhada,計畫、打算,Plan or make a project,B,動詞 (Verb / 동사)，如 하다（做）、가다（去）。
3782,공연장,gongyeonjang,演出場地、劇場,Auditorium,C,名詞 (Noun / 명사)，如 사람（人）、집（家）。
3783,국적,gukjeok,國籍,Nationality or citizenship,C,名詞 (Noun / 명사)，如 사람（人）、집（家）。
3784,근래,geunrae,近來、近世,Of late or recently,C,名詞 (Noun / 명사)，如 사람（人）、집（家）。
3785,나뉘다,nanwida,被劃分、分開（被動）,Divide,C,動詞 (Verb / 동사)，如 하다（做）、가다（去）。
3786,낱말,nanmal,單字、詞彙,A word,C,名詞 (Noun / 명사)，如 사람（人）、집（家）。
3787,내외,naeoe,夫妻、夫婦、男女,"Men and woman, husband and wife",C,名詞 (Noun / 명사)，如 사람（人）、집（家）。
3788,냄비,naembi,鍋子,A pot,B,名詞 (Noun / 명사)，如 사람（人）、집（家）。
3789,늑대,neukdae,狼,Wolf,C,名詞 (Noun / 명사)，如 사람（人）、집（家）。
3790,늘어서다,neureoseoda,排成一行、排隊,Stand in a row,C,動詞 (Verb / 동사)，如 하다（做）、가다（去）。
3791,다정하다,dajeonghada,多情、溫柔體貼,"To be affectionate, warm-hearted",C,形容詞 (Adjective / 형용사)，如 크다（大）、좋다（好）。
3792,달다,dalda,甜、甘甜 / 懸掛,to be sweet,A,形容詞 (Adjective / 형용사)，如 크다（大）、좋다（好）。
3793,달려들다,dalryeodeulda,撲向、衝過來,"Run, rush, jump at",C,動詞 (Verb / 동사)，如 하다（做）、가다（去）。
3794,망원경,mangwongyeong,望遠鏡,Telescope,C,名詞 (Noun / 명사)，如 사람（人）、집（家）。
3795,모범,mobeom,模範、典範,"model,example",C,名詞 (Noun / 명사)，如 사람（人）、집（家）。
3796,무리하다,murihada,勉強、過分,Be impossible,C,形容詞 (Adjective / 형용사)，如 크다（大）、좋다（好）。
3797,묶이다,mukkida,被綁住、被捆住（被動）,Be fastened together,C,動詞 (Verb / 동사)，如 하다（做）、가다（去）。
3798,방해하다,banghaehada,妨礙、干擾,"Interrupt, interfere",C,動詞 (Verb / 동사)，如 하다（做）、가다（去）。
3799,뱀,baem,蛇,Snake,B,名詞 (Noun / 명사)，如 사람（人）、집（家）。
3800,벌,beol,套（衣服量詞）,Set (of clothes),C,依存名詞 / 量詞 (Dependent Noun / 의존명사)，如 것（東西/事情）、개（個）、명（名）。
3801,뵈다,boeda,拜見、謁見（敬語）,"To see, meet (honorific of 보다)",B,動詞 (Verb / 동사)，如 하다（做）、가다（去）。
3802,상류,sangryu,上流、上游 / 上流階層,"The upper classes,upstream",C,名詞 (Noun / 명사)，如 사람（人）、집（家）。
3803,석,seok,三（三個月份等量詞）,Three (in 3 months),C,冠形詞 (Determiner / 관형사)，如 한（一個）、어떤（某種）。
3804,선명하다,seonmyeonghada,鮮明、清晰,"To be clear,distinct",C,形容詞 (Adjective / 형용사)，如 크다（大）、좋다（好）。
3805,선호하다,seonhohada,偏好、喜愛,To prefer,C,動詞 (Verb / 동사)，如 하다（做）、가다（去）。
3806,성공적,seonggongjeok,成功的,Successfully,C,名詞 (Noun / 명사)，如 사람（人）、집（家）。
3807,소규모,sogyumo,小規模,Small scale,C,名詞 (Noun / 명사)，如 사람（人）、집（家）。
3808,수시로,susiro,隨時、隨機、時常,"On demand, per the demand of the occasion ; all the time, at any time",C,副詞 (Adverb / 부사)，如 더（更）、잘（好）。
3809,시야,siya,視野、眼界,Visual field,C,名詞 (Noun / 명사)，如 사람（人）、집（家）。
3810,실현되다,silhyeondoeda,實現、獲得落實（被動）,"To realize,bring to fruition",C,動詞 (Verb / 동사)，如 하다（做）、가다（去）。
3811,아니야,aniya,不是、沒有（平語）,"No, that’s not the case",B,名詞 (Noun / 명사)，如 사람（人）、집（家）。0
3812,어느덧,eoneudeot,不知不覺間,Before one knows it,C,副詞 (Adverb / 부사)，如 더（更）、잘（好）。
3813,오르내리다,oreunaerida,上下、起伏、升降,"Go up and down, rise and fall",C,動詞 (Verb / 동사)，如 하다（做）、가다（去）。
3814,왕자,wangja,王子,Prince,C,名詞 (Noun / 명사)，如 사람（人）、집（家）。
3815,우수하다,usuhada,優秀、卓越,"to be superior,excellent",B,形容詞 (Adjective / 형용사)，如 크다（大）、좋다（好）。
3816,유명,yumyeong,著名、有名,"fame,celebrity status",B,名詞 (Noun / 명사)，如 사람（人）、집（家）。
3817,유형,yuhyeong,類型、型態,A similar type,C,名詞 (Noun / 명사)，如 사람（人）、집（家）。
3818,으레,eure,往往、照例、必定,"customarily,habitually",C,副詞 (Adverb / 부사)，如 더（更）、잘（好）。
3819,일상적,ilsangjeok,日常的、尋常的,"Daily, of the everyday things",C,名詞 (Noun / 명사)，如 사람（人）、집（家）。
3820,일일이,iriri,一一、逐一,"One by one, individually",C,副詞 (Adverb / 부사)，如 더（更）、잘（好）。
3821,전공하다,jeongonghada,主修、專攻,To major in something,C,動詞 (Verb / 동사)，如 하다（做）、가다（去）。
3822,전후,jeonhu,前後、因果順序,"sequence,order,front and rear",C,名詞 (Noun / 명사)，如 사람（人）、집（家）。
3823,정상,jeongsang,正常 / 頂峰、首腦,"normalcy,normality",C,名詞 (Noun / 명사)，如 사람（人）、집（家）。
3824,정상적,jeongsangjeok,正常的,"normal,like usual",C,名詞 (Noun / 명사)，如 사람（人）、집（家）。
3825,질적,jiljeok,質的、質量上的,Qualitative,C,名詞 (Noun / 명사)，如 사람（人）、집（家）。
3826,척,cheok,裝作、假裝（樣態）,To appear or look as,C,依存名詞 / 量詞 (Dependent Noun / 의존명사)，如 것（東西/事情）、개（個）、명（名）。
3827,철,cheol,季節、時節 / 鐵,Season (the 4),B,名詞 (Noun / 명사)，如 사람（人）、집（家）。
3828,청소하다,cheongsohada,打掃、清潔,To clean,A,動詞 (Verb / 동사)，如 하다（做）、가다（去）。
3829,충격적,chunggyeokjeok,令人震驚的、衝擊性的,Shocking,C,名詞 (Noun / 명사)，如 사람（人）、집（家）。
3830,치아,chia,牙齒、齒,A tooth,C,名詞 (Noun / 명사)，如 사람（人）、집（家）。
3831,편의,pyeonui,便利、便利之計,"Convenience, expediency",C,名詞 (Noun / 명사)，如 사람（人）、집（家）。
3832,폐지,pyeji,廢止、廢除 / 廢紙,"Abolition, to not use, to do away with",C,名詞 (Noun / 명사)，如 사람（人）、집（家）。
3833,해설,haeseol,解說、講解,"Explanation, elucidation",C,名詞 (Noun / 명사)，如 사람（人）、집（家）。
3834,헌,heon,舊的、破舊的,"Old, shabby, worn-out",B,冠形詞 (Determiner / 관형사)，如 한（一個）、어떤（某種）。
3835,흑백,heukbaek,黑白,Black and white,C,名詞 (Noun / 명사)，如 사람（人）、집（家）。
3836,희생,huisaeng,犧牲,A sacrifice,C,名詞 (Noun / 명사)，如 사람（人）、집（家）。
3837,가까워지다,gakkawojida,變近、親近起來,Get closer,B,動詞 (Verb / 동사)，如 하다（做）、가다（去）。
3838,감사하다,gamsahada,感謝、感激,To thank,A,動詞 (Verb / 동사)，如 하다（做）、가다（去）。
3839,강도,gangdo,強盜、搶劫犯,A robber or burglar,B,名詞 (Noun / 명사)，如 사람（人）、집（家）。
3840,경비,gyeongbi,經費、花費 / 警衛,Expenses or outlay,C,名詞 (Noun / 명사)，如 사람（人）、집（家）。
3841,경제력,gyeongjeryeok,經濟實力、經濟力,Economic power,C,名詞 (Noun / 명사)，如 사람（人）、집（家）。
3842,금하다,geumhada,禁止、戒絕 / 忍不住,1) suppress or restraint 2) abstain from or restrain from,C,動詞 (Verb / 동사)，如 하다（做）、가다（去）。
3843,기대되다,gidaedoeda,令人期待、受期待（被動）,To be expected,C,動詞 (Verb / 동사)，如 하다（做）、가다（去）。
3844,깊숙이,gipsugi,深深地、深處,Deep or far,C,副詞 (Adverb / 부사)，如 더（更）、잘（好）。
3845,꿀,kkul,蜂蜜、蜜,Honey or nectar,B,名詞 (Noun / 명사)，如 사람（人）、집（家）。
3846,넘어뜨리다,neomeotteurida,推倒、絆倒,Throw down,C,動詞 (Verb / 동사)，如 하다（做）、가다（去）。
3847,농사짓다,nongsajitda,務農、種田,To do farming,C,動詞 (Verb / 동사)，如 하다（做）、가다（去）。
3848,단단하다,dandanhada,堅硬、結實,"Be hard, solid",C,形容詞 (Adjective / 형용사)，如 크다（大）、좋다（好）。
3849,담당자,damdangja,負責人、經辦人,Person in charge,C,名詞 (Noun / 명사)，如 사람（人）、집（家）。
3850,답변,dapbyeon,答覆、回答,An answer,C,名詞 (Noun / 명사)，如 사람（人）、집（家）。
3851,대비,daebi,準備、防備 / 對比,"Provision, preparation",C,名詞 (Noun / 명사)，如 사람（人）、집（家）。
3852,대체,daeche,總體上、到底、大體,"An outline, summary",C,副詞 (Adverb / 부사)，如 더（更）、잘（好）。
3853,더욱더,deoukdeo,更加、越發,More and more and more,C,副詞 (Adverb / 부사)，如 더（更）、잘（好）。
3854,도심,dosim,市中心、鬧區,The heart of the city,C,名詞 (Noun / 명사)，如 사람（人）、집（家）。
3855,마찰,machal,摩擦、紛爭,"Rubbing, chafing",C,名詞 (Noun / 명사)，如 사람（人）、집（家）。
3856,마크,makeu,標誌、商標,a company logo,C,名詞 (Noun / 명사)，如 사람（人）、집（家）。
3857,만족,manjok,滿足、滿意,Satisfaction,C,名詞 (Noun / 명사)，如 사람（人）、집（家）。
3858,망치다,mangchida,搞砸、毀掉,Ruin,C,動詞 (Verb / 동사)，如 하다（做）、가다（去）。
3859,메뉴,menyu,菜單,Menu,A,名詞 (Noun / 명사)，如 사람（人）、집（家）。
3860,모금,mogeum,募款、募捐,Money raising,C,依存名詞 / 量詞 (Dependent Noun / 의존명사)，如 것（東西/事情）、개（個）、명（名）。
3861,묘사,myosa,描寫、描繪,Description,C,名詞 (Noun / 명사)，如 사람（人）、집（家）。
3862,문화적,munhwajeok,文化的,Cultural,C,名詞 (Noun / 명사)，如 사람（人）、집（家）。
3863,묻히다,muthida,沾上、被抹上（被動）,"Have smeared,be covered with",C,動詞 (Verb / 동사)，如 하다（做）、가다（去）。
3864,미혼,mihon,未婚,Unmarried,C,名詞 (Noun / 명사)，如 사람（人）、집（家）。
3865,발전되다,baljeondoeda,獲得發展、發達（被動）,"Be advanced, prospering",C,動詞 (Verb / 동사)，如 하다（做）、가다（去）。
3866,방송사,bangsongsa,電視台、廣播電台,Broadcasting company,C,名詞 (Noun / 명사)，如 사람（人）、집（家）。
3867,방지하다,bangjihada,防止、防範,"To prevent, check",C,動詞 (Verb / 동사)，如 하다（做）、가다（去）。
3868,사표,sapyo,辭呈、辭職信,A written resignation,C,名詞 (Noun / 명사)，如 사람（人）、집（家）。
3869,삼가다,samgada,克制、戒絕、謹慎,"Be discreet,take care of ; to abstain (refrain) o.s. from doing",C,動詞 (Verb / 동사)，如 하다（做）、가다（去）。
3870,생방송,saengbangsong,現場直播,A live broadcast,C,名詞 (Noun / 명사)，如 사람（人）、집（家）。
3871,셋째,setjjae,第三,The third,A,冠形詞 (Determiner / 관형사)，如 한（一個）、어떤（某種）。
3872,소홀히,soholhi,疏忽地、輕忽,"carelessly,indifferently,neglectfully",C,副詞 (Adverb / 부사)，如 더（更）、잘（好）。
3873,손발,sonbal,手腳、四肢,Hand and foot; the limbs,B,名詞 (Noun / 명사)，如 사람（人）、집（家）。
3874,쌍둥이,ssangdungi,雙胞胎,Twins,C,名詞 (Noun / 명사)，如 사람（人）、집（家）。
3875,안내하다,annaehada,引導、接待、導覽,To lead the way,B,動詞 (Verb / 동사)，如 하다（做）、가다（去）。
3876,앉히다,anhida,使就座、讓...坐下,To place a person in a set,C,動詞 (Verb / 동사)，如 하다（做）、가다（去）。
3877,영하,yeongha,零下,Below zero,B,名詞 (Noun / 명사)，如 사람（人）、집（家）。
3878,옆구리,yeopguri,肋部、腰腹側面,"The side, the flank",C,名詞 (Noun / 명사)，如 사람（人）、집（家）。
3879,외교관,oegyogwan,外交官,A diplomat,B,名詞 (Noun / 명사)，如 사람（人）、집（家）。
3880,외국어,oegugeo,外國語、外語,"A foreign language; sometimes, only means English",A,名詞 (Noun / 명사)，如 사람（人）、집（家）。
3881,웬만하다,wenmanhada,還算可以、差不多,"To be just only barely passable, fairly good",C,形容詞 (Adjective / 형용사)，如 크다（大）、좋다（好）。
3882,유행하다,yuhaenghada,流行,"To be in fashion, to be popular",B,動詞 (Verb / 동사)，如 하다（做）、가다（去）。
3883,으응,eueung,嗯、哼（語氣詞）,Ugh!,B,名詞 (Noun / 명사)，如 사람（人）、집（家）。0
3884,이어서,ieoseo,接著、隨後,Subsequently,C,副詞 (Adverb / 부사)，如 더（更）、잘（好）。
3885,자장면,jajangmyeon,炸醬麵,Black chinese noodles,A,名詞 (Noun / 명사)，如 사람（人）、집（家）。
3886,자정,jajeong,午夜、子夜,Midnight,C,名詞 (Noun / 명사)，如 사람（人）、집（家）。
3887,종합하다,jonghaphada,綜合、整合,"synthesize,integrate",C,動詞 (Verb / 동사)，如 하다（做）、가다（去）。
3888,중학생,junghaksaeng,國中生、初中生,Middle school student,A,名詞 (Noun / 명사)，如 사람（人）、집（家）。
3889,짜다,jjada,擠、壓榨 / 鹹,"Squeeze, press out",C,動詞 (Verb / 동사)，如 하다（做）、가다（去）。
3890,참,cham,正巧、正當...之際 / 真是,"At the point of, when",C,依存名詞 / 量詞 (Dependent Noun / 의존명사)，如 것（東西/事情）、개（個）、명（名）。
3891,채,chae,棟、座（房屋量詞）,House counter,C,依存名詞 / 量詞 (Dependent Noun / 의존명사)，如 것（東西/事情）、개（個）、명（名）。
3892,최후,choehu,最後、末日,"The last, the end, the conclusion",C,名詞 (Noun / 명사)，如 사람（人）、집（家）。
3893,취재,chwijae,採訪、採集新聞,"Selection, picking out of news articles (by a reporter)",C,名詞 (Noun / 명사)，如 사람（人）、집（家）。
3894,테러,tereo,恐怖襲擊、恐怖行動,Terror,C,名詞 (Noun / 명사)，如 사람（人）、집（家）。
3895,토론회,toronhoe,討論會、辯論會,A debating society/contest,C,名詞 (Noun / 명사)，如 사람（人）、집（家）。
3896,한잔,hanjan,一杯酒、喝一杯,A drink of liquor,B,名詞 (Noun / 명사)，如 사람（人）、집（家）。
3897,호주머니,hojumeoni,口袋、衣袋,A pocket,C,名詞 (Noun / 명사)，如 사람（人）、집（家）。
3898,휴일,hyuil,假日、休假日,"A day off of work, a holiday",A,名詞 (Noun / 명사)，如 사람（人）、집（家）。
3899,가난,ganan,貧困、貧窮,Poor,C,名詞 (Noun / 명사)，如 사람（人）、집（家）。
3900,가죽,gajuk,皮革、皮,The skin or hide or leather,B,名詞 (Noun / 명사)，如 사람（人）、집（家）。
3901,관계없이,gwangyeeopsi,無論、不管、無關地,Without any relation,C,副詞 (Adverb / 부사)，如 더（更）、잘（好）。
3902,군,gun,郡（行政區劃）,A county or district,C,名詞 (Noun / 명사)，如 사람（人）、집（家）。
3903,기다,gida,爬行、蠕動,Crawl or creep,C,動詞 (Verb / 동사)，如 하다（做）、가다（去）。
3904,다툼,datum,爭執、爭吵,A quarrel,C,名詞 (Noun / 명사)，如 사람（人）、집（家）。
3905,달력,dalryeok,日曆、月曆,A calendar,A,名詞 (Noun / 명사)，如 사람（人）、집（家）。
3906,대,dae,輛、台（車輛/機器量詞）,One piece,C,依存名詞 / 量詞 (Dependent Noun / 의존명사)，如 것（東西/事情）、개（個）、명（名）。
3907,대낮,daenat,大白天、白晝,Broad daylight,C,名詞 (Noun / 명사)，如 사람（人）、집（家）。
3908,데려가다,deryeogada,帶走、領去,Take with,B,動詞 (Verb / 동사)，如 하다（做）、가다（去）。
3909,도자기,dojagi,陶瓷、陶瓷器,Porcelain,B,名詞 (Noun / 명사)，如 사람（人）、집（家）。
3910,모조리,mojori,統統、一股腦兒,"One and all, wholly",C,副詞 (Adverb / 부사)，如 더（更）、잘（好）。
3911,변경,byeongyeong,變更、修改,"Change, alteration",C,名詞 (Noun / 명사)，如 사람（人）、집（家）。
3912,부지런히,bujireonhi,勤奮地、勤快地,Diligently,C,副詞 (Adverb / 부사)，如 더（更）、잘（好）。
3913,사슴,saseum,鹿,Deer,C,名詞 (Noun / 명사)，如 사람（人）、집（家）。
3914,삼촌,samchon,叔叔、伯父,"An uncle (usually on the father's side)(외삼촌 a brother of the wife, an uncle on the mother's side)",B,名詞 (Noun / 명사)，如 사람（人）、집（家）。
3915,상당수,sangdangsu,相當數量、可觀數量,plenty/a lot of,C,名詞 (Noun / 명사)，如 사람（人）、집（家）。
3916,소풍,sopung,郊遊、遠足,Picnic,A,名詞 (Noun / 명사)，如 사람（人）、집（家）。
3917,속옷,sogot,內衣,Underwear,B,名詞 (Noun / 명사)，如 사람（人）、집（家）。
3918,손목,sonmok,手腕,The wrist,B,名詞 (Noun / 명사)，如 사람（人）、집（家）。
3919,손실,sonsil,損失,Loss,C,名詞 (Noun / 명사)，如 사람（人）、집（家）。
3920,슬쩍,seuljjeok,悄悄地、偷偷地,"Secretly, on the sly, stealthily",C,副詞 (Adverb / 부사)，如 더（更）、잘（好）。
3921,시나리오,sinario,劇本、劇組腳本,Scenario,C,名詞 (Noun / 명사)，如 사람（人）、집（家）。
3922,신문지,sinmunji,報紙紙張,Newspaper paper,B,名詞 (Noun / 명사)，如 사람（人）、집（家）。
3923,실컷,silkeot,盡情地、痛痛快快地,To one’s satisfaction,C,副詞 (Adverb / 부사)，如 더（更）、잘（好）。
3924,양보하다,yangbohada,讓步、謙讓,"To make a concession, recede",B,動詞 (Verb / 동사)，如 하다（做）、가다（去）。
3925,엔진,enjin,引擎、發動機,Engine,C,名詞 (Noun / 명사)，如 사람（人）、집（家）。
3926,용,yong,龍,A dragon,C,名詞 (Noun / 명사)，如 사람（人）、집（家）。
3927,운행,unhaeng,運行、行駛,"movement,revolution",C,名詞 (Noun / 명사)，如 사람（人）、집（家）。
3928,이대로,idaero,就這樣、按現狀,As it is,C,副詞 (Adverb / 부사)，如 더（更）、잘（好）。
3929,인간성,inganseong,人性,Human nature,C,名詞 (Noun / 명사)，如 사람（人）、집（家）。
3930,인상적,insangjeok,令人印象深刻的,Impressive,C,名詞 (Noun / 명사)，如 사람（人）、집（家）。
3931,자라나다,jaranada,成長、長大,To grow up,B,動詞 (Verb / 동사)，如 하다（做）、가다（去）。
3932,전시,jeonsi,展覽、展出,"exhibition,display",C,名詞 (Noun / 명사)，如 사람（人）、집（家）。
3933,조그마하다,jogeumahada,小巧、矮小,"Be tiny,small",C,形容詞 (Adjective / 형용사)，如 크다（大）、좋다（好）。
3934,주차장,juchajang,停車場,Parking lot,B,名詞 (Noun / 명사)，如 사람（人）、집（家）。
3935,주한,juhan,駐韓,Residing in korea,C,名詞 (Noun / 명사)，如 사람（人）、집（家）。
3936,중년,jungnyeon,中年,Middle-aged,C,名詞 (Noun / 명사)，如 사람（人）、집（家）。
3937,지다,jida,褪色、消除 / 落下 / 輸,"To fade away, come off",C,動詞 (Verb / 동사)，如 하다（做）、가다（去）。
3938,찌꺼기,jjikkeogi,殘渣、碎屑、沉澱物,"drugs,sediments,remnants (tea grounds)",C,名詞 (Noun / 명사)，如 사람（人）、집（家）。
3939,춤추다,chumchuda,跳舞,To dance,A,動詞 (Verb / 동사)，如 하다（做）、가다（去）。
3940,테니스,teniseu,網球,Tennis,A,名詞 (Noun / 명사)，如 사람（人）、집（家）。
3941,파리,pari,蒼蠅 / 巴黎,A fly,B,名詞 (Noun / 명사)，如 사람（人）、집（家）。
3942,포스터,poseuteo,海報,Poster,B,名詞 (Noun / 명사)，如 사람（人）、집（家）。
3943,포함,poham,包含、包括,"inclusion,comprehension",C,名詞 (Noun / 명사)，如 사람（人）、집（家）。
3944,형식적,hyeongsikjeok,形式上的、走過場的,Related to the form,C,名詞 (Noun / 명사)，如 사람（人）、집（家）。
3945,후회하다,huhoehada,後悔,To regret,B,動詞 (Verb / 동사)，如 하다（做）、가다（去）。
3946,가이드,gaideu,導遊、嚮導,Guide,B,名詞 (Noun / 명사)，如 사람（人）、집（家）。
3947,가입하다,gaiphada,加入、登錄,Join,C,動詞 (Verb / 동사)，如 하다（做）、가다（去）。
3948,감소,gamso,減少,Decrease or dimunition,C,名詞 (Noun / 명사)，如 사람（人）、집（家）。
3949,고르다,goreuda,平整、均勻 / 挑選,Flat or even,B,形容詞 (Adjective / 형용사)，如 크다（大）、좋다（好）。
3950,고속도로,gosokdoro,高速公路,Freeway or highway with no street lights,B,名詞 (Noun / 명사)，如 사람（人）、집（家）。
3951,공책,gongchaek,筆記本,Notebook for taking notes and studying,A,名詞 (Noun / 명사)，如 사람（人）、집（家）。
3952,구분되다,gubundoeda,被區分、劃分（被動）,To be put into sections,C,動詞 (Verb / 동사)，如 하다（做）、가다（去）。
3953,구입,guip,購買、購入,Purchase or buying,C,名詞 (Noun / 명사)，如 사람（人）、집（家）。
3954,기여,giyeo,貢獻,Contribution or service,C,名詞 (Noun / 명사)，如 사람（人）、집（家）。
3955,기호,giho,嗜好、愛好 / 記號,Taste or likes,C,名詞 (Noun / 명사)，如 사람（人）、집（家）。
3956,꾸리다,kkurida,打包、整理（行李）,Pack up or bundle up,C,動詞 (Verb / 동사)，如 하다（做）、가다（去）。
3957,낭비,nangbi,浪費,Waste,C,名詞 (Noun / 명사)，如 사람（人）、집（家）。
3958,내외,naeoe,內外、內部與外部,The interior and exterior,C,名詞 (Noun / 명사)，如 사람（人）、집（家）。
3959,대략,daeryak,大致、大體上,"an outline, summary (2) generally, on the whole",C,副詞 (Adverb / 부사)，如 더（更）、잘（好）。
3960,덮이다,deopida,被覆蓋、蒙上（被動）,Be covered,C,動詞 (Verb / 동사)，如 하다（做）、가다（去）。
3961,도리어,dorieo,反而、反倒是,On the contrary,C,副詞 (Adverb / 부사)，如 더（更）、잘（好）。
3962,멋있다,meositda,帥氣、時髦、精彩,"stylish,tasteful",B,形容詞 (Adjective / 형용사)，如 크다（大）、좋다（好）。
3963,멸치,myeolchi,鯷魚、小魚乾,Anchovy,C,名詞 (Noun / 명사)，如 사람（人）、집（家）。
3964,바람,baram,願望、期盼 / 風,"A wish, hope",C,名詞 (Noun / 명사)，如 사람（人）、집（家）。
3965,발목,balmok,腳踝,Ankle,B,名詞 (Noun / 명사)，如 사람（人）、집（家）。
3966,밤늦다,bamneutda,夜深、深夜,It is late at night,B,形容詞 (Adjective / 형용사)，如 크다（大）、좋다（好）。
3967,방울,bangul,水滴、水珠 / 鈴鐺,A drop,C,名詞 (Noun / 명사)，如 사람（人）、집（家）。
3968,배,bae,梨子、梨,Pear,A,名詞 (Noun / 명사)，如 사람（人）、집（家）。
3969,벌,beol,蜜蜂,A bee,C,名詞 (Noun / 명사)，如 사람（人）、집（家）。
3970,보관,bogwan,保管、存放,"custody,deposit",C,名詞 (Noun / 명사)，如 사람（人）、집（家）。
3971,보살피다,bosalpida,照料、照顧,Take care of,C,動詞 (Verb / 동사)，如 하다（做）、가다（去）。
3972,보완하다,bowanhada,補充完善、彌補,"to supplement and make complete, to complement sth",C,動詞 (Verb / 동사)，如 하다（做）、가다（去）。
3973,보존하다,bojonhada,保存、維護,"preserve,conserve",C,動詞 (Verb / 동사)，如 하다（做）、가다（去）。
3974,빨다,ppalda,吸、吮 / 洗（衣服）,"sip,suck",C,動詞 (Verb / 동사)，如 하다（做）、가다（去）。
3975,빼놓다,ppaenota,排除、漏掉、省略,"exclude,leave out",C,動詞 (Verb / 동사)，如 하다（做）、가다（去）。
3976,사상,sasang,歷史上、史上 / 思想,In history,C,名詞 (Noun / 명사)，如 사람（人）、집（家）。
3977,사춘기,sachungi,思春期、青春期,"adolescence,puberty",C,名詞 (Noun / 명사)，如 사람（人）、집（家）。
3978,상반기,sangbangi,上半年,"The first,upper half",C,名詞 (Noun / 명사)，如 사람（人）、집（家）。
3979,서점,seojeom,書店,A bookstore,A,名詞 (Noun / 명사)，如 사람（人）、집（家）。
3980,선전,seonjeon,宣傳、廣告,Propaganda,C,名詞 (Noun / 명사)，如 사람（人）、집（家）。
3981,설립하다,seolriphada,設立、創立,"found,establish",C,動詞 (Verb / 동사)，如 하다（做）、가다（去）。
3982,수집,sujip,收集、蒐集,Collection,C,名詞 (Noun / 명사)，如 사람（人）、집（家）。
3983,수필,supil,隨筆、散文,An essay,C,名詞 (Noun / 명사)，如 사람（人）、집（家）。
3984,신기하다,singihada,新奇、奇特,"To be novel,original",C,形容詞 (Adjective / 형용사)，如 크다（大）、좋다（好）。
3985,신비,sinbi,神秘,Mystery,C,名詞 (Noun / 명사)，如 사람（人）、집（家）。
3986,신설,sinseol,新設 / 新說（新理論）,A new theory,C,名詞 (Noun / 명사)，如 사람（人）、집（家）。
3987,실감,silgam,實感、真切感受,Actual feeling,C,名詞 (Noun / 명사)，如 사람（人）、집（家）。
3988,실망,silmang,失望,Disappointment,C,名詞 (Noun / 명사)，如 사람（人）、집（家）。
3989,쓰다듬다,sseudadeumda,撫摸、撫弄,Stroke one’s beard,C,動詞 (Verb / 동사)，如 하다（做）、가다（去）。
3990,알루미늄,alruminyum,鋁,Aluminum,C,名詞 (Noun / 명사)，如 사람（人）、집（家）。
3991,알아주다,arajuda,理解、賞識、體會,"acknowledge,recognize, appreciate",C,動詞 (Verb / 동사)，如 하다（做）、가다（去）。
3992,양말,yangmal,襪子,A sock,A,名詞 (Noun / 명사)，如 사람（人）、집（家）。
3993,여우,yeou,狐狸,Fox,B,名詞 (Noun / 명사)，如 사람（人）、집（家）。
3994,와,wa,哇（感嘆詞） / 和,Holy cow!,B,名詞 (Noun / 명사)，如 사람（人）、집（家）。0
3995,외출,oechul,外出,"Going out, an outing",B,名詞 (Noun / 명사)，如 사람（人）、집（家）。
3996,용기,yonggi,容器、器皿 / 勇氣,"A container, a vessel",C,名詞 (Noun / 명사)，如 사람（人）、집（家）。
3997,웨이터,weiteo,服務生、侍者,Waiter,B,名詞 (Noun / 명사)，如 사람（人）、집（家）。
3998,유발하다,yubalhada,引起、誘發,"To induce, bring about, cause",C,動詞 (Verb / 동사)，如 하다（做）、가다（去）。
3999,유지되다,yujidoeda,被維持、保持（被動）,"To be maintained, preserved",C,動詞 (Verb / 동사)，如 하다（做）、가다（去）。
4000,자가용,jagayong,私家車、自用,For personal/family use,B,名詞 (Noun / 명사)，如 사람（人）、집（家）。
4001,잡아당기다,jabadanggida,拉、拉扯、拽,Pull,C,動詞 (Verb / 동사)，如 하다（做）、가다（去）。
4002,점검,jeomgeom,檢查、檢驗、盤點,"inspection,examination",C,名詞 (Noun / 명사)，如 사람（人）、집（家）。
4003,정원,jeongwon,庭院、花園,Garden,B,名詞 (Noun / 명사)，如 사람（人）、집（家）。
4004,조기,jogi,早期、初期,"An early stage,period",C,名詞 (Noun / 명사)，如 사람（人）、집（家）。
4005,존경하다,jongyeonghada,尊敬、敬重,Respect,C,動詞 (Verb / 동사)，如 하다（做）、가다（去）。
4006,종,jong,鐘、鈴鐺 / 奴僕,A bell,C,名詞 (Noun / 명사)，如 사람（人）、집（家）。
4007,종소리,jongsori,鐘聲、鈴聲,The sound of a bell,C,名詞 (Noun / 명사)，如 사람（人）、집（家）。
4008,중순,jungsun,中旬,The second 10 days in a month,C,名詞 (Noun / 명사)，如 사람（人）、집（家）。
4009,지각,jigak,知覺、感官 / 遲到,"perception,consciousness",C,名詞 (Noun / 명사)，如 사람（人）、집（家）。
4010,직선,jikseon,直線,A straight line,C,名詞 (Noun / 명사)，如 사람（人）、집（家）。
4011,참외,chamoe,香瓜、東方甜瓜,A melon,C,名詞 (Noun / 명사)，如 사람（人）、집（家）。
4012,체하다,chehada,假裝、裝作 / 積食,"pretend,feign",C,補助用言 (Auxiliary / 補助用言 (Auxiliary / 보조용언)，如 ～버리다、～싶다。조용언)，如 ～버리다、～싶다。
4013,체험하다,cheheomhada,體驗、親身經歷,"To experience, to undergo",C,動詞 (Verb / 동사)，如 하다（做）、가다（去）。
4014,초대하다,chodaehada,邀請,To invide,A,動詞 (Verb / 동사)，如 하다（做）、가다（去）。
4015,총,chong,槍、槍支,A gun,C,名詞 (Noun / 명사)，如 사람（人）、집（家）。
4016,칭찬하다,chingchanhada,稱讚、表揚,To praise somebody,C,動詞 (Verb / 동사)，如 하다（做）、가다（去）。
4017,코치,kochi,教練,Coach,C,名詞 (Noun / 명사)，如 사람（人）、집（家）。
4018,통일하다,tongilhada,統一、一致,"To unify, consolidate",C,動詞 (Verb / 동사)，如 하다（做）、가다（去）。
4019,패션,paesyeon,時尚、流行時裝,Fashion,B,名詞 (Noun / 명사)，如 사람（人）、집（家）。
4020,프린터,peurinteo,印表機、打印機,Printer,C,名詞 (Noun / 명사)，如 사람（人）、집（家）。
4021,피디,pidi,節目製作人、PD、導演,"PD, TV Producer, Program Director",C,名詞 (Noun / 명사)，如 사람（人）、집（家）。
4022,하나하나,hanahana,一個個、逐個、一一,Each individual piece,C,副詞 (Adverb / 부사)，如 더（更）、잘（好）。
4023,학위,hagwi,學位,Academic rank,C,名詞 (Noun / 명사)，如 사람（人）、집（家）。
4024,회의,hoeui,懷疑、疑慮,"Doubt, skepticism",C,名詞 (Noun / 명사)，如 사람（人）、집（家）。
4025,가로등,garodeung,路燈、街燈,A street light,C,名詞 (Noun / 명사)，如 사람（人）、집（家）。
4026,감,gam,感受、感覺、情緒,Feelings,C,名詞 (Noun / 명사)，如 사람（人）、집（家）。
4027,개개인,gaegaein,個個人、每個人,Individuals or every person,C,名詞 (Noun / 명사)，如 사람（人）、집（家）。
4028,걷다,geotda,捲起、收起、結束（工作）,1) Roll back /up one’s sleeves 2)fold or furl up 3) finish work,C,動詞 (Verb / 동사)，如 하다（做）、가다（去）。
4029,고집,gojip,固執、執拗,Persistence or stubborness,C,名詞 (Noun / 명사)，如 사람（人）、집（家）。
4030,금,geum,黃金、金子,Gold,B,名詞 (Noun / 명사)，如 사람（人）、집（家）。
4031,급격히,geupgyeokhi,急劇地、急速地,Be rapid or sudden,C,副詞 (Adverb / 부사)，如 더（更）、잘（好）。
4032,기능,gineung,機能、技能、本領,Ability or capacity or skill,C,名詞 (Noun / 명사)，如 사람（人）、집（家）。
4033,기막히다,gimakhida,令人語塞、驚人、極好或極糟,Be at a loss for words,C,形容詞 (Adjective / 형용사)，如 크다（大）、좋다（好）。
4034,나누어지다,nanueojida,被分開、分成（被動）,To become divided,C,動詞 (Verb / 동사)，如 하다（做）、가다（去）。
4035,낙엽,nagyeop,落葉,Fallen dead leaves,B,名詞 (Noun / 명사)，如 사람（人）、집（家）。
4036,넘겨주다,neomgyeojuda,移交、轉交、讓出,Hand over,C,動詞 (Verb / 동사)，如 하다（做）、가다（去）。
4037,논리적,nonrijeok,邏輯性的、合乎邏輯的,Logical,C,名詞 (Noun / 명사)，如 사람（人）、집（家）。
4038,다가서다,dagaseoda,走近、靠近、邁步接近,"Step up, go near to, come closer",C,動詞 (Verb / 동사)，如 하다（做）、가다（去）。
4039,대기하다,daegihada,等待機會、伺機而動 / 待命,Be ready for the opportunity,C,動詞 (Verb / 동사)，如 하다（做）、가다（去）。
4040,대접,daejeop,款待、招待、待遇,Treatment,C,名詞 (Noun / 명사)，如 사람（人）、집（家）。
4041,말다,malda,捲起、捲成一團,"Roll up, convolve",C,名詞 (Noun / 명사)，如 사람（人）、집（家）。
4042,맞은편,majeunpyeon,對面、正對面,The other side of THIS IS ONE WORD,B,名詞 (Noun / 명사)，如 사람（人）、집（家）。
4043,멋,meot,風度、時髦、帥氣,Smartness,B,名詞 (Noun / 명사)，如 사람（人）、집（家）。
4044,면,myeon,棉花、棉布,Cotton,C,名詞 (Noun / 명사)，如 사람（人）、집（家）。
4045,박,bak,宿、過夜（泊，住宿計量）,Staying the night,C,依存名詞 / 量詞 (Dependent Noun / 의존명사)，如 것（東西/事情）、개（個）、명（名）。
4046,밤하늘,bamhaneul,夜空,Night sky,C,名詞 (Noun / 명사)，如 사람（人）、집（家）。
4047,변명,byeonmyeong,辯解、藉口,"Explanation, vindication",C,名詞 (Noun / 명사)，如 사람（人）、집（家）。
4048,보자기,bojagi,包袱布、包袱皮,"Wrapping cloth, cloth wrapper",C,名詞 (Noun / 명사)，如 사람（人）、집（家）。
4049,부상,busang,負傷、受傷,"A wound,injury",C,名詞 (Noun / 명사)，如 사람（人）、집（家）。
4050,분리하다,bunrihada,分離、分開,"To separate, break away from",C,動詞 (Verb / 동사)，如 하다（做）、가다（去）。
4051,붙들다,butdeulda,抓緊、揪住、抓住,"catch,seize,grasp",C,動詞 (Verb / 동사)，如 하다（做）、가다（去）。
4052,사들이다,sadeurida,收購、買進,"buy,purchase",C,動詞 (Verb / 동사)，如 하다（做）、가다（去）。
4053,상관없이,sanggwaneopsi,無關地、不管、不論,Without anything to do with,C,副詞 (Adverb / 부사)，如 더（更）、잘（好）。
4054,새우,saeu,蝦、對蝦,"lobster,shrimp",B,名詞 (Noun / 명사)，如 사람（人）、집（家）。
4055,선원,seonwon,船員、水手,"A crew, a ship’s company",C,名詞 (Noun / 명사)，如 사람（人）、집（家）。
4056,설사,seolsa,腹瀉、拉肚子 / 即使,Diarrhea,C,副詞 (Adverb / 부사)，如 더（更）、잘（好）。
4057,실망하다,silmanghada,失望,To disappoint,C,動詞 (Verb / 동사)，如 하다（做）、가다（去）。
4058,심해지다,simhaejida,變得嚴重、加劇,Become deep and serious,B,動詞 (Verb / 동사)，如 하다（做）、가다（去）。
4059,씨름,ssireum,摔角、摔跤,Wrestling,B,名詞 (Noun / 명사)，如 사람（人）、집（家）。
4060,아쉬움,aswium,遺憾、惋惜、依依不捨,Sense of missing,C,名詞 (Noun / 명사)，如 사람（人）、집（家）。
4061,앞길,apgil,前途、前路、前景,"The road ahead, outlook",B,名詞 (Noun / 명사)，如 사람（人）、집（家）。
4062,약해지다,yakhaejida,變弱、衰弱,To become weak,C,動詞 (Verb / 동사)，如 하다（做）、가다（去）。
4063,어젯밤,eojetbam,昨晚、昨夜,Last night,B,名詞 (Noun / 명사)，如 사람（人）、집（家）。
4064,엉망,eongmang,一團糟、亂七八糟,"A mess, in bad shape",C,名詞 (Noun / 명사)，如 사람（人）、집（家）。
4065,여관,yeogwan,旅館、小客棧,"A hotel, an inn",B,名詞 (Noun / 명사)，如 사람（人）、집（家）。
4066,여쭈다,yeojjuda,稟告、啟奏、請教（敬語）,"Tell a superior, inform",B,動詞 (Verb / 동사)，如 하다（做）、가다（去）。
4067,연습하다,yeonseuphada,練習、操練,"To practice,exercise",A,動詞 (Verb / 동사)，如 하다（做）、가다（去）。
4068,연출하다,yeonchulhada,執導、演出、呈現,"Produce, present (a play)",C,動詞 (Verb / 동사)，如 하다（做）、가다（去）。
4069,열중하다,yeoljunghada,熱衷、專心致志,"Enthusiasm, zeal",C,動詞 (Verb / 동사)，如 하다（做）、가다（去）。
4070,영웅,yeongung,英雄,"A hero, a great man",C,名詞 (Noun / 명사)，如 사람（人）、집（家）。
4071,오,o,噢、啊（感嘆詞）,"Oh, ah!",B,名詞 (Noun / 명사)，如 사람（人）、집（家）。0
4072,유산,yusan,遺產,"An inheritence, property left behind",C,名詞 (Noun / 명사)，如 사람（人）、집（家）。
4073,의도적,uidojeok,意圖性的、蓄意的,Purposefully,C,名詞 (Noun / 명사)，如 사람（人）、집（家）。
4074,이따금,ittageum,偶爾、時常,From time to time,C,副詞 (Adverb / 부사)，如 더（更）、잘（好）。
4075,임신부,imsinbu,孕婦,An expectant mother,C,名詞 (Noun / 명사)，如 사람（人）、집（家）。
4076,장기적,janggijeok,長期的,Long-term,C,名詞 (Noun / 명사)，如 사람（人）、집（家）。
4077,재주,jaeju,才能、本領、伎倆,"ability,talent",C,名詞 (Noun / 명사)，如 사람（人）、집（家）。
4078,전설,jeonseol,傳說,"A tradition, a legend",C,名詞 (Noun / 명사)，如 사람（人）、집（家）。
4079,절,jeol,段落、節、條款,"clause,paragraph",C,名詞 (Noun / 명사)，如 사람（人）、집（家）。
4080,젖,jeot,乳房、乳汁,The breasts,C,名詞 (Noun / 명사)，如 사람（人）、집（家）。
4081,조르다,joreuda,央求、纏著要 / 勒緊,"To tease, urge sb",C,動詞 (Verb / 동사)，如 하다（做）、가다（去）。
4082,주문하다,jumunhada,點餐、訂購、吩咐,"To order, to request",B,動詞 (Verb / 동사)，如 하다（做）、가다（去）。
4083,주사,jusa,打針、注射,"A shot, an injection",B,名詞 (Noun / 명사)，如 사람（人）、집（家）。
4084,지겹다,jigyeopda,厭煩、膩煩,"To be tedious,tiring",C,形容詞 (Adjective / 형용사)，如 크다（大）、좋다（好）。
4085,짐작,jimjak,揣測、估計、猜想,"guess,conjecture",C,名詞 (Noun / 명사)，如 사람（人）、집（家）。
4086,쫓겨나다,jjotgyeonada,被趕出、被開除（被動）,Chase away ; to fire from your job,C,動詞 (Verb / 동사)，如 하다（做）、가다（去）。
4087,찢다,jjitda,撕碎、撕開,"Tear, rend, split",C,動詞 (Verb / 동사)，如 하다（做）、가다（去）。
4088,채널,chaeneol,頻道,Channel,B,名詞 (Noun / 명사)，如 사람（人）、집（家）。
4089,출근하다,chulgeunhada,上班,To go to work,B,動詞 (Verb / 동사)，如 하다（做）、가다（去）。
4090,취소하다,chwisohada,取消、作廢,"To cancel, calloff",B,動詞 (Verb / 동사)，如 하다（做）、가다（去）。
4091,취업,chwieop,就業、求職,"Employment, finding a job",C,名詞 (Noun / 명사)，如 사람（人）、집（家）。
4092,칠하다,chilhada,塗刷、上漆、粉刷,"Paint, coat",C,動詞 (Verb / 동사)，如 하다（做）、가다（去）。
4093,타오르다,taoreuda,燃燒起來、熊熊燃燒,"Blaze, light up",C,動詞 (Verb / 동사)，如 하다（做）、가다（去）。
4094,탁,tak,啪地、猛然 / 豁然,"(1) With a bang, with a snap (2) widely",C,副詞 (Adverb / 부사)，如 더（更）、잘（好）。
4095,평,pyeong,評價、評論、批評,A criticism,C,名詞 (Noun / 명사)，如 사람（人）、집（家）。
4096,평화롭다,pyeonghwaropda,和平、寧靜,To be peaceful,C,形容詞 (Adjective / 형용사)，如 크다（大）、좋다（好）。
4097,표시,pyosi,表示、表達、展現,"A sign,signal",C,名詞 (Noun / 명사)，如 사람（人）、집（家）。
4098,표시,pyosi,標示、標記、符號,"A sign, signal",C,名詞 (Noun / 명사)，如 사람（人）、집（家）。
4099,하반기,habangi,下半年,The second half of the year,C,名詞 (Noun / 명사)，如 사람（人）、집（家）。
4100,한구석,hanguseok,一角、一個角落,"A corner, a nook",C,名詞 (Noun / 명사)，如 사람（人）、집（家）。
4101,한하다,hanhada,僅限、局限於,"Limit, restrict",C,動詞 (Verb / 동사)，如 하다（做）、가다（去）。
4102,해답,haedap,解答、答案,"A solution to a problem, an answer to a question",C,名詞 (Noun / 명사)，如 사람（人）、집（家）。
4103,해소하다,haesohada,消除、解決、解除,"To be dissolved, disorganized",C,動詞 (Verb / 동사)，如 하다（做）、가다（去）。
4104,허락하다,heorakhada,答應、允許、許可,"Consent, agree to",C,動詞 (Verb / 동사)，如 하다（做）、가다（去）。
4105,확립하다,hwakriphada,確立、樹立,"establish,settle,fix",C,動詞 (Verb / 동사)，如 하다（做）、가다（去）。
4106,확신하다,hwaksinhada,確信、深信,To be confident of,C,動詞 (Verb / 동사)，如 하다（做）、가다（去）。
4107,흥분,heungbun,興奮、激動,"excitement,excitation",C,名詞 (Noun / 명사)，如 사람（人）、집（家）。
4108,흥분하다,heungbunhada,興奮、激動起來,be/grow excited,C,動詞 (Verb / 동사)，如 하다（做）、가다（去）。
4109,힘겹다,himgyeopda,吃力、費勁、難以承受,To be not strong enough to do,C,形容詞 (Adjective / 형용사)，如 크다（大）、좋다（好）。
4110,감수성,gamsuseong,感受性、敏感性,Receptivity or susceptibility,C,名詞 (Noun / 명사)，如 사람（人）、집（家）。
4111,거들다,geodeulda,幫忙、協助、幫腔,Help or assist or lend,C,動詞 (Verb / 동사)，如 하다（做）、가다（去）。
4112,건너편,geonneopyeon,對面,The opposite side,B,名詞 (Noun / 명사)，如 사람（人）、집（家）。
4113,경치,gyeongchi,景色、風景,A scene or scenery,A,名詞 (Noun / 명사)，如 사람（人）、집（家）。
4114,급속히,geupsokhi,急速地、迅速地,Rapidly or swiftly,C,副詞 (Adverb / 부사)，如 더（更）、잘（好）。
4115,급증하다,geupjeunghada,急劇增加、激增,Surge or sudden rapid increase,C,動詞 (Verb / 동사)，如 하다（做）、가다（去）。
4116,깔끔하다,kkalkkeumhada,俐落、整潔、乾淨,Be sleek and smart,C,形容詞 (Adjective / 형용사)，如 크다（大）、좋다（好）。
4117,꼼꼼하다,kkomkkomhada,細緻、一絲不苟、周密,"very careful or meticulous, doing it in a very detailed manner",C,形容詞 (Adjective / 형용사)，如 크다（大）、좋다（好）。
4118,낮아지다,najajida,變低、降低,Become lower,C,動詞 (Verb / 동사)，如 하다（做）、가다（去）。
4119,단순,dansun,單純、簡約,Simplicity,C,名詞 (Noun / 명사)，如 사람（人）、집（家）。
4120,대사,daesa,大使,an ambassador,C,名詞 (Noun / 명사)，如 사람（人）、집（家）。
4121,두세,duse,兩三個,Two or three (months),B,冠形詞 (Determiner / 관형사)，如 한（一個）、어떤（某種）。
4122,매,mae,棍棒、教鞭、皮鞭,"whip,rod,cane",C,名詞 (Noun / 명사)，如 사람（人）、집（家）。
4123,먹고살다,meokgosalda,餬口、謀生,Make one’s living,C,動詞 (Verb / 동사)，如 하다（做）、가다（去）。
4124,멎다,meotda,停止、停歇,Stop,C,動詞 (Verb / 동사)，如 하다（做）、가다（去）。
4125,면담,myeondam,面談、晤談,An interview,C,名詞 (Noun / 명사)，如 사람（人）、집（家）。
4126,모집,mojip,募集、招募,Collection,C,名詞 (Noun / 명사)，如 사람（人）、집（家）。
4127,모퉁이,motungi,拐角、角落,Corner,C,名詞 (Noun / 명사)，如 사람（人）、집（家）。
4128,바구니,baguni,籃子、竹籃,Basket,C,名詞 (Noun / 명사)，如 사람（人）、집（家）。
4129,바싹,bassak,焦乾、緊緊地、徹底,Completely,C,副詞 (Adverb / 부사)，如 더（更）、잘（好）。
4130,발달되다,baldaldoeda,獲得發展、發達（被動）,Be developed,C,動詞 (Verb / 동사)，如 하다（做）、가다（去）。
4131,발음,bareum,發音,Pronunciation,A,名詞 (Noun / 명사)，如 사람（人）、집（家）。
4132,방울,bangul,鈴鐺,A bell,C,名詞 (Noun / 명사)，如 사람（人）、집（家）。
4133,보름,boreum,半個月、十五天 / 正月十五,"15days,the 15th day",C,名詞 (Noun / 명사)，如 사람（人）、집（家）。
4134,봉지,bongji,紙袋、塑膠袋,Bag,B,名詞 (Noun / 명사)，如 사람（人）、집（家）。
4135,부딪히다,budithida,被撞擊、碰撞（被動）,Be bumped into,C,動詞 (Verb / 동사)，如 하다（做）、가다（去）。
4136,비상,bisang,緊急、非常 / 飛翔,Emergency,C,名詞 (Noun / 명사)，如 사람（人）、집（家）。
4137,비서,biseo,秘書,Secretary,B,名詞 (Noun / 명사)，如 사람（人）、집（家）。
4138,뿌리치다,ppurichida,甩開、斷然拒絕,"Shake off, refuse",C,動詞 (Verb / 동사)，如 하다（做）、가다（去）。
4139,사업자,saeopja,經營者、企業家,Businessman,C,名詞 (Noun / 명사)，如 사람（人）、집（家）。
4140,상대편,sangdaepyeon,對方、對手,The other party,C,名詞 (Noun / 명사)，如 사람（人）、집（家）。
4141,세트,seteu,套裝、套件,Set,C,名詞 (Noun / 명사)，如 사람（人）、집（家）。
4142,소망,somang,願望、心願、期盼,"desire,wish,hope",C,名詞 (Noun / 명사)，如 사람（人）、집（家）。
4143,수동적,sudongjeok,被動的,Passively,C,名詞 (Noun / 명사)，如 사람（人）、집（家）。
4144,술잔,suljan,酒杯,A glass for alcohol,B,名詞 (Noun / 명사)，如 사람（人）、집（家）。
4145,슬그머니,seulgeumeoni,悄悄地、暗暗地,Furtively,C,副詞 (Adverb / 부사)，如 더（更）、잘（好）。
4146,시장,sijang,市長,Mayor,C,名詞 (Noun / 명사)，如 사람（人）、집（家）。
4147,시청률,sicheongryul,收視率,Popularity rating,C,名詞 (Noun / 명사)，如 사람（人）、집（家）。
4148,신문사,sinmunsa,報社,Newspaper company,B,名詞 (Noun / 명사)，如 사람（人）、집（家）。
4149,여군,yeogun,女兵、女軍人,A woman soldier,C,名詞 (Noun / 명사)，如 사람（人）、집（家）。
4150,연인,yeonin,戀人、情人,A sweetheart,C,名詞 (Noun / 명사)，如 사람（人）、집（家）。
4151,연장,yeonjang,延長、延期 / 工具,"Extension, prolongation",C,名詞 (Noun / 명사)，如 사람（人）、집（家）。
4152,열흘,yeolheul,十天,Ten days,B,名詞 (Noun / 명사)，如 사람（人）、집（家）。
4153,예선,yeseon,預賽、預選,A preliminary match/election,C,名詞 (Noun / 명사)，如 사람（人）、집（家）。
4154,옥수수,oksusu,玉米,Corn,B,名詞 (Noun / 명사)，如 사람（人）、집（家）。
4155,원,won,圓形、圓圈,A circle,C,名詞 (Noun / 명사)，如 사람（人）、집（家）。
4156,은행나무,eunhaengnamu,銀杏樹,A ginko tree,C,名詞 (Noun / 명사)，如 사람（人）、집（家）。
4157,이웃집,iutjip,鄰居家,The neighbor’s house,B,名詞 (Noun / 명사)，如 사람（人）、집（家）。
4158,자부심,jabusim,自負心、自豪感,Pride,C,名詞 (Noun / 명사)，如 사람（人）、집（家）。
4159,장차,jangcha,將來、日後,"In the future, someday",C,副詞 (Adverb / 부사)，如 더（更）、잘（好）。
4160,재미없다,jaemieopda,沒趣、無聊,Boring,A,形容詞 (Adjective / 형용사)，如 크다（大）、좋다（好）。
4161,저편,jeopyeon,那邊、那一方,"That side,direction",C,代名詞 (Pronoun / 대명사)，如 나（我）、우리（我們）、그（他）。
4162,정신과,jeongsingwa,精神科,Psychiatry,C,名詞 (Noun / 명사)，如 사람（人）、집（家）。
4163,제도적,jedojeok,制度上的、制度性的,Systematic,C,名詞 (Noun / 명사)，如 사람（人）、집（家）。
4164,조절,jojeol,調節、調控,"regulation,adjustment",C,名詞 (Noun / 명사)，如 사람（人）、집（家）。
4165,주거,jugeo,居住、住處,"residing,dwelling",C,名詞 (Noun / 명사)，如 사람（人）、집（家）。
4166,주스,juseu,果汁,Juice,A,名詞 (Noun / 명사)，如 사람（人）、집（家）。
4167,준비되다,junbidoeda,被準備好（被動）,To be ready,B,動詞 (Verb / 동사)，如 하다（做）、가다（去）。
4168,중단되다,jungdandoeda,中斷、暫停（被動）,"To be suspended,stopped",C,動詞 (Verb / 동사)，如 하다（做）、가다（去）。
4169,중요시하다,jungyosihada,重視、看重,Attach great importance to,C,動詞 (Verb / 동사)，如 하다（做）、가다（去）。
4170,지점,jijeom,分店、分支機構,Branch store,C,名詞 (Noun / 명사)，如 사람（人）、집（家）。
4171,진단하다,jindanhada,診斷,To diagnose,C,動詞 (Verb / 동사)，如 하다（做）、가다（去）。
4172,콜라,kolra,可樂,Cola,A,名詞 (Noun / 명사)，如 사람（人）、집（家）。
4173,타다,tada,領取、領到（工資/獎金）,"Get, receive, take your share of the money (회사에서 월급을 타다)",C,動詞 (Verb / 동사)，如 하다（做）、가다（去）。
4174,편견,pyeongyeon,偏見、成見,"A prejudice, a bias",C,名詞 (Noun / 명사)，如 사람（人）、집（家）。
4175,플라스틱,peulraseutik,塑膠,Plastic,B,名詞 (Noun / 명사)，如 사람（人）、집（家）。
4176,환율,hwanyul,匯率,The exchange rate (money),C,名詞 (Noun / 명사)，如 사람（人）、집（家）。
4177,활기,hwalgi,活力、朝氣,"Vigor, life, vitality",C,名詞 (Noun / 명사)，如 사람（人）、집（家）。
4178,강사,gangsa,講師、教員,Instructor or teacher,C,名詞 (Noun / 명사)，如 사람（人）、집（家）。
4179,강수량,gangsuryang,降水量,How much rainfall,C,名詞 (Noun / 명사)，如 사람（人）、집（家）。
4180,교대,gyodae,交替、輪班,Alternation or change,C,名詞 (Noun / 명사)，如 사람（人）、집（家）。
4181,구청,gucheong,區廳、區公所,A ward or district office,C,名詞 (Noun / 명사)，如 사람（人）、집（家）。
4182,국내외,gungnaeoe,國內外,The inside and outside of a country or home and abroad,C,名詞 (Noun / 명사)，如 사람（人）、집（家）。
4183,금지되다,geumjidoeda,被禁止（被動）,To be forbidden or prohibited,C,動詞 (Verb / 동사)，如 하다（做）、가다（去）。
4184,기도하다,gidohada,祈禱、禱告,To pray,C,動詞 (Verb / 동사)，如 하다（做）、가다（去）。
4185,기성,giseong,既成、現存的,To be already existing or established,C,名詞 (Noun / 명사)，如 사람（人）、집（家）。
4186,깨뜨리다,kkaetteurida,打碎、砸碎,To break or crush,C,動詞 (Verb / 동사)，如 하다（做）、가다（去）。
4187,꼼짝,kkomjjak,動彈（加否定表紋風不動）,Cannot move,C,副詞 (Adverb / 부사)，如 더（更）、잘（好）。
4188,남학생,namhaksaeng,男學生,Male student,A,名詞 (Noun / 명사)，如 사람（人）、집（家）。
4189,농사일,nongsail,農活、農務,Farming,C,名詞 (Noun / 명사)，如 사람（人）、집（家）。
4190,농장,nongjang,農場,"A farm, plantation",C,名詞 (Noun / 명사)，如 사람（人）、집（家）。
4191,데이트,deiteu,約會,Date,C,名詞 (Noun / 명사)，如 사람（人）、집（家）。
4192,마음가짐,maeumgajim,心態、心境,Mental attitude,C,名詞 (Noun / 명사)，如 사람（人）、집（家）。
4193,머리칼,meorikal,頭髮、髮絲,Hair,C,名詞 (Noun / 명사)，如 사람（人）、집（家）。
4194,모,mo,某、某某,"A certain person, mr. Jones",C,冠形詞 (Determiner / 관형사)，如 한（一個）、어떤（某種）。
4195,바퀴,bakwi,蟑螂,Cockroach,C,名詞 (Noun / 명사)，如 사람（人）、집（家）。
4196,번개,beongae,閃電,Lightning,C,名詞 (Noun / 명사)，如 사람（人）、집（家）。
4197,변화되다,byeonhwadoeda,被改變、發生變化（被動）,To be changed,C,動詞 (Verb / 동사)，如 하다（做）、가다（去）。
4198,부러워하다,bureowohada,羨慕,"envy,be envious of",B,動詞 (Verb / 동사)，如 하다（做）、가다（去）。
4199,부재,bujae,不在、缺席 / 不存在,Absence,C,名詞 (Noun / 명사)，如 사람（人）、집（家）。
4200,사망,samang,死亡,Death,C,名詞 (Noun / 명사)，如 사람（人）、집（家）。
4201,생,saeng,生的、未煮熟的 / 生命,"1) raw,uncooked 2)living",C,名詞 (Noun / 명사)，如 사람（人）、집（家）。
4202,서늘하다,seoneulhada,涼爽、涼颼颼,"Be cool,refreshing",C,形容詞 (Adjective / 형용사)，如 크다（大）、좋다（好）。
4203,성경,seonggyeong,聖經,The Bible,C,名詞 (Noun / 명사)，如 사람（人）、집（家）。
4204,소요되다,soyodoeda,需要、耗費（時間/費用）（被動）,Be needed,C,動詞 (Verb / 동사)，如 하다（做）、가다（去）。
4205,소화하다,sohwahada,消化、領會,To digest,C,動詞 (Verb / 동사)，如 하다（做）、가다（去）。
4206,순간적,sunganjeok,瞬間的、剎那的,"instanteous,momentary",C,名詞 (Noun / 명사)，如 사람（人）、집（家）。
4207,시집가다,sijipgada,出嫁、嫁人,To take a husband,C,動詞 (Verb / 동사)，如 하다（做）、가다（去）。
4208,시청,sicheong,市政府、市廳,City hall,B,名詞 (Noun / 명사)，如 사람（人）、집（家）。
4209,싶어지다,sipeojida,漸漸想、變得想,To come to want,C,補助用言 (Auxiliary / 補助用言 (Auxiliary / 보조용언)，如 ～버리다、～싶다。조용언)，如 ～버리다、～싶다。
4210,씌우다,ssuiuda,給...戴上（帽子/眼鏡）,Put a hat on somebody,C,動詞 (Verb / 동사)，如 하다（做）、가다（去）。
4211,야간,yagan,夜間、夜晚,The night time,C,名詞 (Noun / 명사)，如 사람（人）、집（家）。
4212,엇갈리다,eotgalrida,錯開、交錯、不一致,"Cross, miss eachother",C,動詞 (Verb / 동사)，如 하다（做）、가다（去）。
4213,엷다,yeolda,薄、淡、淺,"Be thin, light",C,形容詞 (Adjective / 형용사)，如 크다（大）、좋다（好）。
4214,오락,orak,娛樂、消遣,Entertainment,C,名詞 (Noun / 명사)，如 사람（人）、집（家）。
4215,오른손,oreunson,右手,The right hand,B,名詞 (Noun / 명사)，如 사람（人）、집（家）。
4216,우아하다,uahada,優雅、高雅,"To be elegant,refined",C,形容詞 (Adjective / 형용사)，如 크다（大）、좋다（好）。
4217,이것저것,igeotjeogeot,這個那個、形形色色,"This and that, one thing and another",B,名詞 (Noun / 명사)，如 사람（人）、집（家）。
4218,이슬,iseul,露水、露珠,"Dew, dewdrops",C,名詞 (Noun / 명사)，如 사람（人）、집（家）。
4219,인간관계,ingangwangye,人際關係,Human relations,C,名詞 (Noun / 명사)，如 사람（人）、집（家）。
4220,장기간,janggigan,長期、長時間,For a long period,C,名詞 (Noun / 명사)，如 사람（人）、집（家）。
4221,저자,jeoja,作者、著者,"A writer,author",B,名詞 (Noun / 명사)，如 사람（人）、집（家）。
4222,전선,jeonseon,前線、戰線 / 電線,The battle line,C,名詞 (Noun / 명사)，如 사람（人）、집（家）。
4223,정지,jeongji,停止、停頓,"stop,an interruption",C,名詞 (Noun / 명사)，如 사람（人）、집（家）。
4224,제의하다,jeuihada,提議、建議,Make a suggestion,C,動詞 (Verb / 동사)，如 하다（做）、가다（去）。
4225,조명,jomyeong,照明、燈光,"lighting,illumination",C,名詞 (Noun / 명사)，如 사람（人）、집（家）。
4226,조화되다,johwadoeda,協調、融洽（被動）,"harmony,agreement",C,動詞 (Verb / 동사)，如 하다（做）、가다（去）。
4227,줄거리,julgeori,梗概、情節 / 枝梗,"A stalk, a stem",C,名詞 (Noun / 명사)，如 사람（人）、집（家）。
4228,중단,jungdan,中斷、暫停,"interruption,suspension",C,名詞 (Noun / 명사)，如 사람（人）、집（家）。
4229,차선,chaseon,車道、行車線 / 次選,A traffic lane,C,名詞 (Noun / 명사)，如 사람（人）、집（家）。
4230,착각하다,chakgakhada,產生錯覺、誤解,"To misunderstand, to deceive oneself, to be having illucinations",C,動詞 (Verb / 동사)，如 하다（做）、가다（去）。
4231,초상화,chosanghwa,肖像畫、畫像,"A portrait, a picture",C,名詞 (Noun / 명사)，如 사람（人）、집（家）。
4232,출장,chuljang,出差,A business trip,B,名詞 (Noun / 명사)，如 사람（人）、집（家）。
4233,쿠데타,kudeta,政變,Coup d’etat (overthrow of the government),C,名詞 (Noun / 명사)，如 사람（人）、집（家）。
4234,퇴근,toegeun,下班,"Leaving one’s office, coming home from work",B,名詞 (Noun / 명사)，如 사람（人）、집（家）。
4235,특수성,teuksuseong,特殊性,"Particularity, distinctiveness",C,名詞 (Noun / 명사)，如 사람（人）、집（家）。
4236,항공기,hanggonggi,航空器、飛機,An aircraft,C,名詞 (Noun / 명사)，如 사람（人）、집（家）。
4237,활발히,hwalbalhi,活躍地、積極地,"briskly,actively",C,副詞 (Adverb / 부사)，如 더（更）、잘（好）。
4238,회화,hoehwa,會話、對話,"Conversations, talk",B,名詞 (Noun / 명사)，如 사람（人）、집（家）。
4239,흥미롭다,heungmiropda,有趣、引人入勝,To be interesting,C,形容詞 (Adjective / 형용사)，如 크다（大）、좋다（好）。
4240,가져다주다,gajyeodajuda,送去、帶給,Take something to someone,B,動詞 (Verb / 동사)，如 하다（做）、가다（去）。
4241,각오,gago,覺悟、思想準備,Readiness or preparation,C,名詞 (Noun / 명사)，如 사람（人）、집（家）。
4242,개방되다,gaebangdoeda,開放、對外開放（被動）,To be opened,C,動詞 (Verb / 동사)，如 하다（做）、가다（去）。
4243,겨자,gyeoja,芥末,Mustard,C,名詞 (Noun / 명사)，如 사람（人）、집（家）。
4244,경고하다,gyeonggohada,警告、告誡,To warn,C,動詞 (Verb / 동사)，如 하다（做）、가다（去）。
4245,경제학,gyeongjehak,經濟學,Economics,C,名詞 (Noun / 명사)，如 사람（人）、집（家）。
4246,골프,golpeu,高爾夫球,Golf,B,名詞 (Noun / 명사)，如 사람（人）、집（家）。
4247,관심사,gwansimsa,關注點、關心事項,A matter of concern and interest,C,名詞 (Noun / 명사)，如 사람（人）、집（家）。
4248,구별되다,gubyeoldoeda,被區別、區分開（被動）,To be separated andistinguished,C,動詞 (Verb / 동사)，如 하다（做）、가다（去）。
4249,국사,guksa,國史（本國歷史） / 國事,The history of a country,C,名詞 (Noun / 명사)，如 사람（人）、집（家）。
4250,굳히다,guthida,使堅固、下定、鞏固,Harden or make hard,C,動詞 (Verb / 동사)，如 하다（做）、가다（去）。
4251,귀국,gwiguk,回國、歸國,Returning to one’s home country,B,名詞 (Noun / 명사)，如 사람（人）、집（家）。
4252,그간,geugan,這段期間、其間,The while or during tha time,C,名詞 (Noun / 명사)，如 사람（人）、집（家）。
4253,그럴듯하다,geureoldeuthada,像模像樣、合情合理,Be plausible or specious or likely,C,形容詞 (Adjective / 형용사)，如 크다（大）、좋다（好）。
4254,극작가,geukjakga,劇作家,A dramatist,C,名詞 (Noun / 명사)，如 사람（人）、집（家）。
4255,기,gi,旗幟、旗,A flag or a banner,C,名詞 (Noun / 명사)，如 사람（人）、집（家）。
4256,기울다,giulda,傾斜、偏向、傾注,To tilt or lean,C,動詞 (Verb / 동사)，如 하다（做）、가다（去）。
4257,기적,gijeok,奇蹟、奇事,A miracle,C,名詞 (Noun / 명사)，如 사람（人）、집（家）。
4258,끌리다,kkeulrida,被吸引、被拖拽（被動）,To be drawn or pulled or dragged,C,動詞 (Verb / 동사)，如 하다（做）、가다（去）。
4259,내보내다,naebonaeda,送出、放行、播出,"Let out, let go out",C,動詞 (Verb / 동사)，如 하다（做）、가다（去）。
4260,담,dam,圍牆、牆垣,"A wall, fence",C,名詞 (Noun / 명사)，如 사람（人）、집（家）。
4261,따스하다,ttaseuhada,溫暖、溫馨,Feel warm,C,形容詞 (Adjective / 형용사)，如 크다（大）、좋다（好）。
4262,말투,maltu,語氣、說話腔調,One’s way of talking,C,名詞 (Noun / 명사)，如 사람（人）、집（家）。
4263,명령어,myeongryeongeo,指令、指示語,Directive,C,名詞 (Noun / 명사)，如 사람（人）、집（家）。
4264,목욕탕,mogyoktang,澡堂、浴室,A bathhouse,B,名詞 (Noun / 명사)，如 사람（人）、집（家）。
4265,미끄러지다,mikkeureojida,滑倒、打滑、滑行,Slippery,C,動詞 (Verb / 동사)，如 하다（做）、가다（去）。
4266,바닷물,badanmul,海水,Sea water,B,名詞 (Noun / 명사)，如 사람（人）、집（家）。
4267,변신,byeonsin,變身、轉變形象,"Disguise, transformation",C,名詞 (Noun / 명사)，如 사람（人）、집（家）。
4268,부친,buchin,父親、家父,A father,C,名詞 (Noun / 명사)，如 사람（人）、집（家）。
4269,붙잡히다,butjaphida,被抓住、被逮住（被動）,Be caught,C,動詞 (Verb / 동사)，如 하다（做）、가다（去）。
4270,브랜드,beuraendeu,品牌,Brand,C,名詞 (Noun / 명사)，如 사람（人）、집（家）。
4271,빨다,ppalda,洗（衣服）、洗滌,Wash the laundry,B,動詞 (Verb / 동사)，如 하다（做）、가다（去）。
4272,사무,samu,事務、辦公,Office work,B,名詞 (Noun / 명사)，如 사람（人）、집（家）。
4273,사소하다,sasohada,細小、微不足道,"Be trifling,insignificant",C,形容詞 (Adjective / 형용사)，如 크다（大）、좋다（好）。
4274,상,sang,桌子、茶几,"A table,small desk",C,名詞 (Noun / 명사)，如 사람（人）、집（家）。
4275,상쾌하다,sangkwaehada,爽快、清新,"Be refreshing,exhilirating",C,形容詞 (Adjective / 형용사)，如 크다（大）、좋다（好）。
4276,성,seong,姓氏、姓,"A family name,surname",B,名詞 (Noun / 명사)，如 사람（人）、집（家）。
4277,손길,songil,援助之手、撫摸之手,An outstretched hand,C,名詞 (Noun / 명사)，如 사람（人）、집（家）。
4278,순위,sunwi,順位、名次、排名,"order,ranking",C,名詞 (Noun / 명사)，如 사람（人）、집（家）。
4279,식사하다,siksahada,進餐、用餐,To eat a meal,A,動詞 (Verb / 동사)，如 하다（做）、가다（去）。
4280,쌍,ssang,雙、對、對偶,"A pair,couple",C,名詞 (Noun / 명사)，如 사람（人）、집（家）。
4281,썰렁하다,sseolreonghada,寒意襲人、冷清,"chilly,feel cold",C,形容詞 (Adjective / 형용사)，如 크다（大）、좋다（好）。
4282,암시,amsi,暗示、預兆,"A hint, suggestion",C,名詞 (Noun / 명사)，如 사람（人）、집（家）。
4283,앞날,amnal,前途、未來的日子,"The futre, the days ahead",C,名詞 (Noun / 명사)，如 사람（人）、집（家）。
4284,역사상,yeoksasang,歷史上,In history,C,名詞 (Noun / 명사)，如 사람（人）、집（家）。
4285,연주,yeonju,演奏,A musical performance,C,名詞 (Noun / 명사)，如 사람（人）、집（家）。
4286,우울하다,uulhada,憂鬱、鬱悶,"To be melancholy, gloomy",B,形容詞 (Adjective / 형용사)，如 크다（大）、좋다（好）。
4287,우체국,ucheguk,郵局,A post office,A,名詞 (Noun / 명사)，如 사람（人）、집（家）。
4288,울리다,ulrida,使哭泣、惹哭,To make (a baby) cry,C,動詞 (Verb / 동사)，如 하다（做）、가다（去）。
4289,육상,yuksang,陸上、田徑,"On land, on the ground",C,名詞 (Noun / 명사)，如 사람（人）、집（家）。
4290,음주,eumju,飲酒、喝酒,Drinking (alcohol),C,名詞 (Noun / 명사)，如 사람（人）、집（家）。
4291,이별,ibyeol,離別、告別,"Parting, separation; divorce",C,名詞 (Noun / 명사)，如 사람（人）、집（家）。
4292,인재,injae,人才、棟樑,A man of ability,C,名詞 (Noun / 명사)，如 사람（人）、집（家）。
4293,인종,injong,人種、種族,A human race,C,名詞 (Noun / 명사)，如 사람（人）、집（家）。
4294,일시적,ilsijeok,一時的、暫時的,Of a day,C,名詞 (Noun / 명사)，如 사람（人）、집（家）。
4295,재밌다,jaemitda,有趣、好玩,"interesting,fun",C,形容詞 (Adjective / 형용사)，如 크다（大）、좋다（好）。
4296,전문적,jeonmunjeok,專門的、專業的,Of a specialist nature,C,名詞 (Noun / 명사)，如 사람（人）、집（家）。
4297,젊음,jeolmeum,青春、年輕,Youth,C,名詞 (Noun / 명사)，如 사람（人）、집（家）。
4298,점잖다,jeomjanta,斯文、莊重、儒雅,"To be dignified,well-bred",C,形容詞 (Adjective / 형용사)，如 크다（大）、좋다（好）。
4299,조개,jogae,貝類、蛤蜊,"shellfish,clam",C,名詞 (Noun / 명사)，如 사람（人）、집（家）。
4300,주무시다,jumusida,睡覺（敬語）,To sleep (respectful word),B,動詞 (Verb / 동사)，如 하다（做）、가다（去）。
4301,중계방송,junggyebangsong,實況轉播、現場直播,"A relay, a hookup",C,名詞 (Noun / 명사)，如 사람（人）、집（家）。
4302,중독,jungdok,中毒、上癮,Poison,C,名詞 (Noun / 명사)，如 사람（人）、집（家）。
4303,지급,jigeup,支給、發放、支付,"supply,pay",C,名詞 (Noun / 명사)，如 사람（人）、집（家）。
4304,진실하다,jinsilhada,真實、真誠,"Be true, truthful",C,形容詞 (Adjective / 형용사)，如 크다（大）、좋다（好）。
4305,차창,chachang,車窗,car/train window,C,名詞 (Noun / 명사)，如 사람（人）、집（家）。
4306,초청하다,chocheonghada,邀請,To invite,C,動詞 (Verb / 동사)，如 하다（做）、가다（去）。
4307,출발점,chulbaljeom,出發點、起點,The starting point of a trip,C,名詞 (Noun / 명사)，如 사람（人）、집（家）。
4308,출판,chulpan,出版,"Publication, publishing",C,名詞 (Noun / 명사)，如 사람（人）、집（家）。
4309,출현하다,chulhyeonhada,出現、露面,"Appearance, turning out",C,動詞 (Verb / 동사)，如 하다（做）、가다（去）。
4310,클럽,keulreop,俱樂部、夜店,Club,C,名詞 (Noun / 명사)，如 사람（人）、집（家）。
4311,키스,kiseu,接吻、親吻,Kiss,C,名詞 (Noun / 명사)，如 사람（人）、집（家）。
4312,탈출하다,talchulhada,逃脫、逃離,"To escape, get away from",C,動詞 (Verb / 동사)，如 하다（做）、가다（去）。
4313,판사,pansa,法官,A judge,C,名詞 (Noun / 명사)，如 사람（人）、집（家）。
4314,허락,heorak,許可、答應、批准,"Consent, assent, approval",C,名詞 (Noun / 명사)，如 사람（人）、집（家）。
4315,확신,hwaksin,確信、堅定信念,"Conviction, firm belief",C,名詞 (Noun / 명사)，如 사람（人）、집（家）。
4316,흐리다,heurida,陰沉（天氣）,Cloudy (weather),B,形容詞 (Adjective / 형용사)，如 크다（大）、좋다（好）。
4317,걱정스럽다,geokjeongseureopda,令人擔憂、掛念,Anxious or uneasy,B,形容詞 (Adjective / 형용사)，如 크다（大）、좋다（好）。
4318,건설되다,geonseoldoeda,被建設、興建（被動）,To become constructed,C,動詞 (Verb / 동사)，如 하다（做）、가다（去）。
4319,고개,gogae,山嶺、山坡頂,the peak or crest (of a hill),C,名詞 (Noun / 명사)，如 사람（人）、집（家）。
4320,고프다,gopeuda,肚子餓、飢餓,Hungry or famished,A,形容詞 (Adjective / 형용사)，如 크다（大）、좋다（好）。
4321,그제야,geujeya,這才、直到那時才,For the first time or not … until,C,副詞 (Adverb / 부사)，如 더（更）、잘（好）。
4322,금연,geumyeon,禁菸、戒菸,Prohibition of smoking,B,名詞 (Noun / 명사)，如 사람（人）、집（家）。
4323,기성세대,giseongsedae,既成世代、老一代,Old people,C,名詞 (Noun / 명사)，如 사람（人）、집（家）。
4324,기술하다,gisulhada,記述、描寫、記述,To describe or give an account of,C,動詞 (Verb / 동사)，如 하다（做）、가다（去）。
4325,까치,kkachi,喜鵲,Magpie,C,名詞 (Noun / 명사)，如 사람（人）、집（家）。
4326,꿈속,kkumsok,夢中,In a dream,B,名詞 (Noun / 명사)，如 사람（人）、집（家）。
4327,나비,nabi,蝴蝶,Butterfly,B,名詞 (Noun / 명사)，如 사람（人）、집（家）。
4328,남북,nambuk,南北,North and south,C,名詞 (Noun / 명사)，如 사람（人）、집（家）。
4329,납득하다,napdeukhada,領會、理解、信服,"To convince, persuade oneself",C,動詞 (Verb / 동사)，如 하다（做）、가다（去）。
4330,단,dan,段位、階級,A grade or class,C,名詞 (Noun / 명사)，如 사람（人）、집（家）。
4331,대사관,daesagwan,大使館,Embassy,A,名詞 (Noun / 명사)，如 사람（人）、집（家）。
4332,독창적,dokchangjeok,獨創的、原創的,Original,C,名詞 (Noun / 명사)，如 사람（人）、집（家）。
4333,만점,manjeom,滿分,Perfect score,C,名詞 (Noun / 명사)，如 사람（人）、집（家）。
4334,매달,maedal,每個月、每月,Every month,C,副詞 (Adverb / 부사)，如 더（更）、잘（好）。
4335,모여들다,moyeodeulda,聚集、蜂擁而至,"gather,flock",C,動詞 (Verb / 동사)，如 하다（做）、가다（去）。
4336,묵다,mukda,陳舊、久放,Get old,C,動詞 (Verb / 동사)，如 하다（做）、가다（去）。
4337,바깥쪽,bakkatjjok,外側、外面,The outside,C,名詞 (Noun / 명사)，如 사람（人）、집（家）。
4338,배고프다,baegopeuda,肚子餓,To be hungry,A,形容詞 (Adjective / 형용사)，如 크다（大）、좋다（好）。
4339,버섯,beoseot,蘑菇、蕈類,Mushroom,B,名詞 (Noun / 명사)，如 사람（人）、집（家）。
4340,보수,bosu,保守、守舊,Conservation,C,名詞 (Noun / 명사)，如 사람（人）、집（家）。
4341,보안,boan,保安、安全保衛,Preservation of the public peace,C,名詞 (Noun / 명사)，如 사람（人）、집（家）。
4342,뵈다,boeda,拜見、見面（敬語）,See (polite),B,動詞 (Verb / 동사)，如 하다（做）、가다（去）。
4343,부,bu,副、副級,"assistant,deputy",C,名詞 (Noun / 명사)，如 사람（人）、집（家）。
4344,비웃다,biutda,嘲笑、譏笑,"Laugh at, ridicule",C,動詞 (Verb / 동사)，如 하다（做）、가다（去）。
4345,비키다,bikida,讓開、躲開,Move aside,B,動詞 (Verb / 동사)，如 하다（做）、가다（去）。
4346,사나이,sanai,男子漢、男子,"A man, a male",C,名詞 (Noun / 명사)，如 사람（人）、집（家）。
4347,사모님,samonim,師母、夫人、太太,Older more respected ajuma,C,名詞 (Noun / 명사)，如 사람（人）、집（家）。
4348,삼,sam,三（漢字詞）,Three,A,數詞 (Numeral / 수사)，如 하나（一）。：數詞 (Numeral / 수사)，如 하나（一）。
4349,상징적,sangjingjeok,象徵性的,"symbolic,emblematic",C,名詞 (Noun / 명사)，如 사람（人）、집（家）。
4350,색다르다,saekdareuda,與眾不同、別緻,"Be different,novel",C,形容詞 (Adjective / 형용사)，如 크다（大）、좋다（好）。
4351,세미나,semina,研討會、專題討論會,Seminar,C,名詞 (Noun / 명사)，如 사람（人）、집（家）。
4352,세제,seje,洗潔劑、洗衣精,"detergent,cleaning material",C,名詞 (Noun / 명사)，如 사람（人）、집（家）。
4353,속삭이다,soksagida,低語、耳語、竊竊私語,Whisper,C,動詞 (Verb / 동사)，如 하다（做）、가다（去）。
4354,시일,siil,時日、日子,"time,days",C,名詞 (Noun / 명사)，如 사람（人）、집（家）。
4355,시합,sihap,比賽、競賽,"A contest,match",C,名詞 (Noun / 명사)，如 사람（人）、집（家）。
4356,신속하다,sinsokhada,迅速、敏捷,"Be quick,rapid,speedy",C,形容詞 (Adjective / 형용사)，如 크다（大）、좋다（好）。
4357,신제품,sinjepum,新產品、新品,A new product,C,名詞 (Noun / 명사)，如 사람（人）、집（家）。
4358,신중하다,sinjunghada,慎重、謹慎,"To be prudent,cautious",C,形容詞 (Adjective / 형용사)，如 크다（大）、좋다（好）。
4359,썩,sseok,相當、非常、十分,"Very much,greatly",C,副詞 (Adverb / 부사)，如 더（更）、잘（好）。
4360,암컷,amkeot,雌性、母的,"A female,a she (opp. 수컷)",C,名詞 (Noun / 명사)，如 사람（人）、집（家）。
4361,여행하다,yeohaenghada,旅行、旅遊,To travel,A,動詞 (Verb / 동사)，如 하다（做）、가다（去）。
4362,예고하다,yegohada,預告、事先通知,"Warn, give advance notice",C,動詞 (Verb / 동사)，如 하다（做）、가다（去）。
4363,위반하다,wibanhada,違反、違背,To violate (the law),C,動詞 (Verb / 동사)，如 하다（做）、가다（去）。
4364,윗몸,winmom,上半身,The upper body,C,名詞 (Noun / 명사)，如 사람（人）、집（家）。
4365,은은하다,euneunhada,隱隱約約、淡淡的,"To be distant,faint,indistinct",C,形容詞 (Adjective / 형용사)，如 크다（大）、좋다（好）。
4366,이해관계,ihaegwangye,利害關係,Mutual understanding,C,名詞 (Noun / 명사)，如 사람（人）、집（家）。
4367,익히다,ikhida,煮熟、弄熟,"cook,boil",C,動詞 (Verb / 동사)，如 하다（做）、가다（去）。
4368,일대,ildae,一帶、整個區域,One great/large,C,冠形詞 (Determiner / 관형사)，如 한（一個）、어떤（某種）。
4369,입력,ipryeok,輸入、力道輸入,Power input,C,名詞 (Noun / 명사)，如 사람（人）、집（家）。
4370,자연현상,jayeonhyeonsang,自然現象,Natural phenomena,C,名詞 (Noun / 명사)，如 사람（人）、집（家）。
4371,정류장,jeongryujang,站牌、車站（公車）,"stop,a station,bus-stop",A,名詞 (Noun / 명사)，如 사람（人）、집（家）。
4372,정신없이,jeongsineopsi,精神恍惚地、忙得不可開交,Feel distracted and scatter-brained,C,副詞 (Adverb / 부사)，如 더（更）、잘（好）。
4373,정직하다,jeongjikhada,正直、誠實,"honesty,uprightness",C,形容詞 (Adjective / 형용사)，如 크다（大）、좋다（好）。
4374,조정하다,jojeonghada,調節、協調、調整,"To regulate,adjust,coordinate",C,動詞 (Verb / 동사)，如 하다（做）、가다（去）。
4375,주름,jureum,皺紋、褶皺,Wrinkles,C,名詞 (Noun / 명사)，如 사람（人）、집（家）。
4376,중요,jungyo,重要、重要性,"importance,consequence",B,名詞 (Noun / 명사)，如 사람（人）、집（家）。
4377,챔피언,chaempieon,冠軍、優勝者,Champion,B,名詞 (Noun / 명사)，如 사람（人）、집（家）。
4378,최신,choesin,最新,"Newest, the latest",C,名詞 (Noun / 명사)，如 사람（人）、집（家）。
4379,축하,chukha,祝賀、慶祝,"Congratulation, celebration",B,名詞 (Noun / 명사)，如 사람（人）、집（家）。
4380,취소,chwiso,取消、作廢,"Cancellation, anulment",B,名詞 (Noun / 명사)，如 사람（人）、집（家）。
4381,캐릭터,kaerikteo,角色、人物形象,Character,C,名詞 (Noun / 명사)，如 사람（人）、집（家）。
4382,커튼,keoteun,窗簾,Curtain,B,名詞 (Noun / 명사)，如 사람（人）、집（家）。
4383,팬,paen,粉絲、歌迷,"A fan, an enthusiast",B,名詞 (Noun / 명사)，如 사람（人）、집（家）。
4384,해롭다,haeropda,有害、不利,"To be harmful, injurious",C,形容詞 (Adjective / 형용사)，如 크다（大）、좋다（好）。
4385,현관문,hyeongwanmun,玄關門、大門,The front door,C,名詞 (Noun / 명사)，如 사람（人）、집（家）。
4386,활발해지다,hwalbalhaejida,變得活潑、活躍,To become lively,C,動詞 (Verb / 동사)，如 하다（做）、가다（去）。
4387,회복되다,hoebokdoeda,恢復、痊癒（被動）,To be recovered,C,動詞 (Verb / 동사)，如 하다（做）、가다（去）。
4388,희생하다,huisaenghada,犧牲,To sacrifice,C,動詞 (Verb / 동사)，如 하다（做）、가다（去）。
4389,가능해지다,ganeunghaejida,變為可能,To become possible,C,動詞 (Verb / 동사)，如 하다（做）、가다（去）。
4390,겨울철,gyeoulcheol,冬季、冬令時節,The winter season,B,名詞 (Noun / 명사)，如 사람（人）、집（家）。
4391,고추장,gochujang,辣椒醬、苦椒醬,Red pepper paste,B,名詞 (Noun / 명사)，如 사람（人）、집（家）。
4392,골프장,golpeujang,高爾夫球場,Golf course,B,名詞 (Noun / 명사)，如 사람（人）、집（家）。
4393,공연히,gongyeonhi,白白地、徒然、平白無故,Futile or vain or useless,C,副詞 (Adverb / 부사)，如 더（更）、잘（好）。
4394,과정,gwajeong,課程、過程,A course or curriculum,C,名詞 (Noun / 명사)，如 사람（人）、집（家）。
4395,국수,guksu,麵條、麵食,Noodles,B,名詞 (Noun / 명사)，如 사람（人）、집（家）。
4396,국제적,gukjejeok,國際性的,International,C,名詞 (Noun / 명사)，如 사람（人）、집（家）。
4397,그루,geuru,棵、株（樹木量詞）,1) a root 2) stubble,C,依存名詞 / 量詞 (Dependent Noun / 의존명사)，如 것（東西/事情）、개（個）、명（名）。
4398,그전,geujeon,之前、從前,Former days or the past,C,名詞 (Noun / 명사)，如 사람（人）、집（家）。
4399,금고,geumgo,保險箱、金庫,A safe or strongbox,C,名詞 (Noun / 명사)，如 사람（人）、집（家）。
4400,꾸중,kkujung,斥責、訓斥,"Scolding, a rebuke",C,名詞 (Noun / 명사)，如 사람（人）、집（家）。
4401,끌어당기다,kkeureodanggida,拉近、拽過來,To draw near,C,動詞 (Verb / 동사)，如 하다（做）、가다（去）。
4402,끼,kki,一餐、一頓飯,A meal or a repast,C,名詞 (Noun / 명사)，如 사람（人）、집（家）。
4403,능동적,neungdongjeok,主動的、積極的,"Activity ; voluntary, of its own nature (opp. 수동적)",C,名詞 (Noun / 명사)，如 사람（人）、집（家）。
4404,달빛,dalbit,月光,Moonlight,B,名詞 (Noun / 명사)，如 사람（人）、집（家）。
4405,당분간,dangbungan,暫時、短時間內,For the present,C,副詞 (Adverb / 부사)，如 더（更）、잘（好）。
4406,도움말,doummal,幫助指南、提示語,Helping words,C,名詞 (Noun / 명사)，如 사람（人）、집（家）。
4407,뒷산,dwitsan,後山,The back side of a mountain,B,名詞 (Noun / 명사)，如 사람（人）、집（家）。
4408,만족하다,manjokhada,滿意、滿足,To be content,B,動詞 (Verb / 동사)，如 하다（做）、가다（去）。
4409,맵다,maepda,辛辣、辣,Spicy,A,形容詞 (Adjective / 형용사)，如 크다（大）、좋다（好）。
4410,메다,meda,扛、背、擔在肩上,Put on one’s shoulder,B,動詞 (Verb / 동사)，如 하다（做）、가다（去）。
4411,몰려오다,molryeooda,蜂擁而來、湧來,Come in crowds,C,動詞 (Verb / 동사)，如 하다（做）、가다（去）。
4412,물질적,muljiljeok,物質上的、物質性的,Material,C,名詞 (Noun / 명사)，如 사람（人）、집（家）。
4413,미인,miin,美人、美女,A beautiful girl,B,名詞 (Noun / 명사)，如 사람（人）、집（家）。
4414,믿어지다,mideojida,令人難以置信、變得可信（被動）,Become believable,C,動詞 (Verb / 동사)，如 하다（做）、가다（去）。
4415,반죽,banjuk,麵團、揉麵,Kneading; dough,C,名詞 (Noun / 명사)，如 사람（人）、집（家）。
4416,반지,banji,戒指,Ring,B,名詞 (Noun / 명사)，如 사람（人）、집（家）。
4417,밤,bam,栗子,Chestnut,B,名詞 (Noun / 명사)，如 사람（人）、집（家）。
4418,배치,baechi,配置、安排、佈局,Arrangement,C,名詞 (Noun / 명사)，如 사람（人）、집（家）。
4419,백인,baegin,白人、白種人,Caucasian,C,名詞 (Noun / 명사)，如 사람（人）、집（家）。
4420,본,bon,榜樣、範例、典範,An example,C,冠形詞 (Determiner / 관형사)，如 한（一個）、어떤（某種）。
4421,본사,bonsa,總公司、總部,Main office,C,名詞 (Noun / 명사)，如 사람（人）、집（家）。
4422,부르다,bureuda,吃飽、飽,To be full,B,形容詞 (Adjective / 형용사)，如 크다（大）、좋다（好）。
4423,불평등하다,bulpyeongdeunghada,不平等,Inequality,C,形容詞 (Adjective / 형용사)，如 크다（大）、좋다（好）。
4424,비타민,bitamin,維他命、維生素,Vitamin,B,名詞 (Noun / 명사)，如 사람（人）、집（家）。
4425,빌딩,bilding,大廈、大樓,Building,B,名詞 (Noun / 명사)，如 사람（人）、집（家）。
4426,빠뜨리다,ppatteurida,陷入、掉入、遺漏,"Throw into (a river); entice, entrap",C,動詞 (Verb / 동사)，如 하다（做）、가다（去）。
4427,산속,sansok,山中、深山裡,The heart of a mountain,B,名詞 (Noun / 명사)，如 사람（人）、집（家）。
4428,새로이,saeroi,重新、嶄新地,"newly,afresh",C,副詞 (Adverb / 부사)，如 더（更）、잘（好）。
4429,서양인,seoyangin,西方人、歐美人,A Westerner,C,名詞 (Noun / 명사)，如 사람（人）、집（家）。
4430,소지품,sojipum,隨身物品、攜帶物,one’s things,C,名詞 (Noun / 명사)，如 사람（人）、집（家）。
4431,송이,songi,朵、串（花/葡萄量詞）,"A bunch,cluster",B,名詞 (Noun / 명사)，如 사람（人）、집（家）。
4432,쇠,soe,鐵、金屬,Iron,C,名詞 (Noun / 명사)，如 사람（人）、집（家）。
4433,수컷,sukeot,雄性、公的,A male of the species,C,名詞 (Noun / 명사)，如 사람（人）、집（家）。
4434,승리하다,seungrihada,獲勝、勝利,To win,C,動詞 (Verb / 동사)，如 하다（做）、가다（去）。
4435,식초,sikcho,食醋、醋,Vinegar,B,名詞 (Noun / 명사)，如 사람（人）、집（家）。
4436,심부름,simbureum,跑腿、差事,Errand,B,名詞 (Noun / 명사)，如 사람（人）、집（家）。
4437,씨앗,ssiat,種子、種籽,Seeds,C,名詞 (Noun / 명사)，如 사람（人）、집（家）。
4438,야외,yaoe,野外、戶外,"The fields, the outskirts",B,名詞 (Noun / 명사)，如 사람（人）、집（家）。
4439,얻어먹다,eodeomeokda,討飯、受人請客,Go about begging,C,動詞 (Verb / 동사)，如 하다（做）、가다（去）。
4440,엄숙하다,eomsukhada,莊嚴、肅穆,"Seriousness, solemnity ; being grave, serious",C,形容詞 (Adjective / 형용사)，如 크다（大）、좋다（好）。
4441,여가,yeoga,閒暇、休閒時光,"leisure,spare time",C,名詞 (Noun / 명사)，如 사람（人）、집（家）。
4442,여동생,yeodongsaeng,妹妹,Younger sister,A,名詞 (Noun / 명사)，如 사람（人）、집（家）。
4443,연상하다,yeonsanghada,聯想,Association of ideas,C,動詞 (Verb / 동사)，如 하다（做）、가다（去）。
4444,옆집,yeopjip,隔壁、鄰居家,The house next door,B,名詞 (Noun / 명사)，如 사람（人）、집（家）。
4445,오래간만,oraeganman,好久、隔了好久,After a long time,A,名詞 (Noun / 명사)，如 사람（人）、집（家）。
4446,오래도록,oraedorok,久久、長久地,"For long, a long while",B,副詞 (Adverb / 부사)，如 더（更）、잘（好）。
4447,올려다보다,olryeodaboda,抬頭看、仰視,Look up,C,動詞 (Verb / 동사)，如 하다（做）、가다（去）。
4448,외다,oeda,背誦、覆誦,To repeat back (an order),C,動詞 (Verb / 동사)，如 하다（做）、가다（去）。
4449,외침,oechim,呼喊、吶喊,"A shout, a cry",C,名詞 (Noun / 명사)，如 사람（人）、집（家）。
4450,이빨,ippal,牙齒（多指動物或俗語）,A tooth,B,名詞 (Noun / 명사)，如 사람（人）、집（家）。
4451,이해,ihae,利害、利益與損害,"interests,gains",C,名詞 (Noun / 명사)，如 사람（人）、집（家）。
4452,일손,ilson,人手、勞動力,Work in hand,C,名詞 (Noun / 명사)，如 사람（人）、집（家）。
4453,잠바,jamba,夾克、外套,Jumper,C,名詞 (Noun / 명사)，如 사람（人）、집（家）。
4454,잠수함,jamsuham,潛水艇,Submarine,C,名詞 (Noun / 명사)，如 사람（人）、집（家）。
4455,장수,jangsu,商人、小販,"A tradesman,merchant",C,名詞 (Noun / 명사)，如 사람（人）、집（家）。
4456,장학금,janghakgeum,獎學金,Scholarship,B,名詞 (Noun / 명사)，如 사람（人）、집（家）。
4457,재다,jaeda,量、測量 / 炫耀,"measure,guage",C,動詞 (Verb / 동사)，如 하다（做）、가다（去）。
4458,쟤,jyae,那個孩子、那傢伙,That kid,B,不變化詞 / 獨立詞 / 未分類詞），用來標記如 그래도（即使那樣/仍然）、걔（那孩子）、그래（是的/那樣） 等
4459,점심시간,jeomsimsigan,午餐時間,Lunchtime,A,名詞 (Noun / 명사)，如 사람（人）、집（家）。
4460,지도하다,jidohada,指導、引導,"To lead, instruct",C,動詞 (Verb / 동사)，如 하다（做）、가다（去）。
4461,지적,jijeok,知識分子的、智力的,"Intellectual, brainy",C,名詞 (Noun / 명사)，如 사람（人）、집（家）。
4462,진로,jinro,進路、出路、前途,"A course,direction,path",C,名詞 (Noun / 명사)，如 사람（人）、집（家）。
4463,진행자,jinhaengja,主持人,Leader of the performance,C,名詞 (Noun / 명사)，如 사람（人）、집（家）。
4464,쪽,jjok,方面、方向,"A side, direction",B,名詞 (Noun / 명사)，如 사람（人）、집（家）。
4465,찾아다니다,chajadanida,到處尋找、四處奔走拜訪,To go around to meet somebody or see places,C,動詞 (Verb / 동사)，如 하다（做）、가다（去）。
4466,책임감,chaegimgam,責任感,Feeling of responsibility,C,名詞 (Noun / 명사)，如 사람（人）、집（家）。
4467,체온,cheon,體溫,Body temperature,C,名詞 (Noun / 명사)，如 사람（人）、집（家）。
4468,초밥,chobap,壽司,Japanese vinegared rice vegetables,B,名詞 (Noun / 명사)，如 사람（人）、집（家）。
4469,출구,chulgu,出口,An exit,B,名詞 (Noun / 명사)，如 사람（人）、집（家）。
4470,출입문,churimmun,出入門、通道門,Door for exiting and entering,B,名詞 (Noun / 명사)，如 사람（人）、집（家）。
4471,통과,tonggwa,通過,Passage,C,名詞 (Noun / 명사)，如 사람（人）、집（家）。
4472,포장마차,pojangmacha,布帳馬車、街頭小吃攤,A wheeled snack bar on the street,C,名詞 (Noun / 명사)，如 사람（人）、집（家）。
4473,푸다,puda,舀出、撈出,"Dip out, bail out",C,動詞 (Verb / 동사)，如 하다（做）、가다（去）。
4474,풀,pul,漿糊、膠水,Glue (spread the ~),B,名詞 (Noun / 명사)，如 사람（人）、집（家）。
4475,피망,pimang,青椒、甜椒,A pimento,C,名詞 (Noun / 명사)，如 사람（人）、집（家）。
4476,필름,pilreum,底片、膠捲,Film,B,名詞 (Noun / 명사)，如 사람（人）、집（家）。
4477,한결,hangyeol,更加、顯著地,"Stands out conspicuously, especially",C,副詞 (Adverb / 부사)，如 더（更）、잘（好）。
4478,한여름,hanyeoreum,仲夏、盛夏,"Midsummer, the middle of summer",C,名詞 (Noun / 명사)，如 사람（人）、집（家）。
4479,항공,hanggong,航空,An airport,C,名詞 (Noun / 명사)，如 사람（人）、집（家）。
4480,호선,hoseon,號線（地鐵線路）,The track number for a train,B,依存名詞 / 量詞 (Dependent Noun / 의존명사)，如 것（東西/事情）、개（個）、명（名）。
4481,회전,hoejeon,旋轉、轉動,"Revolution, rotation",C,名詞 (Noun / 명사)，如 사람（人）、집（家）。
4482,휴지,hyuji,衛生紙、廢紙,Toilet paper,A,名詞 (Noun / 명사)，如 사람（人）、집（家）。
4483,가위,gawi,剪刀,Scissors,B,名詞 (Noun / 명사)，如 사람（人）、집（家）。
4484,고속,gosok,高速,High speed,B,名詞 (Noun / 명사)，如 사람（人）、집（家）。
4485,곧다,gotda,筆直、正直,Be straight or upright or erect,C,形容詞 (Adjective / 형용사)，如 크다（大）、좋다（好）。
4486,골치,golchi,腦袋、頭痛事,Worry or anxiety,C,名詞 (Noun / 명사)，如 사람（人）、집（家）。
4487,구하다,guhada,拯救、挽救,Rescue a person,B,動詞 (Verb / 동사)，如 하다（做）、가다（去）。
4488,내달,naedal,下個月,Next month,C,名詞 (Noun / 명사)，如 사람（人）、집（家）。
4489,넷째,netjjae,第四,Fourth,A,數詞 (Numeral / 수사)，如 하나（一）。：數詞 (Numeral / 수사)，如 하나（一）。
4490,놔두다,nwaduda,擱置、放著不管,"Leave as it is, let it be",C,動詞 (Verb / 동사)，如 하다（做）、가다（去）。
4491,늦어지다,neujeojida,變遲、延誤,To become late,C,動詞 (Verb / 동사)，如 하다（做）、가다（去）。
4492,도망가다,domanggada,逃跑、逃走,"Make a go for it, escape",B,動詞 (Verb / 동사)，如 하다（做）、가다（去）。
4493,독하다,dokhada,毒辣、劇烈、狠毒,Be poison,C,形容詞 (Adjective / 형용사)，如 크다（大）、좋다（好）。
4494,만,man,值得、足以、達到...程度,To be of sufficient quantity,C,依存名詞 / 量詞 (Dependent Noun / 의존명사)，如 것（東西/事情）、개（個）、명（名）。
4495,명단,myeongdan,名單,List of names,C,名詞 (Noun / 명사)，如 사람（人）、집（家）。
4496,무의미하다,muuimihada,無意義、徒勞,Be nonsense,C,形容詞 (Adjective / 형용사)，如 크다（大）、좋다（好）。
4497,문구,mungu,文句、詞句,"passage,paragraph",C,名詞 (Noun / 명사)，如 사람（人）、집（家）。
4498,뭣,mwot,什麼（무엇的略語）,What (thing)?,C,代名詞 (Pronoun / 대명사)，如 나（我）、우리（我們）、그（他）。
4499,미만,miman,未滿、不足,"under,below ; less than",C,名詞 (Noun / 명사)，如 사람（人）、집（家）。
4500,백색,baeksaek,白色,White,C,名詞 (Noun / 명사)，如 사람（人）、집（家）。
4501,비바람,bibaram,風雨、狂風暴雨,Rain and wind,C,名詞 (Noun / 명사)，如 사람（人）、집（家）。
4502,사기,sagi,士氣 / 詐欺,"morale,fighting spirit",C,名詞 (Noun / 명사)，如 사람（人）、집（家）。
4503,사망하다,samanghada,死亡、逝世,"To decease,pass away",C,動詞 (Verb / 동사)，如 하다（做）、가다（去）。
4504,사무직,samujik,白領、內勤、事務職,Working in the office not in the factory,C,名詞 (Noun / 명사)，如 사람（人）、집（家）。
4505,소질,sojil,潛質、資質、素質,"temperament,character",C,名詞 (Noun / 명사)，如 사람（人）、집（家）。
4506,솜,som,棉花,Cotton,C,名詞 (Noun / 명사)，如 사람（人）、집（家）。
4507,시디롬,sidirom,CD-ROM,Cd-rom,C,名詞 (Noun / 명사)，如 사람（人）、집（家）。
4508,식생활,siksaenghwal,飲食生活,Dietary life,C,名詞 (Noun / 명사)，如 사람（人）、집（家）。
4509,신호등,sinhodeung,紅綠燈、交通信號燈,"Signal light, blinker",B,名詞 (Noun / 명사)，如 사람（人）、집（家）。
4510,신혼여행,sinhonyeohaeng,蜜月旅行,the honeymoon (the trip after the wedding),B,名詞 (Noun / 명사)，如 사람（人）、집（家）。
4511,실,sil,線、線條,Thread (to wind thread),C,名詞 (Noun / 명사)，如 사람（人）、집（家）。
4512,씩씩하다,ssikssikhada,勇敢、精神抖擻,"Be brave,valiant",B,形容詞 (Adjective / 형용사)，如 크다（大）、좋다（好）。
4513,연구실,yeongusil,研究室、實驗室,A laboratory,C,名詞 (Noun / 명사)，如 사람（人）、집（家）。
4514,월드컵,woldeukeop,世界盃,World cup,B,名詞 (Noun / 명사)，如 사람（人）、집（家）。
4515,유머,yumeo,幽默,Humor,C,名詞 (Noun / 명사)，如 사람（人）、집（家）。
4516,의류,uiryu,服裝、衣物,"Clothes, dresses; clothing",C,名詞 (Noun / 명사)，如 사람（人）、집（家）。
4517,입원,ibwon,住院,Hospitalization,B,名詞 (Noun / 명사)，如 사람（人）、집（家）。
4518,잊혀지다,ithyeojida,被遺忘（被動）,To become forgotten,C,動詞 (Verb / 동사)，如 하다（做）、가다（去）。
4519,잘살다,jalsalda,富裕、生活過得好,"To be affluent, well-off",B,動詞 (Verb / 동사)，如 하다（做）、가다（去）。
4520,장가,jangga,娶妻、結婚（男子）,To get married,B,名詞 (Noun / 명사)，如 사람（人）、집（家）。
4521,적응,jeogeung,適應,Adaptation,C,名詞 (Noun / 명사)，如 사람（人）、집（家）。
4522,정리되다,jeongridoeda,被整理、整頓好（被動）,To be adjusted,C,動詞 (Verb / 동사)，如 하다（做）、가다（去）。
4523,조,jo,組、隊伍,"A company,group",C,依存名詞 / 量詞 (Dependent Noun / 의존명사)，如 것（東西/事情）、개（個）、명（名）。
4524,졸업생,joreopsaeng,畢業生,A graduate,B,名詞 (Noun / 명사)，如 사람（人）、집（家）。
4525,죽다,jukda,喪氣、垂頭喪氣 / 死亡,Lose your spirit,B,補助用言 (Auxiliary / 補助用言 (Auxiliary / 보조용언)，如 ～버리다、～싶다。조용언)，如 ～버리다、～싶다。
4526,창피하다,changpihada,丟臉、羞愧,To be ashamed,C,形容詞 (Adjective / 형용사)，如 크다（大）、좋다（好）。
4527,친절,chinjeol,親切、熱情,"Kindness, goodness",B,名詞 (Noun / 명사)，如 사람（人）、집（家）。
4528,침실,chimsil,臥室、臥房,Bedroom,B,名詞 (Noun / 명사)，如 사람（人）、집（家）。
4529,태권도,taegwondo,跆拳道,Tae kwon do,A,名詞 (Noun / 명사)，如 사람（人）、집（家）。
4530,토론하다,toronhada,討論、辯論,"To debate, discuss",C,動詞 (Verb / 동사)，如 하다（做）、가다（去）。
4531,하나하나,hanahana,每一件事、每個細節,Each individual piece,C,名詞 (Noun / 명사)，如 사람（人）、집（家）。
4532,합하다,haphada,契合、相合 / 合併,"Harmonize with, be in accord with",C,動詞 (Verb / 동사)，如 하다（做）、가다（去）。
4533,핸드백,haendeubaek,手提包,Handbag,C,名詞 (Noun / 명사)，如 사람（人）、집（家）。
4534,햄버거,haembeogeo,漢堡,Hamburger,A,名詞 (Noun / 명사)，如 사람（人）、집（家）。
4535,가정교사,gajeonggyosa,家庭教師、家教,Private tutor,C,名詞 (Noun / 명사)，如 사람（人）、집（家）。
4536,감사,gamsa,感謝、感激,Thanks,A,名詞 (Noun / 명사)，如 사람（人）、집（家）。
4537,공통적,gongtongjeok,共通的、普遍的,Commonly,C,名詞 (Noun / 명사)，如 사람（人）、집（家）。
4538,교육자,gyoyukja,教育家、教育工作者,An educator,C,名詞 (Noun / 명사)，如 사람（人）、집（家）。
4539,교재,gyojae,教材、教學材料,Teaching material or insruction materials,C,名詞 (Noun / 명사)，如 사람（人）、집（家）。
4540,기타,gita,吉他,Guitar,B,名詞 (Noun / 명사)，如 사람（人）、집（家）。
4541,길어지다,gireojida,變長、拉長,To become long,C,動詞 (Verb / 동사)，如 하다（做）、가다（去）。
4542,깨소금,kkaesogeum,芝麻鹽、炒芝麻,Powdered sesame mixed with salt,C,名詞 (Noun / 명사)，如 사람（人）、집（家）。
4543,나빠지다,nappajida,變差、惡化,To become worse,B,動詞 (Verb / 동사)，如 하다（做）、가다（去）。
4544,남,nam,男子、男人,A man,B,名詞 (Noun / 명사)，如 사람（人）、집（家）。
4545,놓아두다,noaduda,擱置、放任不管,"Leave as it is, let it be",C,動詞 (Verb / 동사)，如 하다（做）、가다（去）。
4546,대접하다,daejeophada,款待、招待,Treatment,C,動詞 (Verb / 동사)，如 하다（做）、가다（去）。
4547,무궁화,mugunghwa,木槿花,The rose of Sharon,C,名詞 (Noun / 명사)，如 사람（人）、집（家）。
4548,바이러스,baireoseu,病毒,Virus,C,名詞 (Noun / 명사)，如 사람（人）、집（家）。
4549,방바닥,bangbadak,房間地板,room’s floor,C,名詞 (Noun / 명사)，如 사람（人）、집（家）。
4550,번거롭다,beongeoropda,繁瑣、麻煩,Be troublesome. 할 일이 많아서 아주 바쁘다,C,形容詞 (Adjective / 형용사)，如 크다（大）、좋다（好）。
4551,사냥,sanyang,打獵、狩獵,"Hunting, a hunt",C,名詞 (Noun / 명사)，如 사람（人）、집（家）。
4552,사회생활,sahoesaenghwal,社會生活,Social life,C,名詞 (Noun / 명사)，如 사람（人）、집（家）。
4553,설거지,seolgeoji,洗碗、刷洗餐具,Dishwashing,B,名詞 (Noun / 명사)，如 사람（人）、집（家）。
4554,수년,sunyeon,數年、好幾年,Several years,B,名詞 (Noun / 명사)，如 사람（人）、집（家）。
4555,수출하다,suchulhada,出口、外銷,To export,B,動詞 (Verb / 동사)，如 하다（做）、가다（去）。
4556,숙소,sukso,住宿處、住所,one’s address,B,名詞 (Noun / 명사)，如 사람（人）、집（家）。
4557,슈퍼마켓,syupeomaket,超級市場、超市,Supermarket,A,名詞 (Noun / 명사)，如 사람（人）、집（家）。
4558,심리적,simrijeok,心理上的,Psychological,C,名詞 (Noun / 명사)，如 사람（人）、집（家）。
4559,연기,yeongi,推遲、延期,"postponement,deferment",C,名詞 (Noun / 명사)，如 사람（人）、집（家）。
4560,위로,wiro,安慰、慰藉,"consolation,solace",C,名詞 (Noun / 명사)，如 사람（人）、집（家）。
4561,이용자,iyongja,使用者、用戶,A user; visitor,C,名詞 (Noun / 명사)，如 사람（人）、집（家）。
4562,입력하다,ipryeokhada,輸入（資料）,To input (data into the computer),C,動詞 (Verb / 동사)，如 하다（做）、가다（去）。
4563,자격증,jagyeokjeung,資格證、執照,A qualification certificate,C,名詞 (Noun / 명사)，如 사람（人）、집（家）。
4564,진료,jinryo,診療、看診,Medical examination and treatment,C,名詞 (Noun / 명사)，如 사람（人）、집（家）。
4565,창가,changga,窗邊、窗沿,"Next to a window, or, the window’s edge",C,名詞 (Noun / 명사)，如 사람（人）、집（家）。
4566,초조하다,chojohada,焦慮、焦急不安,"Be impatient, irritated",C,形容詞 (Adjective / 형용사)，如 크다（大）、좋다（好）。
4567,타다,tada,沖泡、溶解、摻入,"Put in, mix, dissolve",C,動詞 (Verb / 동사)，如 하다（做）、가다（去）。
4568,한잔하다,hanjanhada,喝一杯,To drink a glass of liquor,B,動詞 (Verb / 동사)，如 하다（做）、가다（去）。
4569,함께하다,hamkkehada,一起、共同進行,"To do it together, with somebody",C,動詞 (Verb / 동사)，如 하다（做）、가다（去）。
4570,합격하다,hapgyeokhada,及格、考上,To pass an exam,C,動詞 (Verb / 동사)，如 하다（做）、가다（去）。
4571,화장지,hwajangji,衛生紙、化妝紙,Soft paper used when applying makeup,C,名詞 (Noun / 명사)，如 사람（人）、집（家）。
4572,힘껏,himkkeot,盡力、竭盡全力,With all one’s might,C,副詞 (Adverb / 부사)，如 더（更）、잘（好）。
4573,가요,gayo,歌謠、流行歌曲,A song,B,名詞 (Noun / 명사)，如 사람（人）、집（家）。
4574,감상,gamsang,感想、鑑賞,Appreciation,B,名詞 (Noun / 명사)，如 사람（人）、집（家）。
4575,공짜,gongjja,免費、白送,Free,B,名詞 (Noun / 명사)，如 사람（人）、집（家）。
4576,공통되다,gongtongdoeda,共通、共有（被動）,To be common,C,動詞 (Verb / 동사)，如 하다（做）、가다（去）。
4577,그만하다,geumanhada,就此、差不多那樣,Be about the same or be neither better nor worse,B,形容詞 (Adjective / 형용사)，如 크다（大）、좋다（好）。
4578,나들이,nadeuri,出門、郊遊、走走,"Going out, an outing ; making a short visit to sb or somewhere",C,名詞 (Noun / 명사)，如 사람（人）、집（家）。
4579,녹이다,nogida,融化、融解,"Melt, dissolve",C,動詞 (Verb / 동사)，如 하다（做）、가다（去）。
4580,눈가,nunga,眼角、眼眶周圍,The eye rims,C,名詞 (Noun / 명사)，如 사람（人）、집（家）。
4581,도망,domang,逃跑、逃亡,Escape,C,名詞 (Noun / 명사)，如 사람（人）、집（家）。
4582,모기,mogi,蚊子,A mosquito,B,名詞 (Noun / 명사)，如 사람（人）、집（家）。
4583,미니,mini,迷你,Mini,C,名詞 (Noun / 명사)，如 사람（人）、집（家）。
4584,방면,bangmyeon,方面、方向,Direction,C,名詞 (Noun / 명사)，如 사람（人）、집（家）。
4585,법적,beopjeok,法律上的、法定的,Legal,C,名詞 (Noun / 명사)，如 사람（人）、집（家）。
4586,벤치,benchi,長凳、長椅,Bench,C,名詞 (Noun / 명사)，如 사람（人）、집（家）。
4587,보수,bosu,修補、維修、修繕,"mending,repair",C,名詞 (Noun / 명사)，如 사람（人）、집（家）。
4588,볼일,boril,事情、要辦的事,"business,errand,engagement",B,名詞 (Noun / 명사)，如 사람（人）、집（家）。
4589,부끄러움,bukkeureoum,羞愧、不好意思,"shame,disgrace",B,名詞 (Noun / 명사)，如 사람（人）、집（家）。
4590,비누,binu,肥皂、香皂,Soap,A,名詞 (Noun / 명사)，如 사람（人）、집（家）。
4591,비행,bihaeng,不良行為、越軌行為,An irregularity,C,名詞 (Noun / 명사)，如 사람（人）、집（家）。
4592,빗줄기,bitjulgi,雨線、急雨,Great streaks of rain,C,名詞 (Noun / 명사)，如 사람（人）、집（家）。
4593,사회학,sahoehak,社會學,Social science,C,名詞 (Noun / 명사)，如 사람（人）、집（家）。
4594,성적,seongjeok,性方面的、性別的,Sexual,C,名詞 (Noun / 명사)，如 사람（人）、집（家）。
4595,세수,sesu,洗臉、洗漱,Hand-washing,A,名詞 (Noun / 명사)，如 사람（人）、집（家）。
4596,순진하다,sunjinhada,純真、天真,"To be naive,pure",C,形容詞 (Adjective / 형용사)，如 크다（大）、좋다（好）。
4597,스웨터,seuweteo,毛衣,Sweater,B,名詞 (Noun / 명사)，如 사람（人）、집（家）。
4598,심심하다,simsimhada,無聊、百無聊賴,to be bored,C,形容詞 (Adjective / 형용사)，如 크다（大）、좋다（好）。
4599,어려워지다,eoryeowojida,變難、陷入困境,To become difficult,C,動詞 (Verb / 동사)，如 하다（做）、가다（去）。
4600,여행사,yeohaengsa,旅行社,Travel agency,B,名詞 (Noun / 명사)，如 사람（人）、집（家）。
4601,올라서다,olraseoda,站上、登上,Stand up,C,動詞 (Verb / 동사)，如 하다（做）、가다（去）。
4602,왼손,oenson,左手,Left hand,B,名詞 (Noun / 명사)，如 사람（人）、집（家）。
4603,유학생,yuhaksaeng,留學生,A foreign student,B,名詞 (Noun / 명사)，如 사람（人）、집（家）。
4604,은,eun,銀、白銀,Silver,C,名詞 (Noun / 명사)，如 사람（人）、집（家）。
4605,자리,jari,席位、座位、位置,A spot at a table,C,名詞 (Noun / 명사)，如 사람（人）、집（家）。
4606,잘생기다,jalsaenggida,長得英俊、帥氣,To be handsome,B,形容詞 (Adjective / 형용사)，如 크다（大）、좋다（好）。
4607,장애인,jangaein,身心障礙者、殘障人士,A handicapped person,C,名詞 (Noun / 명사)，如 사람（人）、집（家）。
4608,재활용품,jaehwaryongpum,資源回收物、再生品,A recycled product,C,名詞 (Noun / 명사)，如 사람（人）、집（家）。
4609,저러다,jeoreoda,那樣做、那樣,Like that,C,動詞 (Verb / 동사)，如 하다（做）、가다（去）。
4610,저리,jeori,那邊、那裡,That place,B,副詞 (Adverb / 부사)，如 더（更）、잘（好）。
4611,절약하다,jeoryakhada,節約、節省,To economize,B,動詞 (Verb / 동사)，如 하다（做）、가다（去）。
4612,정반대,jeongbandae,正相反、截然相反,"Direct opposition, the exact reverse",C,名詞 (Noun / 명사)，如 사람（人）、집（家）。
4613,진동,jindong,振動、震顫 / 瀰漫,"vibration,shake",C,名詞 (Noun / 명사)，如 사람（人）、집（家）。
4614,찌개,jjigae,鍋物、湯鍋、燉湯,A pot stew,A,名詞 (Noun / 명사)，如 사람（人）、집（家）。
4615,추천,chucheon,推薦,A recommendation,C,名詞 (Noun / 명사)，如 사람（人）、집（家）。
4616,학점,hakjeom,學分,"A unit, a point, a credit",C,名詞 (Noun / 명사)，如 사람（人）、집（家）。
4617,한가하다,hangahada,清閒、悠閒,"To be free, not busy",C,形容詞 (Adjective / 형용사)，如 크다（大）、좋다（好）。
4618,합격,hapgyeok,合格、考取、通過,Success in an examination,B,名詞 (Noun / 명사)，如 사람（人）、집（家）。
4619,환영하다,hwanyeonghada,歡迎,To welcome,C,動詞 (Verb / 동사)，如 하다（做）、가다（去）。
4620,간접적,ganjeopjeok,間接的,Indirect or mediate,C,名詞 (Noun / 명사)，如 사람（人）、집（家）。
4621,갈다,galda,更換、替換,Renew or substitute ; same as 바꾸다,B,動詞 (Verb / 동사)，如 하다（做）、가다（去）。
4622,경영하다,gyeongyeonghada,經營、管理,To manage or adminster,C,動詞 (Verb / 동사)，如 하다（做）、가다（去）。
4623,그리움,geurium,思念、懷念,Yearning or affection,C,名詞 (Noun / 명사)，如 사람（人）、집（家）。
4624,그사이,geusai,其間、那段時間,The while or the meantime,C,名詞 (Noun / 명사)，如 사람（人）、집（家）。
4625,기념하다,ginyeomhada,紀念,Commemorate,C,動詞 (Verb / 동사)，如 하다（做）、가다（去）。
4626,기도,gido,祈禱、禱告,A prayer,B,名詞 (Noun / 명사)，如 사람（人）、집（家）。
4627,길거리,gilgeori,街道、路邊,A street,B,名詞 (Noun / 명사)，如 사람（人）、집（家）。
4628,꽃잎,kkochip,花瓣,A petal,B,名詞 (Noun / 명사)，如 사람（人）、집（家）。
4629,넥타이,nektai,領帶,Necktie,A,名詞 (Noun / 명사)，如 사람（人）、집（家）。
4630,대강,daegang,大致、大綱、梗概,General principles,C,副詞 (Adverb / 부사)，如 더（更）、잘（好）。
4631,독립하다,dokriphada,獨立,To become independent,C,動詞 (Verb / 동사)，如 하다（做）、가다（去）。
4632,문밖,munbak,門外,Outside the door,C,名詞 (Noun / 명사)，如 사람（人）、집（家）。
4633,방송하다,bangsonghada,播送、廣播、播放,Broadcast,C,動詞 (Verb / 동사)，如 하다（做）、가다（去）。
4634,보충하다,bochunghada,補充、補足,"replenish,replace,fillup",C,動詞 (Verb / 동사)，如 하다（做）、가다（去）。
4635,불완전하다,burwanjeonhada,不完全、不完美,To be imerfect,C,形容詞 (Adjective / 형용사)，如 크다（大）、좋다（好）。
4636,불평,bulpyeong,抱怨、牢騷、不滿,Dissatisfaction,C,名詞 (Noun / 명사)，如 사람（人）、집（家）。
4637,붐비다,bumbida,擁擠、門庭若市,"Be congested,crowded ; to be full of",C,動詞 (Verb / 동사)，如 하다（做）、가다（去）。
4638,생활환경,saenghwalhwangyeong,生活環境,Life environment,B,名詞 (Noun / 명사)，如 사람（人）、집（家）。
4639,서명,seomyeong,簽名、簽署,"signing,autographing",C,名詞 (Noun / 명사)，如 사람（人）、집（家）。
4640,손등,sondeung,手背,The back of the hand,C,名詞 (Noun / 명사)，如 사람（人）、집（家）。
4641,역사학,yeoksahak,歷史學,The study of history,C,名詞 (Noun / 명사)，如 사람（人）、집（家）。
4642,영,yeong,完全、根本（加否定） / 永遠,"Really, totally",C,副詞 (Adverb / 부사)，如 더（更）、잘（好）。
4643,오리,ori,鴨子、野鴨,Duck,B,名詞 (Noun / 명사)，如 사람（人）、집（家）。
4644,요리사,yorisa,廚師、料理師,"A chef, a cook",C,名詞 (Noun / 명사)，如 사람（人）、집（家）。
4645,원,won,哎呀、天哪（感嘆詞）,Goodness! Gracious!,C,名詞 (Noun / 명사)，如 사람（人）、집（家）。0
4646,원서,wonseo,申請書、原著,"An application, a written request",C,名詞 (Noun / 명사)，如 사람（人）、집（家）。
4647,월,wol,月、月份,A month,A,依存名詞 / 量詞 (Dependent Noun / 의존명사)，如 것（東西/事情）、개（個）、명（名）。
4648,이론적,ironjeok,理論上的,Theoretical,C,名詞 (Noun / 명사)，如 사람（人）、집（家）。
4649,이제야,ijeya,如今才、這才,These days,C,副詞 (Adverb / 부사)，如 더（更）、잘（好）。
4650,임신하다,imsinhada,懷孕、受孕,To be pregnant,C,動詞 (Verb / 동사)，如 하다（做）、가다（去）。
4651,입원하다,ibwonhada,住院,To enter a hospital,B,動詞 (Verb / 동사)，如 하다（做）、가다（去）。
4652,자취,jachwi,蹤跡、痕跡,"A trace,vestige",C,名詞 (Noun / 명사)，如 사람（人）、집（家）。
4653,잠그다,jamgeuda,鎖上、扣上、浸泡,To lock,C,動詞 (Verb / 동사)，如 하다（做）、가다（去）。
4654,잡수시다,japsusida,吃、享用（敬語）,"eat,drink",A,動詞 (Verb / 동사)，如 하다（做）、가다（去）。
4655,장난감,jangnangam,玩具,A toy,B,名詞 (Noun / 명사)，如 사람（人）、집（家）。
4656,장례,jangrye,葬禮、喪禮,A funeral,C,名詞 (Noun / 명사)，如 사람（人）、집（家）。
4657,전기밥솥,jeongibapsot,電子鍋、電鍋,Electric rice cooker,B,名詞 (Noun / 명사)，如 사람（人）、집（家）。
4658,지금껏,jigeumkkeot,至今、到現在為止,"So far, till now",C,副詞 (Adverb / 부사)，如 더（更）、잘（好）。
4659,지름길,jireumgil,捷徑,A shortcut,C,名詞 (Noun / 명사)，如 사람（人）、집（家）。
4660,지진,jijin,地震,Earthquake,C,名詞 (Noun / 명사)，如 사람（人）、집（家）。
4661,참석자,chamseokja,出席者、與會者,Persons present,C,名詞 (Noun / 명사)，如 사람（人）、집（家）。
4662,창구,changgu,窗口、櫃檯窗口,A window,C,名詞 (Noun / 명사)，如 사람（人）、집（家）。
4663,최저,choejeo,最低、底限,"The lowest, the minimum/lowest price",C,名詞 (Noun / 명사)，如 사람（人）、집（家）。
4664,코미디,komidi,喜劇,Comedy,C,名詞 (Noun / 명사)，如 사람（人）、집（家）。
4665,튀기다,twigida,油炸 / 濺起、彈射,"To fry; splash, splatter",C,動詞 (Verb / 동사)，如 하다（做）、가다（去）。
4666,필수,pilsu,必需、必不可少,"necessary,indispensable",C,名詞 (Noun / 명사)，如 사람（人）、집（家）。
4667,하품,hapum,哈欠,Yawning,B,名詞 (Noun / 명사)，如 사람（人）、집（家）。
4668,한국말,hangungmal,韓語、韓國話,Korean (language),A,名詞 (Noun / 명사)，如 사람（人）、집（家）。
4669,횟수,hoetsu,次數、回數,"The number of times, the frequency",C,名詞 (Noun / 명사)，如 사람（人）、집（家）。
4670,흐리다,heurida,混濁、模糊、微帶暗色,"Be muddy, cloudy ; with a tint of",C,動詞 (Verb / 동사)，如 하다（做）、가다（去）。
4671,가능,ganeung,可能性、可能,Possibility,C,名詞 (Noun / 명사)，如 사람（人）、집（家）。
4672,값싸다,gapssada,廉價、便宜,Cheap or low-priced,C,形容詞 (Adjective / 형용사)，如 크다（大）、좋다（好）。
4673,계란,gyeran,雞蛋,An egg,A,名詞 (Noun / 명사)，如 사람（人）、집（家）。
4674,교문,gyomun,校門,A school gate,B,名詞 (Noun / 명사)，如 사람（人）、집（家）。
4675,권투,gwontu,拳擊,Boxing or K1,B,名詞 (Noun / 명사)，如 사람（人）、집（家）。
4676,긴장감,ginjanggam,緊張感,Feeling of tension,C,名詞 (Noun / 명사)，如 사람（人）、집（家）。
4677,김,gim,水蒸氣 / 氣味,"1) Steam 2) scent, aroma",C,名詞 (Noun / 명사)，如 사람（人）、집（家）。
4678,넷,net,四（純韓文數詞）,4,A,數詞 (Numeral / 수사)，如 하나（一）。：數詞 (Numeral / 수사)，如 하나（一）。
4679,매달다,maedalda,懸掛、吊掛,"Bind up, hang: 묶어서 드리우거나 걸다.",C,名詞 (Noun / 명사)，如 사람（人）、집（家）。
4680,매주,maeju,每週、每個星期,Every week,C,副詞 (Adverb / 부사)，如 더（更）、잘（好）。
4681,문제되다,munjedoeda,成問題、引發爭議（被動）,Become a problem,C,動詞 (Verb / 동사)，如 하다（做）、가다（去）。
4682,받침,batchim,支撐物、托墊 / 收音（韓文字底）,"Support, prop",B,名詞 (Noun / 명사)，如 사람（人）、집（家）。
4683,북,buk,北方、北面,North,B,名詞 (Noun / 명사)，如 사람（人）、집（家）。
4684,불이익,buriik,不利益、吃虧、損害,"disadvantage,drawback",C,名詞 (Noun / 명사)，如 사람（人）、집（家）。
4685,불필요하다,bulpiryohada,不需要、多餘,To be unnecessary,C,形容詞 (Adjective / 형용사)，如 크다（大）、좋다（好）。
4686,산부인과,sanbuingwa,婦產科,Obstetrics and gynecology,C,名詞 (Noun / 명사)，如 사람（人）、집（家）。
4687,새우다,saeuda,熬夜、徹夜不眠,Sit up all night,C,動詞 (Verb / 동사)，如 하다（做）、가다（去）。
4688,서명하다,seomyeonghada,簽名、簽署,To sign,C,動詞 (Verb / 동사)，如 하다（做）、가다（去）。
4689,수,su,辦法、策略 / 手數,"way,method",C,名詞 (Noun / 명사)，如 사람（人）、집（家）。
4690,수고하다,sugohada,辛苦、付出勞力,To work hard,B,動詞 (Verb / 동사)，如 하다（做）、가다（去）。
4691,수학,suhak,數學 / 修學、求學,Pursuit of knowledge,B,名詞 (Noun / 명사)，如 사람（人）、집（家）。
4692,신부,sinbu,神父 / 新娘,"A holy father,priest",C,名詞 (Noun / 명사)，如 사람（人）、집（家）。
4693,쓸데없다,sseuldeeopda,無用、沒必要,To be useless,C,形容詞 (Adjective / 형용사)，如 크다（大）、좋다（好）。
4694,아뇨,anyo,不、不是（平語/敬語短語）,"No, nay",B,名詞 (Noun / 명사)，如 사람（人）、집（家）。0
4695,아래쪽,araejjok,下方、下側,"The lower part, the bottom",B,名詞 (Noun / 명사)，如 사람（人）、집（家）。
4696,아스팔트,aseupalteu,柏油、瀝青,Asphalt,C,名詞 (Noun / 명사)，如 사람（人）、집（家）。
4697,아하,aha,啊哈、恍然大悟貌,Dear me! Goodness!,C,名詞 (Noun / 명사)，如 사람（人）、집（家）。0
4698,알코올,alkool,酒精、乙醇,Alcohol,C,名詞 (Noun / 명사)，如 사람（人）、집（家）。
4699,액세서리,aekseseori,配件、飾品,Accessory,B,名詞 (Noun / 명사)，如 사람（人）、집（家）。
4700,에어컨,eeokeon,冷氣機、空調,Air conditioner,A,名詞 (Noun / 명사)，如 사람（人）、집（家）。
4701,염려하다,yeomryeohada,擔憂、掛念,"To worry, be anxious about",B,動詞 (Verb / 동사)，如 하다（做）、가다（去）。
4702,오이,oi,黃瓜,Cucumber,B,名詞 (Noun / 명사)，如 사람（人）、집（家）。
4703,외삼촌,oesamchon,舅舅,An uncle on one’s mother’s side,B,名詞 (Noun / 명사)，如 사람（人）、집（家）。
4704,요,yo,這個、這（冠形詞） / 被褥,Right near at hand,C,冠形詞 (Determiner / 관형사)，如 한（一個）、어떤（某種）。
4705,웃음소리,useumsori,笑聲,The sound of laughing,C,名詞 (Noun / 명사)，如 사람（人）、집（家）。
4706,위쪽,wijjok,上方、上側,The upper direction,B,名詞 (Noun / 명사)，如 사람（人）、집（家）。
4707,음료수,eumryosu,飲料、飲用水,Drinking water,B,名詞 (Noun / 명사)，如 사람（人）、집（家）。
4708,인쇄,inswae,印刷,"printing,typography",C,名詞 (Noun / 명사)，如 사람（人）、집（家）。
4709,잔디,jandi,草皮、草坪,Lawn,C,名詞 (Noun / 명사)，如 사람（人）、집（家）。
4710,전세,jeonse,全租房、全稅租賃,renting with a big downpayment and not paying month to month,C,名詞 (Noun / 명사)，如 사람（人）、집（家）。
4711,조깅,joging,慢跑,Jogging,C,名詞 (Noun / 명사)，如 사람（人）、집（家）。
4712,초대,chodae,邀請、招待,An invitation,A,名詞 (Noun / 명사)，如 사람（人）、집（家）。
4713,치다,chida,侵襲、肆虐（風雨/雷電）,"(a storm, strong wind, rain, lightning) to strike, hit",C,動詞 (Verb / 동사)，如 하다（做）、가다（去）。
4714,캠퍼스,kaempeoseu,校園,Campus,B,名詞 (Noun / 명사)，如 사람（人）、집（家）。
4715,터널,teoneol,隧道,Tunnel,B,名詞 (Noun / 명사)，如 사람（人）、집（家）。
4716,통,tong,封、通（信件/公文量詞）,Counters for letters,B,依存名詞 / 量詞 (Dependent Noun / 의존명사)，如 것（東西/事情）、개（個）、명（名）。
4717,퇴직금,toejikgeum,退休金、遣散費,Retirement grants,C,名詞 (Noun / 명사)，如 사람（人）、집（家）。
4718,환갑,hwangap,花甲、六十歲壽辰,one’s 60th anniversary,B,名詞 (Noun / 명사)，如 사람（人）、집（家）。
4719,가만있다,gamanitda,保持安靜、紋風不動,Remain still or motionless,C,動詞 (Verb / 동사)，如 하다（做）、가다（去）。
4720,간편하다,ganpyeonhada,簡便、方便,Simplicity or convenience,C,形容詞 (Adjective / 형용사)，如 크다（大）、좋다（好）。
4721,감동적,gamdongjeok,感人的、令人動容的,Sensational,C,名詞 (Noun / 명사)，如 사람（人）、집（家）。
4722,건너오다,geonneooda,過來、渡過來,To come across to this side of something,B,動詞 (Verb / 동사)，如 하다（做）、가다（去）。
4723,관광지,gwangwangji,觀光勝地、旅遊景點,Tourist area,B,名詞 (Noun / 명사)，如 사람（人）、집（家）。
4724,교복,gyobok,校服、學生制服,School uniform,C,名詞 (Noun / 명사)，如 사람（人）、집（家）。
4725,교포,gyopo,僑胞、韓僑,A Korean living abroad,B,名詞 (Noun / 명사)，如 사람（人）、집（家）。
4726,귀가하다,gwigahada,回家,To return home,C,動詞 (Verb / 동사)，如 하다（做）、가다（去）。
4727,날아다니다,naradanida,飛來飛去、到處飛翔,Fly about,C,動詞 (Verb / 동사)，如 하다（做）、가다（去）。
4728,마음씨,maeumssi,心地、心腸,"Disposition, nature",C,名詞 (Noun / 명사)，如 사람（人）、집（家）。
4729,만,man,整整、滿、剛好,"Just, full",B,冠形詞 (Determiner / 관형사)，如 한（一個）、어떤（某種）。
4730,메모,memo,便條、備忘錄,Memo,B,名詞 (Noun / 명사)，如 사람（人）、집（家）。
4731,몇십,myeotsip,幾十、數十,In the tens,B,冠形詞 (Determiner / 관형사)，如 한（一個）、어떤（某種）。
4732,몸매,mommae,身材、體態,one’s figure,C,名詞 (Noun / 명사)，如 사람（人）、집（家）。
4733,몸무게,mommuge,體重,Body weight,B,名詞 (Noun / 명사)，如 사람（人）、집（家）。
4734,무관심,mugwansim,漠不關心、毫無興趣,"Indifference, unconcern",C,名詞 (Noun / 명사)，如 사람（人）、집（家）。
4735,반짝이다,banjjagida,閃閃發光、閃爍,"Shine, glitter",C,動詞 (Verb / 동사)，如 하다（做）、가다（去）。
4736,배달,baedal,外送、配送、遞送,Delivery,B,名詞 (Noun / 명사)，如 사람（人）、집（家）。
4737,번역,beonyeok,翻譯、筆譯,Translation,B,名詞 (Noun / 명사)，如 사람（人）、집（家）。
4738,부인,buin,夫人、妻子,Wife,C,名詞 (Noun / 명사)，如 사람（人）、집（家）。
4739,분주하다,bunjuhada,忙碌、紛忙,"Be busy,crowded",C,形容詞 (Adjective / 형용사)，如 크다（大）、좋다（好）。
4740,비닐봉지,binilbongji,塑膠袋,Plastic bag,B,名詞 (Noun / 명사)，如 사람（人）、집（家）。
4741,비판적,bipanjeok,批判性的,Critical,C,名詞 (Noun / 명사)，如 사람（人）、집（家）。
4742,뺏다,ppaetda,奪取、搶奪,Straight,C,動詞 (Verb / 동사)，如 하다（做）、가다（去）。
4743,사전,sajeon,辭典、字典,Dictionary,A,名詞 (Noun / 명사)，如 사람（人）、집（家）。
4744,서랍,seorap,抽屜,A drawer,B,名詞 (Noun / 명사)，如 사람（人）、집（家）。
4745,소나기,sonagi,陣雨、雷陣雨,A sudden rain shower,B,名詞 (Noun / 명사)，如 사람（人）、집（家）。
4746,소중히,sojunghi,珍貴地、珍惜地,"seriously,with care",C,副詞 (Adverb / 부사)，如 더（更）、잘（好）。
4747,손잡이,sonjabi,把手、手柄、拉手,"A handle,knob",B,名詞 (Noun / 명사)，如 사람（人）、집（家）。
4748,수도꼭지,sudokkokji,水龍頭,"A faucet,tap",C,名詞 (Noun / 명사)，如 사람（人）、집（家）。
4749,실례,silrye,失禮、冒犯,"rudeness,impolite",A,名詞 (Noun / 명사)，如 사람（人）、집（家）。
4750,싸구려,ssaguryeo,廉價品、地攤貨,"cheap,inferior (a bargain)",C,名詞 (Noun / 명사)，如 사람（人）、집（家）。
4751,안녕,annyeong,平安、問候（你好/再見）,hello/goodbye,A,名詞 (Noun / 명사)，如 사람（人）、집（家）。0
4752,안되다,andoeda,不行、不被接受 / 遺憾,To refuse to accept,B,形容詞 (Adjective / 형용사)，如 크다（大）、좋다（好）。
4753,약국,yakguk,藥局、藥房,Pharmacy,A,名詞 (Noun / 명사)，如 사람（人）、집（家）。
4754,어찌나,eojjina,多麼地、何其（表示程度深）,"extremely,quite,awfully",C,副詞 (Adverb / 부사)，如 더（更）、잘（好）。
4755,엉터리,eongteori,荒謬、胡扯、冒牌,"Fake, sham",C,名詞 (Noun / 명사)，如 사람（人）、집（家）。
4756,연하다,yeonhada,柔軟、鮮嫩、清淡,"Tender, soft, mild",B,形容詞 (Adjective / 형용사)，如 크다（大）、좋다（好）。
4757,원숭이,wonsungi,猴子,A monkey,B,名詞 (Noun / 명사)，如 사람（人）、집（家）。
4758,위법,wibeop,違法,"illegality,a breach of the law",C,名詞 (Noun / 명사)，如 사람（人）、집（家）。
4759,육체적,yukchejeok,肉體上的、身體的,"Corporeal, of the flesh",C,名詞 (Noun / 명사)，如 사람（人）、집（家）。
4760,음력,eumryeok,農曆、陰曆,The lunar calendar,C,名詞 (Noun / 명사)，如 사람（人）、집（家）。
4761,이혼,ihon,離婚,Divorce,B,名詞 (Noun / 명사)，如 사람（人）、집（家）。
4762,일회용,ilhoeyong,一次性的、免洗的,For one time use,B,名詞 (Noun / 명사)，如 사람（人）、집（家）。
4763,잔디밭,jandibat,草坪、草地,"lawn,grass",C,名詞 (Noun / 명사)，如 사람（人）、집（家）。
4764,저기,jeogi,那裡、喂（招呼語）,"“hey,look here,now”",C,名詞 (Noun / 명사)，如 사람（人）、집（家）。0
4765,전문직,jeonmunjik,專業職、專職,Specialty job,C,名詞 (Noun / 명사)，如 사람（人）、집（家）。
4766,전화기,jeonhwagi,電話機,Telephone receiver,B,名詞 (Noun / 명사)，如 사람（人）、집（家）。
4767,제출,jechul,提交、提出,"presentation,submission",C,名詞 (Noun / 명사)，如 사람（人）、집（家）。
4768,지난주,jinanju,上週、上星期,Last week,A,名詞 (Noun / 명사)，如 사람（人）、집（家）。
4769,진달래,jindalrae,金達萊、杜鵑花,Azalea,B,名詞 (Noun / 명사)，如 사람（人）、집（家）。
4770,쪽,jjok,一份、一頁、一片,"A portion, a side",C,依存名詞 / 量詞 (Dependent Noun / 의존명사)，如 것（東西/事情）、개（個）、명（名）。
4771,찌다,jjida,剁、劈、砍,"chop,hack",C,動詞 (Verb / 동사)，如 하다（做）、가다（去）。
4772,차남,chanam,次子、二兒子,one’s second eldest son,B,名詞 (Noun / 명사)，如 사람（人）、집（家）。
4773,채점,chaejeom,評分、批改,"marking,grading,scoring",C,名詞 (Noun / 명사)，如 사람（人）、집（家）。
4774,침착하다,chimchakhada,沉著、冷靜,"Self-possession, composure",C,形容詞 (Adjective / 형용사)，如 크다（大）、좋다（好）。
4775,캄캄하다,kamkamhada,漆黑、昏暗,To be pitch-black,C,形容詞 (Adjective / 형용사)，如 크다（大）、좋다（好）。
4776,타자기,tajagi,打字機,A typewriter,C,名詞 (Noun / 명사)，如 사람（人）、집（家）。
4777,팬티,paenti,內褲,Panties (male and female underwear),B,名詞 (Noun / 명사)，如 사람（人）、집（家）。
4778,편히,pyeonhi,安逸地、舒服地,"Easily, comfortably",B,副詞 (Adverb / 부사)，如 더（更）、잘（好）。
4779,포인트,pointeu,積分、要點,Point,C,名詞 (Noun / 명사)，如 사람（人）、집（家）。
4780,포크,pokeu,叉子,Fork,C,名詞 (Noun / 명사)，如 사람（人）、집（家）。
4781,한밤중,hanbamjung,深夜、半夜,Midnight,C,名詞 (Noun / 명사)，如 사람（人）、집（家）。
4782,효도,hyodo,孝道、孝順,Filial piety,C,名詞 (Noun / 명사)，如 사람（人）、집（家）。
4783,가구,gagu,家具,Furniture,B,名詞 (Noun / 명사)，如 사람（人）、집（家）。
4784,간호사,ganhosa,護士、護理師,Nurse,A,名詞 (Noun / 명사)，如 사람（人）、집（家）。
4785,개나리,gaenari,連翹、迎春花,A forsythia or a golden-bell tree,B,名詞 (Noun / 명사)，如 사람（人）、집（家）。
4786,고등학생,godeunghaksaeng,高中生,High school student,A,名詞 (Noun / 명사)，如 사람（人）、집（家）。
4787,골목길,golmokgil,巷弄、小巷,An alley,B,名詞 (Noun / 명사)，如 사람（人）、집（家）。
4788,귀가,gwiga,回家、歸宅,Returning home,C,名詞 (Noun / 명사)，如 사람（人）、집（家）。
4789,그리워하다,geuriwohada,想念、懷念,Yearn or be attached to,C,動詞 (Verb / 동사)，如 하다（做）、가다（去）。
4790,기억나다,gieongnada,想起、記起,To memorize,B,動詞 (Verb / 동사)，如 하다（做）、가다（去）。
4791,기침,gichim,咳嗽,Coughing,B,名詞 (Noun / 명사)，如 사람（人）、집（家）。
4792,노랫소리,noraetsori,歌聲,A singing voice,B,名詞 (Noun / 명사)，如 사람（人）、집（家）。
4793,다섯,daseot,五（純韓文數詞）,5,A,數詞 (Numeral / 수사)，如 하나（一）。：數詞 (Numeral / 수사)，如 하나（一）。
4794,닭고기,dakgogi,雞肉,Chicken meat for eating,A,名詞 (Noun / 명사)，如 사람（人）、집（家）。
4795,대학교수,daehakgyosu,大學教授,University professor,B,名詞 (Noun / 명사)，如 사람（人）、집（家）。
4796,딸아이,ttarai,女兒、小女兒,Daughter,C,名詞 (Noun / 명사)，如 사람（人）、집（家）。
4797,만족스럽다,manjokseureopda,令人滿意、心滿意足,Satisfied,C,形容詞 (Adjective / 형용사)，如 크다（大）、좋다（好）。
4798,미움,mium,憎恨、嫌惡,Hatred,C,名詞 (Noun / 명사)，如 사람（人）、집（家）。
4799,바가지,bagaji,水瓢、葫蘆瓢 / 敲竹槓,A gourd dipper,C,名詞 (Noun / 명사)，如 사람（人）、집（家）。
4800,발끝,balkkeut,腳尖、腳趾端,On tiptoes,C,名詞 (Noun / 명사)，如 사람（人）、집（家）。
4801,배꼽,baekkop,肚臍,The navel,B,名詞 (Noun / 명사)，如 사람（人）、집（家）。
4802,병실,byeongsil,病房,An infirmary,C,名詞 (Noun / 명사)，如 사람（人）、집（家）。
4803,봉사하다,bongsahada,服務、奉獻,"serve,render service",C,動詞 (Verb / 동사)，如 하다（做）、가다（去）。
4804,비행장,bihaengjang,機場、停機坪,An airfield,C,名詞 (Noun / 명사)，如 사람（人）、집（家）。
4805,사랑스럽다,sarangseureopda,可愛、惹人憐愛,Lovely,B,形容詞 (Adjective / 형용사)，如 크다（大）、좋다（好）。
4806,숟가락,sutgarak,湯匙、勺子,A spoon,A,名詞 (Noun / 명사)，如 사람（人）、집（家）。
4807,술병,sulbyeong,酒瓶,A bottle of alcohol,B,名詞 (Noun / 명사)，如 사람（人）、집（家）。
4808,습기,seupgi,濕氣、潮氣,"moisture,humidity",C,名詞 (Noun / 명사)，如 사람（人）、집（家）。
4809,쓰이다,sseuida,被寫下 / 被使用（被動）,Be writted,B,動詞 (Verb / 동사)，如 하다（做）、가다（去）。
4810,엽서,yeopseo,明信片,A postcard,B,名詞 (Noun / 명사)，如 사람（人）、집（家）。
4811,예보,yebo,預報,"forecast,predict",C,名詞 (Noun / 명사)，如 사람（人）、집（家）。
4812,요일,yoil,星期、星期幾,A day of the week not the weekend,A,名詞 (Noun / 명사)，如 사람（人）、집（家）。
4813,욕실,yoksil,浴室,"A bathroom,a bath",B,名詞 (Noun / 명사)，如 사람（人）、집（家）。
4814,용감하다,yonggamhada,勇敢,"To be brave, courageous",C,形容詞 (Adjective / 형용사)，如 크다（大）、좋다（好）。
4815,운전기사,unjeongisa,司機、駕駛員,The driver,B,名詞 (Noun / 명사)，如 사람（人）、집（家）。
4816,위험성,wiheomseong,危險性,"riskiness,jeapordy",C,名詞 (Noun / 명사)，如 사람（人）、집（家）。
4817,익다,ikda,熟練、熟悉 / 熟、成熟,"Get familiar with, experienced with",C,形容詞 (Adjective / 형용사)，如 크다（大）、좋다（好）。
4818,일,il,一（漢字詞）,One,A,數詞 (Numeral / 수사)，如 하나（一）。：數詞 (Numeral / 수사)，如 하나（一）。
4819,장마,jangma,梅雨、雨季,The rainy spell in the summer,B,名詞 (Noun / 명사)，如 사람（人）、집（家）。
4820,재학,jaehak,在學、在讀,"To be in school, be attending school",C,名詞 (Noun / 명사)，如 사람（人）、집（家）。
4821,전기,jeongi,傳記 / 前期,a biography,C,名詞 (Noun / 명사)，如 사람（人）、집（家）。
4822,전시하다,jeonsihada,展覽、陳列,To display,C,動詞 (Verb / 동사)，如 하다（做）、가다（去）。
4823,정기적,jeonggijeok,定期的,"fixed,regular (time sth)",C,名詞 (Noun / 명사)，如 사람（人）、집（家）。
4824,종교적,jonggyojeok,宗教的,Of religions,C,名詞 (Noun / 명사)，如 사람（人）、집（家）。
4825,주관적,jugwanjeok,主觀的,Subjective,C,名詞 (Noun / 명사)，如 사람（人）、집（家）。
4826,직장인,jikjangin,上班族、職場人士,A worker,C,名詞 (Noun / 명사)，如 사람（人）、집（家）。
4827,진심,jinsim,真心、由衷之情,"The whole heart, sincerity",C,名詞 (Noun / 명사)，如 사람（人）、집（家）。
4828,질문하다,jilmunhada,提問、詢問,Ask a person a question,A,動詞 (Verb / 동사)，如 하다（做）、가다（去）。
4829,짧아지다,jjalbajida,變短,To become short,B,動詞 (Verb / 동사)，如 하다（做）、가다（去）。
4830,찌다,jjida,發胖、長肉、長胖,To put on weight,B,動詞 (Verb / 동사)，如 하다（做）、가다（去）。
4831,책가방,chaekgabang,書包,Bookbag,B,名詞 (Noun / 명사)，如 사람（人）、집（家）。
4832,천국,cheonguk,天國、天堂,Heaven,C,名詞 (Noun / 명사)，如 사람（人）、집（家）。
4833,치약,chiyak,牙膏,Toothpaste,A,名詞 (Noun / 명사)，如 사람（人）、집（家）。
4834,큰절,keunjeol,大禮、深鞠躬、叩拜,A deep bow,C,名詞 (Noun / 명사)，如 사람（人）、집（家）。
4835,학과,hakgwa,學系、科系,A department in a college,C,名詞 (Noun / 명사)，如 사람（人）、집（家）。
4836,후회,huhoe,後悔、悔恨,"repentance,regret",C,名詞 (Noun / 명사)，如 사람（人）、집（家）。
4837,강조,gangjo,強調,Emphasis or stress,C,名詞 (Noun / 명사)，如 사람（人）、집（家）。
4838,게시판,gesipan,公告欄、布告欄,A notice board or a bulletin board,C,名詞 (Noun / 명사)，如 사람（人）、집（家）。
4839,공통점,gongtongjeom,共同點、共通之處,A common point or a common feature,C,名詞 (Noun / 명사)，如 사람（人）、집（家）。
4840,과외,gwaoe,課外輔導、補習,Extracurricular work,C,名詞 (Noun / 명사)，如 사람（人）、집（家）。
4841,교내,gyonae,校內,Inside the school,C,名詞 (Noun / 명사)，如 사람（人）、집（家）。
4842,구,gu,區（行政區劃）,Ward or district,C,名詞 (Noun / 명사)，如 사람（人）、집（家）。
4843,금요일,geumyoil,星期五、週五,Friday,A,名詞 (Noun / 명사)，如 사람（人）、집（家）。
4844,김밥,gimbap,飯捲、紫菜包飯,Roll of rice and vegetables,A,名詞 (Noun / 명사)，如 사람（人）、집（家）。
4845,내적,naejeok,內在的、內心的,Internal,C,名詞 (Noun / 명사)，如 사람（人）、집（家）。
4846,놀이터,noriteo,遊樂場、兒童樂園,Playground,B,名詞 (Noun / 명사)，如 사람（人）、집（家）。
4847,다녀가다,danyeogada,來訪、順道拜訪,Drop in for a short visit,B,動詞 (Verb / 동사)，如 하다（做）、가다（去）。
4848,답장,dapjang,回信、回函,An answer,B,名詞 (Noun / 명사)，如 사람（人）、집（家）。
4849,마라톤,maraton,馬拉松,Marathon,C,名詞 (Noun / 명사)，如 사람（人）、집（家）。
4850,매스컴,maeseukeom,大眾傳媒,Mass communication,C,名詞 (Noun / 명사)，如 사람（人）、집（家）。
4851,무,mu,無、虛無 / 白蘿蔔,"nothing,nil",C,名詞 (Noun / 명사)，如 사람（人）、집（家）。
4852,묵다,mukda,住宿、過夜、投宿,Stay overnight s.w.,C,動詞 (Verb / 동사)，如 하다（做）、가다（去）。
4853,바나나,banana,香蕉,Banana,A,名詞 (Noun / 명사)，如 사람（人）、집（家）。
4854,발등,baldeung,腳背,The instep of the foot,B,名詞 (Noun / 명사)，如 사람（人）、집（家）。
4855,밤새,bamsae,整夜、整晚,All night,C,名詞 (Noun / 명사)，如 사람（人）、집（家）。
4856,별일,byeoril,特別的事、不尋常的事,A particular thing,C,名詞 (Noun / 명사)，如 사람（人）、집（家）。
4857,보내오다,bonaeoda,寄來、送來,받다 receive,C,動詞 (Verb / 동사)，如 하다（做）、가다（去）。
4858,부채,buchae,負債、債務 / 扇子,"A debt,liabilities",C,名詞 (Noun / 명사)，如 사람（人）、집（家）。
4859,불법,bulbeop,佛法、佛教教義,Buddhism,C,名詞 (Noun / 명사)，如 사람（人）、집（家）。
4860,블라우스,beulrauseu,女襯衫、罩衫,Blouse,B,名詞 (Noun / 명사)，如 사람（人）、집（家）。
4861,사업가,saeopga,企業家、實業家,Businessman,C,名詞 (Noun / 명사)，如 사람（人）、집（家）。
4862,사이좋다,saijota,和睦、要好,Be on good terms with,B,形容詞 (Adjective / 형용사)，如 크다（大）、좋다（好）。
4863,세상에,sesange,天啊、哎呀（驚訝感嘆詞）,In the world,C,名詞 (Noun / 명사)，如 사람（人）、집（家）。0
4864,수고,sugo,辛苦、勞苦,"toil,labor,pains",C,名詞 (Noun / 명사)，如 사람（人）、집（家）。
4865,수요일,suyoil,星期三、週三,Wednesday,A,名詞 (Noun / 명사)，如 사람（人）、집（家）。
4866,슬퍼하다,seulpeohada,悲傷、哀痛,"sorrow,feel sad",B,動詞 (Verb / 동사)，如 하다（做）、가다（去）。
4867,시금치,sigeumchi,菠菜,Spinach,C,名詞 (Noun / 명사)，如 사람（人）、집（家）。
4868,신청서,sincheongseo,申請書、申請表,"Application, application form",C,名詞 (Noun / 명사)，如 사람（人）、집（家）。
4869,쓰레기통,sseuregitong,垃圾桶,Garbage can,B,名詞 (Noun / 명사)，如 사람（人）、집（家）。
4870,아랫사람,araetsaram,下屬、晚輩,Subordinate,C,名詞 (Noun / 명사)，如 사람（人）、집（家）。
4871,앞쪽,apjjok,前方、前面,"The front, the fore part",B,名詞 (Noun / 명사)，如 사람（人）、집（家）。
4872,앨범,aelbeom,相簿、專輯,Album,C,名詞 (Noun / 명사)，如 사람（人）、집（家）。
4873,양,yang,羊、綿羊,"A sheep, ram",C,名詞 (Noun / 명사)，如 사람（人）、집（家）。
4874,여전하다,yeojeonhada,依然如故、依舊,"Be unchanged, the same as before",C,形容詞 (Adjective / 형용사)，如 크다（大）、좋다（好）。
4875,영남,yeongnam,嶺南地區（慶尚道一帶）,The southeastern part of Korea,C,名詞 (Noun / 명사)，如 사람（人）、집（家）。
4876,옥상,oksang,屋頂、天台,On the roof,C,名詞 (Noun / 명사)，如 사람（人）、집（家）。
4877,왼발,oenbal,左腳,Left foot,B,名詞 (Noun / 명사)，如 사람（人）、집（家）。
4878,운전하다,unjeonhada,開車、駕駛,To drive,A,動詞 (Verb / 동사)，如 하다（做）、가다（去）。
4879,위,wi,胃、胃部,The stomach,C,名詞 (Noun / 명사)，如 사람（人）、집（家）。
4880,일기,ilgi,天氣、氣候 / 日記,The weather,B,名詞 (Noun / 명사)，如 사람（人）、집（家）。
4881,일자리,iljari,工作、職位、差事,"A job, position",C,名詞 (Noun / 명사)，如 사람（人）、집（家）。
4882,자매,jamae,姊妹,Sisters,C,名詞 (Noun / 명사)，如 사람（人）、집（家）。
4883,저번,jeobeon,上次、前幾天,"Last time, the other day",B,名詞 (Noun / 명사)，如 사람（人）、집（家）。
4884,전시장,jeonsijang,展覽場、展廳,An exhibition hall,C,名詞 (Noun / 명사)，如 사람（人）、집（家）。
4885,절약,jeoryak,節約、節省,"thrift,savings,economy",C,名詞 (Noun / 명사)，如 사람（人）、집（家）。
4886,정답,jeongdap,正確答案、正解,The right answer,B,名詞 (Noun / 명사)，如 사람（人）、집（家）。
4887,정오,jeongo,正午、中午十二點,Noon,C,名詞 (Noun / 명사)，如 사람（人）、집（家）。
4888,제대하다,jedaehada,退伍,Be discharged from the military,C,動詞 (Verb / 동사)，如 하다（做）、가다（去）。
4889,졸다,jolda,打瞌睡、打盹,"doze,take a nap",B,動詞 (Verb / 동사)，如 하다（做）、가다（去）。
4890,즉석,jeukseok,當場、即席、即食,"instantly,impromptu",C,名詞 (Noun / 명사)，如 사람（人）、집（家）。
4891,지방,jibang,脂肪、油脂,"Fat, grease, lard",C,名詞 (Noun / 명사)，如 사람（人）、집（家）。
4892,차차,chacha,漸漸、逐步,Gradually,C,副詞 (Adverb / 부사)，如 더（更）、잘（好）。
4893,추측,chucheuk,推測、揣測,"Guess, conjecture",C,名詞 (Noun / 명사)，如 사람（人）、집（家）。
4894,충고,chunggo,忠告、勸告,"Advice, counsel, suggestion",C,名詞 (Noun / 명사)，如 사람（人）、집（家）。
4895,코피,kopi,流鼻血、鼻血,A nose bleed,B,名詞 (Noun / 명사)，如 사람（人）、집（家）。
4896,턱,teok,緣故、理由 / 下巴,"Reason, grounds",C,依存名詞 / 量詞 (Dependent Noun / 의존명사)，如 것（東西/事情）、개（個）、명（名）。
4897,팩시밀리,paeksimilri,傳真、傳真機,"Facximile, fax",C,名詞 (Noun / 명사)，如 사람（人）、집（家）。
4898,한낮,hannat,正午、大白天,Noon,C,名詞 (Noun / 명사)，如 사람（人）、집（家）。
4899,할인,harin,折扣、打折,A discount,B,名詞 (Noun / 명사)，如 사람（人）、집（家）。
4900,가득히,gadeukhi,滿滿地、充沛地,Full,C,副詞 (Adverb / 부사)，如 더（更）、잘（好）。
4901,간호,ganho,看護、護理,Nursing or care,C,名詞 (Noun / 명사)，如 사람（人）、집（家）。
4902,갑,gap,甲、第一位,1) The first 2) the former,C,名詞 (Noun / 명사)，如 사람（人）、집（家）。
4903,건너,geonneo,對面、彼岸,The other or opposite side,C,名詞 (Noun / 명사)，如 사람（人）、집（家）。
4904,걷다,geotda,步行、走、踏,Walk on or tread on,C,動詞 (Verb / 동사)，如 하다（做）、가다（去）。
4905,겁나다,geomnada,害怕、恐懼,Be frightened or scared,C,動詞 (Verb / 동사)，如 하다（做）、가다（去）。
4906,고구마,goguma,地瓜、番薯,Sweet potato,B,名詞 (Noun / 명사)，如 사람（人）、집（家）。
4907,국기,gukgi,國旗,The national flag,B,名詞 (Noun / 명사)，如 사람（人）、집（家）。
4908,금메달,geummedal,金牌,Gold medal,C,名詞 (Noun / 명사)，如 사람（人）、집（家）。
4909,노트,noteu,筆記本、筆記,A note,A,名詞 (Noun / 명사)，如 사람（人）、집（家）。
4910,눈감다,nungamda,閉眼、閉上眼睛 / 逝世,Close the eyes,C,動詞 (Verb / 동사)，如 하다（做）、가다（去）。
4911,눈뜨다,nuntteuda,睜眼、睜開眼睛 / 開竅,Open one’s eyes,C,動詞 (Verb / 동사)，如 하다（做）、가다（去）。
4912,대화하다,daehwahada,對話、交談,To converse,B,動詞 (Verb / 동사)，如 하다（做）、가다（去）。
4913,도마,doma,砧板,A chopping board,C,名詞 (Noun / 명사)，如 사람（人）、집（家）。
4914,동화책,donghwachaek,童話書,A fairy tale,C,名詞 (Noun / 명사)，如 사람（人）、집（家）。
4915,모집하다,mojiphada,招募、募集,Call/appeal for,C,動詞 (Verb / 동사)，如 하다（做）、가다（去）。
4916,미워하다,miwohada,討厭、憎恨,Dislike,B,動詞 (Verb / 동사)，如 하다（做）、가다（去）。
4917,밤색,bamsaek,栗色、深棕色,"Chestnut color, maroon",C,名詞 (Noun / 명사)，如 사람（人）、집（家）。
4918,밥맛,bammat,胃口、食慾 / 倒胃口,Appetite,B,名詞 (Noun / 명사)，如 사람（人）、집（家）。
4919,배우자,baeuja,配偶、伴侶,"A mate, life partner",C,名詞 (Noun / 명사)，如 사람（人）、집（家）。
4920,복사,boksa,影印、複印、複製,Reproduction,B,名詞 (Noun / 명사)，如 사람（人）、집（家）。
4921,볶음밥,bokkeumbap,炒飯,Frizzled rice,B,名詞 (Noun / 명사)，如 사람（人）、집（家）。
4922,성별,seongbyeol,性別,Sex distinction,B,名詞 (Noun / 명사)，如 사람（人）、집（家）。
4923,세탁,setak,洗滌、洗衣,Laundry,B,名詞 (Noun / 명사)，如 사람（人）、집（家）。
4924,소문나다,somunnada,傳出名聲、名聲大噪,A rumor starts,B,動詞 (Verb / 동사)，如 하다（做）、가다（去）。
4925,소용없다,soyongeopda,無用、沒有用,To be useless,B,形容詞 (Adjective / 형용사)，如 크다（大）、좋다（好）。
4926,속상하다,soksanghada,傷心、惱火、難過,Be distressing,C,形容詞 (Adjective / 형용사)，如 크다（大）、좋다（好）。
4927,손수건,sonsugeon,手帕,A handkerchief,B,名詞 (Noun / 명사)，如 사람（人）、집（家）。
4928,송아지,songaji,小牛、牛犢,"A calf,baby cow",B,名詞 (Noun / 명사)，如 사람（人）、집（家）。
4929,수돗물,sudonmul,自來水,Tap water,B,名詞 (Noun / 명사)，如 사람（人）、집（家）。
4930,수만,suman,數萬,Tens of thousands,C,冠形詞 (Determiner / 관형사)，如 한（一個）、어떤（某種）。
4931,수입되다,suipdoeda,被進口、引進（被動）,To be imported,C,動詞 (Verb / 동사)，如 하다（做）、가다（去）。
4932,수입품,suippum,進口商品、舶來品,An imported product,C,名詞 (Noun / 명사)，如 사람（人）、집（家）。
4933,술자리,suljari,酒席、酒局,A banquet,B,名詞 (Noun / 명사)，如 사람（人）、집（家）。
4934,식기,sikgi,餐具、食器,An eating vessel,C,名詞 (Noun / 명사)，如 사람（人）、집（家）。
4935,싼값,ssangap,低廉價格、便宜價格,A low price,C,名詞 (Noun / 명사)，如 사람（人）、집（家）。
4936,안,an,方案、提案、提議,"A plan,proposal,suggestion",C,名詞 (Noun / 명사)，如 사람（人）、집（家）。
4937,안부,anbu,問候、平安,"safety,welfare",C,名詞 (Noun / 명사)，如 사람（人）、집（家）。
4938,양주,yangju,洋酒,Foreign wine/liquors,C,名詞 (Noun / 명사)，如 사람（人）、집（家）。
4939,어린이날,eorininal,兒童節,Children’s Day (may 5th),B,名詞 (Noun / 명사)，如 사람（人）、집（家）。
4940,영화배우,yeonghwabaeu,電影演員,Movie actor,C,名詞 (Noun / 명사)，如 사람（人）、집（家）。
4941,오른발,oreunbal,右腳,The right foot,B,名詞 (Noun / 명사)，如 사람（人）、집（家）。
4942,용서,yongseo,原諒、饒恕,"pardon,forgiveness",C,名詞 (Noun / 명사)，如 사람（人）、집（家）。
4943,우편,upyeon,郵件、郵遞,"post,mail",C,名詞 (Noun / 명사)，如 사람（人）、집（家）。
4944,이사하다,isahada,搬家,To move house,B,動詞 (Verb / 동사)，如 하다（做）、가다（去）。
4945,일등,ildeung,第一等、第一名,"First class, first class/grade",B,名詞 (Noun / 명사)，如 사람（人）、집（家）。
4946,작아지다,jagajida,變小,Become smaller,B,動詞 (Verb / 동사)，如 하다（做）、가다（去）。
4947,정장,jeongjang,正裝、西裝禮服,"Full dress, uniform",C,名詞 (Noun / 명사)，如 사람（人）、집（家）。
4948,좁히다,jophida,縮小、縮窄,"Make narrow,restrict",C,動詞 (Verb / 동사)，如 하다（做）、가다（去）。
4949,좋아,joa,好、行（口語）,“That’s good”,C,名詞 (Noun / 명사)，如 사람（人）、집（家）。0
4950,죽,juk,一直、筆直排開,"In a very straight line, in a row",C,副詞 (Adverb / 부사)，如 더（更）、잘（好）。
4951,줄무늬,julmunui,條紋,A stripe,B,名詞 (Noun / 명사)，如 사람（人）、집（家）。
4952,지워지다,jiwojida,被擦掉、抹去（被動）,To be erased,C,動詞 (Verb / 동사)，如 하다（做）、가다（去）。
4953,지저분하다,jijeobunhada,髒亂、邋遢,"Be messy, soiled, dirty",C,形容詞 (Adjective / 형용사)，如 크다（大）、좋다（好）。
4954,진통,jintong,陣痛、分娩痛,"Labor pains, travail",C,名詞 (Noun / 명사)，如 사람（人）、집（家）。
4955,찬성하다,chanseonghada,贊成、同意,"To approve, support (a plan)",C,動詞 (Verb / 동사)，如 하다（做）、가다（去）。
4956,참석,chamseok,出席、參加,"Attendance, participation",C,名詞 (Noun / 명사)，如 사람（人）、집（家）。
4957,초콜릿,chokolrit,巧克力,Chocolate,A,名詞 (Noun / 명사)，如 사람（人）、집（家）。
4958,최고급,choegogeup,最高級,The highest grade/class,C,名詞 (Noun / 명사)，如 사람（人）、집（家）。
4959,최상,choesang,最上等、最佳,"The best, the finest",C,名詞 (Noun / 명사)，如 사람（人）、집（家）。
4960,최악,choeak,最差、最壞、最糟,The worst,C,名詞 (Noun / 명사)，如 사람（人）、집（家）。
4961,출국,chulguk,出國、離境,Leaving a country,C,名詞 (Noun / 명사)，如 사람（人）、집（家）。
4962,친해지다,chinhaejida,變親近、親熟起來,"To get close, to get friendly",C,動詞 (Verb / 동사)，如 하다（做）、가다（去）。
4963,코끝,kokkeut,鼻尖,The tip of one’s nose,C,名詞 (Noun / 명사)，如 사람（人）、집（家）。
4964,터미널,teomineol,轉運站、客運總站,Terminal,B,名詞 (Noun / 명사)，如 사람（人）、집（家）。
4965,피자,pija,披薩,Pizza,A,名詞 (Noun / 명사)，如 사람（人）、집（家）。
4966,한국적,hangukjeok,具韓國特色的、韓國風的,Korean (adjective),B,名詞 (Noun / 명사)，如 사람（人）、집（家）。
4967,햄,haem,火腿,Ham,C,名詞 (Noun / 명사)，如 사람（人）、집（家）。
4968,환영,hwanyeong,歡迎,Welcome,B,名詞 (Noun / 명사)，如 사람（人）、집（家）。
4969,가로수,garosu,行道樹,A roadside tree,C,名詞 (Noun / 명사)，如 사람（人）、집（家）。
4970,간식,gansik,點心、零食,Snack,B,名詞 (Noun / 명사)，如 사람（人）、집（家）。
4971,감,gam,柿子,Persimmon,B,名詞 (Noun / 명사)，如 사람（人）、집（家）。
4972,개다,gaeda,放晴、轉晴,To clear up or become clear (weather),C,動詞 (Verb / 동사)，如 하다（做）、가다（去）。
4973,고급스럽다,gogeupseureopda,顯得高級、高貴,To be high-class,C,形容詞 (Adjective / 형용사)，如 크다（大）、좋다（好）。
4974,고소하다,gosohada,香醇、香脆 / 活該、痛快,Taste of sesame oil or taste of a nut,C,形容詞 (Adjective / 형용사)，如 크다（大）、좋다（好）。
4975,공주,gongju,公主,A royal princess,C,名詞 (Noun / 명사)，如 사람（人）、집（家）。
4976,깨어지다,kkaeeojida,破碎、破裂、破滅,"To break, smash, be shattered",C,動詞 (Verb / 동사)，如 하다（做）、가다（去）。
4977,남,nam,南方、南邊,The south,B,名詞 (Noun / 명사)，如 사람（人）、집（家）。
4978,네거리,negeori,十字路口,Crossroads,B,名詞 (Noun / 명사)，如 사람（人）、집（家）。
4979,노란색,noransaek,黃色,Yellow,A,名詞 (Noun / 명사)，如 사람（人）、집（家）。
4980,녹음하다,nogeumhada,錄音,To record,B,動詞 (Verb / 동사)，如 하다（做）、가다（去）。
4981,달러,dalreo,美元,Dollar,A,名詞 (Noun / 명사)，如 사람（人）、집（家）。
4982,대여섯,daeyeoseot,大約五六個,About five or six,C,冠形詞 (Determiner / 관형사)，如 한（一個）、어떤（某種）。
4983,되돌아보다,doedoraboda,回顧、回頭看,To look back on,C,動詞 (Verb / 동사)，如 하다（做）、가다（去）。
4984,마사지,masaji,按摩,Massage,B,名詞 (Noun / 명사)，如 사람（人）、집（家）。
4985,만,man,"萬（數字 10,000）",10000,A,數詞 (Numeral / 수사)，如 하나（一）。：數詞 (Numeral / 수사)，如 하나（一）。
4986,먹히다,meokhida,被吃掉 / 奏效、吃香,"to be eaten,swallowed",B,動詞 (Verb / 동사)，如 하다（做）、가다（去）。
4987,몸살,momsal,全身痠痛、疲勞病,Flu aches and pains,B,名詞 (Noun / 명사)，如 사람（人）、집（家）。
4988,무더위,mudeowi,酷熱、悶熱,High humidity,B,名詞 (Noun / 명사)，如 사람（人）、집（家）。
4989,무용가,muyongga,舞蹈家,Dancer,C,名詞 (Noun / 명사)，如 사람（人）、집（家）。
4990,박스,bakseu,紙箱、盒子,Box,B,名詞 (Noun / 명사)，如 사람（人）、집（家）。
4991,반기다,bangida,高興地迎接、歡喜,"Rejoice, be glad of",C,動詞 (Verb / 동사)，如 하다（做）、가다（去）。
4992,밥솥,bapsot,電鍋、飯鍋,Pressure cooker for rice,B,名詞 (Noun / 명사)，如 사람（人）、집（家）。
4993,베개,begae,枕頭,A pillow,B,名詞 (Noun / 명사)，如 사람（人）、집（家）。
4994,벨트,belteu,皮帶、安全帶,Belt,B,名詞 (Noun / 명사)，如 사람（人）、집（家）。
4995,복사하다,boksahada,影印、複印、複製,"reproduce,copy",B,動詞 (Verb / 동사)，如 하다（做）、가다（去）。
4996,붓다,butda,浮腫、腫脹 / 倒入,to be swollen,C,動詞 (Verb / 동사)，如 하다（做）、가다（去）。
4997,비,bi,石碑、碑,A monument,C,名詞 (Noun / 명사)，如 사람（人）、집（家）。
4998,사계절,sagyejeol,四季、春夏秋冬,The four seasons,B,名詞 (Noun / 명사)，如 사람（人）、집（家）。
4999,사과하다,sagwahada,道歉、謝罪,To apologize,B,動詞 (Verb / 동사)，如 하다（做）、가다（去）。
5000,사투리,saturi,方言、方音,A dialect,C,名詞 (Noun / 명사)，如 사람（人）、집（家）。
5001,상금,sanggeum,獎金、賞金,Prize money,C,名詞 (Noun / 명사)，如 사람（人）、집（家）。
5002,수저,sujeo,湯匙和筷子、餐具,A spoon,C,名詞 (Noun / 명사)，如 사람（人）、집（家）。
5003,식욕,sigyok,食慾、胃口,"appetite,desire",C,名詞 (Noun / 명사)，如 사람（人）、집（家）。
5004,앞바다,apbada,近海、鄰近海域,The offing sea,C,名詞 (Noun / 명사)，如 사람（人）、집（家）。
5005,얄밉다,yalmipda,討人厭、令人反感,"Be offensive, mean",C,形容詞 (Adjective / 형용사)，如 크다（大）、좋다（好）。
5006,양상추,yangsangchu,結球萵苣、美生菜,Lettuce,C,名詞 (Noun / 명사)，如 사람（人）、집（家）。
5007,여대생,yeodaesaeng,女大學生,Female college student,B,名詞 (Noun / 명사)，如 사람（人）、집（家）。
5008,연기하다,yeongihada,推遲、延期,"To be put off, postponed",C,動詞 (Verb / 동사)，如 하다（做）、가다（去）。
5009,온라인,onrain,線上、網路,Online,C,名詞 (Noun / 명사)，如 사람（人）、집（家）。
5010,외갓집,oegatjip,外婆家、外祖家,one’s mother’s maiden home,C,名詞 (Noun / 명사)，如 사람（人）、집（家）。
5011,외할머니,oehalmeoni,外婆、外祖母,A maternal grandmother,B,名詞 (Noun / 명사)，如 사람（人）、집（家）。
5012,유능하다,yuneunghada,有才能、精明能幹,"To be competent,talented",C,形容詞 (Adjective / 형용사)，如 크다（大）、좋다（好）。
5013,유적지,yujeokji,遺址、古蹟所在地,Place where remains/cultural-historical remnants are,C,名詞 (Noun / 명사)，如 사람（人）、집（家）。
5014,음악가,eumakga,音樂家,A musician,B,名詞 (Noun / 명사)，如 사람（人）、집（家）。
5015,응답하다,eungdaphada,應答、回答,"An answer, a reply",C,動詞 (Verb / 동사)，如 하다（做）、가다（去）。
5016,이롭다,iropda,有益、有利,Be good for,C,形容詞 (Adjective / 형용사)，如 크다（大）、좋다（好）。
5017,이분,ibun,二分、分成兩半,Divide into two,A,代名詞 (Pronoun / 대명사)，如 나（我）、우리（我們）、그（他）。
5018,인삼,insam,人參,Ginseng,B,名詞 (Noun / 명사)，如 사람（人）、집（家）。
5019,인상,insang,容貌、相貌、面相,"Look, personal appearance",B,名詞 (Noun / 명사)，如 사람（人）、집（家）。
5020,입사,ipsa,入職、進公司,enter/join a company,C,名詞 (Noun / 명사)，如 사람（人）、집（家）。
5021,자,ja,尺、直尺,A ruler,C,名詞 (Noun / 명사)，如 사람（人）、집（家）。
5022,재활용,jaehwaryong,資源回收、再利用,Recycling,C,名詞 (Noun / 명사)，如 사람（人）、집（家）。
5023,점원,jeomwon,店員、店員銷售員,A shop-assistant,B,名詞 (Noun / 명사)，如 사람（人）、집（家）。
5024,제삿날,jesannal,祭日、祭祀之日,Day of the ceremony,C,名詞 (Noun / 명사)，如 사람（人）、집（家）。
5025,주름살,jureumsal,皺紋,Wrinkles,C,名詞 (Noun / 명사)，如 사람（人）、집（家）。
5026,참고하다,chamgohada,參考、參照,"To refer, consult",C,動詞 (Verb / 동사)，如 하다（做）、가다（去）。
5027,찻잔,chatjan,茶杯,A teacup,B,名詞 (Noun / 명사)，如 사람（人）、집（家）。
5028,철학적,cheolhakjeok,哲學性的、哲學的,Philosophical,C,名詞 (Noun / 명사)，如 사람（人）、집（家）。
5029,초대,chodae,初代、第一代、創立者,"The first generation, the founder",C,名詞 (Noun / 명사)，如 사람（人）、집（家）。
5030,추천하다,chucheonhada,推薦,"To recommend, say a good word for",C,動詞 (Verb / 동사)，如 하다（做）、가다（去）。
5031,칫솔,chitsol,牙刷,A toothbrush,A,名詞 (Noun / 명사)，如 사람（人）、집（家）。
5032,큰길,keungil,大馬路、主幹道,main/principal road,B,名詞 (Noun / 명사)，如 사람（人）、집（家）。
5033,판매되다,panmaedoeda,被銷售、售出（被動）,To be sold,C,動詞 (Verb / 동사)，如 하다（做）、가다（去）。
5034,편,pyeon,便利設施、交通班次,"Facilities, services",C,依存名詞 / 量詞 (Dependent Noun / 의존명사)，如 것（東西/事情）、개（個）、명（名）。
5035,포근하다,pogeunhada,溫暖舒適、柔軟厚實,"To be soft and comfortable, downy",C,形容詞 (Adjective / 형용사)，如 크다（大）、좋다（好）。
5036,포도,podo,葡萄,grape(s),A,名詞 (Noun / 명사)，如 사람（人）、집（家）。
5037,하나님,hananim,上帝、天主,God,C,名詞 (Noun / 명사)，如 사람（人）、집（家）。
5038,학력,hakryeok,學歷、學校教育背景,"Academic background, formal schooling",C,名詞 (Noun / 명사)，如 사람（人）、집（家）。
5039,한정하다,hanjeonghada,限定、限制,"To limit, restrict",C,動詞 (Verb / 동사)，如 하다（做）、가다（去）。
5040,향상되다,hyangsangdoeda,獲得提升、改善（被動）,"To be impoved, advanced",C,動詞 (Verb / 동사)，如 하다（做）、가다（去）。
5041,홈페이지,hompeiji,首頁、官方網站,Homepage,B,名詞 (Noun / 명사)，如 사람（人）、집（家）。
5042,횡단보도,hoengdanbodo,斑馬線、行人穿越道,Crossing,B,名詞 (Noun / 명사)，如 사람（人）、집（家）。
5043,가톨릭,gatolrik,天主教,Catholic,C,名詞 (Noun / 명사)，如 사람（人）、집（家）。
5044,강당,gangdang,禮堂、講堂,A lecture hall,B,名詞 (Noun / 명사)，如 사람（人）、집（家）。
5045,건조하다,geonjohada,乾燥、枯燥,"Dry or arid, to become dry",C,形容詞 (Adjective / 형용사)，如 크다（大）、좋다（好）。
5046,걷기,geotgi,步行、走路,Walking,C,名詞 (Noun / 명사)，如 사람（人）、집（家）。
5047,고모부,gomobu,姑丈、姑父,The husband of one’s paternal aunt,B,名詞 (Noun / 명사)，如 사람（人）、집（家）。
5048,공중전화,gongjungjeonhwa,公共電話,A public payphone,B,名詞 (Noun / 명사)，如 사람（人）、집（家）。
5049,공통,gongtong,共通、共同,Commonness,C,名詞 (Noun / 명사)，如 사람（人）、집（家）。
5050,과거,gwageo,科舉、科舉考試,The state examination,C,名詞 (Noun / 명사)，如 사람（人）、집（家）。
5051,국가적,gukgajeok,國家級的、國家的,National or state,C,名詞 (Noun / 명사)，如 사람（人）、집（家）。
5052,귓속,gwitsok,耳內、耳朵內部,The inner ear,C,名詞 (Noun / 명사)，如 사람（人）、집（家）。
5053,그래픽,geuraepik,圖像、圖形,Graphic,C,名詞 (Noun / 명사)，如 사람（人）、집（家）。
5054,근교,geungyo,近郊、郊區,Suberbs,C,名詞 (Noun / 명사)，如 사람（人）、집（家）。
5055,기초적,gichojeok,基礎的、基本的,Fundamental or basic,C,名詞 (Noun / 명사)，如 사람（人）、집（家）。
5056,녹음,nogeum,錄音 / 綠蔭,Recording,B,名詞 (Noun / 명사)，如 사람（人）、집（家）。
5057,다양성,dayangseong,多樣性、多元性,Variety,C,名詞 (Noun / 명사)，如 사람（人）、집（家）。
5058,떠나오다,tteonaoda,離開而來、出發歸來,미국으로부터 to come back from the US,C,動詞 (Verb / 동사)，如 하다（做）、가다（去）。
5059,마중,majung,迎接、迎候,"Meeting, reception",B,名詞 (Noun / 명사)，如 사람（人）、집（家）。
5060,밝다,bakda,明亮、晴朗,To be bright,B,動詞 (Verb / 동사)，如 하다（做）、가다（去）。
5061,밤중,bamjung,半夜、深夜,Midnight,B,名詞 (Noun / 명사)，如 사람（人）、집（家）。
5062,배드민턴,baedeuminteon,羽毛球,Badminton,B,名詞 (Noun / 명사)，如 사람（人）、집（家）。
5063,배부르다,baebureuda,飽、吃飽,To be full,A,形容詞 (Adjective / 형용사)，如 크다（大）、좋다（好）。
5064,버튼,beoteun,按鈕、鍵,Button,B,名詞 (Noun / 명사)，如 사람（人）、집（家）。
5065,보수적,bosujeok,保守的,Conservative,C,名詞 (Noun / 명사)，如 사람（人）、집（家）。
5066,캐나다,kaenada,加拿大,Canada,A,專有名詞 (Proper Noun / 고유명사)，如 대구（大邱）。
5067,불확실하다,bulhwaksilhada,不確定、不明確,Be uncertain,C,形容詞 (Adjective / 형용사)，如 크다（大）、좋다（好）。
5068,비만,biman,肥胖,"Fatness, corpulence",C,名詞 (Noun / 명사)，如 사람（人）、집（家）。
5069,빗방울,bitbangul,雨滴、雨點,Raindrops,C,名詞 (Noun / 명사)，如 사람（人）、집（家）。
5070,사회자,sahoeja,主持人、司儀,"Host, MC, moderator",C,名詞 (Noun / 명사)，如 사람（人）、집（家）。
5071,샤워,syawo,淋浴、沖澡,Shower,A,名詞 (Noun / 명사)，如 사람（人）、집（家）。
5072,서투르다,seotureuda,生疏、不熟練,"unskilled,clumsy",B,形容詞 (Adjective / 형용사)，如 크다（大）、좋다（好）。
5073,세탁기,setakgi,洗衣機,Washing machine,A,名詞 (Noun / 명사)，如 사람（人）、집（家）。
5074,손뼉,sonppyeok,手掌、手心,The flat of one’s hand,B,名詞 (Noun / 명사)，如 사람（人）、집（家）。
5075,손수,sonsu,親自、親手,"With one’s own hands, personally",C,副詞 (Adverb / 부사)，如 더（更）、잘（好）。
5076,송편,songpyeon,松片（韓式松針蒸糕）,Rice cake steemed over pine needles,B,名詞 (Noun / 명사)，如 사람（人）、집（家）。
5077,시들다,sideulda,枯萎、凋謝 / 衰退,"To wither,die,fade",C,動詞 (Verb / 동사)，如 하다（做）、가다（去）。
5078,시디,sidi,光碟、CD,C.D.,C,名詞 (Noun / 명사)，如 사람（人）、집（家）。
5079,신사,sinsa,紳士,A gentleman,C,名詞 (Noun / 명사)，如 사람（人）、집（家）。
5080,신혼부부,sinhonbubu,新婚夫婦,Newlyweds,B,名詞 (Noun / 명사)，如 사람（人）、집（家）。
5081,싱겁다,singgeopda,淡而無味、平淡,"Taste flat, have no flavor",B,形容詞 (Adjective / 형용사)，如 크다（大）、좋다（好）。
5082,쓸데없이,sseuldeeopsi,徒勞地、無謂地,To have no use,C,副詞 (Adverb / 부사)，如 더（更）、잘（好）。
5083,야하다,yahada,妖豔、俗氣、露骨,"To be gaudy,garish",C,形容詞 (Adjective / 형용사)，如 크다（大）、좋다（好）。
5084,어쩌다가,eojjeodaga,偶爾、偶然、不知怎麼地,"By chance, accident ; sometimes",C,副詞 (Adverb / 부사)，如 더（更）、잘（好）。
5085,옛날이야기,yennariyagi,古老故事、傳說,An old story,B,名詞 (Noun / 명사)，如 사람（人）、집（家）。
5086,오븐,obeun,烤箱,Oven,B,名詞 (Noun / 명사)，如 사람（人）、집（家）。
5087,온종일,onjongil,整天、一整天,"All day long, the whole day",C,名詞 (Noun / 명사)，如 사람（人）、집（家）。
5088,와인,wain,葡萄酒、紅酒,Wine,B,名詞 (Noun / 명사)，如 사람（人）、집（家）。
5089,왕비,wangbi,王妃、王后,Queen,C,名詞 (Noun / 명사)，如 사람（人）、집（家）。
5090,우승하다,useunghada,奪冠、獲得優勝,To take first place,B,動詞 (Verb / 동사)，如 하다（做）、가다（去）。
5091,운반,unban,搬運、運輸,"conveyance,transport",C,名詞 (Noun / 명사)，如 사람（人）、집（家）。
5092,웃어른,useoreun,長輩、長者,one’s elders,B,名詞 (Noun / 명사)，如 사람（人）、집（家）。
5093,인사말,insamal,問候語、致詞,Words of greeting,B,名詞 (Noun / 명사)，如 사람（人）、집（家）。
5094,자판기,japangi,自動販賣機,Vending machine,B,名詞 (Noun / 명사)，如 사람（人）、집（家）。
5095,장모님,jangmonim,岳母、丈母娘（敬稱）,A man’s mother in law,C,名詞 (Noun / 명사)，如 사람（人）、집（家）。
5096,저녁때,jeonyeokttae,傍晚時分、傍晚,Evening time,B,名詞 (Noun / 명사)，如 사람（人）、집（家）。
5097,저울,jeoul,秤、天平,A balance,C,名詞 (Noun / 명사)，如 사람（人）、집（家）。
5098,적어지다,jeogeojida,變少、減少,To become smaller,B,動詞 (Verb / 동사)，如 하다（做）、가다（去）。
5099,지폐,jipye,紙鈔、紙幣,Paper money,C,名詞 (Noun / 명사)，如 사람（人）、집（家）。
5100,진실로,jinsilro,確實、由衷地,"Truly, honestly",C,副詞 (Adverb / 부사)，如 더（更）、잘（好）。
5101,촛불,chotbul,燭光、蠟燭火,Candle-light,C,名詞 (Noun / 명사)，如 사람（人）、집（家）。
5102,출퇴근,chultoegeun,上下班、通勤,Go to and come from the office,C,名詞 (Noun / 명사)，如 사람（人）、집（家）。
5103,치과,chigwa,牙科、牙醫診所,A dentist,B,名詞 (Noun / 명사)，如 사람（人）、집（家）。
5104,테스트,teseuteu,測試、測驗,Test,B,名詞 (Noun / 명사)，如 사람（人）、집（家）。
5105,통역,tongyeok,口譯、翻譯,Interpreting,C,名詞 (Noun / 명사)，如 사람（人）、집（家）。
5106,퇴근하다,toegeunhada,下班,To go home from work,B,動詞 (Verb / 동사)，如 하다（做）、가다（去）。
5107,표시하다,pyosihada,表示、標記、顯示,"To make a sign, display",C,動詞 (Verb / 동사)，如 하다（做）、가다（去）。
5108,피로하다,pirohada,疲勞、疲倦,"To be fatigued, weary",B,形容詞 (Adjective / 형용사)，如 크다（大）、좋다（好）。
5109,하,ha,下、下等、下方,"Below, underneath",C,名詞 (Noun / 명사)，如 사람（人）、집（家）。
5110,한데,hande,戶外、露天 / 一處,"The open air, outside, the exterior",C,副詞 (Adverb / 부사)，如 더（更）、잘（好）。
5111,혼잣말,honjanmal,自言自語,Talking to oneself,C,名詞 (Noun / 명사)，如 사람（人）、집（家）。
5112,화나다,hwanada,發火、生氣,Get angry,B,動詞 (Verb / 동사)，如 하다（做）、가다（去）。
5113,효도하다,hyodohada,盡孝、孝敬父母,To be a good son/daughter to one’s parents,C,動詞 (Verb / 동사)，如 하다（做）、가다（去）。
5114,힘없이,himeopsi,無精打采地、軟弱無力地,"feebly,weekly",C,副詞 (Adverb / 부사)，如 더（更）、잘（好）。
5115,가로,garo,橫向、寬度,Width or breadth,B,名詞 (Noun / 명사)，如 사람（人）、집（家）。
5116,갈아타다,garatada,轉乘、換乘,Transfer (bus or subway),B,動詞 (Verb / 동사)，如 하다（做）、가다（去）。
5117,건넌방,geonneonbang,對面廂房、對屋,The room opposite the main living room,C,名詞 (Noun / 명사)，如 사람（人）、집（家）。
5118,곧이어,godieo,隨即、緊接著,Soon hereafter,C,副詞 (Adverb / 부사)，如 더（更）、잘（好）。
5119,공기,gonggi,公器、公共機構,"Public instrument, public institution",C,名詞 (Noun / 명사)，如 사람（人）、집（家）。
5120,굉장하다,goengjanghada,宏偉、了不起、極好,Be grand or magnificent or splendor,C,形容詞 (Adjective / 형용사)，如 크다（大）、좋다（好）。
5121,그래서,geuraeseo,因此、所以,So or therefore,A,不變化詞 / 獨立詞 / 未分類詞），用來標記如 그래도（即使那樣/仍然）、걔（那孩子）、그래（是的/那樣） 等
5122,기업인,gieobin,企業家、企業人士,Businessman,C,名詞 (Noun / 명사)，如 사람（人）、집（家）。
5123,긴장되다,ginjangdoeda,感到緊張（被動）,Be under tension,C,動詞 (Verb / 동사)，如 하다（做）、가다（去）。
5124,깨끗해지다,kkaekkeuthaejida,變乾淨,Become clean,C,動詞 (Verb / 동사)，如 하다（做）、가다（去）。
5125,낚싯대,naksitdae,釣竿,A fishing rod,C,名詞 (Noun / 명사)，如 사람（人）、집（家）。
5126,남동생,namdongsaeng,弟弟,Younger brother,A,名詞 (Noun / 명사)，如 사람（人）、집（家）。
5127,냇물,naenmul,溪水、小溪,"A stream, brook",C,名詞 (Noun / 명사)，如 사람（人）、집（家）。
5128,단골,dangol,熟客、老主顧,"Custom, connection",C,名詞 (Noun / 명사)，如 사람（人）、집（家）。
5129,단맛,danmat,甜味,A sweet taste,B,名詞 (Noun / 명사)，如 사람（人）、집（家）。
5130,담요,damyo,毛毯,A blanket,B,名詞 (Noun / 명사)，如 사람（人）、집（家）。
5131,대,dae,莖、稈、柄,"A stem, stalk",C,名詞 (Noun / 명사)，如 사람（人）、집（家）。
5132,더러워지다,deoreowojida,變髒,Get dirty,C,動詞 (Verb / 동사)，如 하다（做）、가다（去）。
5133,데우다,deuda,加熱、熱（湯/菜）,"to warm, to heat up",C,動詞 (Verb / 동사)，如 하다（做）、가다（去）。
5134,도착,dochak,到達、抵達,Arrival,A,名詞 (Noun / 명사)，如 사람（人）、집（家）。
5135,동그랗다,donggeurata,圓圓的、滾圓,To be circular,C,形容詞 (Adjective / 형용사)，如 크다（大）、좋다（好）。
5136,안동,andong,安東（韓國慶尚北道城市）,"간고등어 fish common in this city, ANDONG",D,專有名詞 (Proper Noun / 고유명사)，如 대구（大邱）。
5137,무덥다,mudeopda,悶熱,"sultry,sweltering",C,形容詞 (Adjective / 형용사)，如 크다（大）、좋다（好）。
5138,뭘,mwol,什麼（무엇을略語）,What (implicit directobject)?,C,名詞 (Noun / 명사)，如 사람（人）、집（家）。0
5139,반대편,bandaepyeon,反方向、對面,The opposite side,C,名詞 (Noun / 명사)，如 사람（人）、집（家）。
5140,발바닥,balbadak,腳底板、腳掌,The sole of the foot,C,名詞 (Noun / 명사)，如 사람（人）、집（家）。
5141,발톱,baltop,腳趾甲,A toenail,C,名詞 (Noun / 명사)，如 사람（人）、집（家）。
5142,밝아지다,balgajida,變亮、開朗起來,Become bright,C,動詞 (Verb / 동사)，如 하다（做）、가다（去）。
5143,밤새다,bamsaeda,熬夜、通宵,To stay up all night,B,動詞 (Verb / 동사)，如 하다（做）、가다（去）。
5144,부잣집,bujatjip,富貴人家、富戶,Rich man’s house,B,名詞 (Noun / 명사)，如 사람（人）、집（家）。
5145,분명해지다,bunmyeonghaejida,變得明確、清楚,To become clear,C,動詞 (Verb / 동사)，如 하다（做）、가다（去）。
5146,사진기,sajingi,照相機,Camera,B,名詞 (Noun / 명사)，如 사람（人）、집（家）。
5147,산길,sangil,山路,"A mountain path,road",C,名詞 (Noun / 명사)，如 사람（人）、집（家）。
5148,상추,sangchu,生菜、萵苣,Lettuce,B,名詞 (Noun / 명사)，如 사람（人）、집（家）。
5149,섭씨,seopssi,攝氏,Celsius,B,名詞 (Noun / 명사)，如 사람（人）、집（家）。
5150,소시지,sosiji,香腸、熱狗,Sausage,B,名詞 (Noun / 명사)，如 사람（人）、집（家）。
5151,쇼핑,syoping,購物,Shopping,A,名詞 (Noun / 명사)，如 사람（人）、집（家）。
5152,수업,sueop,修業、修畢課程,Completing an education course,C,名詞 (Noun / 명사)，如 사람（人）、집（家）。
5153,스케줄,seukejul,日程、行程表,Schedule,B,名詞 (Noun / 명사)，如 사람（人）、집（家）。
5154,스키,seuki,滑雪、滑雪板,Ski,A,名詞 (Noun / 명사)，如 사람（人）、집（家）。
5155,시외,sioe,市外、郊外,"Outside the city, suberbs",B,名詞 (Noun / 명사)，如 사람（人）、집（家）。
5156,심각해지다,simgakhaejida,變得嚴重,To become serious,C,動詞 (Verb / 동사)，如 하다（做）、가다（去）。
5157,싹,ssak,嫩芽、幼芽,"A bud,sprout",C,副詞 (Adverb / 부사)，如 더（更）、잘（好）。
5158,씻기다,ssitgida,被沖洗、洗刷（被動）,"To be carried away, washed away",C,動詞 (Verb / 동사)，如 하다（做）、가다（去）。
5159,안심하다,ansimhada,安心、放心,"security,assuredness,relief",C,動詞 (Verb / 동사)，如 하다（做）、가다（去）。
5160,약,yak,惱火、上火（약오르다）,"Get angry,take offense",C,名詞 (Noun / 명사)，如 사람（人）、집（家）。
5161,약수,yaksu,礦泉水、藥水,"Medicinal water, mineral water",C,名詞 (Noun / 명사)，如 사람（人）、집（家）。
5162,약품,yakpum,藥品、醫藥品,"Medicines, medical supplies",C,名詞 (Noun / 명사)，如 사람（人）、집（家）。
5163,양배추,yangbaechu,高麗菜、捲心菜,Cabbage,B,名詞 (Noun / 명사)，如 사람（人）、집（家）。
5164,양보,yangbo,讓步、謙讓,"concession,compromise",C,名詞 (Noun / 명사)，如 사람（人）、집（家）。
5165,양옆,yangyeop,兩側、兩旁,On both sides,C,名詞 (Noun / 명사)，如 사람（人）、집（家）。
5166,얕다,yatda,淺、膚淺,"To be shallow, superficial",B,形容詞 (Adjective / 형용사)，如 크다（大）、좋다（好）。
5167,어두워지다,eoduwojida,變暗、昏暗,become/get dark,B,動詞 (Verb / 동사)，如 하다（做）、가다（去）。
5168,어쩜,eojjeom,怎麼會、說不定,"Well, I guess that, is extremely…..",C,副詞 (Adverb / 부사)，如 더（更）、잘（好）。
5169,엊그제,eotgeuje,前幾天、剛過去不久,"The day before yesterday, a few days ago",B,副詞 (Adverb / 부사)，如 더（更）、잘（好）。
5170,여고생,yeogosaeng,女高中生,Female high school student,B,名詞 (Noun / 명사)，如 사람（人）、집（家）。
5171,여왕,yeowang,女王、王后,Queen,C,名詞 (Noun / 명사)，如 사람（人）、집（家）。
5172,연기되다,yeongidoeda,被推遲、延期（被動）,"To be put off, postponed",C,動詞 (Verb / 동사)，如 하다（做）、가다（去）。
5173,열,yeol,十（純韓文數詞）,Ten,A,數詞 (Numeral / 수사)，如 하나（一）。：數詞 (Numeral / 수사)，如 하나（一）。
5174,예약,yeyak,預訂、預約,"Pre-engagement, reservation",B,名詞 (Noun / 명사)，如 사람（人）、집（家）。
5175,올라타다,olratada,坐上、登上（交通工具）,"Board (a plane), get into",C,動詞 (Verb / 동사)，如 하다（做）、가다（去）。
5176,운동화,undonghwa,運動鞋,Sports shoes,A,名詞 (Noun / 명사)，如 사람（人）、집（家）。
5177,이곳저곳,igotjeogot,這兒那兒、到處,Everywhere,B,名詞 (Noun / 명사)，如 사람（人）、집（家）。
5178,이다음,idaeum,下次、以後,Next,C,名詞 (Noun / 명사)，如 사람（人）、집（家）。
5179,일회용품,ilhoeyongpum,免洗用品、一次性用品,A product to be used only once,B,名詞 (Noun / 명사)，如 사람（人）、집（家）。
5180,읽히다,ikhida,使閱讀、使讀懂,"To get a person to read, to get a person to learn",B,動詞 (Verb / 동사)，如 하다（做）、가다（去）。
5181,잡수다,japsuda,吃、享用（敬語）,"eat,drink",C,動詞 (Verb / 동사)，如 하다（做）、가다（去）。
5182,장사꾼,jangsakkun,商人、生意人,"A trader,merchant,dealer",C,名詞 (Noun / 명사)，如 사람（人）、집（家）。
5183,점심때,jeomsimttae,午餐時分,Lunchtime,B,名詞 (Noun / 명사)，如 사람（人）、집（家）。
5184,주일,juil,星期、週,A week,C,依存名詞 / 量詞 (Dependent Noun / 의존명사)，如 것（東西/事情）、개（個）、명（名）。
5185,즐거워하다,jeulgeowohada,歡樂、感到高興,To enjoy it,B,動詞 (Verb / 동사)，如 하다（做）、가다（去）。
5186,집중하다,jipjunghada,集中、專心,To concentrate,C,動詞 (Verb / 동사)，如 하다（做）、가다（去）。
5187,짜다,jjada,鹹、味道鹹,To be salty,A,形容詞 (Adjective / 형용사)，如 크다（大）、좋다（好）。
5188,짜증스럽다,jjajeungseureopda,令人煩躁、討厭,To be annoying,C,形容詞 (Adjective / 형용사)，如 크다（大）、좋다（好）。
5189,천재,cheonjae,天才,"genius,talent",C,名詞 (Noun / 명사)，如 사람（人）、집（家）。
5190,초등학교,chodeunghakgyo,小學,Elementary school,A,名詞 (Noun / 명사)，如 사람（人）、집（家）。
5191,초보,chobo,初步、入門,"Initial, first steps",B,名詞 (Noun / 명사)，如 사람（人）、집（家）。
5192,초여름,choyeoreum,初夏,Early summer,C,名詞 (Noun / 명사)，如 사람（人）、집（家）。
5193,초저녁,chojeonyeok,傍晚、剛入夜時分,Early in the evening,C,名詞 (Noun / 명사)，如 사람（人）、집（家）。
5194,충돌하다,chungdolhada,碰撞、衝突,"Collide, clash with",C,動詞 (Verb / 동사)，如 하다（做）、가다（去）。
5195,코트,koteu,球場 / 大衣,Court,C,名詞 (Noun / 명사)，如 사람（人）、집（家）。
5196,피곤,pigon,疲倦、疲勞,"fatigue,exhaustion",C,名詞 (Noun / 명사)，如 사람（人）、집（家）。
5197,학비,hakbi,學費,Tuition,C,名詞 (Noun / 명사)，如 사람（人）、집（家）。
5198,해,hae,害處、損害、危害,"Damage, injury",C,名詞 (Noun / 명사)，如 사람（人）、집（家）。
5199,해외여행,haeoeyeohaeng,海外旅行、出國旅遊,Foreign travel,B,名詞 (Noun / 명사)，如 사람（人）、집（家）。
5200,효자,hyoja,孝子,A dutiful son,C,名詞 (Noun / 명사)，如 사람（人）、집（家）。
5201,감소되다,gamsodoeda,被減少、縮減（被動）,To be reduced or diminished,C,動詞 (Verb / 동사)，如 하다（做）、가다（去）。
5202,강변,gangbyeon,江邊、河畔,A riverside,C,名詞 (Noun / 명사)，如 사람（人）、집（家）。
5203,공연되다,gongyeondoeda,被上演、演出（被動）,To give a public performance,C,動詞 (Verb / 동사)，如 하다（做）、가다（去）。
5204,공휴일,gonghyuil,國定假日、公休日,A legal holiday,A,名詞 (Noun / 명사)，如 사람（人）、집（家）。
5205,괴로워하다,goerowohada,感到痛苦、苦惱,To distress or trouble,C,動詞 (Verb / 동사)，如 하다（做）、가다（去）。
5206,교시,gyosi,訓示、指示、指導,Teach or instruct or enlighten,C,依存名詞 / 量詞 (Dependent Noun / 의존명사)，如 것（東西/事情）、개（個）、명（名）。
5207,그리로,geuriro,朝那裡、往那邊,Over there,C,副詞 (Adverb / 부사)，如 더（更）、잘（好）。
5208,까먹다,kkameokda,剝著吃 / 忘得一乾二淨,Crack or peel and eat,C,動詞 (Verb / 동사)，如 하다（做）、가다（去）。
5209,깜빡,kkamppak,眨眼、閃爍 / 猛然忘記,With a flash or twinkle,B,副詞 (Adverb / 부사)，如 더（更）、잘（好）。
5210,깡패,kkangpae,流氓、惡棍,Gangster,C,名詞 (Noun / 명사)，如 사람（人）、집（家）。
5211,꾸다,kkuda,做夢、夢見,Dream or have a dream,C,動詞 (Verb / 동사)，如 하다（做）、가다（去）。
5212,낚시꾼,naksikkun,釣客、釣魚人,An angler,C,名詞 (Noun / 명사)，如 사람（人）、집（家）。
5213,다양해지다,dayanghaejida,變得多樣化,To be various,C,動詞 (Verb / 동사)，如 하다（做）、가다（去）。
5214,대중교통,daejunggyotong,大眾運輸、大眾交通,Mass transportation,B,名詞 (Noun / 명사)，如 사람（人）、집（家）。
5215,데려오다,deryeooda,帶來、領來,Go with,B,動詞 (Verb / 동사)，如 하다（做）、가다（去）。
5216,마요네즈,mayonejeu,美乃滋、蛋黃醬,Mayonnaise,C,名詞 (Noun / 명사)，如 사람（人）、집（家）。
5217,마흔,maheun,四十,Forty,A,數詞 (Numeral / 수사)，如 하나（一）。：數詞 (Numeral / 수사)，如 하나（一）。
5218,만세,manse,萬歲,"10,000 years",C,名詞 (Noun / 명사)，如 사람（人）、집（家）。
5219,만화가,manhwaga,漫畫家,Cartoon artist,C,名詞 (Noun / 명사)，如 사람（人）、집（家）。
5220,맘대로,mamdaero,隨心所欲、隨便,As you want,C,副詞 (Adverb / 부사)，如 더（更）、잘（好）。
5221,머리말,meorimal,前言、序言,A preface,C,名詞 (Noun / 명사)，如 사람（人）、집（家）。
5222,면접,myeonjeop,面試、面談,Interview,C,名詞 (Noun / 명사)，如 사람（人）、집（家）。
5223,명함,myeongham,名片,Name card,B,名詞 (Noun / 명사)，如 사람（人）、집（家）。
5224,몸속,momsok,體內、身體內部,In one’s body,C,名詞 (Noun / 명사)，如 사람（人）、집（家）。
5225,무책임하다,muchaegimhada,不負責任,Not responsible,C,形容詞 (Adjective / 형용사)，如 크다（大）、좋다（好）。
5226,반짝거리다,banjjakgeorida,閃爍、閃閃發亮,Twinkle-twinkle (stars),C,動詞 (Verb / 동사)，如 하다（做）、가다（去）。
5227,밤새우다,bamsaeuda,熬夜、徹夜不眠,Sit up all night,C,動詞 (Verb / 동사)，如 하다（做）、가다（去）。
5228,번지,beonji,門牌號碼、番地,Area of land,C,名詞 (Noun / 명사)，如 사람（人）、집（家）。
5229,볼펜,bolpen,原子筆,A ballpen,A,名詞 (Noun / 명사)，如 사람（人）、집（家）。
5230,빨간색,ppalgansaek,紅色,"deep-red,crimson",A,名詞 (Noun / 명사)，如 사람（人）、집（家）。
5231,사립,sarip,私立,Private,C,名詞 (Noun / 명사)，如 사람（人）、집（家）。
5232,사생활,sasaenghwal,私生活,Private life,C,名詞 (Noun / 명사)，如 사람（人）、집（家）。
5233,사이사이,saisai,處處、時不時、縫隙間,Every now and then,C,名詞 (Noun / 명사)，如 사람（人）、집（家）。
5234,사자,saja,獅子,A lion,B,名詞 (Noun / 명사)，如 사람（人）、집（家）。
5235,새소리,saesori,鳥鳴聲,"Bird voice,”chirp”",B,名詞 (Noun / 명사)，如 사람（人）、집（家）。
5236,생활수준,saenghwalsujun,生活水準,The standard of living,C,名詞 (Noun / 명사)，如 사람（人）、집（家）。
5237,서툴다,seotulda,生疏、拙劣,"poor,awkward",C,形容詞 (Adjective / 형용사)，如 크다（大）、좋다（好）。
5238,석사,seoksa,碩士,Master,C,名詞 (Noun / 명사)，如 사람（人）、집（家）。
5239,성당,seongdang,天主教堂、聖堂,A church,C,名詞 (Noun / 명사)，如 사람（人）、집（家）。
5240,속마음,songmaeum,內心想法、真心,"Inner heart,feeling",C,名詞 (Noun / 명사)，如 사람（人）、집（家）。
5241,손잡다,sonjapda,牽手、攜手合作,Take a person by the hand,C,動詞 (Verb / 동사)，如 하다（做）、가다（去）。
5242,숙녀,sungnyeo,淑女,A lady,C,名詞 (Noun / 명사)，如 사람（人）、집（家）。
5243,순하다,sunhada,溫和、溫順,"Be gentle,docile",C,形容詞 (Adjective / 형용사)，如 크다（大）、좋다（好）。
5244,시댁,sidaek,婆家,one’s husband’s family/house,C,名詞 (Noun / 명사)，如 사람（人）、집（家）。
5245,시부모,sibumo,公婆、公公婆婆,one’s husband’s parents,B,名詞 (Noun / 명사)，如 사람（人）、집（家）。
5246,신체적,sinchejeok,身體上的、肉體的,Physical,C,名詞 (Noun / 명사)，如 사람（人）、집（家）。
5247,실수하다,silsuhada,失誤、犯錯,To make a mistake,B,動詞 (Verb / 동사)，如 하다（做）、가다（去）。
5248,쓴맛,sseunmat,苦味,A bitter flavor,C,名詞 (Noun / 명사)，如 사람（人）、집（家）。
5249,야옹,yaong,喵（貓叫聲）,"Mewing, meowing",C,副詞 (Adverb / 부사)，如 더（更）、잘（好）。
5250,얼마간,eolmagan,一段時間、多少,"Some, somewhat",C,名詞 (Noun / 명사)，如 사람（人）、집（家）。
5251,올여름,oryeoreum,今年夏天,This summer,C,名詞 (Noun / 명사)，如 사람（人）、집（家）。
5252,외제,oeje,外國製、舶來品,Of foreign manufacture,C,名詞 (Noun / 명사)，如 사람（人）、집（家）。
5253,외출하다,oechulhada,外出、出門,To go out (of doors),B,動詞 (Verb / 동사)，如 하다（做）、가다（去）。
5254,욕하다,yokhada,謾罵、罵人,"To insult, to say bad words",C,動詞 (Verb / 동사)，如 하다（做）、가다（去）。
5255,위아래,wiarae,上下、長幼,Up and down,B,名詞 (Noun / 명사)，如 사람（人）、집（家）。
5256,음반,eumban,唱片、專輯唱片,A phonograph record,C,名詞 (Noun / 명사)，如 사람（人）、집（家）。
5257,의논,uinon,商量、商議,"consultation,conference",C,名詞 (Noun / 명사)，如 사람（人）、집（家）。
5258,이,i,二（漢字詞）,Two,A,數詞 (Numeral / 수사)，如 하나（一）。：數詞 (Numeral / 수사)，如 하나（一）。
5259,이래서,iraeseo,因為這樣、正因如此,"This way, this direction, here",C,不變化詞 / 獨立詞 / 未分類詞），用來標記如 그래도（即使那樣/仍然）、걔（那孩子）、그래（是的/那樣） 等
5260,이발소,ibalso,理髮店,barber’s shop,B,名詞 (Noun / 명사)，如 사람（人）、집（家）。
5261,자살하다,jasalhada,自殺,Commit suicide,C,動詞 (Verb / 동사)，如 하다（做）、가다（去）。
5262,자연적,jayeonjeok,自然的,Natural,C,名詞 (Noun / 명사)，如 사람（人）、집（家）。
5263,장례식,jangryesik,喪禮、告別式,A funeral,C,名詞 (Noun / 명사)，如 사람（人）、집（家）。
5264,재수,jaesu,運氣、幸運 / 重考,"luck,fortune",C,名詞 (Noun / 명사)，如 사람（人）、집（家）。
5265,재작년,jaejangnyeon,前年,The year before last,B,名詞 (Noun / 명사)，如 사람（人）、집（家）。
5266,재채기,jaechaegi,打噴嚏,"sneeze,sneezing",B,名詞 (Noun / 명사)，如 사람（人）、집（家）。
5267,전구,jeongu,燈泡,An electric bulb,C,名詞 (Noun / 명사)，如 사람（人）、집（家）。
5268,전문점,jeonmunjeom,專賣店,Exclusive store,C,名詞 (Noun / 명사)，如 사람（人）、집（家）。
5269,전통문화,jeontongmunhwa,傳統文化,Traditional culture,C,名詞 (Noun / 명사)，如 사람（人）、집（家）。
5270,정거장,jeonggeojang,車站、停靠站,A railroad station,B,名詞 (Noun / 명사)，如 사람（人）、집（家）。
5271,존댓말,jondaenmal,敬語、尊稱,Respectful speech,B,名詞 (Noun / 명사)，如 사람（人）、집（家）。
5272,주전자,jujeonja,茶壺、水壺,"A kettle, teakettle",C,名詞 (Noun / 명사)，如 사람（人）、집（家）。
5273,지우다,jiuda,使背負、使承擔,Put a thing on a person’s back,C,動詞 (Verb / 동사)，如 하다（做）、가다（去）。
5274,찬성,chanseong,贊成、贊同,"approval,assent",C,名詞 (Noun / 명사)，如 사람（人）、집（家）。
5275,초보자,choboja,初學者、新手,"A beginner, neophyte",B,名詞 (Noun / 명사)，如 사람（人）、집（家）。
5276,초청장,chocheongjang,邀請函、請帖,An invitation (card),B,名詞 (Noun / 명사)，如 사람（人）、집（家）。
5277,촌스럽다,chonseureopda,土氣、俗氣,Unfashionable,C,形容詞 (Adjective / 형용사)，如 크다（大）、좋다（好）。
5278,카레,kare,咖哩,Curry,B,名詞 (Noun / 명사)，如 사람（人）、집（家）。
5279,컨디션,keondisyeon,狀態、身心狀況,Condition,C,名詞 (Noun / 명사)，如 사람（人）、집（家）。
5280,코스모스,koseumoseu,大波斯菊,Cosmos,C,名詞 (Noun / 명사)，如 사람（人）、집（家）。
5281,킬로,kilro,公斤、公里,Kilo,B,依存名詞 / 量詞 (Dependent Noun / 의존명사)，如 것（東西/事情）、개（個）、명（名）。
5282,토론자,toronja,討論者、辯論者,"A debator, a disputant",C,名詞 (Noun / 명사)，如 사람（人）、집（家）。
5283,튼튼히,teunteunhi,結實地、牢固地,"Strongly, firmly",C,副詞 (Adverb / 부사)，如 더（更）、잘（好）。
5284,티셔츠,tisyeocheu,T恤,T-shirts,B,名詞 (Noun / 명사)，如 사람（人）、집（家）。
5285,페인트,peinteu,油漆,Paint,C,名詞 (Noun / 명사)，如 사람（人）、집（家）。
5286,평상시,pyeongsangsi,平常、平時,Normally,C,名詞 (Noun / 명사)，如 사람（人）、집（家）。
5287,중국,jungguk,中國,China,A,專有名詞 (Proper Noun / 고유명사)，如 대구（大邱）。
5288,학교생활,hakgyosaenghwal,校園生活,Student,C,名詞 (Noun / 명사)，如 사람（人）、집（家）。
5289,한둘,handul,一兩個,One or two,B,數詞 (Numeral / 수사)，如 하나（一）。：數詞 (Numeral / 수사)，如 하나（一）。
5290,해물,haemul,海鮮、海產,Marine products,C,名詞 (Noun / 명사)，如 사람（人）、집（家）。
5291,형,hyeong,型態、模型 / 哥哥,"Shape, form",C,名詞 (Noun / 명사)，如 사람（人）、집（家）。
5292,혼나다,honnada,挨訓、嚇破膽,"Get frightened, scared",C,動詞 (Verb / 동사)，如 하다（做）、가다（去）。
5293,가만,gaman,靜靜地、一聲不響,Quietly or softly,C,副詞 (Adverb / 부사)，如 더（更）、잘（好）。
5294,감정적,gamjeongjeok,情感的、感情用事的,Emotional,C,名詞 (Noun / 명사)，如 사람（人）、집（家）。
5295,강북,gangbuk,江北（首爾漢江以北）,North of the river,C,名詞 (Noun / 명사)，如 사람（人）、집（家）。
5296,거리,geori,材料、題材,Materials,B,依存名詞 / 量詞 (Dependent Noun / 의존명사)，如 것（東西/事情）、개（個）、명（名）。
5297,고무신,gomusin,膠鞋,Rubber shoes,C,名詞 (Noun / 명사)，如 사람（人）、집（家）。
5298,고춧가루,gochutgaru,辣椒粉,Red pepper powder,B,名詞 (Noun / 명사)，如 사람（人）、집（家）。
5299,관람,gwanram,參觀、觀看、觀賞,Inspection or viewing,C,名詞 (Noun / 명사)，如 사람（人）、집（家）。
5300,교외,gyooe,校外 / 郊外,Outside the school or extramural,C,名詞 (Noun / 명사)，如 사람（人）、집（家）。
5301,교육비,gyoyukbi,教育費、學費雜費,Tuition or the cost of a school education,C,名詞 (Noun / 명사)，如 사람（人）、집（家）。
5302,국립,gukrip,國立,Government established,B,名詞 (Noun / 명사)，如 사람（人）、집（家）。
5303,금,geum,線條、界線、劃線,A line (draw),C,名詞 (Noun / 명사)，如 사람（人）、집（家）。
5304,기억되다,gieokdoeda,被銘記、記憶（被動）,To be remembered,C,動詞 (Verb / 동사)，如 하다（做）、가다（去）。
5305,까다,kkada,剝、削皮 / 孵化,Peel or husk,C,動詞 (Verb / 동사)，如 하다（做）、가다（去）。
5306,꽃씨,kkotssi,花籽、花種,Flower seed,C,名詞 (Noun / 명사)，如 사람（人）、집（家）。
5307,꾸준하다,kkujunhada,持之以恆、孜孜不倦,Be steady or unflagging,C,形容詞 (Adjective / 형용사)，如 크다（大）、좋다（好）。
5308,난방,nanbang,暖氣、取暖設備,A heated room,C,名詞 (Noun / 명사)，如 사람（人）、집（家）。
5309,내용물,naeyongmul,內容物,Contents,C,名詞 (Noun / 명사)，如 사람（人）、집（家）。
5310,녹화,nokhwa,綠化,Tree-planting,C,名詞 (Noun / 명사)，如 사람（人）、집（家）。
5311,농구,nonggu,籃球,Basketball,B,名詞 (Noun / 명사)，如 사람（人）、집（家）。
5312,달다,dalda,懸掛、掛上,To hang,C,動詞 (Verb / 동사)，如 하다（做）、가다（去）。
5313,매번,maebeon,每次、每回,Every time,C,副詞 (Adverb / 부사)，如 더（更）、잘（好）。
5314,먹다,meokda,失聰、耳聾（귀가 먹다）,Go deaf,C,動詞 (Verb / 동사)，如 하다（做）、가다（去）。
5315,무관심하다,mugwansimhada,漠不關心、毫無興趣,Be indifferent to,C,名詞 (Noun / 명사)，如 사람（人）、집（家）。
5316,무사하다,musahada,平安無事,"Be safe, peaceful",C,形容詞 (Adjective / 형용사)，如 크다（大）、좋다（好）。
5317,밤낮,bamnat,日夜、總是,"Night and day, always",B,名詞 (Noun / 명사)，如 사람（人）、집（家）。
5318,배구,baegu,排球,Volleyball,B,名詞 (Noun / 명사)，如 사람（人）、집（家）。
5319,번역하다,beonyeokhada,翻譯、筆譯,To translate,C,動詞 (Verb / 동사)，如 하다（做）、가다（去）。
5320,병아리,byeongari,小雞,"Chick, baby chicken",C,名詞 (Noun / 명사)，如 사람（人）、집（家）。
5321,부지런하다,bujireonhada,勤勞、勤奮,Be diligent,B,形容詞 (Adjective / 형용사)，如 크다（大）、좋다（好）。
5322,부피,bupi,體積、容積,"bulk,size",C,名詞 (Noun / 명사)，如 사람（人）、집（家）。
5323,비기다,bigida,打成平手、平局,"End in a tie, to be even-even. Same as 무승부를 기록하다",C,動詞 (Verb / 동사)，如 하다（做）、가다（去）。
5324,생활용품,saenghwaryongpum,生活用品,Necessities for daily life,C,名詞 (Noun / 명사)，如 사람（人）、집（家）。
5325,선풍기,seonpunggi,電風扇,A fan,B,名詞 (Noun / 명사)，如 사람（人）、집（家）。
5326,세로,sero,縱向、垂直,Length,B,名詞 (Noun / 명사)，如 사람（人）、집（家）。
5327,섹시하다,seksihada,性感,To be sexy,C,形容詞 (Adjective / 형용사)，如 크다（大）、좋다（好）。
5328,소비하다,sobihada,消費、消耗,Consumption,C,動詞 (Verb / 동사)，如 하다（做）、가다（去）。
5329,수리하다,surihada,修理、修繕,"repair,mending",C,動詞 (Verb / 동사)，如 하다（做）、가다（去）。
5330,스물,seumul,二十（純韓文數詞）,Twenty,A,數詞 (Numeral / 수사)，如 하나（一）。：數詞 (Numeral / 수사)，如 하나（一）。
5331,식료품,sikryopum,食品、副食品,Articles for food,C,名詞 (Noun / 명사)，如 사람（人）、집（家）。
5332,식히다,sikhida,使冷卻、放涼,"To cool, let cool. 차게 하다",C,動詞 (Verb / 동사)，如 하다（做）、가다（去）。
5333,싫어지다,sileojida,變得厭煩、不喜歡,To become distasteful,B,動詞 (Verb / 동사)，如 하다（做）、가다（去）。
5334,씻기다,ssitgida,給...洗、洗滌,"wash,be washed",C,動詞 (Verb / 동사)，如 하다（做）、가다（去）。
5335,얼리다,eolrida,使凍結、冷凍,"Freeze, make ice",C,動詞 (Verb / 동사)，如 하다（做）、가다（去）。
5336,여직원,yeojigwon,女職員,Female employee,B,名詞 (Noun / 명사)，如 사람（人）、집（家）。
5337,열리다,yeolrida,結（果實）,To bear fruit,B,動詞 (Verb / 동사)，如 하다（做）、가다（去）。
5338,옆방,yeopbang,隔壁房間,The room next door,B,名詞 (Noun / 명사)，如 사람（人）、집（家）。
5339,오피스텔,opiseutel,住商混合公寓,Office hotel (studio apt),B,名詞 (Noun / 명사)，如 사람（人）、집（家）。
5340,올가을,olgaeul,今年秋天,This fall,C,名詞 (Noun / 명사)，如 사람（人）、집（家）。
5341,와이셔츠,waisyeocheu,正裝襯衫,A white dress shirt,C,名詞 (Noun / 명사)，如 사람（人）、집（家）。
5342,원피스,wonpiseu,洋裝、連身裙,(one-piece) a dress,B,名詞 (Noun / 명사)，如 사람（人）、집（家）。
5343,윗사람,witsaram,長輩、上司,"A superior, one’s older somebody",C,名詞 (Noun / 명사)，如 사람（人）、집（家）。
5344,이민,imin,移民,Emigration,C,名詞 (Noun / 명사)，如 사람（人）、집（家）。
5345,이성,iseong,異性,The opposite sex,C,名詞 (Noun / 명사)，如 사람（人）、집（家）。
5346,이혼하다,ihonhada,離婚,To get divorced,B,動詞 (Verb / 동사)，如 하다（做）、가다（去）。
5347,인제,inje,現在、如今,Now,C,名詞 (Noun / 명사)，如 사람（人）、집（家）。
5348,입사하다,ipsahada,入職、進公司,To join/enter a company,C,動詞 (Verb / 동사)，如 하다（做）、가다（去）。
5349,재우다,jaeuda,哄睡、讓...睡覺,Put to sleep,C,動詞 (Verb / 동사)，如 하다（做）、가다（去）。
5350,전시되다,jeonsidoeda,被展出、展覽（被動）,"To be exhibited,ddisplayed",C,動詞 (Verb / 동사)，如 하다（做）、가다（去）。
5351,졸리다,jolrida,想睡、犯睏,"Feel sleepy,drowsy",C,動詞 (Verb / 동사)，如 하다（做）、가다（去）。
5352,졸음,joreum,睡意、瞌睡,"sleepiness,drowsiness",C,名詞 (Noun / 명사)，如 사람（人）、집（家）。
5353,종이컵,jongikeop,紙杯,A paper cup,B,名詞 (Noun / 명사)，如 사람（人）、집（家）。
5354,주문,jumun,咒語、符咒、咒文,"An incantation, a spell",C,名詞 (Noun / 명사)，如 사람（人）、집（家）。
5355,지능,jineung,智力、智能,"intelligence,intellect, raw intelligence",C,名詞 (Noun / 명사)，如 사람（人）、집（家）。
5356,쩔쩔매다,jjeoljjeolmaeda,團團轉、不知所措,"To be at a loss, be confused",C,動詞 (Verb / 동사)，如 하다（做）、가다（去）。
5357,철,cheol,懂事、明理（철이 들다）,"Discretion, prudence (Become sensible, wise)",C,名詞 (Noun / 명사)，如 사람（人）、집（家）。
5358,청바지,cheongbaji,牛仔褲,Blue jeans,A,名詞 (Noun / 명사)，如 사람（人）、집（家）。
5359,추가되다,chugadoeda,被追加、添加（被動）,To be added,C,動詞 (Verb / 동사)，如 하다（做）、가다（去）。
5360,치료법,chiryobeop,治療方法,A curative means,C,名詞 (Noun / 명사)，如 사람（人）、집（家）。
5361,치우다,chiuda,徹底搞定、收拾掉,"VST + Do away with, get rid of",C,補助用言 (Auxiliary / 補助用言 (Auxiliary / 보조용언)，如 ～버리다、～싶다。조용언)，如 ～버리다、～싶다。
5362,코끼리,kokkiri,大象,An elephant,B,名詞 (Noun / 명사)，如 사람（人）、집（家）。
5363,콘서트,konseoteu,演唱會、音樂會,Concert,B,名詞 (Noun / 명사)，如 사람（人）、집（家）。
5364,큰소리,keunsori,大嗓門、大話,"A loud voice, loudly",B,名詞 (Noun / 명사)，如 사람（人）、집（家）。
5365,큰아들,keunadeul,大兒子、長子,Oldest son,C,名詞 (Noun / 명사)，如 사람（人）、집（家）。
5366,특급,teukgeup,特級,In a special class,C,名詞 (Noun / 명사)，如 사람（人）、집（家）。
5367,평일,pyeongil,平日、工作日,A weekday,B,名詞 (Noun / 명사)，如 사람（人）、집（家）。
5368,풀어지다,pureojida,鬆開、解開 / 煮爛,To get loose; to turn soft (noodles),C,動詞 (Verb / 동사)，如 하다（做）、가다（去）。
5369,한겨울,hangyeoul,隆冬、嚴冬,"Midwinter, the dead of winter",C,名詞 (Noun / 명사)，如 사람（人）、집（家）。
5370,한평생,hanpyeongsaeng,一輩子、終生,A lifetime,C,名詞 (Noun / 명사)，如 사람（人）、집（家）。
5371,해수욕장,haesuyokjang,海水浴場、海灘,A swimming beach,C,名詞 (Noun / 명사)，如 사람（人）、집（家）。
5372,핸드폰,haendeupon,手機,Cell phone,A,名詞 (Noun / 명사)，如 사람（人）、집（家）。
5373,허허,heoheo,呵呵（笑聲）,"Ha-ha, with a laugh",C,副詞 (Adverb / 부사)，如 더（更）、잘（好）。
5374,호실,hosil,房號、室號,Tells you the room number,C,名詞 (Noun / 명사)，如 사람（人）、집（家）。
5375,휴지통,hyujitong,垃圾桶、紙簍,Waste paper basket,A,名詞 (Noun / 명사)，如 사람（人）、집（家）。
5376,흐려지다,heuryeojida,變陰沉、模糊,"Get cloudy, overcast",C,動詞 (Verb / 동사)，如 하다（做）、가다（去）。
5377,희망하다,huimanghada,希望、期望,Hope,C,動詞 (Verb / 동사)，如 하다（做）、가다（去）。
5378,힘들어하다,himdeureohada,感到吃力、感到辛苦,"To be exacting, tolling",C,動詞 (Verb / 동사)，如 하다（做）、가다（去）。
5379,강의하다,ganguihada,講課、授課,To give a lecture,C,動詞 (Verb / 동사)，如 하다（做）、가다（去）。
5380,걱정되다,geokjeongdoeda,令人擔心、掛念（被動）,To become worried,B,動詞 (Verb / 동사)，如 하다（做）、가다（去）。
5381,공연하다,gongyeonhada,表演、演出,Offer a performance,C,動詞 (Verb / 동사)，如 하다（做）、가다（去）。
5382,귤,gyul,橘子、柑橘,A Jeju orange,C,名詞 (Noun / 명사)，如 사람（人）、집（家）。
5383,내과,naegwa,內科,Internal medicine,C,名詞 (Noun / 명사)，如 사람（人）、집（家）。
5384,넷째,netjjae,第四,Fourth,A,冠形詞 (Determiner / 관형사)，如 한（一個）、어떤（某種）。
5385,목걸이,mokgeori,項鍊,Necklace,B,名詞 (Noun / 명사)，如 사람（人）、집（家）。
5386,무지개,mujigae,彩虹,A rainbow,C,名詞 (Noun / 명사)，如 사람（人）、집（家）。
5387,문법,munbeop,文法、語法,Grammar,C,名詞 (Noun / 명사)，如 사람（人）、집（家）。
5388,볶음,bokkeum,炒菜、炒物,Roasted sth,C,名詞 (Noun / 명사)，如 사람（人）、집（家）。
5389,볼링,bolring,保齡球,Bowling,C,名詞 (Noun / 명사)，如 사람（人）、집（家）。
5390,비둘기,bidulgi,鴿子,Pigeon,C,名詞 (Noun / 명사)，如 사람（人）、집（家）。
5391,생활비,saenghwalbi,生活費,Cost of living,C,名詞 (Noun / 명사)，如 사람（人）、집（家）。
5392,스키장,seukijang,滑雪場,Place to ski,B,名詞 (Noun / 명사)，如 사람（人）、집（家）。
5393,시대적,sidaejeok,時代性的、時代的,Of the times,C,名詞 (Noun / 명사)，如 사람（人）、집（家）。
5394,쓰다,sseuda,苦、苦澀,Bitter (vegetables),B,形容詞 (Adjective / 형용사)，如 크다（大）、좋다（好）。
5395,앞문,ammun,前門,The front gate,C,名詞 (Noun / 명사)，如 사람（人）、집（家）。
5396,인도,indo,人行道,"pavement,sidewalk",C,名詞 (Noun / 명사)，如 사람（人）、집（家）。
5397,책방,chaekbang,書店,Reading room,B,名詞 (Noun / 명사)，如 사람（人）、집（家）。
5398,추가하다,chugahada,追加、添加,"To add sth, to supplement",C,動詞 (Verb / 동사)，如 하다（做）、가다（去）。
5399,칠판,chilpan,黑板,The blackboard,A,名詞 (Noun / 명사)，如 사람（人）、집（家）。
5400,크리스마스,keuriseumaseu,聖誕節,Christmas,A,名詞 (Noun / 명사)，如 사람（人）、집（家）。
5401,탁구,takgu,桌球、乒乓球,"ping-pong,table tennis",C,名詞 (Noun / 명사)，如 사람（人）、집（家）。
5402,현대적,hyeondaejeok,現代的、現代風格的,Modern (adj),C,名詞 (Noun / 명사)，如 사람（人）、집（家）。
5403,구,gu,九（漢字詞）,9,A,數詞 (Numeral / 수사)，如 하나（一）。：數詞 (Numeral / 수사)，如 하나（一）。
5404,나흘,naheul,四天,Four days,B,名詞 (Noun / 명사)，如 사람（人）、집（家）。
5405,늦가을,neutgaeul,晚秋、深秋,Late autumn,C,名詞 (Noun / 명사)，如 사람（人）、집（家）。
5406,다이어트,daieoteu,節食、減肥,Diet,B,名詞 (Noun / 명사)，如 사람（人）、집（家）。
5407,목요일,mogyoil,星期四、週四,Thursday,A,名詞 (Noun / 명사)，如 사람（人）、집（家）。
5408,못생기다,motsaenggida,醜陋、難看,Ugly,C,形容詞 (Adjective / 형용사)，如 크다（大）、좋다（好）。
5409,영화관,yeonghwagwan,電影院、戲院,Movie theater,C,名詞 (Noun / 명사)，如 사람（人）、집（家）。
5410,예술적,yesuljeok,藝術的,Artistic,C,名詞 (Noun / 명사)，如 사람（人）、집（家）。
5411,장모,jangmo,岳母、丈母娘,A man’s mother in law,C,名詞 (Noun / 명사)，如 사람（人）、집（家）。
5412,중국집,junggukjip,中餐館、中華料理店,Chinese restaurant,B,名詞 (Noun / 명사)，如 사람（人）、집（家）。
5413,지우개,jiugae,橡皮擦,An eraser,A,名詞 (Noun / 명사)，如 사람（人）、집（家）。
5414,지하도,jihado,地下道,Underground road,B,名詞 (Noun / 명사)，如 사람（人）、집（家）。
5415,튀김,twigim,油炸物、炸物,Batter-fried food,C,名詞 (Noun / 명사)，如 사람（人）、집（家）。
5416,고궁,gogung,古宮、古代宮殿,An ancient palace,C,名詞 (Noun / 명사)，如 사람（人）、집（家）。
5417,고속버스,gosokbeoseu,高速巴士、長途客運,Bus for the freeway,B,名詞 (Noun / 명사)，如 사람（人）、집（家）。
5418,단추,danchu,鈕扣、扣子,A button,C,名詞 (Noun / 명사)，如 사람（人）、집（家）。
5419,대중적,daejungjeok,大眾的、通俗的,Of the masses,C,名詞 (Noun / 명사)，如 사람（人）、집（家）。
5420,미역,miyeok,海帶、海帶芽,Brown seaweed,C,名詞 (Noun / 명사)，如 사람（人）、집（家）。
5421,반말,banmal,平語、非敬語,Crude language,C,名詞 (Noun / 명사)，如 사람（人）、집（家）。
5422,분홍색,bunhongsaek,粉紅色,Pink color,C,名詞 (Noun / 명사)，如 사람（人）、집（家）。
5423,사,sa,四（漢字詞）,"four,the fourth",A,數詞 (Numeral / 수사)，如 하나（一）。：數詞 (Numeral / 수사)，如 하나（一）。
5424,소포,sopo,包裹,"A parcel,package",B,名詞 (Noun / 명사)，如 사람（人）、집（家）。
5425,손녀,sonnyeo,孫女、外孫女,Granddaughter,B,名詞 (Noun / 명사)，如 사람（人）、집（家）。
5426,수영장,suyeongjang,游泳池,Swimming pool,A,名詞 (Noun / 명사)，如 사람（人）、집（家）。
5427,아래층,araecheung,樓下,Lower floor,B,名詞 (Noun / 명사)，如 사람（人）、집（家）。
5428,일본어,ilboneo,日語、日文,Japanese,A,名詞 (Noun / 명사)，如 사람（人）、집（家）。
5429,작은아버지,jageunabeoji,叔父、三叔（父親的弟弟）,An uncle younger than your father,C,名詞 (Noun / 명사)，如 사람（人）、집（家）。
5430,잠옷,jamot,睡衣,Pajamas,B,名詞 (Noun / 명사)，如 사람（人）、집（家）。
5431,장갑,janggap,手套,A pair of gloves,B,名詞 (Noun / 명사)，如 사람（人）、집（家）。
5432,초순,chosun,上旬,The first third of a month,C,名詞 (Noun / 명사)，如 사람（人）、집（家）。
5433,퇴원하다,toewonhada,出院,To leave the hospital,C,動詞 (Verb / 동사)，如 하다（做）、가다（去）。
5434,하순,hasun,下旬,The final third of the month,C,名詞 (Noun / 명사)，如 사람（人）、집（家）。
5435,갈비,galbi,排骨、肋骨,The ribs,A,名詞 (Noun / 명사)，如 사람（人）、집（家）。
5436,기혼,gihon,已婚,Married,C,名詞 (Noun / 명사)，如 사람（人）、집（家）。
5437,대장,daejang,隊長、首領 / 印鑑,"A seal, stamp",C,名詞 (Noun / 명사)，如 사람（人）、집（家）。
5438,모레,more,後天,The day after tomorrow,B,名詞 (Noun / 명사)，如 사람（人）、집（家）。
5439,삼계탕,samgyetang,蔘雞湯,Chicken soup,C,名詞 (Noun / 명사)，如 사람（人）、집（家）。
5440,생신,saengsin,生日、生辰（長輩敬語）,A birthday,B,名詞 (Noun / 명사)，如 사람（人）、집（家）。
5441,서른,seoreun,三十（純韓文數詞）,Thirty,A,數詞 (Numeral / 수사)，如 하나（一）。：數詞 (Numeral / 수사)，如 하나（一）。
5442,시내버스,sinaebeoseu,市區公車,Inner-city bus,B,名詞 (Noun / 명사)，如 사람（人）、집（家）。
5443,아홉,ahop,九（純韓文數詞）,Nine,A,數詞 (Numeral / 수사)，如 하나（一）。：數詞 (Numeral / 수사)，如 하나（一）。
5444,예약하다,yeyakhada,預約、預訂,"To book in advance, pledge",C,動詞 (Verb / 동사)，如 하다（做）、가다（去）。
5445,우표,upyo,郵票,A postage stamp,B,名詞 (Noun / 명사)，如 사람（人）、집（家）。
5446,장미,jangmi,玫瑰,A rose,A,名詞 (Noun / 명사)，如 사람（人）、집（家）。
5447,천둥,cheondung,雷、雷聲,Thunder,C,名詞 (Noun / 명사)，如 사람（人）、집（家）。
5448,퇴원,toewon,出院,Leaving the hospital,C,名詞 (Noun / 명사)，如 사람（人）、집（家）。
5449,파란색,paransaek,藍色,Blue,A,名詞 (Noun / 명사)，如 사람（人）、집（家）。
5450,게으르다,geeureuda,懶惰、怠惰,Lazy,C,形容詞 (Adjective / 형용사)，如 크다（大）、좋다（好）。
5451,기념품,ginyeompum,紀念品,A momento,C,名詞 (Noun / 명사)，如 사람（人）、집（家）。
5452,냉면,naengmyeon,冷麵,Cold noodles soup,A,名詞 (Noun / 명사)，如 사람（人）、집（家）。
5453,단풍,danpung,楓葉、紅葉,Fall foliage,C,名詞 (Noun / 명사)，如 사람（人）、집（家）。
5454,독일어,dogireo,德語、德文,German,B,名詞 (Noun / 명사)，如 사람（人）、집（家）。
5455,문학적,munhakjeok,文學的,Literary,C,名詞 (Noun / 명사)，如 사람（人）、집（家）。
5456,미끄럽다,mikkeureopda,滑、滑溜,To be slippery,C,形容詞 (Adjective / 형용사)，如 크다（大）、좋다（好）。
5457,복숭아,boksunga,桃子,Peach,C,名詞 (Noun / 명사)，如 사람（人）、집（家）。
5458,비빔밥,bibimbap,拌飯、石鍋拌飯,Vegetarian dish of rice and vegetables,A,名詞 (Noun / 명사)，如 사람（人）、집（家）。
5459,여든,yeodeun,八十（純韓文數詞）,Eighty,A,數詞 (Numeral / 수사)，如 하나（一）。：數詞 (Numeral / 수사)，如 하나（一）。
5460,외아들,oeadeul,獨生子、獨子,The only son,C,名詞 (Noun / 명사)，如 사람（人）、집（家）。
5461,이따가,ittaga,待會兒、稍後,A little later,B,副詞 (Adverb / 부사)，如 더（更）、잘（好）。
5462,일흔,ilheun,七十（純韓文數詞）,Seventy,A,數詞 (Numeral / 수사)，如 하나（一）。：數詞 (Numeral / 수사)，如 하나（一）。
5463,장인,jangin,岳父、丈人,"A man’s father in law, the wife\'s father",C,名詞 (Noun / 명사)，如 사람（人）、집（家）。
5464,화요일,hwayoil,星期二、週二,Tuesday,A,名詞 (Noun / 명사)，如 사람（人）、집（家）。
5465,강아지,gangaji,小狗、幼犬,Puppy,B,名詞 (Noun / 명사)，如 사람（人）、집（家）。
5466,닷새,datsae,五天,Five days,B,名詞 (Noun / 명사)，如 사람（人）、집（家）。
5467,선물하다,seonmulhada,送禮、贈送,Give a gift,A,動詞 (Verb / 동사)，如 하다（做）、가다（去）。
5468,아이스크림,aiseukeurim,冰淇淋,Ice cream,A,名詞 (Noun / 명사)，如 사람（人）、집（家）。
5469,외할아버지,oeharabeoji,外公、外祖父,A maternal grandfather,C,名詞 (Noun / 명사)，如 사람（人）、집（家）。
5470,요리하다,yorihada,料理、烹飪,To cook (food),A,動詞 (Verb / 동사)，如 하다（做）、가다（去）。
5471,입국,ipguk,入境,Entering a country,C,名詞 (Noun / 명사)，如 사람（人）、집（家）。
5472,주차,jucha,停車,Parking,B,名詞 (Noun / 명사)，如 사람（人）、집（家）。
5473,체육관,cheyukgwan,體育館、健身房,Gymnasium,C,名詞 (Noun / 명사)，如 사람（人）、집（家）。
5474,최소,choeso,最小、最低,"At the least, the minimum",C,名詞 (Noun / 명사)，如 사람（人）、집（家）。
5475,칠,chil,七（漢字詞）,Seven,A,數詞 (Numeral / 수사)，如 하나（一）。：數詞 (Numeral / 수사)，如 하나（一）。
5476,칼국수,kalguksu,刀削麵、刀切麵,Knife-cut noodles,C,名詞 (Noun / 명사)，如 사람（人）、집（家）。
5477,큰아버지,keunabeoji,伯父、大伯（父親的哥哥）,Uncle older than one’s father,C,名詞 (Noun / 명사)，如 사람（人）、집（家）。
5478,홍차,hongcha,紅茶,"Tea, black tea",B,名詞 (Noun / 명사)，如 사람（人）、집（家）。
5479,국민적,gungminjeok,國民的、全體國民的,National or for citizens,C,名詞 (Noun / 명사)，如 사람（人）、집（家）。
5480,국제선,gukjeseon,國際航線,International airline,C,名詞 (Noun / 명사)，如 사람（人）、집（家）。
5481,맛없다,maseopda,難吃、不好吃,Bad flavor,A,形容詞 (Adjective / 형용사)，如 크다（大）、좋다（好）。
5482,백,baek,百、一百（漢字詞）,One hundred,A,數詞 (Numeral / 수사)，如 하나（一）。：數詞 (Numeral / 수사)，如 하나（一）。
5483,사십,sasip,四十（漢字詞）,40,A,數詞 (Numeral / 수사)，如 하나（一）。：數詞 (Numeral / 수사)，如 하나（一）。
5484,안과,angwa,眼科,Ophthalmology,C,名詞 (Noun / 명사)，如 사람（人）、집（家）。
5485,연락처,yeonrakcheo,聯絡方式、聯絡電話,a way to make contact (usually means a phone number),B,名詞 (Noun / 명사)，如 사람（人）、집（家）。
5486,연세,yeonse,年紀、高齡（長輩敬稱）,"Age, years of age",B,名詞 (Noun / 명사)，如 사람（人）、집（家）。
5487,예식장,yesikjang,婚禮禮堂、結婚會館,A ceremony hall,C,名詞 (Noun / 명사)，如 사람（人）、집（家）。
5488,월세,wolse,月租、房租,Monthly rent,C,名詞 (Noun / 명사)，如 사람（人）、집（家）。
5489,위층,wicheung,樓上,The upper floor,B,名詞 (Noun / 명사)，如 사람（人）、집（家）。
5490,인삼차,insamcha,人參茶,Ginseng tea,B,名詞 (Noun / 명사)，如 사람（人）、집（家）。
5491,진찰,jinchal,診斷、問診檢查,"A medical diagnosis, investigation",C,名詞 (Noun / 명사)，如 사람（人）、집（家）。
5492,초록색,choroksaek,草綠色、綠色,Green,B,名詞 (Noun / 명사)，如 사람（人）、집（家）。
5493,축구공,chukgugong,足球,A soccer ball,B,名詞 (Noun / 명사)，如 사람（人）、집（家）。
5494,큰딸,keunttal,大女兒、長女,Oldest daughter,C,名詞 (Noun / 명사)，如 사람（人）、집（家）。
5495,팔,pal,八（漢字詞） / 手臂,Eight,A,數詞 (Numeral / 수사)，如 하나（一）。：數詞 (Numeral / 수사)，如 하나（一）。
5496,결석,gyeolseok,缺席、曠課,Absent,C,名詞 (Noun / 명사)，如 사람（人）、집（家）。
5497,김치찌개,gimchijjigae,泡菜鍋,Spicy cabbage soup,B,名詞 (Noun / 명사)，如 사람（人）、집（家）。
5498,녹차,nokcha,綠茶,Green tea,B,名詞 (Noun / 명사)，如 사람（人）、집（家）。
5499,독감,dokgam,流感、重感冒,Influenza,C,名詞 (Noun / 명사)，如 사람（人）、집（家）。
5500,만두,mandu,餃子、饅頭,Chinese dumplings,B,名詞 (Noun / 명사)，如 사람（人）、집（家）。
5501,발음하다,bareumhada,發音,Pronounce,B,動詞 (Verb / 동사)，如 하다（做）、가다（去）。
5502,보라색,borasaek,紫色,Purple,C,名詞 (Noun / 명사)，如 사람（人）、집（家）。
5503,복습하다,bokseuphada,複習、溫習,To review,B,動詞 (Verb / 동사)，如 하다（做）、가다（去）。
5504,스케이트,seukeiteu,溜冰、滑冰鞋,Skate,B,名詞 (Noun / 명사)，如 사람（人）、집（家）。
5505,실례하다,silryehada,失禮、冒犯,To be impolite,A,動詞 (Verb / 동사)，如 하다（做）、가다（去）。
5506,그렇게,geureoke,那樣、如此地,And so. like that,B,不變化詞 / 獨立詞 / 未分類詞），用來標記如 그래도（即使那樣/仍然）、걔（那孩子）、그래（是的/那樣） 等
5507,여섯,yeoseot,六（純韓文數詞）,Six,A,數詞 (Numeral / 수사)，如 하나（一）。：數詞 (Numeral / 수사)，如 하나（一）。
5508,연두색,yeondusaek,嫩綠色、黃綠色,Light green,C,名詞 (Noun / 명사)，如 사람（人）、집（家）。
5509,온돌,ondol,溫突、地暖,The korean under-floor heating system,C,名詞 (Noun / 명사)，如 사람（人）、집（家）。
5510,육,yuk,六（漢字詞）,The number six,A,數詞 (Numeral / 수사)，如 하나（一）。：數詞 (Numeral / 수사)，如 하나（一）。
5511,일곱,ilgop,七（純韓文數詞）,Seven,A,數詞 (Numeral / 수사)，如 하나（一）。：數詞 (Numeral / 수사)，如 하나（一）。
5512,출입국,churipguk,出入境,Entry into a country,C,名詞 (Noun / 명사)，如 사람（人）、집（家）。
5513,클래식,keulraesik,古典樂、古典,Classic,C,名詞 (Noun / 명사)，如 사람（人）、집（家）。
5514,팝송,papsong,流行歌曲、西洋流行樂,Pop song,C,名詞 (Noun / 명사)，如 사람（人）、집（家）。
5515,팩스,paekseu,傳真,Fax,C,名詞 (Noun / 명사)，如 사람（人）、집（家）。
5516,깍두기,kkakdugi,辣蘿蔔泡菜,Sliced white radish kimchee,C,名詞 (Noun / 명사)，如 사람（人）、집（家）。
5517,국내선,gungnaeseon,國內航線,Domestic airline,C,名詞 (Noun / 명사)，如 사람（人）、집（家）。
5518,복습,bokseup,複習、溫習,Reviewing,B,名詞 (Noun / 명사)，如 사람（人）、집（家）。
5519,삼십,samsip,三十（漢字詞）,30,A,數詞 (Numeral / 수사)，如 하나（一）。：數詞 (Numeral / 수사)，如 하나（一）。
5520,성함,seongham,姓名、尊姓大名（敬語）,Your (his) esteemed name,B,名詞 (Noun / 명사)，如 사람（人）、집（家）。
5521,세탁소,setakso,洗衣店,Laundromat,B,名詞 (Noun / 명사)，如 사람（人）、집（家）。
5522,시외버스,sioebeoseu,市外長途公車,Inter-city bus,C,名詞 (Noun / 명사)，如 사람（人）、집（家）。
5523,야구장,yagujang,棒球場,Baseball field,C,名詞 (Noun / 명사)，如 사람（人）、집（家）。
5524,오십,osip,五十（漢字詞）,Fifty,A,數詞 (Numeral / 수사)，如 하나（一）。：數詞 (Numeral / 수사)，如 하나（一）。
5525,운동복,undongbok,運動服,Exercise clothes,B,名詞 (Noun / 명사)，如 사람（人）、집（家）。
5526,작은아들,jageunadeul,小兒子、次子,Younger son,C,名詞 (Noun / 명사)，如 사람（人）、집（家）。
5527,잠자리,jamjari,蜻蜓,Dragonfly,C,名詞 (Noun / 명사)，如 사람（人）、집（家）。
5528,주차하다,juchahada,停車,To park,B,動詞 (Verb / 동사)，如 하다（做）、가다（去）。
5529,중국어,junggugeo,中文、漢語,Chinese,A,名詞 (Noun / 명사)，如 사람（人）、집（家）。
5530,청소기,cheongsogi,吸塵器,A vacuum cleaner,B,名詞 (Noun / 명사)，如 사람（人）、집（家）。
5531,칠십,chilsip,七十（漢字詞）,Seventy,A,數詞 (Numeral / 수사)，如 하나（一）。：數詞 (Numeral / 수사)，如 하나（一）。
5532,필통,piltong,鉛筆盒、筆袋,Pencil case,B,名詞 (Noun / 명사)，如 사람（人）、집（家）。
5533,학생증,haksaengjeung,學生證,Student identification,B,名詞 (Noun / 명사)，如 사람（人）、집（家）。
5534,형수,hyeongsu,大嫂、嫂子,The wife of one’s older brother,C,名詞 (Noun / 명사)，如 사람（人）、집（家）。
5535,경상도,gyeongsangdo,慶尚道（韓國東南部行政區）,Kyung-San-Do province (ulsan or kyungju),B,專有名詞 (Proper Noun / 고유명사)，如 대구（大邱）。
5536,공항버스,gonghangbeoseu,機場巴士,Bus to the airport,B,名詞 (Noun / 명사)，如 사람（人）、집（家）。
5537,관광버스,gwangwangbeoseu,遊覽車、觀光巴士,Tourist bus,C,名詞 (Noun / 명사)，如 사람（人）、집（家）。
5538,그저께,geujeokke,前天,The day before yesterday,C,名詞 (Noun / 명사)，如 사람（人）、집（家）。
5539,냉방,naengbang,冷氣、冷氣房,A cold or unheated room,C,名詞 (Noun / 명사)，如 사람（人）、집（家）。
5540,눈병,nunbyeong,眼疾、眼病,An eye disease,C,名詞 (Noun / 명사)，如 사람（人）、집（家）。
5541,다섯째,daseotjjae,第五,Fifth,A,冠形詞 (Determiner / 관형사)，如 한（一個）、어떤（某種）。
5542,배추김치,baechugimchi,白菜泡菜,Pickled cabbage,C,名詞 (Noun / 명사)，如 사람（人）、집（家）。
5543,사탕,satang,糖果,Sugar,A,名詞 (Noun / 명사)，如 사람（人）、집（家）。
5544,색연필,saegyeonpil,彩色鉛筆,Colored pencil,C,名詞 (Noun / 명사)，如 사람（人）、집（家）。
5545,소아과,soagwa,小兒科,Pediatrics,C,名詞 (Noun / 명사)，如 사람（人）、집（家）。
5546,양력,yangryeok,陽曆、國曆,The solar calendar,C,名詞 (Noun / 명사)，如 사람（人）、집（家）。
5547,예순,yesun,六十（純韓文數詞）,Sixty,A,數詞 (Numeral / 수사)，如 하나（一）。：數詞 (Numeral / 수사)，如 하나（一）。
5548,오,o,五（漢字詞）,Five,A,數詞 (Numeral / 수사)，如 하나（一）。：數詞 (Numeral / 수사)，如 하나（一）。
5549,작은어머니,jageuneomeoni,嬸嬸（叔叔的妻子）,An aunt younger than your mother,C,名詞 (Noun / 명사)，如 사람（人）、집（家）。
5550,축구장,chukgujang,足球場,Soccer field,C,名詞 (Noun / 명사)，如 사람（人）、집（家）。
5551,한글날,hangeulnal,韓文節,Korean writing system national holiday,C,名詞 (Noun / 명사)，如 사람（人）、집（家）。
5552,한식,hansik,韓食、韓式料理,Korean food,C,名詞 (Noun / 명사)，如 사람（人）、집（家）。
5553,세종대왕,sejongdaewang,世宗大王,"King sejong, who invented Hangul",C,專有名詞 (Proper Noun / 고유명사)，如 대구（大邱）。
5554,넉,neok,四（冠形詞）,The fourth,C,冠形詞 (Determiner / 관형사)，如 한（一個）、어떤（某種）。
5555,메일,meil,電子郵件,Mail,B,名詞 (Noun / 명사)，如 사람（人）、집（家）。
5556,복사기,boksagi,影印機,Memeograph,C,名詞 (Noun / 명사)，如 사람（人）、집（家）。
5557,빗,bit,梳子,A comb,B,名詞 (Noun / 명사)，如 사람（人）、집（家）。
5558,설렁탕,seolreongtang,先農湯、雪濃湯,Beef soup with rice,B,名詞 (Noun / 명사)，如 사람（人）、집（家）。
5559,종로,jongro,鐘路（首爾知名地名/街區）,Famous street in Seoul,B,專有名詞 (Proper Noun / 고유명사)，如 대구（大邱）。
5560,신라,sinra,新羅（韓國古代三國之一）,One dynasty in ancient korea,C,專有名詞 (Proper Noun / 고유명사)，如 대구（大邱）。
5561,십,sip,十（漢字詞）,10,A,數詞 (Numeral / 수사)，如 하나（一）。：數詞 (Numeral / 수사)，如 하나（一）。
5562,아드님,adeunim,令郎、您兒子（敬語）,Your esteemed son,C,名詞 (Noun / 명사)，如 사람（人）、집（家）。
5563,천,cheon,千、一千（漢字詞）,Thousand,A,數詞 (Numeral / 수사)，如 하나（一）。：數詞 (Numeral / 수사)，如 하나（一）。
5564,결석하다,gyeolseokhada,缺席、曠課,To be absent,C,動詞 (Verb / 동사)，如 하다（做）、가다（去）。
5565,기념일,ginyeomil,紀念日,Commemoration day,C,名詞 (Noun / 명사)，如 사람（人）、집（家）。
5566,까만색,kkamansaek,黑色,Black,B,名詞 (Noun / 명사)，如 사람（人）、집（家）。
5567,내후년,naehunyeon,後年,The year after next year,C,名詞 (Noun / 명사)，如 사람（人）、집（家）。
5568,쉰,swin,五十（純韓文數詞）,50,A,數詞 (Numeral / 수사)，如 하나（一）。：數詞 (Numeral / 수사)，如 하나（一）。
5569,시아버지,siabeoji,公公、公丈,one’s husband’s father,B,名詞 (Noun / 명사)，如 사람（人）、집（家）。
5570,식품점,sikpumjeom,食品店、雜貨鋪,Grocery store,C,名詞 (Noun / 명사)，如 사람（人）、집（家）。
5571,약혼녀,yakhonnyeo,未婚妻,A girl who is engaged,C,名詞 (Noun / 명사)，如 사람（人）、집（家）。
5572,어저께,eojeokke,昨天,Yesterday,C,名詞 (Noun / 명사)，如 사람（人）、집（家）。
5573,영상,yeongsang,零上（氣溫）,Above zero,B,名詞 (Noun / 명사)，如 사람（人）、집（家）。
5574,예매하다,yemaehada,預售、預購,Advance purchase,B,動詞 (Verb / 동사)，如 하다（做）、가다（去）。
5575,예습,yeseup,預習,Preparation of lessons,C,名詞 (Noun / 명사)，如 사람（人）、집（家）。
5576,예습하다,yeseuphada,預習,"To prepare lessons, rehearse",C,動詞 (Verb / 동사)，如 하다（做）、가다（去）。
5577,육십,yuksip,六十（漢字詞）,Sixty,A,數詞 (Numeral / 수사)，如 하나（一）。：數詞 (Numeral / 수사)，如 하나（一）。
5578,출석하다,chulseokhada,出席、到場,"attendance,presence",C,動詞 (Verb / 동사)，如 하다（做）、가다（去）。
5579,큰어머니,keuneomeoni,伯母（大伯的妻子）,The wife of the elder brother of one’s father,C,名詞 (Noun / 명사)，如 사람（人）、집（家）。
5580,팔십,palsip,八十（漢字詞）,80,A,數詞 (Numeral / 수사)，如 하나（一）。：數詞 (Numeral / 수사)，如 하나（一）。
5581,멍멍,meongmeong,汪汪（小狗叫聲）,"Bow-wow, woof-woof",C,副詞 (Adverb / 부사)，如 더（更）、잘（好）。
5582,분필,bunpil,粉筆,Chalk,C,名詞 (Noun / 명사)，如 사람（人）、집（家）。
5583,약혼자,yakhonja,未婚夫,"A fiance, an engaged person",C,名詞 (Noun / 명사)，如 사람（人）、집（家）。
5584,양식,yangsik,養殖、培養 / 西餐,"raising,farming,culture",C,名詞 (Noun / 명사)，如 사람（人）、집（家）。
5585,억,eok,億、一億,One hundred million,B,數詞 (Numeral / 수사)，如 하나（一）。：數詞 (Numeral / 수사)，如 하나（一）。
5586,여덟,yeodeol,八（純韓文數詞）,Eight,A,數詞 (Numeral / 수사)，如 하나（一）。：數詞 (Numeral / 수사)，如 하나（一）。
5587,외과,oegwa,外科,Surgery,C,名詞 (Noun / 명사)，如 사람（人）、집（家）。
5588,제과점,jegwajeom,麵包店、糕餅店,Confectionary store,C,名詞 (Noun / 명사)，如 사람（人）、집（家）。
5589,중식,jungsik,中餐、中華料理,Chinese food,C,名詞 (Noun / 명사)，如 사람（人）、집（家）。
5590,케첩,kecheop,番茄醬,Ketchup,C,名詞 (Noun / 명사)，如 사람（人）、집（家）。
5591,편의점,pyeonuijeom,便利商店,Convenient store,C,名詞 (Noun / 명사)，如 사람（人）、집（家）。
5592,갈비탕,galbitang,牛排骨湯,Beef-rib soup,B,名詞 (Noun / 명사)，如 사람（人）、집（家）。
5593,검정색,geomjeongsaek,黑色,Black color,B,名詞 (Noun / 명사)，如 사람（人）、집（家）。
5594,미용실,miyongsil,美容院、美髮沙龍,Beauty salon,C,名詞 (Noun / 명사)，如 사람（人）、집（家）。
5595,아흔,aheun,九十（純韓文數詞）,Ninety,A,數詞 (Numeral / 수사)，如 하나（一）。：數詞 (Numeral / 수사)，如 하나（一）。
5596,이십,isip,二十（漢字詞）,Twenty,A,數詞 (Numeral / 수사)，如 하나（一）。：數詞 (Numeral / 수사)，如 하나（一）。
5597,충청도,chungcheongdo,忠清道（韓國中部行政區）,Area around daejon city,D,專有名詞 (Proper Noun / 고유명사)，如 대구（大邱）。
5598,설악산,seoraksan,雪嶽山,Famous mountain,D,專有名詞 (Proper Noun / 고유명사)，如 대구（大邱）。
5599,조선,joseon,朝鮮（朝鮮時代/李氏朝鮮）,Name for ancient korea culture,C,專有名詞 (Proper Noun / 고유명사)，如 대구（大邱）。
5600,거꾸로,geokkuro,倒著、反過來,Backwards or bottom up or the wrong way,C,副詞 (Adverb / 부사)，如 더（更）、잘（好）。
5601,인천공항,incheongonghang,仁川國際機場,Incheon international airport,B,專有名詞 (Proper Noun / 고유명사)，如 대구（大邱）。
5602,저렇게,jeoreoke,那樣、那麼樣,Like that,B,不變化詞 / 獨立詞 / 未分類詞），用來標記如 그래도（即使那樣/仍然）、걔（那孩子）、그래（是的/那樣） 等
5603,대전,daejeon,大田（韓國中部廣域市）,Daejon city,B,專有名詞 (Proper Noun / 고유명사)，如 대구（大邱）。
5604,뉴욕,nyuyok,紐約,New york,B,專有名詞 (Proper Noun / 고유명사)，如 대구（大邱）。
5605,풍경,punggyeong,風景、景緻,"Landscape, scenery",B,名詞 (Noun / 명사)，如 사람（人）、집（家）。
5606,아프리카,apeurika,非洲,Africa,B,專有名詞 (Proper Noun / 고유명사)，如 대구（大邱）。
5607,근본,geunbon,根本、基礎,The foundation or basis,C,名詞 (Noun / 명사)，如 사람（人）、집（家）。
5608,정리,jeongri,整理、整頓,"arrangment,regulation,adjustment",B,名詞 (Noun / 명사)，如 사람（人）、집（家）。
5609,도쿄,dokyo,東京,Tokyo,B,專有名詞 (Proper Noun / 고유명사)，如 대구（大邱）。
5610,워낙,wonak,本來、原本、過於,"By nature, primarily, by constitution",C,副詞 (Adverb / 부사)，如 더（更）、잘（好）。
5611,독일,dogil,德國,Germany,A,專有名詞 (Proper Noun / 고유명사)，如 대구（大邱）。
5612,이렇게,ireoke,這樣、如此,In this way,B,不變化詞 / 獨立詞 / 未分類詞），用來標記如 그래도（即使那樣/仍然）、걔（那孩子）、그래（是的/那樣） 等
5613,발달하다,baldalhada,發達、進展,To advance,B,動詞 (Verb / 동사)，如 하다（做）、가다（去）。
5614,지적하다,jijeokhada,指出、指明,"To indicate, point out",C,動詞 (Verb / 동사)，如 하다（做）、가다（去）。
5615,영국,yeongguk,英國,England,A,專有名詞 (Proper Noun / 고유명사)，如 대구（大邱）。
5616,회사,hoesa,公司、會社,A company,A,名詞 (Noun / 명사)，如 사람（人）、집（家）。
5617,유럽,yureop,歐洲,Europe,B,專有名詞 (Proper Noun / 고유명사)，如 대구（大邱）。
5618,의식,uisik,意識、知覺 / 儀式,"Consciuosness, awareness",C,名詞 (Noun / 명사)，如 사람（人）、집（家）。
5619,구십,gusip,九十（漢字詞）,90,A,數詞 (Numeral / 수사)，如 하나（一）。：數詞 (Numeral / 수사)，如 하나（一）。
5620,아시아,asia,亞洲,Asia,D,專有名詞 (Proper Noun / 고유명사)，如 대구（大邱）。
5621,기다리다,gidarida,等待、等候,To wait,A,動詞 (Verb / 동사)，如 하다（做）、가다（去）。
5622,인천,incheon,仁川（韓國廣域市）,Incheon city,A,專有名詞 (Proper Noun / 고유명사)，如 대구（大邱）。
5623,거기,geogi,那裡、那兒,There (location),A,代名詞 (Pronoun / 대명사)，如 나（我）、우리（我們）、그（他）。
5624,일식,ilsik,日本料理、日餐 / 日蝕,Japanese food,C,名詞 (Noun / 명사)，如 사람（人）、집（家）。
5625,작은딸,jageunttal,小女兒、次女,Younger daughter,C,名詞 (Noun / 명사)，如 사람（人）、집（家）。
5626,저곳,jeogot,那裡、那個地方,That place over there,A,代名詞 (Pronoun / 대명사)，如 나（我）、우리（我們）、그（他）。
5627,초등학생,chodeunghaksaeng,小學生,An elementary school student,C,名詞 (Noun / 명사)，如 사람（人）、집（家）。
5628,하얀색,hayansaek,白色,White,B,名詞 (Noun / 명사)，如 사람（人）、집（家）。
5629,남미,nammi,南美洲,South america,D,專有名詞 (Proper Noun / 고유명사)，如 대구（大邱）。
5630,금강산,geumgangsan,金剛山,The Diamond Mountains,C,專有名詞 (Proper Noun / 고유명사)，如 대구（大邱）。
5631,전주,jeonju,全州,Junju,D,專有名詞 (Proper Noun / 고유명사)，如 대구（大邱）。
5632,전라도,jeonrado,全羅道,South-western region of south korea,D,專有名詞 (Proper Noun / 고유명사)，如 대구（大邱）。
5633,북한,bukhan,北韓、朝鮮,North korea,D,專有名詞 (Proper Noun / 고유명사)，如 대구（大邱）。
5634,부산,busan,釜山,"Busan, city in SE Korea, with largest beach in S.Korea",D,專有名詞 (Proper Noun / 고유명사)，如 대구（大邱）。
5635,미국,miguk,美國,America,D,專有名詞 (Proper Noun / 고유명사)，如 대구（大邱）。
5636,백두산,baekdusan,白頭山、長白山,Korean mountain,D,專有名詞 (Proper Noun / 고유명사)，如 대구（大邱）。
5637,백제,baekje,百濟（韓國古代三國之一）,Historical Korean government,D,專有名詞 (Proper Noun / 고유명사)，如 대구（大邱）。
5638,베이징,beijing,北京,Beijing,D,專有名詞 (Proper Noun / 고유명사)，如 대구（大邱）。
5639,우리나라,urinara,我國、我們國家,Korea,D,名詞 (Noun / 명사)，如 사람（人）、집（家）。
5640,대한민국,daehanminguk,大韓民國,Korea,D,專有名詞 (Proper Noun / 고유명사)，如 대구（大邱）。
5641,한국,hanguk,韓國,Korea,D,專有名詞 (Proper Noun / 고유명사)，如 대구（大邱）。
5642,강원도,gangwondo,江原道,Gangwon-do province,D,名詞 (Noun / 명사)，如 사람（人）、집（家）。
5643,경기도,gyeonggido,京畿道,Gyeonggi-do province (surrounding Seoul),D,名詞 (Noun / 명사)，如 사람（人）、집（家）。
5644,경복궁,gyeongbokgung,景福宮,Gyeongbokgung Palace,D,名詞 (Noun / 명사)，如 사람（人）、집（家）。
5645,경주,gyeongju,慶州,Gyeongju city (ancient Silla capital),D,名詞 (Noun / 명사)，如 사람（人）、집（家）。
5646,고구려,goguryeo,高句麗,Goguryeo (ancient Korean kingdom),D,名詞 (Noun / 명사)，如 사람（人）、집（家）。
5647,고려,goryeo,高麗,Goryeo dynasty,D,名詞 (Noun / 명사)，如 사람（人）、집（家）。
5648,광주,gwangju,光州,Gwangju city,D,名詞 (Noun / 명사)，如 사람（人）、집（家）。
5649,김포공항,gimpogonghang,金浦機場,KimPo Domestic (sometimes international) airport,D,名詞 (Noun / 명사)，如 사람（人）、집（家）。
5650,울산,ulsan,蔚山,"Ulsan, home of hyundai car company and hyundai shipbuilding in kyungsamnamdo",D,專有名詞 (Proper Noun / 고유명사)，如 대구（大邱）。
5651,호남,honam,湖南地區（韓國全羅道一帶）,"The HONAM district, which is CHOLLA-DO in S.W south korea",D,名詞 (Noun / 명사)，如 사람（人）、집（家）。
5652,일본,ilbon,日本,Japan,D,專有名詞 (Proper Noun / 고유명사)，如 대구（大邱）。
5653,파리,pari,巴黎,Paris,D,專有名詞 (Proper Noun / 고유명사)，如 대구（大邱）。
5654,지리산,jirisan,智異山,"Chili mountain, very beautiful",D,專有名詞 (Proper Noun / 고유명사)，如 대구（大邱）。
5655,제주도,jejudo,濟州島,Tourist island off south S.Korea,D,專有名詞 (Proper Noun / 고유명사)，如 대구（大邱）。
5656,서울,seoul,首爾,Seoul,D,專有名詞 (Proper Noun / 고유명사)，如 대구（大邱）。
5657,서울역,seouryeok,首爾站,Seoul train station,D,專有名詞 (Proper Noun / 고유명사)，如 대구（大邱）。
5658,남대문,namdaemun,南大門（崇禮門）,Seoul’s old south gate,D,專有名詞 (Proper Noun / 고유명사)，如 대구（大邱）。
5659,한강,hangang,漢江,"The han river, runs through Seoul",D,專有名詞 (Proper Noun / 고유명사)，如 대구（大邱）。
5660,한라산,hanrasan,漢拏山,Halla-san mountain,D,專有名詞 (Proper Noun / 고유명사)，如 대구（大邱）。
5661,한반도,hanbando,朝鮮半島、韓半島,The korean peninsula,D,專有名詞 (Proper Noun / 고유명사)，如 대구（大邱）。
5662,평양,pyeongyang,平壤,Capital of north korea,D,專有名詞 (Proper Noun / 고유명사)，如 대구（大邱）。
5663,프랑스,peurangseu,法國,France,D,專有名詞 (Proper Noun / 고유명사)，如 대구（大邱）。
5664,호주,hoju,澳洲、澳大利亞,Australia,D,專有名詞 (Proper Noun / 고유명사)，如 대구（大邱）。
5665,남대문시장,namdaemunsijang,南大門市場,Shopping center in seoul,D,專有名詞 (Proper Noun / 고유명사)，如 대구（大邱）。
5666,남산,namsan,南山,Mountain in south central seoul,D,專有名詞 (Proper Noun / 고유명사)，如 대구（大邱）。
